Scientific,Family1,Beak.Length_Culmen,Beak.Length_Nares,Beak.Width,Beak.Depth,Tarsus.Length,Wing.Length,Kipps.Distance,Hand.Wing.Index,Tail.Length,Mass,Habitat,Trophic.Level,Trophic.Niche,Primary.Lifestyle,Toe,Gape_size_mcf,NicheBreadth,NichePosition,IUCN,RangeSize_Cells,RangeSize_Meters,MidPoint_Long,MidPoint_Lat,Realm,degree,betweenness,closeness,katzz,PC1,PC2,Nwebs,PC1_nobet,PC2_nobet,ED,DR
Mohoua novaeseelandiae,Mohouidae,NA,NA,NA,NA,NA,NA,NA,NA,NA,NA,NA,NA,NA,NA,NA,NA,NA,NA,NA,NA,NA,NA,NA,NA,7,1.06E-05,0.000657626,2.451150554,-1.013942214,-0.633222969,3,-1.013072931,-0.613714304,NA,NA
Aburria aburri,Cracidae,37.1,16.6,9.3,10.2,65.8,337.2,52.5,15.7,290.4,1405.1,Forest,Herbivore,Frugivore,Insessorial,NA,20.9,3.272462736,-1.410115649,NT,54,6.58E+11,-74.81811618,-10.19455843,Neotropical,3,9.15E-05,0.000856848,45.26611878,-0.209460979,0.649325847,2,-0.070919627,0.629393313,5.873122741,0.179991198
Acanthisitta chloris,Acanthisittidae,12.1,6.3,2.4,2.2,18,46,6.2,13.9,23.5,6.9,Forest,Carnivore,Invertivore,Insessorial,12.6,NA,2.53973321,-0.564135699,LC,52,4.77E+11,172.3932825,-42.22544923,Australian,2,1.95E-07,0.000635338,1.35608654,-1.22801664,-0.741546254,1,-1.254967682,-0.694440985,51.30149423,0.020252233
Aceros corrugatus,Bucerotidae,147.5,120.9,35.4,70.2,48.6,343.2,45.8,13.3,231.2,1590,Forest,Herbivore,Frugivore,Insessorial,NA,NA,1.895691113,-2.376571108,EN,159,1.95E+12,114.4185862,0.834884279,Oriental,6,7.90E-05,0.000765455,4.467139855,-0.616565471,0.047884304,1,-0.553327209,0.113301988,12.48594359,0.090874095
Aceros plicatus,Bucerotidae,180.2,161.2,45.2,74.6,56.5,382.7,92.3,23.9,246.2,1703.8,Forest,Herbivore,Frugivore,Insessorial,NA,NA,4.2822258,-2.394276161,LC,155,1.90E+12,140.306514,-4.677729572,Oceanina,4,0,0.000415954,1.132147358,-1.998631268,-2.158422752,1,-2.176189265,-2.185840922,7.98934135,0.136966027
Aceros undulatus,Bucerotidae,192.9,165.8,47.4,69,49,438.8,64.1,14.8,272.2,2214.6,Forest,Herbivore,Frugivore,Insessorial,NA,NA,4.440284836,-1.908878523,VU,385,4.61E+12,101.0882738,11.72522223,Oriental,23,0.000588543,0.000879067,28.06269827,0.407303096,0.55146211,6,0.514837766,0.575589695,8.171498129,0.133381849
Aceros waldeni,Bucerotidae,141.5,115.1,35.2,67.7,58.5,331,68.7,20.2,265,1086,Forest,Herbivore,Frugivore,Insessorial,NA,NA,0.872914752,-1.99890205,CR,10,1.21E+11,122.6992475,10.39423525,Oriental,5,5.70E-05,0.000627611,1.524756958,-1.170772028,-0.823005358,1,-1.205577679,-0.785426518,12.52830315,0.10600663
Acridotheres cristatellus,Sturnidae,27.1,15.7,6.1,8.1,38.1,134,32.1,24.1,81.2,116.3,Grassland,Omnivore,Omnivore,Generalist,30.7,NA,2.78157015,-0.749431969,LC,396,4.39E+12,109.5355819,26.52637585,Sino-Japanese,1,0,0.000684852,1.298932547,-1.068234085,-0.418199705,1,-1.062667908,-0.350392254,0.904087041,1.144021373
Acridotheres fuscus,Sturnidae,27.2,16.1,6.6,7.3,36.5,123.6,30.7,24.7,74.9,82.8,Woodland,Omnivore,Omnivore,Insessorial,29.4,NA,5.568215863,-1.37421485,LC,328,3.76E+12,88.43579656,22.06501723,Oriental,17,0.001413282,0.000891389,41.44419081,0.500253304,0.482812058,4,0.455599924,0.691728313,1.399509461,0.736189605
Acridotheres javanicus,Sturnidae,25.9,14.7,5.9,7.2,35.9,122.6,26.1,21.3,70.5,93.5,Grassland,Omnivore,Invertivore,Generalist,NA,NA,NA,NA,VU,NA,NA,NA,NA,NA,3,0.000137434,0.000826467,11.14259284,-0.430263447,0.444428241,1,-0.339043507,0.53802737,NA,NA
Acridotheres tristis,Sturnidae,26.8,16,6.4,8,38.6,139.8,32.8,23.6,84.8,116.4,Human Modified,Carnivore,Omnivore,Terrestrial,28.9,NA,4.265407553,-0.86710218,LC,1131,1.26E+13,83.83413379,23.46672467,Oriental,40,0.003476289,0.00095391,43.45037041,1.695931263,0.270703586,7,1.378575352,0.805619129,3.013057325,0.340322531
Aegithalos caudatus,Aegithalidae,7.6,4.2,2.5,3.3,15.9,63.1,14,22,87.8,8.6,Forest,Carnivore,Invertivore,Insessorial,9.4,NA,2.082645599,0.737750423,LC,3085,2.40E+13,71.48759123,52.93085861,Palearctic,2,0,0.000670885,1.720049608,-1.093972996,-0.513991385,5,-1.095448947,-0.458052571,9.670094349,0.105482787
Aegithalos concinnus,Aegithalidae,7.4,4.3,2.5,3,15.5,48.6,8.6,17.6,46.8,6.1,Forest,Carnivore,Invertivore,Insessorial,11.1,NA,3.969802244,-0.672228867,LC,389,4.27E+12,104.2743526,27.51328137,Sino-Japanese,1,0,0.000556061,1.049822265,-1.550397607,-1.242502824,1,-1.636459528,-1.21036389,9.78471949,0.104050845
Aegithina lafresnayei,Aegithinidae,23.4,14.9,5.1,6.3,20.1,70.5,6,8.6,56,12,Forest,Carnivore,Invertivore,Insessorial,12.5,NA,4.159731672,-1.597879324,LC,194,2.30E+12,102.0168675,14.87506101,Oriental,5,6.41E-05,0.000703254,2.734250902,-0.882674652,-0.34046559,1,-0.864430475,-0.283821752,13.37935315,0.091031039
Aegithina tiphia,Aegithinidae,17,10.8,4.3,4.5,19.7,61.6,6.2,10,47.8,12,Forest,Carnivore,Invertivore,Insessorial,8.4,NA,3.606471234,-1.572647798,LC,727,8.55E+12,94.28098457,14.79393584,Oriental,3,0.000280803,0.000764541,2.824590551,-0.663529972,0.015732226,2,-0.646893938,0.151358967,13.55859805,0.084663127
Aethopyga siparaja,Nectariniidae,19,14.3,3.4,2.4,13,50.4,8.7,17.4,38.1,6.7,Forest,Herbivore,Nectarivore,Insessorial,NA,NA,5.282599286,-1.683322299,LC,641,7.56E+12,101.6618197,12.96403694,Oriental,1,0,0.000680051,1.572183451,-1.085247997,-0.448923734,1,-1.082954014,-0.3833713,12.50560451,0.095984212
Agelaioides badius,Icteridae,18.9,11.6,5,8.4,26.8,93.5,16.9,18.1,77.9,45.3,Forest,Omnivore,Omnivore,Terrestrial,NA,NA,0.881596822,-0.656682785,LC,471,5.23E+12,-61.32761834,-28.85106984,Neotropical,1,0,0.00080075,11.00666181,-0.602178728,0.323611966,1,-0.509352949,0.39245147,4.920819505,0.21287909
Ailuroedus buccoides,Ptilonorhynchidae,29,17,9,12.3,37.9,129.6,26,20,89,138,Forest,Omnivore,Omnivore,Insessorial,22.2,NA,3.698173941,-2.382118757,LC,90,1.10E+12,140.1503298,-4.727778233,Oceanina,2,5.16E-06,0.000457833,1.069048121,-1.891448618,-1.878752979,1,-2.045570402,-1.879871909,21.17977483,0.051738164
Ailuroedus melanotis,Ptilonorhynchidae,37.5,21,10.7,16,45.8,157.8,32.9,20.5,115.8,176.9,Forest,Herbivore,Frugivore,Insessorial,33.5,20.4,3.492569176,-1.986660817,LC,64,7.78E+11,147.0624992,-7.492065825,Oceanina,4,0.00120937,0.000711278,1.885888349,-0.669922996,-0.540913651,1,-0.85974944,-0.214487012,23.16051685,0.046601871
Alcippe brunnea,Pellorneidae,13.8,7.3,3,4.1,22.6,59.1,6,10.1,48.8,17.4,Forest,Carnivore,Invertivore,Generalist,NA,NA,1.426426911,-0.534747755,LC,99,1.08E+12,113.5387327,27.21052419,Sino-Japanese,1,0,0.000552632,1.048616695,-1.563216359,-1.264449111,1,-1.651715044,-1.233277595,9.37144007,0.121310231
Alcippe brunneicauda,Leiotrichidae,13.9,8.9,3.6,4.2,21,71.7,10.8,14.8,61.6,14.3,Forest,Carnivore,Invertivore,Insessorial,9.7,NA,2.331821002,-2.447387587,NT,89,1.09E+12,115.3085562,1.808746249,Oriental,7,0.000716918,0.000888188,22.2574318,0.044815814,0.683254173,1,0.089589984,0.86244365,8.001262326,0.140784944
Alcippe morrisonia,Leiotrichidae,12.3,6.7,3,3.8,19.2,60.9,8.2,13.2,52.4,15.3,Forest,Omnivore,Invertivore,Insessorial,NA,NA,2.528515265,-0.6696637,LC,342,3.80E+12,107.7759785,25.79381231,Sino-Japanese,33,0.008622101,0.000824753,15.22781975,1.888911471,-1.671357772,1,0.500231461,0.125274039,7.862303008,0.138200616
Alcippe poioicephala,Leiotrichidae,14.7,8.2,3.6,4.2,21.2,69.5,7.5,10.9,65.5,20.7,Forest,Carnivore,Invertivore,Insessorial,NA,NA,6.443038328,-1.416038312,LC,246,2.85E+12,98.73708994,20.46480422,Oriental,2,1.80E-07,0.000683252,2.066889133,-1.046545557,-0.434877994,1,-1.039092475,-0.376531431,16.04565991,0.064364544
Alectroenas madagascariensis,Columbidae,17.5,9.2,4.1,4.2,22.3,171,57.5,33.6,81.5,173,Forest,Herbivore,Frugivore,Insessorial,NA,7.4,1.109011807,-1.452263087,LC,54,6.28E+11,47.49929068,-19.08844017,Madagascan,5,0.000553764,0.000739852,1.9332619,-0.658543065,-0.216619438,1,-0.704775402,-0.036592433,6.672315635,0.165492414
Alethe poliocephala,Muscicapidae,19.2,11,4.6,5.2,27,86.5,14.8,16.5,56.8,32.4,Forest,Carnivore,Invertivore,Terrestrial,14.6,NA,1.395365047,-1.477419186,LC,228,2.80E+12,11.42049351,2.612398753,Afrotropical,2,0.000449952,0.000672165,1.362786469,-1.007629995,-0.607241172,1,-1.091147797,-0.448327345,12.09265553,0.085872937
Alophoixus bres,Pycnonotidae,20.6,14.9,4.7,6.5,19.6,100,20.3,19.4,90,35.3,Forest,Omnivore,Omnivore,Insessorial,11.2,NA,2.571297303,-2.276160212,EN,173,2.12E+12,114.8184928,1.706879475,Oriental,9,0.000469559,0.000869672,23.1416278,-0.01682471,0.607717336,1,0.066080368,0.709932825,10.11242998,0.109137399
Alophoixus finschii,Pycnonotidae,17.5,11.6,4.7,5.6,15.9,84.8,16.2,19,67.2,24.2,Forest,Omnivore,Omnivore,Insessorial,NA,NA,1.797004682,-2.409506367,NA,138,1.70E+12,114.5155946,0.822603655,Oriental,6,0.000325308,0.000864872,21.68049958,-0.141349757,0.628704784,1,-0.044063504,0.721422685,9.042769414,0.135559649
Alophoixus flaveolus,Pycnonotidae,20.5,11.8,5.4,7.1,20.1,100.8,16.6,16.5,90.1,48.3,Forest,Herbivore,Frugivore,Insessorial,NA,NA,8.453397626,-1.290067662,LC,94,1.06E+12,95.35035751,23.41308262,Oriental,33,0.001710052,0.000902156,32.74751651,0.966095112,0.382418699,4,0.912778918,0.585260794,9.184147956,0.139731492
Alophoixus pallidus,Pycnonotidae,20.3,12.1,4.6,7.4,20.5,102.6,15.6,15.2,104.2,46,Forest,Herbivore,Frugivore,Insessorial,NA,NA,2.095330898,-1.120370306,LC,179,2.07E+12,103.788169,19.73736998,Oriental,34,0.002351193,0.000909562,32.98309344,1.13754536,0.278879259,7,0.974338132,0.621061097,7.774024949,0.141577888
Alophoixus phaeocephalus,Pycnonotidae,20.5,13.6,5.4,6.5,19.9,94.4,13.2,13.8,80.6,32,Forest,Omnivore,Omnivore,Insessorial,10.9,NA,2.256420544,-2.389843292,LC,195,2.40E+12,107.2777757,1.127934934,Oriental,12,0.000744852,0.000877444,24.52933597,0.142663228,0.576206076,1,0.189155448,0.718545229,13.17920609,0.087032861
Amblyornis macgregoriae,Ptilonorhynchidae,26.7,13.3,7.6,8.8,37.3,131.6,26.9,20.5,88.4,117.5,Forest,Herbivore,Frugivore,Insessorial,25.3,16.6,4.527900176,-2.318121664,LC,37,4.53E+11,143.0006645,-5.918798193,Oceanina,5,0.000719201,0.000752196,1.947451741,-0.581929527,-0.174910528,1,-0.649817155,0.045864667,14.66747151,0.07316781
Amblyospiza albifrons,Ploceidae,19.8,13.2,9.2,14.9,22.4,90.9,15,16.8,65.8,41.6,Woodland,Omnivore,Omnivore,Insessorial,20.9,NA,0.377900797,-1.054917875,LC,515,6.21E+12,32.91875888,-3.704865055,Afrotropical,5,0.000261993,0.000785,2.428576784,-0.541809416,0.13812142,7,-0.502042417,0.263535496,12.47325259,0.099192699
Ampeliceps coronatus,Sturnidae,22.8,11.2,6,6.6,24,124.5,37,30,65.8,87.9,Forest,Herbivore,Frugivore,Insessorial,NA,13.9,3.643031679,-1.441666533,LC,174,2.05E+12,100.9903434,17.07082856,Oriental,2,0,0.000656757,1.692398658,-1.146863177,-0.604410152,2,-1.158390086,-0.552382791,7.059563379,0.146504526
Ampelioides tschudii,Cotingidae,22.6,10.8,7.1,6.2,20.8,100.5,23.9,23.9,65.5,78.4,Forest,Omnivore,Frugivore,Insessorial,NA,16.3,5.923257492,-1.565899127,LC,64,7.79E+11,-75.4821347,-5.764482962,Neotropical,9,8.11E-05,0.00085159,46.31495437,-0.077277594,0.579632123,1,0.0759793,0.513235378,23.93571422,0.043308378
Ampelion rubrocristatus,Cotingidae,20.5,9.2,5.6,6.8,24.9,113.3,27.8,24.5,86.2,66.3,Forest,Herbivore,Frugivore,Insessorial,NA,12,2.305271898,-1.140467327,LC,96,1.17E+12,-74.29750495,-4.105823645,Neotropical,1,0,0.000654494,2.27030716,-1.178392561,-0.612494741,1,-1.193902391,-0.556469111,10.24977335,0.106826374
Anairetes parulus,Tyrannidae,11.7,5.8,2.4,2.1,18.5,49.1,7,14.3,51,6.2,Shrubland,Carnivore,Invertivore,Insessorial,10.7,NA,0.632657959,-0.157174629,LC,370,3.67E+12,-69.66827983,-37.08155658,Neotropical,10,0.000306466,0.000739464,4.223265848,-0.57256411,-0.195338226,3,-0.559081925,-0.111338788,3.378784682,0.312263137
Andigena hypoglauca,Ramphastidae,91.2,80.7,25.9,29,41,171,18.1,10.7,170,312.8,Forest,Herbivore,Frugivore,Insessorial,NA,33.8,0.822358188,-0.995322853,NT,36,4.39E+11,-76.56795441,-5.332340717,Neotropical,6,2.81E-05,0.000719187,7.071280698,-0.790018809,-0.236751131,5,-0.748961526,-0.204456723,4.611451524,0.240894491
Andropadus ansorgei,Pycnonotidae,13.9,7.9,3.5,3.8,15.9,71.8,11.3,15.7,64.5,18.7,Forest,Herbivore,Frugivore,Insessorial,NA,NA,0.751327302,-1.523505839,LC,234,2.87E+12,17.22152365,0.296731679,Afrotropical,4,3.82E-05,0.000719256,2.522145172,-0.853396072,-0.225802793,5,-0.821785965,-0.163247712,8.582022236,0.118516057
Andropadus curvirostris,Pycnonotidae,16.2,9.3,4.3,4,18.3,76.2,10,13.1,70.5,24.9,Forest,Herbivore,Omnivore,Insessorial,NA,10,0.740286014,-1.498721649,LC,370,4.54E+12,15.3864252,1.138454103,Afrotropical,14,0.000533469,0.000819267,5.354720325,-0.128603495,0.238656785,5,-0.088937557,0.366604976,13.03304183,0.077883982
Andropadus gracilirostris,Pycnonotidae,19.4,11.1,4.2,4.3,20,80.9,14.7,17.5,74,31.2,Forest,Herbivore,Frugivore,Insessorial,NA,10,0.928597082,-1.490204516,LC,395,4.84E+12,14.61510453,1.028791947,Afrotropical,10,0.00016812,0.000765661,4.506332382,-0.499149396,0.00352234,5,-0.441462391,0.062825602,15.00221271,0.067590362
Andropadus gracilis,Pycnonotidae,13.9,8.3,3.8,3.8,17.6,72,8.5,12,68,21.6,Forest,Herbivore,Omnivore,Insessorial,NA,NA,0.725487256,-1.511156152,NA,355,4.36E+12,18.88734881,-0.194523165,Afrotropical,5,6.40E-05,0.000732971,2.731315596,-0.771646954,-0.15023657,4,-0.732268172,-0.085192505,8.582022236,0.118516057
Andropadus importunus,Pycnonotidae,18.9,9.3,4.2,5.5,22.4,88.9,10.6,11.9,86.1,27.4,Shrubland,Herbivore,Frugivore,Insessorial,14.4,10.3,0.796969516,-0.7918226,LC,206,2.39E+12,33.8400733,-17.66198287,Afrotropical,28,0.002080252,0.000902841,9.381881622,0.832365689,0.335272074,11,0.686261694,0.730972739,21.61154491,0.04682979
Andropadus latirostris,Pycnonotidae,15.3,8.9,4.9,4.5,19.7,79.3,10.6,13.8,74.1,26.2,Forest,Omnivore,Frugivore,Insessorial,NA,12,0.74956222,-1.456787708,NA,395,4.85E+12,20.54424745,0.456752498,Afrotropical,25,0.000995031,0.000838469,7.305744185,0.310026712,0.187120147,5,0.308763209,0.346319506,14.55534166,0.069735869
Andropadus masukuensis,Pycnonotidae,15.1,7.6,3.8,3.7,20.8,79.8,14.1,17.7,78.7,26.8,Forest,Omnivore,Invertivore,Insessorial,NA,10.1,0.125131219,-1.041997879,LC,41,5.03E+11,29.21383686,-1.506379862,Afrotropical,13,0.002434192,0.000919506,8.090975528,0.57990427,0.458106426,5,0.339860369,1.040539477,9.862967794,0.103779479
Andropadus milanjensis,Pycnonotidae,21,10.7,3.9,4.8,22.8,94.7,15.1,15.8,88.1,37.4,Forest,Omnivore,Omnivore,Insessorial,NA,NA,0.106965162,-0.895923337,LC,52,6.25E+11,35.80261006,-10.01361709,Afrotropical,29,0.000108818,0.000724056,4.078614111,-0.19139582,-0.370959127,2,-0.101886929,-0.459527056,13.48842287,0.075354287
Andropadus tephrolaemus,Pycnonotidae,17.2,9.2,3.8,4.2,19.8,82.4,12.6,15.3,73.2,38.3,Forest,Herbivore,Frugivore,Insessorial,NA,8.1,1.157173432,-1.7331628,LC,16,1.96E+11,10.31444812,5.880211806,Afrotropical,63,0.002050247,0.000831519,7.425084057,1.429765923,-0.338393133,1,1.330891636,-0.191887648,9.862967794,0.103779479
Andropadus virens,Pycnonotidae,13.9,8,4.7,4.3,20.6,74.4,9.8,12.8,70.8,26.6,Forest,Herbivore,Frugivore,Insessorial,NA,11.6,0.790385851,-1.347390388,LC,583,7.12E+12,16.41517884,-0.515939842,Afrotropical,9,0.002305366,0.000919735,7.511131046,0.454968555,0.514205063,5,0.227820047,1.09568829,14.55534166,0.069735869
Anisognathus igniventris,Thraupidae,14.8,8.1,5.6,6.8,25.1,87.8,14.8,16.8,75.2,34,Forest,Herbivore,Frugivore,Insessorial,NA,8.6,1.458385403,-1.041813721,LC,71,8.61E+11,-74.10728637,-6.651016456,Neotropical,24,0.000350115,0.000854105,52.28591673,0.377326987,0.439116732,5,0.525924759,0.31653713,4.467710679,0.232852537
Anisognathus lacrymosus,Thraupidae,15.1,8.1,5.4,6.3,25.1,89.5,14.6,16.4,75.5,31,Forest,Herbivore,Frugivore,Insessorial,NA,9.2,3.168305943,-1.341338741,LC,52,6.35E+11,-76.90809956,-2.819101465,Neotropical,14,0,0.00058809,2.008598669,-1.102036405,-1.120679285,2,-1.130175113,-1.167529534,4.467710679,0.232852537
Anisognathus somptuosus,Thraupidae,20,10.8,5.9,7.7,23.7,92.1,18.9,20.9,72,44.5,Forest,Omnivore,Invertivore,Insessorial,NA,8.9,3.783569083,-1.271491493,LC,78,9.47E+11,-76.14980225,-1.509417332,Neotropical,52,0.001384977,0.000922226,192.3734522,1.998207252,0.463046135,12,2.150499251,-0.048726614,6.547597659,0.16692293
Anorrhinus austeni,Bucerotidae,126.2,106.4,34,52.3,43,327,64.3,19.6,289,933,Forest,Omnivore,Frugivore,Insessorial,NA,40,5.437131592,-1.491997855,NT,189,2.20E+12,100.3220899,18.67533996,Oriental,9,8.74E-05,0.000754688,5.073612627,-0.578110264,-0.042110575,3,-0.515753195,0.000563235,13.45511994,0.077535037
Anorrhinus galeritus,Bucerotidae,134.2,115.1,34.8,54.1,41.5,341,31.9,9.8,269.6,1172,Forest,Omnivore,Frugivore,Insessorial,NA,43.1,2.220902334,-2.359640458,NT,177,2.17E+12,101.3432591,2.056824723,Oriental,9,3.84E-05,0.000705426,5.480176758,-0.769849323,-0.346357265,1,-0.733271949,-0.330017676,20.49784817,0.050712029
Anthornis melanura,Meliphagidae,20.1,9,3,3.9,25.9,86.4,17.2,19.1,80.3,26.9,Forest,Herbivore,Nectarivore,Insessorial,16.7,NA,2.26839989,-0.544927604,LC,59,5.43E+11,172.4807661,-42.0484418,Australian,39,8.92E-05,0.000694201,9.630562805,-0.037429208,-0.621591382,11,0.063961388,-0.806542554,15.03829707,0.075292361
Anthoscopus caroli,Remizidae,9.2,6.7,2.9,3.2,13.1,52.6,8.1,15.5,29.9,6.9,Woodland,Omnivore,Invertivore,Insessorial,NA,NA,0.17063008,-0.841000809,LC,510,6.08E+12,29.6904916,-13.3315215,Afrotropical,2,0.000123804,0.000806465,5.44236632,-0.551884279,0.325863402,1,-0.477923359,0.435928398,11.58186983,0.106430838
Anthoscopus parvulus,Remizidae,9,7.1,2.5,3.2,11.8,50,7.6,15.3,28.3,5.8,Shrubland,Carnivore,Invertivore,Insessorial,NA,NA,0.22180959,-1.102517871,LC,220,2.66E+12,2.198320297,11.28735535,Afrotropical,1,0,0.000662907,1.377405198,-1.149981825,-0.558655701,1,-1.159967276,-0.497322055,11.18581099,0.115115947
Anthracoceros albirostris,Bucerotidae,160.1,124.2,35.3,51.8,57.5,284.9,45.6,15.9,295.2,892.9,Forest,Omnivore,Frugivore,Insessorial,NA,40.1,4.122311796,-1.713821079,LC,534,6.30E+12,96.96229332,15.7920209,Oriental,37,0.001936549,0.000900555,32.94105901,1.102562012,0.295520352,8,1.017213243,0.522209266,13.90528418,0.083625352
Anthracoceros coronatus,Bucerotidae,202.6,160.8,35,89.1,60.2,306.2,54.1,17,317.7,806.7,Forest,Herbivore,Frugivore,Insessorial,NA,43.8,3.020345421,-1.291583564,NT,98,1.14E+12,81.5335707,21.13400219,Oriental,5,6.46E-05,0.00079835,11.64629138,-0.496962489,0.268083749,1,-0.406738456,0.322592471,12.51182946,0.091317072
Anthracoceros malayanus,Bucerotidae,147.1,115.4,32,65,45.8,289.4,15.1,5.3,320.4,1050,Forest,Herbivore,Frugivore,Insessorial,NA,39.2,1.752339485,-2.362811564,VU,155,1.90E+12,108.2496252,0.761048732,Oriental,17,0.000246575,0.000789,10.40550215,-0.202267529,0.090443922,1,-0.120767482,0.1089952,15.51045602,0.079359617
Anthreptes collaris,Nectariniidae,15.3,10.4,3.2,3.1,15.4,51.1,7,13.8,35.4,7,Forest,Omnivore,Invertivore,Insessorial,NA,NA,0.564140682,-1.136582952,LC,944,1.14E+13,23.33745661,-5.059861959,Afrotropical,11,0.001447714,0.000871752,6.431275946,0.164281387,0.387662057,8,0.065599891,0.752666686,11.90064206,0.100069495
Anthus novaeseelandiae,Motacillidae,15.5,9.2,3.4,3.9,25.6,83.8,19.7,22.6,65.1,24.1,Grassland,Carnivore,Invertivore,Terrestrial,18.6,NA,1.764726327,-0.417773691,LC,826,8.96E+12,134.7699828,-26.97540835,Australian,3,0,0.000458956,1.095379978,-1.863079304,-1.876797221,1,-2.012772058,-1.885380625,5.902570153,0.202307459
Anthus spragueii,Motacillidae,14.2,8.9,3.5,3.8,22.2,78.1,20.8,26.4,65.2,25.5,Grassland,Carnivore,Invertivore,Terrestrial,18.1,NA,0.918957121,0.115152377,VU,566,5.50E+12,-102.1369649,28.83044033,Nearctic,2,0,0.000588224,1.218312113,-1.404593256,-1.043044543,2,-1.4650509,-1.008878577,7.401128105,0.162297873
Antilophia galeata,Pipridae,13.7,6.8,4,4.4,18,77.2,9.5,12.3,60.8,21.5,Forest,Omnivore,Frugivore,Insessorial,NA,10.8,0.24010992,-1.184934669,LC,203,2.39E+12,-50.84377666,-16.58150812,Neotropical,26,0.000760371,0.00093928,296.1311851,1.648073986,0.879658406,6,1.910577656,0.061857702,5.042498219,0.210941846
Apalis rufogularis,Cisticolidae,13.7,7.5,3,2.8,17,47.1,4.5,9.5,44.9,8.3,Forest,Carnivore,Invertivore,Insessorial,NA,NA,0.51527181,-1.433930272,LC,310,3.80E+12,19.38277896,0.602320774,Afrotropical,5,9.88E-06,0.000696625,2.500087433,-0.918221062,-0.370667677,1,-0.894828076,-0.327362805,5.258259886,0.231828932
Apalis thoracica,Cisticolidae,14.9,8.1,2.6,2.5,20.5,51.1,5.6,11,51.4,11.1,Forest,Carnivore,Invertivore,Insessorial,12.5,NA,0.493870694,-0.577697012,LC,198,2.26E+12,30.35289548,-20.7498359,Afrotropical,1,0,0.000674908,1.322118494,-1.105317984,-0.481843863,4,-1.106804906,-0.416929328,8.503130957,0.141006628
Aphelocoma californica,Corvidae,34,20.7,9.1,9.8,42.4,128.5,18,14.1,140.2,85.7,Shrubland,Omnivore,Omnivore,Terrestrial,22.7,NA,0.619053901,0.103083226,LC,345,3.51E+12,-112.2815476,36.41162653,Nearctic,15,0.000233729,0.000879593,17.10173494,0.106577459,0.685976316,1,0.252860177,0.718424712,4.251746883,0.243680234
Aphrastura spinicauda,Furnariidae,13.7,7.8,2.6,3,20.2,59.4,12.2,20.5,76.8,11.5,Forest,Carnivore,Invertivore,Insessorial,15,NA,7.916228494,-0.365303638,LC,101,8.70E+11,-72.23870874,-46.63986088,Neotropical,4,0.000232388,0.000738092,2.803226847,-0.746320884,-0.149029951,1,-0.736912586,-0.038273382,8.618311162,0.123430464
Aplonis opaca,Sturnidae,27,15,7.1,8.5,30.4,125.2,30,23.8,88.2,83.4,Forest,Herbivore,Omnivore,Insessorial,24.1,NA,6.943406197,-2.489202764,LC,9,1.09E+11,145.2508481,14.44337501,Oceanina,15,0.000293379,0.000745887,3.745692961,-0.42742764,-0.183268079,3,-0.393877211,-0.131497283,2.779632565,0.455288343
Aplonis panayensis,Sturnidae,22.2,13,5.2,6.3,21.8,95.5,33.2,34.9,59.4,56.2,Shrubland,Herbivore,Frugivore,Insessorial,18.2,12.3,3.088028318,-2.226569634,LC,376,4.57E+12,110.2941423,5.047765756,Oriental,2,8.54E-05,0.000799264,10.17880883,-0.569806851,0.288458627,1,-0.491489067,0.372299213,2.911019698,0.377251023
Aplopelia larvata,Columbidae,21.7,19,3.3,3.7,26,143.1,42.1,29.3,92.9,155,Forest,Herbivore,Granivore,Terrestrial,NA,NA,0.568193791,-0.967781383,LC,330,3.94E+12,33.4677998,-1.796680556,Afrotropical,22,6.30E-05,0.000737543,3.80257723,-0.325571885,-0.229524884,3,-0.236871048,-0.277965294,15.36774979,0.071167279
Arachnothera magna,Nectariniidae,46.8,35.9,5.9,5.6,20.6,88.7,16.5,18.5,49.6,30.7,Forest,Omnivore,Omnivore,Insessorial,NA,NA,4.880177042,-1.232882325,LC,241,2.77E+12,99.59362168,21.65649207,Oriental,1,0,0.000648551,1.475432427,-1.203300132,-0.6505372,1,-1.223435285,-0.593591457,15.6582541,0.072558426
Arremon brunneinucha,Passerellidae,19.5,11.8,6.1,7.4,28.8,80.8,7.5,9.1,84.7,44,Forest,Omnivore,Invertivore,Generalist,NA,NA,2.778864071,-1.437879193,LC,162,1.95E+12,-74.90299438,-0.639004443,Neotropical,7,1.20E-05,0.000827816,41.39182194,-0.245590697,0.455827715,1,-0.10434686,0.396314396,3.26832477,0.385651935
Arremon flavirostris,Passerellidae,15.2,9.9,5.7,7.4,25.1,70.8,4.9,6.9,64.8,26.1,Forest,Herbivore,Omnivore,Insessorial,NA,NA,0.555157122,-1.054169255,LC,236,2.72E+12,-52.75607961,-20.47008745,Neotropical,11,8.39E-05,0.000857076,133.5949054,0.289782796,0.601556952,8,0.495966027,0.238379506,5.196001001,0.2214236
Arremon taciturnus,Passerellidae,14.6,10,5.5,7.3,23.8,72,7.9,10.9,61.3,24.8,Forest,Herbivore,Omnivore,Insessorial,21,NA,1.560945679,-1.643373662,LC,683,8.30E+12,-55.8001673,-6.013937797,Neotropical,1,0,0.000842218,37.75594764,-0.356497659,0.589090857,1,-0.22066032,0.582053303,3.916168006,0.343442272
Arremon torquatus,Passerellidae,18.9,10.7,6.1,7.2,32.2,80.5,7.8,9.8,85.7,42,Forest,Omnivore,Omnivore,Generalist,NA,NA,2.029272188,-1.191467152,LC,121,1.46E+12,-72.93296509,-7.977796152,Neotropical,4,7.73E-06,0.000795127,38.21744968,-0.454404955,0.266759433,3,-0.345208337,0.227014718,3.796621872,0.320188378
Arremonops conirostris,Passerellidae,18,11.7,6.2,8.5,28.1,73.7,6.3,8.2,67.6,35.9,Forest,Omnivore,Omnivore,Terrestrial,15.6,NA,1.803556562,-1.737103724,LC,175,2.13E+12,-72.33245458,8.339683976,Neotropical,2,2.95E-06,0.000787469,21.2182132,-0.591611365,0.231571367,1,-0.500924115,0.257331126,8.148533298,0.131241942
Atlapetes albinucha,Passerellidae,17.2,10.6,6.6,8,27,73.3,7.2,9.5,83.7,33.8,Forest,Omnivore,Omnivore,Generalist,NA,NA,3.726311958,-1.633195164,LC,71,8.52E+11,-89.6226283,15.10834421,Panamanian,16,0.000165927,0.00086462,74.75834275,0.258697468,0.599193939,4,0.438689615,0.41671324,3.563450909,0.322794066
Atlapetes citrinellus,Passerellidae,13.2,9.4,5.5,7.1,26,69,8,11.5,70.8,28,Forest,Omnivore,Omnivore,Insessorial,NA,NA,0.062618268,-0.363998953,LC,6,66645599298,-65.00211167,-25.82456008,Neotropical,25,0.001406777,0.000982599,189.2937555,1.541548477,1.017278625,6,1.659131887,0.713987905,2.548305967,0.436757505
Atlapetes fulviceps,Passerellidae,15.1,8.8,4.6,6.8,25.4,75.1,11,14.7,72.9,28.2,Forest,Omnivore,Omnivore,Insessorial,NA,NA,0.031194233,-0.497339795,LC,19,2.19E+11,-65.3324691,-20.62020941,Neotropical,2,9.51E-07,0.000778325,19.7222466,-0.631225005,0.173495068,1,-0.547423717,0.201113608,2.548358686,0.430768321
Atlapetes latinuchus,Passerellidae,15.6,9,5.2,6.8,25.9,74.6,9.4,12.7,72.6,23.6,Forest,Omnivore,Omnivore,Insessorial,NA,NA,2.497766778,-1.243836849,LC,41,5.02E+11,-78.56244579,-3.013753647,Neotropical,9,3.59E-05,0.000831771,48.50431022,-0.152237059,0.462979486,2,-0.003637072,0.373605714,5.745927558,0.204475718
Atlapetes rufinucha,Passerellidae,15.8,8.9,4.9,6,25.9,69.7,8.8,12.7,74.5,21.5,Shrubland,Omnivore,Omnivore,Generalist,NA,NA,1.231519602,-0.890835026,LC,16,1.89E+11,-66.67744559,-16.4488989,Neotropical,1,0,0.000659752,1.693889191,-1.160698092,-0.578845392,1,-1.172764482,-0.519442129,2.733093644,0.437053543
Atlapetes tricolor,Passerellidae,17.2,10,5.9,7.6,26.5,76.7,8.9,11.9,83.7,36.5,Forest,Omnivore,Omnivore,Insessorial,NA,NA,7.757070588,-1.293314932,LC,29,3.54E+11,-75.27726856,-10.97376901,Neotropical,3,1.10E-05,0.000741064,9.922342054,-0.776828069,-0.073681662,1,-0.723646628,-0.028781102,2.819855649,0.432052714
Attila phoenicurus,Tyrannidae,21.1,12.9,5.7,5.4,18.8,92.2,19.1,20.6,76.2,32.3,Forest,Carnivore,Invertivore,Insessorial,NA,NA,1.429205857,-1.53135546,LC,396,4.70E+12,-55.87714005,-13.30970928,Neotropical,2,2.11E-06,0.000804956,47.22169702,-0.438232313,0.343761339,1,-0.321792408,0.289103157,8.487715061,0.127908862
Attila rufus,Tyrannidae,29.4,19,7.1,6.4,25.6,92,12.4,13.4,73.5,42.6,Forest,Carnivore,Invertivore,Insessorial,NA,NA,0.296766161,-1.056660481,LC,56,6.40E+11,-44.1201682,-21.803233,Neotropical,5,4.77E-06,0.000807014,37.59580899,-0.387600843,0.337105861,5,-0.267062526,0.295566377,7.776283016,0.143444669
Attila spadiceus,Tyrannidae,22.3,15.8,7.3,6.5,24.9,85.6,12.3,14.8,67.8,39.1,Forest,Carnivore,Invertivore,Insessorial,13.3,NA,2.477757888,-1.797398074,LC,792,9.60E+12,-69.66038314,1.607389586,Neotropical,6,6.51E-05,0.000808614,28.43428547,-0.376561406,0.327325141,3,-0.26795466,0.323315656,3.309735179,0.335853878
Aulacorhynchus coeruleicinctis,Ramphastidae,81.8,68.9,21.6,23.8,40.1,141.9,17.1,12,148.5,208,Forest,Omnivore,Frugivore,Insessorial,NA,24.3,0.583614038,-0.791130376,LC,28,3.33E+11,-69.39030866,-14.99546383,Neotropical,32,0.000914686,0.000843589,57.54312323,0.65996263,0.193360107,4,0.721240374,0.125603442,9.479858214,0.116265292
Aulacorhynchus derbianus,Ramphastidae,80,65.9,18,25,36.1,133.8,16.6,12.4,132.3,209.7,Forest,Herbivore,Frugivore,Insessorial,NA,NA,3.977030385,-1.68591192,LC,81,9.85E+11,-71.8526119,-12.31708021,Neotropical,1,0,0.0007025,3.020075638,-0.996444742,-0.305244661,1,-0.977468621,-0.238075953,5.086088654,0.219495222
Aulacorhynchus haematopygus,Ramphastidae,94,88.3,22.8,28.2,35.7,134.5,20.7,15,155,194.4,Forest,Herbivore,Frugivore,Insessorial,NA,NA,7.059698562,-1.689000592,LC,42,5.15E+11,-76.07229354,3.596564444,Neotropical,30,0.00021857,0.000905425,158.7184824,1.05603206,0.759145362,2,1.335211315,0.23360522,6.94639685,0.159686201
Aulacorhynchus prasinus,Ramphastidae,68.9,60.9,14.7,21.8,33.3,129.9,16.7,12.8,110.2,170.6,Forest,Herbivore,Frugivore,Insessorial,NA,26,2.32374579,-1.459650007,LC,195,2.34E+12,-72.8933113,-4.63106389,Neotropical,131,0.002370751,0.000976541,275.7415918,4.642720454,0.083197768,5,4.905253185,-0.980103031,8.881485045,0.123377208
Baeolophus bicolor,Paridae,13.3,8.8,4.9,5.5,20.5,77.9,12.5,16.1,68.6,21.6,Forest,Carnivore,Invertivore,Insessorial,13.1,NA,0.456334159,-0.094495494,LC,369,3.63E+12,-86.0767128,37.56700153,Nearctic,7,0.000196108,0.000810786,7.518610171,-0.390239258,0.305228854,3,-0.312118589,0.393355242,5.064771039,0.200968893
Baeopogon indicator,Pycnonotidae,18.9,9.9,4.3,4.6,19.4,98.2,16.1,16.5,78.4,45.8,Forest,Herbivore,Frugivore,Insessorial,NA,10.5,0.674356199,-1.437187484,LC,424,5.20E+12,15.39957154,0.293325429,Afrotropical,8,5.89E-05,0.000734114,3.738179252,-0.689809845,-0.160957429,5,-0.640162403,-0.119641076,12.45585954,0.08146591
Baryphthengus martii,Momotidae,49.3,33.5,11.7,14,32.6,150.7,24.3,16.1,250.8,165,Forest,Carnivore,Omnivore,Insessorial,NA,24.3,3.275296268,-1.849182297,LC,348,4.23E+12,-69.88252477,-4.886554537,Neotropical,2,1.24E-05,0.000767467,12.8498546,-0.692998284,0.101391558,1,-0.622504166,0.151034012,27.41339454,0.039778048
Baryphthengus ruficapillus,Momotidae,45.1,30.9,10.6,12.7,29.5,141.4,22.5,16,228,141.7,Forest,Carnivore,Invertivore,Insessorial,NA,NA,0.142767498,-1.063950091,LC,174,1.99E+12,-48.20396542,-21.58947792,Neotropical,17,0.000185154,0.000862563,94.61115731,0.346899533,0.575348896,5,0.534617749,0.325054676,17.61251576,0.061414486
Basileuterus culicivorus,Parulidae,12.8,7.8,4,3.8,19.5,59.5,10.6,18.1,53.1,10.5,Forest,Carnivore,Invertivore,Insessorial,NA,NA,1.121689796,-1.171227541,LC,886,1.04E+13,-52.58047378,-18.51947803,Neotropical,1,0,0.000703688,5.625291783,-0.983167819,-0.297629295,1,-0.962027444,-0.238657898,3.227257904,0.355830818
Basileuterus flaveolus,Parulidae,14.6,8.7,4,4.2,20.4,66.3,8.1,12.5,59.7,13.2,Woodland,Carnivore,Invertivore,Generalist,NA,NA,0.25271266,-1.183632928,LC,405,4.83E+12,-49.45015267,-14.3082661,Neotropical,2,8.15E-07,0.000791698,26.04236727,-0.559840693,0.259133895,2,-0.463311899,0.269807034,4.606268312,0.228906722
Bathmocercus rufus,Cisticolidae,15.7,7.6,3.3,3.7,25,56.7,4.5,7.8,55,15.4,Forest,Carnivore,Invertivore,Insessorial,13.3,NA,0.324390687,-1.416273597,LC,99,1.22E+12,13.28202896,1.96445132,Afrotropical,1,0,0.000618788,1.100129516,-1.315804096,-0.841031998,1,-1.357275175,-0.79128832,8.826561709,0.116027055
Batis senegalensis,Platysteiridae,14.8,7.9,5.3,3.6,16.6,54.5,7.7,14.1,40.9,9.6,Shrubland,Carnivore,Invertivore,Insessorial,NA,NA,0.276392894,-1.06378431,LC,315,3.79E+12,0.604390938,11.75158154,Afrotropical,1,0,0.000662907,1.377405198,-1.149981825,-0.558655701,1,-1.159967276,-0.497322055,7.122311643,0.177740769
Bleda syndactylus,Pycnonotidae,27.2,16.6,4.5,7.2,25.4,105.4,15.6,14.8,95,46.1,Forest,Carnivore,Invertivore,Insessorial,14.9,NA,0.800461503,-1.461712561,LC,385,4.72E+12,19.59878422,-0.931408292,Afrotropical,5,0.000698102,0.000691824,1.660332678,-0.812407881,-0.556555504,1,-0.919452291,-0.356699045,16.52883198,0.061335219
Bombycilla cedrorum,Bombycillidae,15.1,6.6,4.5,4.9,16.7,95.4,33.5,35.1,59.8,31.6,Woodland,Herbivore,Frugivore,Insessorial,16.1,10.7,1.703209505,0.15981385,LC,1854,1.72E+13,-99.3953284,43.32779973,Nearctic,90,0.002512616,0.000934913,68.76763831,2.78509195,0.046536338,7,2.777726374,-0.05074633,22.32978806,0.045332179
Bonasa bonasia,Phasianidae,21.7,11.2,9,9.1,35.1,169.4,55.8,33,117.8,429,Woodland,Herbivore,Herbivore terrestrial,Generalist,NA,NA,2.122984904,1.176095904,LC,2761,1.82E+13,82.17539551,59.26847784,Palearctic,2,1.96E-07,0.000702911,2.631426502,-0.971157443,-0.309054702,4,-0.949454089,-0.2469846,8.195560437,0.129005771
Bradypterus barratti,Locustellidae,14.3,7.5,3,3.4,21.9,62.3,8,12.8,71.2,18.8,Forest,Carnivore,Invertivore,Generalist,18.3,NA,0.21956169,-0.468236736,LC,46,5.03E+11,29.30926504,-29.32496317,Afrotropical,2,1.40E-05,0.00071537,1.687619584,-0.925258372,-0.232431751,2,-0.89772142,-0.160628107,3.960120262,0.295011412
Bubulcus ibis,Ardeidae,63.3,43.5,8.6,11.5,76.8,244.4,73,29.9,90.9,366,Human Modified,Carnivore,Omnivore,Terrestrial,NA,NA,3.413053125,-0.828319799,LC,7083,7.94E+13,-79.53558645,11.84440921,Panamanian,1,0,0.000561913,1.051558599,-1.528521359,-1.205047828,1,-1.6104247,-1.171256783,20.30102403,0.053543839
Buccanodon duchaillui,Lybiidae,21.9,11.7,7.3,7.4,21.5,79,13.2,16.4,42.8,41.8,Forest,Herbivore,Frugivore,Insessorial,NA,13.1,0.761620623,-1.522153231,LC,339,4.16E+12,19.61274474,0.63553387,Afrotropical,16,0.002622781,0.000929107,9.309538487,0.729703475,0.457846999,5,0.470409949,1.06192823,21.10144528,0.049187643
Buceros bicornis,Bucerotidae,355.5,271,56.9,64.7,74.5,509.4,133.7,25.7,421.4,2790.8,Forest,Omnivore,Frugivore,Insessorial,NA,58.9,4.984691294,-1.658777268,VU,361,4.24E+12,98.57923441,15.70417638,Oriental,18,0.000624182,0.000883868,27.79028555,0.305718455,0.606143109,6,0.396630875,0.673219961,14.47351349,0.077194781
Buceros rhinoceros,Bucerotidae,245.4,215.3,53.6,108.4,70.5,458.5,97.2,21.7,365.6,2371.6,Forest,Herbivore,Frugivore,Insessorial,NA,57.2,2.578383352,-2.327949758,VU,184,2.26E+12,103.3086726,-0.52032847,Oriental,13,0.000200121,0.000786943,8.819628346,-0.324005237,0.113338031,1,-0.246896168,0.152158259,13.75932086,0.082492705
Buthraupis montana,Thraupidae,22.1,12,7.6,9.8,32.4,128.7,28,21.7,90.4,87.1,Forest,Omnivore,Invertivore,Insessorial,NA,10.5,4.82065114,-1.278460929,LC,75,9.11E+11,-74.57902134,-4.448292551,Neotropical,19,0.000281381,0.000837417,40.24952644,0.136344763,0.37976551,4,0.266294189,0.309052976,6.33922083,0.171821572
Bycanistes brevis,Bucerotidae,149.1,112.7,39.2,92.5,52.6,355,87.9,24.7,293.3,1232.8,Forest,Herbivore,Frugivore,Insessorial,NA,43.3,0.101299075,-0.952867723,LC,122,1.48E+12,36.86528513,-4.771030828,Afrotropical,30,0.001984423,0.000907162,10.87778376,0.886019576,0.371736774,2,0.766706735,0.729091387,6.075603032,0.198365422
Bycanistes bucinator,Bucerotidae,113.7,95.9,29,64.8,49.4,277.5,65.1,23.6,232.2,639.4,Forest,Herbivore,Frugivore,Insessorial,NA,34.9,0.265258218,-0.866252048,LC,414,4.93E+12,30.54645683,-13.12658804,Afrotropical,29,0.000129822,0.000755145,5.265440361,-0.067321162,-0.1767115,9,0.041012979,-0.255624774,8.690379907,0.13264314
Bycanistes fistulator,Bucerotidae,91.1,71.3,26.8,42.1,39.1,236.8,51.6,22.2,196.3,508.1,Forest,Herbivore,Frugivore,Insessorial,NA,32,1.153072825,-1.544867774,LC,331,4.06E+12,11.9617739,2.379325513,Afrotropical,1,0,0.000512765,1.03944472,-1.712239285,-1.519611263,1,-1.829066955,-1.499703461,7.885319372,0.180620424
Bycanistes subcylindricus,Bucerotidae,132.7,106.6,36.2,74.6,49.2,327.8,72,21.9,253,1195.4,Forest,Herbivore,Frugivore,Insessorial,NA,37.8,0.415138885,-1.302435439,LC,150,1.84E+12,27.00679023,2.347927348,Afrotropical,13,0.000166789,0.000764975,5.021647268,-0.42511524,-0.019760555,5,-0.359406277,0.017763096,5.985150294,0.210575365
Cacatua galerita,Cacatuidae,49.3,40.2,22.4,44.3,28.5,347.3,93.2,25.9,198.4,720.4,Forest,Herbivore,Omnivore,Insessorial,NA,NA,4.990040085,-1.017646945,LC,526,5.94E+12,142.0953091,-22.01442702,Australian,1,0,0.000333431,1.033253876,-2.38246719,-2.667401923,1,-2.626708797,-2.698276331,5.93064581,0.184613037
Cacicus cela,Icteridae,33.7,24,7.9,11.8,29.8,145.3,39.5,27.2,97.8,85.5,Forest,Omnivore,Omnivore,Insessorial,23.9,12.1,1.77869419,-1.760533818,LC,843,1.03E+13,-62.45377935,-3.643157059,Neotropical,18,0.000154356,0.000843018,89.10876997,0.274562954,0.450784684,3,0.453940953,0.199502288,5.800202455,0.184485807
Cacicus chrysonotus,Icteridae,28.5,21,6.8,9.9,31.4,141.9,25.3,17.8,130.5,79.5,Forest,Omnivore,Invertivore,Insessorial,23.4,NA,3.417431029,-1.306717977,LC,65,7.90E+11,-76.38793639,-0.856906841,Neotropical,4,4.67E-06,0.000777182,12.75146261,-0.608388599,0.152525587,3,-0.524278511,0.190427802,4.82807723,0.218597045
Cacicus chrysopterus,Icteridae,24.4,15.8,5.2,7.4,25,99.8,17.8,17.8,85.5,36.2,Forest,Omnivore,Omnivore,Insessorial,19,7.9,0.637095013,-0.858159233,LC,203,2.24E+12,-54.60798473,-26.9539645,Neotropical,18,0.00043395,0.000909676,209.6801692,0.983980117,0.81472453,6,1.220362238,0.250397793,5.823939873,0.178841513
Cacicus haemorrhous,Icteridae,34,23.3,8.5,11.4,29.8,161.8,41.2,25,101.1,83.7,Forest,Carnivore,Invertivore,Insessorial,24,NA,2.317497021,-1.663570739,LC,778,9.34E+12,-62.41165085,-4.012951874,Neotropical,39,0.000646772,0.000957567,520.3219623,2.781180257,0.939767995,8,3.225823361,-0.71777934,3.564158256,0.313534735
Cacicus microrhynchus,Icteridae,29,18.4,6.2,8.4,26.5,124,24.9,20.3,84.6,80,Forest,Carnivore,Invertivore,Insessorial,NA,NA,NA,NA,LC,NA,NA,NA,NA,NA,1,0,0.000756037,6.515565487,-0.784511627,0.037419805,1,-0.725728332,0.108304419,4.255340986,0.305361943
Cacicus solitarius,Icteridae,32.1,24.5,7,11.3,29,118.1,13.3,11,110.4,79.8,Forest,Carnivore,Invertivore,Insessorial,NA,NA,1.740865171,-1.432955661,LC,829,9.88E+12,-57.76325449,-12.30890457,Neotropical,3,7.07E-06,0.000762552,11.64569958,-0.691404482,0.064742619,1,-0.621357795,0.10919572,8.300014767,0.125446219
Cacicus uropygialis,Icteridae,31.3,19.7,7.5,9.5,30.6,140.2,31.8,23,111.8,61.2,Forest,Omnivore,Invertivore,Insessorial,20.4,NA,6.584874865,-1.82159006,LC,102,1.24E+12,-78.4712073,4.212013433,Neotropical,5,4.23E-07,0.000774782,36.70053051,-0.511894812,0.131788948,2,-0.413909687,0.083070658,5.646498587,0.191168904
Callipepla californica,Odontophoridae,14.1,7.2,5.6,6.8,28.5,108.2,28.3,26.2,82.2,165.7,Shrubland,Herbivore,Omnivore,Terrestrial,NA,NA,0.330884831,-0.023737155,LC,328,3.16E+12,-118.1854317,40.69698141,Nearctic,17,8.82E-06,0.000728331,10.72228952,-0.471662575,-0.244256951,1,-0.389370539,-0.29753126,4.947777199,0.215451504
Caloramphus fuliginosus,Megalaimidae,25.1,17.4,7.8,11.7,20.2,78.2,15.4,19.7,45.2,42.6,Forest,Herbivore,Frugivore,Insessorial,NA,NA,2.39606991,-2.391490067,LC,149,1.83E+12,114.4185862,0.834884279,Oriental,21,0.001028263,0.000906499,29.89944598,0.546874077,0.640699161,1,0.588604798,0.77878091,NA,NA
Calyptomena viridis,Calyptomenidae,16.6,8.7,6,6,21.4,97.8,16.5,16.7,51.6,58.5,Forest,Herbivore,Frugivore,Insessorial,14.1,16.1,3.050976515,-2.381471033,NT,197,2.42E+12,100.873173,3.184031319,Oriental,20,0.001147819,0.00090499,28.7377036,0.534257372,0.610483893,1,0.549667118,0.785430256,15.75737861,0.067477095
Camarhynchus pallidus,Thraupidae,17.1,11.2,5.2,7.4,22.6,69,10.2,14.8,40.2,23.1,Shrubland,Carnivore,Invertivore,Insessorial,16.4,NA,0.023757725,-0.698788949,VU,7,86153823543,-90.5,-0.597728843,Neotropical,7,7.26E-05,0.000795378,10.90097562,-0.459070916,0.234472875,3,-0.367462307,0.2793083,0.5823215,2.031266744
Camarhynchus parvulus,Thraupidae,11.2,7,4.3,6.5,19.3,61.3,9.1,15.3,36.7,13.2,Woodland,Omnivore,Invertivore,Insessorial,13.6,NA,0.023757725,-0.698788949,LC,7,86153823543,-90.5,-0.597728843,Neotropical,19,0.000187549,0.000845555,19.6673358,0.079701524,0.452948053,3,0.222267235,0.43080859,0.35405061,3.327554788
Camarhynchus psittacula,Thraupidae,14.6,9.1,5.7,9.7,21.5,68.7,10.7,15.9,41.1,18.7,Forest,Carnivore,Invertivore,Insessorial,15.5,NA,0.023757725,-0.698788949,NA,7,86153823543,-90.5,-0.597728843,Neotropical,8,1.55E-05,0.000679594,2.899308278,-0.904388408,-0.500124643,3,-0.885920016,-0.481286143,0.539351752,2.151861442
Camaroptera brachyura,Cisticolidae,14.4,8.2,3,2.9,21.4,52.8,4.2,7.8,40.6,9.7,Forest,Carnivore,Invertivore,Insessorial,10.4,NA,0.429513338,-1.027641832,LC,1494,1.80E+13,20.68473322,-1.238112945,Afrotropical,1,0,0.000694796,1.397978074,-1.030735688,-0.354555204,1,-1.018054495,-0.284255238,7.763240834,0.144970267
Campephaga flava,Campephagidae,19,9.8,6.1,5.4,19.7,98.8,22.2,22.5,85.4,32.3,Shrubland,Carnivore,Invertivore,Insessorial,NA,NA,0.309930154,-0.820058392,LC,565,6.72E+12,28.61862796,-12.62626198,Afrotropical,1,0,0.00066325,1.219655887,-1.1492353,-0.556461516,1,-1.159057046,-0.494513985,6.602843687,0.176154739
Campephaga phoenicea,Campephagidae,18.6,11,6.4,5.5,19.7,97.5,21.5,22,85.5,27.1,Woodland,Carnivore,Invertivore,Insessorial,NA,NA,0.536863019,-1.197635378,LC,477,5.80E+12,15.57508357,8.423423048,Afrotropical,1,0,0.000674451,1.305128875,-1.107084219,-0.484770082,4,-1.108904567,-0.419929408,9.355023444,0.12471746
Camptostoma obsoletum,Tyrannidae,9.8,5.8,3.2,3.1,13.9,52.3,8.7,16.5,40.9,8.1,Shrubland,Carnivore,Invertivore,Insessorial,8.9,NA,2.597460447,-1.430544757,LC,1337,1.59E+13,-58.93942709,-10.42610325,Neotropical,20,0.004027704,0.001020774,284.6551432,2.364568671,0.702983809,8,2.062113594,0.721679083,8.025746113,0.130109072
Campylorhynchus brunneicapillus,Troglodytidae,26.1,16.4,4,5.7,26.2,83.2,11.3,13.7,86.4,38.9,Shrubland,Carnivore,Invertivore,Insessorial,19,NA,0.413183252,-0.185864424,LC,244,2.63E+12,-107.1338971,29.2917002,Nearctic,8,6.48E-05,0.000880508,21.81428473,-0.080311815,0.774705559,1,0.081400174,0.799627716,10.8091065,0.094336526
Campylorhynchus rufinucha,Troglodytidae,23.7,14.6,4.3,5.4,21.9,68,8.2,12.1,72,31,Shrubland,Carnivore,Invertivore,Insessorial,17.2,NA,0.432923549,-1.395320933,LC,51,6.06E+11,-93.19197436,15.30071753,Panamanian,1,0,0.000550692,1.088417468,-1.570330829,-1.276864326,1,-1.660187519,-1.246372703,5.11855552,0.200687842
Capito auratus,Capitonidae,26.2,16,7,10.4,22.6,84.3,15.5,18.4,54,57.4,Forest,Herbivore,Frugivore,Insessorial,NA,15.2,2.757566871,-2.000095972,LC,302,3.69E+12,-68.86439794,-3.48276905,Neotropical,10,0.000111567,0.000850447,96.24108856,0.118391721,0.559188369,1,0.293189666,0.329259849,4.686170087,0.240817178
Capito niger,Capitonidae,24,16.6,7.3,9.3,22.2,80.2,15.3,19.3,47.8,57.4,Forest,Herbivore,Frugivore,Insessorial,NA,15.2,0.307430078,-1.949074591,LC,114,1.40E+12,-56.69595442,2.181177722,Neotropical,21,8.33E-05,0.000824273,61.29580818,0.172211696,0.327564256,1,0.345262321,0.126457063,4.375231623,0.260109755
Capsiempis flaveola,Tyrannidae,10.8,6.3,4,3.1,16,49,6.1,12.9,48.5,7.7,Forest,Carnivore,Invertivore,Insessorial,8.5,NA,2.599978079,-1.618712856,LC,616,7.41E+12,-66.6762718,4.147632678,Neotropical,1,0,0.000789869,20.30327771,-0.611318324,0.253995216,1,-0.521513897,0.289298808,11.91603363,0.09847003
Cardinalis cardinalis,Cardinalidae,17.6,14.7,9.3,12.3,24.5,93.5,14.2,15.5,101.8,42.6,Shrubland,Herbivore,Omnivore,Insessorial,16.6,NA,0.432733707,-0.157813565,LC,754,7.67E+12,-92.58530366,34.99332668,Nearctic,20,0.001755753,0.000880073,23.34455834,0.534680562,0.313933253,8,0.417823911,0.636546799,7.245926067,0.141341031
Carduelis carduelis,Fringillidae,15.4,11.2,5.5,7.2,14.7,77.4,25.8,33.4,48.6,16,Woodland,Herbivore,Granivore,Insessorial,13.5,NA,0.960776558,0.47366119,LC,2845,2.41E+13,44.92004656,48.96955172,Palearctic,2,0,0.000607861,1.172042723,-1.331364852,-0.917365621,2,-1.377894898,-0.877485394,6.306393968,0.186316221
Carduelis chloris,Fringillidae,14.4,11,7.6,8.8,17.3,85.3,27.8,32.5,55.7,26,Woodland,Herbivore,Granivore,Generalist,NA,NA,0.376056909,0.309725964,LC,1872,1.53E+13,23.48966733,52.07570639,Palearctic,12,0.000156918,0.000764861,9.10242413,-0.438551466,-0.011856776,5,-0.371708441,0.016573806,6.438439128,0.166319322
Carduelis citrinella,Fringillidae,10.8,7.2,4.5,5.4,14.7,77.4,23.5,30.3,53.3,12,Forest,Herbivore,Granivore,Generalist,12.1,NA,0.556026552,0.079568873,LC,50,4.39E+11,10.09204873,46.17293356,Palearctic,1,0,0.000668599,1.730125642,-1.127513379,-0.522223878,3,-1.133276138,-0.46043319,6.934765127,0.155088219
Carduelis lawrencei,Fringillidae,10.2,6.4,4.2,5.6,13.1,65,18.9,29,47.5,10.9,Forest,Herbivore,Granivore,Terrestrial,NA,NA,0.462339864,-0.010364465,LC,89,9.09E+11,-115.3753756,34.31426853,Nearctic,2,0,0.000663181,2.354645065,-1.120611307,-0.563295586,1,-1.127239016,-0.511617889,2.866012777,0.377217737
Carduelis magellanica,Fringillidae,12,8.8,4.6,6.5,13.9,69.5,18.5,27.2,44.4,13.6,Shrubland,Herbivore,Granivore,Insessorial,NA,NA,1.10533914,-0.858874974,LC,643,7.30E+12,-57.89528897,-22.30686763,Neotropical,3,9.29E-07,0.00077101,19.95886098,-0.632733071,0.120283486,2,-0.5513373,0.138517401,1.023573671,1.126430505
Carduelis olivacea,Fringillidae,11.6,8,4.8,6.1,14.2,63,18.6,29.4,39,13.6,Forest,Herbivore,Granivore,Insessorial,NA,NA,2.784944896,-1.31477911,LC,48,5.81E+11,-73.64969403,-9.786600306,Neotropical,1,0,0.000692373,4.028157335,-1.030872226,-0.37005652,1,-1.018580214,-0.309058811,1.562846294,0.756681584
Carduelis pinus,Fringillidae,14,9,4.3,5.5,13.9,72.4,25.6,35.2,48.3,12.7,Forest,Herbivore,Granivore,Insessorial,NA,NA,1.612834688,0.457610238,LC,1902,1.62E+13,-104.6295949,48.65881614,Nearctic,6,0,0.000648551,3.877258935,-1.069998126,-0.682522123,1,-1.075577537,-0.666106468,4.358802473,0.245240858
Carduelis psaltria,Fringillidae,10.2,7.8,4.7,6.3,12.4,60.9,16.2,26,40.4,8.8,Shrubland,Herbivore,Granivore,Insessorial,NA,NA,0.746662755,-0.324805285,LC,550,5.90E+12,-109.5618361,32.91112536,Nearctic,12,0.000659623,0.000903139,30.11011513,0.241934513,0.759887475,2,0.325186838,0.872009238,3.022892226,0.347573874
Carduelis xanthogastra,Fringillidae,10.5,7.8,4.3,5.8,13.5,65.2,18.9,29.1,40.5,12.7,Forest,Herbivore,Granivore,Insessorial,NA,NA,5.618055814,-1.557064746,LC,55,6.67E+11,-72.18912935,7.080183552,Neotropical,1,0,0.000626857,1.533652938,-1.284176807,-0.789383859,1,-1.319695196,-0.738774347,1.517064407,0.826396611
Carpodacus cassinii,Fringillidae,14,10.3,7.4,8.9,17.5,90.2,25.6,28.8,61.5,26.5,Forest,Herbivore,Granivore,Insessorial,NA,NA,0.675395875,0.32551479,LC,371,3.55E+12,-112.6860754,39.95685684,Nearctic,2,0,0.000663181,2.354645065,-1.120611307,-0.563295586,1,-1.127239016,-0.511617889,6.619299237,0.18192147
Carpodacus mexicanus,Fringillidae,10.6,8.4,6.6,8.2,17.4,77.2,21.2,27.5,66.2,21.4,Shrubland,Herbivore,Granivore,Insessorial,NA,NA,0.758337186,0.051150364,LC,972,9.56E+12,-110.4368688,36.53460745,Nearctic,13,0.001199296,0.000842241,14.26041448,0.084904633,0.242009008,3,0.020254962,0.503936176,8.839200825,0.128137177
Carpodacus purpureus,Fringillidae,12.2,9.1,7.5,9,16.6,81.1,22.8,28.1,59.5,23.3,Forest,Herbivore,Omnivore,Insessorial,NA,NA,1.042762384,0.428411052,LC,1154,9.86E+12,-99.24656399,47.74824279,Nearctic,21,0.000155333,0.000819358,23.72320071,0.039688017,0.279756155,2,0.176957852,0.216581528,6.016012995,0.224162515
Carpornis cucullata,Cotingidae,18.3,9.2,5.6,6.8,23.3,113.6,22.4,19.8,101.8,74.2,Forest,Herbivore,Frugivore,Insessorial,NA,12.8,0.385341793,-0.991552133,NT,47,5.23E+11,-47.58096403,-25.4750691,Neotropical,29,0.000204709,0.000869421,204.464949,1.049026964,0.538361242,5,1.325682314,-0.143825014,13.49401931,0.081815951
Carpornis melanocephala,Cotingidae,19,9.3,5.5,6.9,21.6,109.5,23,21.1,91.8,64.2,Forest,Herbivore,Frugivore,Insessorial,NA,14.5,0.323170193,-1.127532627,VU,29,3.34E+11,-45.51302625,-23.63188047,Neotropical,16,1.85E-05,0.000816158,66.24519006,0.021587727,0.322242312,2,0.189963429,0.120673529,13.49401931,0.081815951
Caryothraustes poliogaster,Cardinalidae,18.3,12.2,8.3,10.5,21.5,92.9,15.9,17.1,73.8,41.8,Forest,Herbivore,Frugivore,Insessorial,14.5,12.2,1.603681489,-1.720625321,LC,54,6.41E+11,-88.3426388,15.18954771,Panamanian,1,0,0.000756037,6.515565487,-0.784511627,0.037419805,1,-0.725728332,0.108304419,8.557959349,0.119253142
Casiornis rufus,Tyrannidae,18.6,11.3,5.8,5.1,20.5,84.9,13.1,15.4,81.8,24.8,Woodland,Carnivore,Invertivore,Insessorial,NA,NA,0.783038937,-1.299083571,LC,532,6.30E+12,-57.05350934,-15.00104589,Neotropical,2,7.15E-07,0.000779811,18.20062266,-0.630875275,0.183053961,2,-0.546745791,0.216024782,3.924241656,0.267521855
Catharus aurantiirostris,Turdidae,16.9,9.6,4.2,4.6,30.4,76.8,12.5,16.4,60.5,29.8,Forest,Omnivore,Invertivore,Generalist,NA,NA,0.870333156,-1.184728596,LC,146,1.72E+12,-99.59303335,19.97894431,Nearctic,1,0,0.000776268,11.3361356,-0.692558154,0.166916426,1,-0.616959606,0.227741095,8.161266519,0.128066179
Catharus dryas,Turdidae,19.5,9.5,5,4.5,35.3,90,19,20.8,76,37.7,Forest,Omnivore,Invertivore,Generalist,NA,NA,1.886211943,-1.260500106,LC,117,1.41E+12,-72.64517594,-7.726372858,Neotropical,1,0,0.000766209,8.871212668,-0.738506594,0.102533733,1,-0.671302748,0.168583544,7.788079574,0.133854437
Catharus fuscescens,Turdidae,17.6,10,4.4,4.2,29.2,97,27.7,28.5,69.3,31.9,Forest,Carnivore,Invertivore,Terrestrial,16.8,NA,6.417970349,-0.55462217,LC,1866,1.94E+13,-94.23991354,43.56933645,Nearctic,25,0.000928499,0.000885765,93.16860975,0.765712898,0.50507365,11,0.853786414,0.381405817,2.499746806,0.423561088
Catharus gracilirostris,Turdidae,14.8,8.5,3.3,3.5,31.1,75.9,12.2,16,63.6,21,Forest,Omnivore,Invertivore,Insessorial,NA,8.2,0.307687239,-2.180812853,LC,7,85031064651,-83.21572693,9.404915515,Panamanian,2,7.16E-07,0.000627543,1.896539752,-1.255220085,-0.791553409,1,-1.287531373,-0.748309318,7.07372897,0.14819993
Catharus guttatus,Turdidae,18.8,9.2,3.4,3.7,28.9,89,24,26.9,67.7,30.1,Forest,Omnivore,Invertivore,Generalist,17.6,NA,2.266895621,0.463119116,LC,2137,1.82E+13,-106.279849,49.10378376,Nearctic,57,0.000279648,0.000823473,42.55508663,1.042926199,0.047777711,6,1.265832076,-0.283061565,5.060435672,0.205006055
Catharus minimus,Turdidae,16.4,9.2,4.5,4,30,100.8,30.7,30.8,69.2,31.6,Forest,Carnivore,Invertivore,Terrestrial,19.2,NA,4.366640072,0.342107353,LC,2657,2.19E+13,-111.361808,56.72270956,Nearctic,38,0.001217306,0.000909676,82.26958524,1.196650162,0.509791692,12,1.277745119,0.408789843,2.482129752,0.425132213
Catharus ustulatus,Turdidae,16.6,9.5,4.4,4.1,29.6,96.8,29.7,30.6,67.1,30.3,Forest,Omnivore,Invertivore,Insessorial,16.5,NA,3.408654992,0.244265004,LC,2611,2.31E+13,-104.2228898,46.998604,Nearctic,182,0.022418642,0.001185249,678.6724478,11.75356503,-3.425999122,37,8.816665883,-1.563423204,9.852832025,0.105317692
Celeus castaneus,Picidae,26.7,19.3,7.9,8,23.1,125.6,29.8,24,82.2,85.6,Forest,Carnivore,Invertivore,Insessorial,NA,NA,1.425509969,-1.593387025,LC,68,8.04E+11,-88.76571443,16.25368454,Panamanian,1,0,0.000756037,6.515565487,-0.784511627,0.037419805,1,-0.725728332,0.108304419,5.388792148,0.266896541
Celeus elegans,Picidae,33,23.5,8.9,8.4,23.7,161.3,28.8,17.8,99.9,135,Forest,Carnivore,Invertivore,Insessorial,NA,NA,1.837549948,-1.891563022,LC,599,7.32E+12,-62.4382243,-3.63176027,Neotropical,12,2.70E-05,0.000793184,26.89569627,-0.296262314,0.198759087,3,-0.176384704,0.14763719,1.472257827,0.739839437
Celeus flavescens,Picidae,34.8,26,9.3,8.9,26,150.6,24.9,16.2,96.6,139,Forest,Carnivore,Invertivore,Insessorial,NA,NA,0.484684501,-1.163303854,LC,372,4.39E+12,-46.04100035,-16.24200797,Neotropical,20,0.000544312,0.000913105,252.5898895,1.212669716,0.799113407,11,1.458258736,0.10701268,2.845043388,0.378113027
Celeus flavus,Picidae,28.5,22.5,8.3,8.9,25.8,140.2,26.4,18.7,91,147.3,Forest,Carnivore,Invertivore,Insessorial,NA,NA,1.655348573,-1.850106311,LC,609,7.42E+12,-61.73714609,-4.111459783,Neotropical,9,2.80E-05,0.000792041,36.23747014,-0.343770189,0.210445205,2,-0.22815508,0.148215234,4.5798748,0.253797497
Celeus grammicus,Picidae,NA,NA,NA,NA,NA,NA,NA,NA,NA,NA,NA,NA,NA,NA,NA,11.1,2.203780973,-1.951322086,NA,383,4.68E+12,-65.84906355,-4.788704392,Neotropical,4,5.97E-06,0.00077101,18.88047626,-0.610430664,0.112744954,1,-0.527841216,0.129116103,3.784777183,0.286952223
Centropus monachus,Cuculidae,34.3,19.9,8.6,13.7,45.3,180.7,19.1,10.6,213.5,201.3,Wetland,Carnivore,Omnivore,Terrestrial,NA,NA,0.442594685,-1.291506826,LC,354,4.33E+12,34.12544842,6.088413949,Afrotropical,2,6.26E-05,0.000846812,4.881211162,-0.414269007,0.597905922,1,-0.30065927,0.707429385,10.03512909,0.103515692
Centropus senegalensis,Cuculidae,30,16.4,6.9,11.8,39.6,165.8,21.8,13,204.2,169,Shrubland,Carnivore,Vertivore,Terrestrial,NA,NA,0.484199294,-1.104851493,LC,981,1.19E+13,14.34141898,7.130305355,Afrotropical,1,0,0.000665764,1.226602847,-1.139814322,-0.540367555,1,-1.147846037,-0.477730445,12.27831964,0.085229229
Cephalopterus ornatus,Cotingidae,57.2,36.8,19.7,18.9,47.2,259.6,40.4,15.4,160.2,380,Forest,Omnivore,Omnivore,Insessorial,33.1,29.3,2.079563341,-1.860089581,LC,505,6.16E+12,-64.88644929,-5.385918926,Neotropical,1,0,0.000587862,1.230644882,-1.43093757,-1.03896621,1,-1.494314313,-0.998410872,2.841940499,0.40877099
Ceratogymna elata,Bucerotidae,176.8,135.8,43.1,45.5,53.5,381.9,71.8,19.5,304.8,1917,Forest,Herbivore,Frugivore,Insessorial,NA,48.8,4.220674526,-1.817078082,VU,82,1.00E+12,-6.809405317,6.909650752,Afrotropical,3,1.93E-07,0.000675822,1.379317143,-1.051608337,-0.488831602,1,-1.047116575,-0.436866747,12.72426051,0.083475727
Certhidea olivacea,Thraupidae,12.4,7.9,3,3.5,19.7,50.5,8,15.5,37,8,Shrubland,Carnivore,Invertivore,Insessorial,NA,NA,0.025001279,-0.723192345,LC,9,1.11E+11,-90.5,-0.311996915,Neotropical,7,1.22E-05,0.000794007,10.73465054,-0.475866893,0.239305342,3,-0.374210911,0.270685613,3.869423359,0.274268495
Cettia diphone,Scotocercidae,16.6,8.3,3.4,4,25,60.6,8.5,14.3,59.8,13.3,Shrubland,Carnivore,Invertivore,Generalist,NA,NA,0.619549939,0.020331711,LC,347,3.36E+12,132.7928043,42.45963057,Palearctic,7,0.001333237,0.000765684,2.77341641,-0.365707243,-0.239817644,3,-0.531212781,0.107442504,4.86741507,0.230728376
Chalcophaps indica,Columbidae,20.9,11.3,3.1,4.2,25.8,143.9,40,28.7,83.9,136.5,Forest,Herbivore,Omnivore,Generalist,NA,NA,4.28831553,-1.699618569,LC,963,1.14E+13,108.8945654,9.028536476,Oriental,16,0.00256005,0.000883159,20.43979367,0.584191034,0.177940794,4,0.309430872,0.718402992,19.67457315,0.051576427
Chamaea fasciata,Sylviidae,12.8,6.7,3,3.8,24.9,58,6.8,11.8,83.4,14.7,Shrubland,Omnivore,Invertivore,Insessorial,13.7,NA,0.14049135,-0.187703309,LC,55,5.35E+11,-120.8848781,38.33838846,Nearctic,12,0.000270528,0.000881651,21.40065029,0.060519214,0.710054821,1,0.195668587,0.756897565,6.383771377,0.198075669
Chamaepetes goudotii,Cracidae,36.6,16.6,8.8,10.6,67.3,253.4,25.4,9.9,247.2,727.7,Forest,Herbivore,Frugivore,Insessorial,NA,17.5,6.74839429,-1.650499086,LC,58,7.11E+11,-76.94416974,-0.793286574,Neotropical,28,0.000406731,0.000909996,128.8616624,0.956421279,0.758698863,3,1.183775724,0.387743419,10.25027746,0.105115538
Chamaepetes unicolor,Cracidae,37.8,17.3,8.9,10.8,65.5,290.4,43,15,259.2,1135,Forest,Herbivore,Frugivore,Insessorial,NA,20.4,0.631315861,-2.117941425,LC,9,1.09E+11,-83.16941005,9.468990729,Panamanian,29,0.000265165,0.000899847,81.88639328,0.758182697,0.719123637,2,0.983239287,0.460723879,10.25027746,0.105115538
Chiroxiphia boliviana,Pipridae,11.9,6,3.7,4,18.3,68,11.4,16.8,45.6,17.1,Forest,Omnivore,Frugivore,Insessorial,NA,6.8,2.687458766,-1.149025601,LC,23,2.72E+11,-66.562859,-16.39440194,Neotropical,15,0.000144403,0.000823358,41.95083107,-0.03574943,0.346265609,5,0.099599923,0.261245502,3.251976655,0.36712349
Chiroxiphia caudata,Pipridae,13.8,7.3,4,4.6,19.8,75.9,13.4,17.6,57.8,25.6,Forest,Omnivore,Omnivore,Insessorial,NA,9.8,0.190692744,-1.040367305,LC,167,1.89E+12,-49.55003572,-23.56808164,Neotropical,120,0.002919004,0.001007744,831.9739175,6.471071612,0.231249608,16,6.907344119,-2.449831806,3.394918792,0.328712479
Chiroxiphia linearis,Pipridae,11.7,6.4,4.2,4.5,17.5,68.9,6.8,9.6,118.2,17.4,Woodland,Herbivore,Frugivore,Insessorial,11.4,9.7,0.362802074,-1.578877914,LC,26,3.11E+11,-88.5279059,13.33323374,Panamanian,38,2.77E-05,0.000777708,38.21360992,0.335220295,-0.066766182,1,0.519077141,-0.329041331,4.72697426,0.244800442
Chiroxiphia pareola,Pipridae,11.4,6.5,4.4,4.9,17.8,69.4,8.2,12.2,34.4,16.8,Forest,Omnivore,Frugivore,Insessorial,NA,10.5,1.538107738,-1.800312566,LC,517,6.31E+12,-60.45981875,-4.083025403,Neotropical,32,0.00084689,0.000895618,95.84313742,0.971811186,0.541750475,5,1.101926243,0.347986734,3.273589609,0.342189808
Chlorochrysa calliparaea,Thraupidae,14.6,8.6,3.9,4.6,18.8,70.9,18.5,26,43.9,17,Forest,Herbivore,Frugivore,Insessorial,NA,6.8,0.455877249,-1.475042025,LC,2,24322945724,-74.5,-9.312247737,Neotropical,25,0.000459199,0.000938937,138.9237984,1.033255837,0.951319957,6,1.268613568,0.587027946,5.086988017,0.206020537
Chlorochrysa nitidissima,Thraupidae,12.2,8.2,3.9,4.5,18.1,66.9,16.2,24,43.6,18.6,Forest,Carnivore,Invertivore,Insessorial,NA,NA,11.68893374,-2.31180323,NT,10,1.23E+11,-75.89861231,4.892484851,Panamanian,13,0.000131026,0.000885537,103.5747137,0.353071149,0.760210705,4,0.560938037,0.500988874,5.086988017,0.206020537
Chlorocichla flavicollis,Pycnonotidae,22.8,11.4,4.6,5.8,23.7,107.6,15.9,15.1,102.4,48.7,Shrubland,Herbivore,Frugivore,Insessorial,NA,10.8,0.47175141,-1.247475237,LC,658,8.02E+12,15.51243364,-0.26784765,Afrotropical,5,0.001357001,0.000897561,5.832370552,0.091826523,0.611684036,2,0.011857864,1.004705145,9.608032857,0.125538406
Chlorocichla flaviventris,Pycnonotidae,21.6,12,4.9,6.1,24,101.3,12.9,12.7,96.4,39.4,Forest,Herbivore,Omnivore,Insessorial,NA,NA,0.148873444,-0.799046881,LC,425,5.06E+12,29.26058804,-13.84261788,Afrotropical,14,0.000583104,0.000810831,3.648840588,-0.156781814,0.173473893,1,-0.133103493,0.315810807,10.91191115,0.110138276
Chlorocichla laetissima,Pycnonotidae,22,10.5,4.8,5.2,21.6,105,15,14.3,100.6,50.2,Forest,Herbivore,Omnivore,Insessorial,NA,10.6,0.150857143,-1.090854178,LC,40,4.92E+11,31.02413986,-1.427310694,Afrotropical,22,0.004282135,0.000944423,14.27495098,1.259213418,0.143395032,5,0.724079232,1.070457456,8.295973173,0.137850808
Chloropeta natalensis,Acrocephalidae,14.6,7.8,4.9,3.4,20.7,61.5,8.4,13.8,60.8,11.7,Shrubland,Carnivore,Invertivore,Insessorial,NA,NA,0.233474863,-0.97284612,LC,477,5.74E+12,28.27388278,-9.624780891,Afrotropical,2,1.40E-05,0.00071537,1.687619584,-0.925258372,-0.232431751,2,-0.89772142,-0.160628107,6.207768734,0.170848998
Chlorophanes spiza,Thraupidae,15.9,11.4,4.5,4.6,18.9,68.3,16.7,24.7,48.2,19,Forest,Herbivore,Frugivore,Insessorial,12.3,7.9,2.428722901,-1.782270212,LC,833,1.01E+13,-65.65889523,-1.4185552,Neotropical,52,0.002010665,0.001029461,397.9244124,3.211102506,1.00889553,8,3.428609327,-0.004772385,8.068171748,0.130421251
Chlorophonia callophrys,Fringillidae,13.3,6.4,4.6,5.7,17.5,75.8,19,25.1,43.5,25.8,Forest,Herbivore,Frugivore,Insessorial,NA,8,0.631315861,-2.117941425,LC,9,1.09E+11,-83.16941005,9.468990729,Panamanian,15,6.72E-05,0.000787309,22.66872973,-0.250069018,0.132895361,2,-0.135891925,0.083413869,6.732995907,0.195520656
Chlorophonia cyanea,Fringillidae,10.9,7.3,4.3,4.1,14.7,62.3,16.6,26.7,35,14,Forest,Herbivore,Frugivore,Insessorial,12.2,6.4,3.305622699,-1.419376003,LC,293,3.45E+12,-48.89095495,-23.68313896,Neotropical,32,0.000850052,0.000948858,186.6857822,1.479416891,0.882045487,15,1.692793646,0.406498427,5.817010553,0.228078406
Chlorophonia pyrrhophrys,Fringillidae,10.7,5.3,4.3,4.4,16.8,67,16,23.9,41,17,Forest,Herbivore,Frugivore,Insessorial,NA,6.9,6.481574974,-1.532766418,LC,42,5.14E+11,-77.46266795,-3.410086881,Neotropical,3,6.27E-07,0.000802739,14.1425396,-0.533933907,0.323411511,1,-0.432886409,0.369618565,6.763317909,0.192450021
Chloropsis aurifrons,Chloropseidae,23.7,14.9,4,5,19.8,94.4,18.7,20,69.8,32.3,Forest,Omnivore,Omnivore,Insessorial,NA,NA,4.852757004,-1.298337633,LC,402,4.64E+12,90.69385235,20.04324274,Oriental,12,0.000568256,0.000882039,25.07817165,0.129210549,0.645429328,5,0.211730713,0.747458571,15.67568924,0.077443472
Chloropsis cochinchinensis,Chloropseidae,20.8,12.3,4.6,5.4,17.9,80.2,14.2,17.4,63,24.5,Forest,Omnivore,Omnivore,Insessorial,NA,8.4,4.537649381,-1.933197515,EN,371,4.44E+12,103.5905905,10.11525933,Oriental,16,0.000317807,0.000752059,7.423618262,-0.362364014,-0.155660097,2,-0.324391214,-0.115213953,15.89537527,0.082690121
Chloropsis cyanopogon,Chloropseidae,18.7,12.8,4.2,5,18.9,81.9,14.9,17.8,63,22,Forest,Omnivore,Omnivore,Insessorial,9.3,9.1,2.130831767,-2.366593197,NT,179,2.20E+12,101.4871549,1.690538971,Oriental,14,0.000201485,0.00077469,9.23229367,-0.343114505,0.028211881,1,-0.272084741,0.05598443,15.89386946,0.084855255
Chloropsis hardwickii,Chloropseidae,24.7,14.9,4.6,5.4,17.6,93.6,18.1,19.5,71.4,32.3,Shrubland,Omnivore,Omnivore,Insessorial,NA,NA,4.372700554,-0.972210253,LC,301,3.40E+12,102.3551894,23.85767416,Oriental,8,0.000174953,0.000860071,23.84816565,-0.129535035,0.619087073,3,-0.001567333,0.656381736,16.12265595,0.08073046
Chloropsis sonnerati,Chloropseidae,24.7,16.6,5,6.4,21.2,100.6,21.1,21,71,45.8,Forest,Omnivore,Omnivore,Insessorial,11,NA,2.700049216,-2.339290658,EN,200,2.45E+12,107.6257937,0.858550824,Oriental,20,0.000973228,0.000906499,29.3255377,0.509772623,0.659503504,1,0.55866865,0.793590074,14.56865719,0.088468679
Chlorornis riefferii,Thraupidae,20.4,11.1,6.7,9.2,29.3,106.9,19.4,18.2,87.2,53,Forest,Omnivore,Frugivore,Insessorial,NA,NA,5.25206361,-1.308533318,LC,71,8.63E+11,-74.68223728,-5.101349178,Neotropical,24,8.88E-05,0.000730617,13.86369085,-0.262538544,-0.29243159,7,-0.173064468,-0.383050011,7.210005638,0.146322012
Chlorospingus canigularis,Passerellidae,14.5,7.7,4.1,5.1,18.9,69.2,13.9,19.8,55.6,18,Forest,Omnivore,Frugivore,Insessorial,NA,7.9,5.390311618,-1.533880744,LC,63,7.70E+11,-77.24758166,-5.574109112,Neotropical,30,0.000336071,0.000908168,168.1920513,1.1200241,0.750238443,6,1.384336647,0.220932866,9.080910203,0.118122574
Chlorospingus flavigularis,Passerellidae,16.5,9.3,5.1,6.1,21.3,79.3,14.1,17.8,61.6,25.6,Forest,Herbivore,Frugivore,Insessorial,NA,10.4,5.204490589,-1.573889456,LC,57,6.96E+11,-76.65005748,-4.932714414,Neotropical,27,0.000311069,0.000910225,154.1959074,1.000557327,0.78819853,7,1.255837274,0.319284451,7.974900375,0.132816151
Chlorospingus ophthalmicus,Thraupidae,14.7,8.2,4.8,5.5,21.4,67.3,10.3,15.6,63.8,20,Forest,Carnivore,Invertivore,Insessorial,NA,NA,1.92448528,-1.290757032,LC,165,1.97E+12,-71.91370045,-5.910808311,Neotropical,106,0.009249235,0.001083295,468.191384,6.333833359,-0.623801327,21,5.437683029,-0.573208046,6.196865413,0.176287858
Chlorospingus parvirostris,Passerellidae,16,8.8,5.1,5.7,22,71.5,11.8,16.6,58.9,24,Forest,Carnivore,Invertivore,Insessorial,NA,NA,3.577318022,-1.208469678,LC,35,4.25E+11,-77.7791209,-1.26243827,Neotropical,6,1.03E-05,0.00079947,33.63592181,-0.403180129,0.281176929,4,-0.288349334,0.245177248,8.008557574,0.133527827
Chlorospingus pileatus,Passerellidae,12.9,8.5,4.8,5.6,21.2,65,9.4,14.5,58.8,21,Forest,Omnivore,Omnivore,Insessorial,NA,8.8,0.307687239,-2.180812853,LC,7,85031064651,-83.21572693,9.404915515,Panamanian,2,0,0.000626857,1.684091541,-1.258635215,-0.79578177,1,-1.291409586,-0.752197517,7.100361647,0.151394236
Chrysocolaptes lucidus,Picidae,52.4,39.4,11.3,12,30,165.6,36.9,22.3,90.1,166,Woodland,Carnivore,Invertivore,Insessorial,NA,NA,4.262522841,-1.664667891,LC,454,5.35E+12,95.97130188,19.53817008,Oriental,2,1.65E-06,0.000697996,2.446323411,-0.989885338,-0.340839393,2,-0.972035061,-0.2792274,6.031691101,0.177229895
Chrysomus ruficapillus,Icteridae,19.9,12.7,5.1,7.4,25.8,89.6,17.6,19.7,66.4,32,Wetland,Omnivore,Granivore,Insessorial,20.4,NA,0.738972693,-1.022714814,LC,572,6.59E+12,-51.1808806,-19.63527086,Neotropical,1,0,0.000765889,7.399180592,-0.744694414,0.100481277,1,-0.678463627,0.171262444,3.600484114,0.290401837
Cicinnurus magnificus,Paradisaeidae,28,19.3,7.7,7.4,32,113.1,16.8,14.9,44.2,89.8,Forest,Omnivore,Omnivore,Insessorial,NA,NA,2.213426693,-2.254945028,LC,52,6.37E+11,145.3100779,-6.429375839,Oceanina,30,0.003199996,0.000754711,2.938747486,0.512966944,-0.878069294,3,0.057711821,-0.26384333,4.83568449,0.214300191
Cinnyricinclus leucogaster,Sturnidae,19,9,4.8,5,20.9,105.1,32,30.5,61,44,Forest,Herbivore,Frugivore,Insessorial,17.3,10.8,0.443763751,-0.983724477,LC,1271,1.53E+13,21.5701437,-2.493767376,Afrotropical,23,0.000300468,0.00076909,5.464732478,-0.133330095,-0.087544952,10,-0.062385778,-0.085493844,15.75408267,0.06472928
Cissopis leverianus,Thraupidae,19.8,12.1,7.7,9.4,25.9,106.3,13.8,13.1,129,76,Woodland,Omnivore,Omnivore,Insessorial,16.6,12.6,2.153151466,-1.633498422,LC,560,6.71E+12,-64.95733136,-5.004280268,Neotropical,7,5.33E-05,0.000805871,33.51333646,-0.346728044,0.30604337,4,-0.232659685,0.275427285,6.233612665,0.17834903
Claravis pretiosa,Columbidae,16.6,9.8,3.2,3.6,16.3,110.8,29.5,26.7,76.1,68.2,Forest,Herbivore,Granivore,Generalist,NA,NA,2.102503193,-1.569108004,LC,1253,1.51E+13,-61.00528562,-5.681572501,Neotropical,3,2.05E-05,0.000812729,36.26183943,-0.417939244,0.382933599,2,-0.302242353,0.363990057,17.99255063,0.062420607
Cleptornis marchei,Zosteropidae,18,9.3,3.6,4,25.1,72.3,10.7,14.8,60.4,20.2,Forest,Herbivore,Frugivore,Insessorial,NA,NA,0.000693138,-1.903379817,EN,2,23779401535,145.5,15.19047935,Oriental,9,0.000293379,0.000745887,3.53272888,-0.578338472,-0.144878671,3,-0.560902788,-0.053215507,4.508839116,0.28531053
Cnemotriccus fuscatus,Tyrannidae,13.8,9.8,5.4,4,18.3,66.7,9,14.1,62.6,13.6,Forest,Carnivore,Invertivore,Insessorial,NA,NA,1.924774126,-1.537434969,LC,1131,1.36E+13,-57.39373363,-8.624039036,Neotropical,7,0.000106254,0.000891137,131.79005,0.314936813,0.840110424,4,0.529625763,0.523658533,10.30032557,0.107081807
Coccothraustes coccothraustes,Fringillidae,23,16.6,12,15,21,102,33.6,32.9,57.2,56.6,Forest,Herbivore,Omnivore,Insessorial,20.1,NA,1.393704171,0.568497647,LC,2511,2.09E+13,55.7834523,49.69075585,Palearctic,13,5.76E-05,0.000774462,10.1878524,-0.392235597,0.065598039,30,-0.297076279,0.064259888,12.10599539,0.090135592
Coccothraustes vespertinus,Fringillidae,NA,NA,NA,NA,NA,NA,NA,NA,NA,NA,NA,NA,NA,NA,17.8,NA,0.803754166,0.42121952,NA,1269,1.13E+13,-100.3235408,45.02361496,Nearctic,14,5.83E-05,0.000796956,14.52832173,-0.268278877,0.203005259,1,-0.152414028,0.187462764,11.66778864,0.091801514
Coccyzus americanus,Cuculidae,29.2,20,7,8.2,24.5,143.4,62.4,43,146.3,64,Forest,Carnivore,Invertivore,Insessorial,NA,NA,4.463457096,-0.98773527,LC,2231,2.51E+13,-73.00006075,9.62551492,Neotropical,7,0.000212536,0.000880279,17.79187025,-0.092669324,0.74633211,1,0.037006226,0.824195808,8.297763076,0.123096987
Coccyzus melacoryphus,Cuculidae,25,17.9,6.2,7.7,24.5,116.3,32,27.5,139.2,49.7,Woodland,Carnivore,Invertivore,Insessorial,NA,NA,2.606294932,-1.456090844,LC,1295,1.54E+13,-58.15752215,-10.63198634,Neotropical,2,3.26E-07,0.000792635,10.03150952,-0.610722247,0.265197941,2,-0.521548101,0.328473858,13.78652694,0.073663555
Cochoa viridis,Turdidae,24.1,11,6.7,6,26.1,143.3,39.5,27.6,114,120,Forest,Omnivore,Frugivore,Insessorial,NA,15.7,5.295742064,-1.279621251,LC,189,2.17E+12,99.39352421,20.87998897,Oriental,1,0,0.000632435,1.276933983,-1.264202176,-0.753685292,1,-1.295887802,-0.700654741,6.181540133,0.192427109
Coereba flaveola,Thraupidae,13.2,9.9,3.6,3.9,16.9,54.6,11,19.2,34.1,10,Shrubland,Herbivore,Nectarivore,Insessorial,10.9,NA,2.189833863,-1.559871102,LC,1287,1.54E+13,-59.76684784,-6.698633413,Neotropical,95,0.007532873,0.001101812,903.9731168,7.289727931,-0.046730071,32,6.913871394,-1.733503897,9.206193414,0.114201518
Colaptes auratus,Picidae,38.4,27.6,8.2,7.9,28.4,151.8,37.5,24.8,105.3,131.5,Shrubland,Carnivore,Invertivore,Generalist,NA,NA,2.854114924,0.558436004,LC,2247,1.85E+13,-107.196309,51.64615312,Nearctic,31,0.000348236,0.000824844,28.66483854,0.362748614,0.207410641,6,0.497612473,0.107768131,6.463705233,0.164366272
Colaptes melanochloros,Picidae,30.6,22,8.4,7.9,22.9,134.2,17.5,13.3,94.6,127.3,Forest,Carnivore,Invertivore,Insessorial,NA,NA,1.088862384,-0.859013307,LC,705,7.97E+12,-53.91125594,-22.66350973,Neotropical,2,7.33E-05,0.000852413,38.55319834,-0.277181139,0.631428402,3,-0.1445079,0.634654967,3.525164052,0.297358207
Colaptes pitius,Picidae,42.4,32.8,9.4,8.3,28.6,151.5,37.8,25,110,159,Woodland,Carnivore,Invertivore,Terrestrial,NA,NA,1.564989304,-0.168775354,LC,76,7.06E+11,-72.20219842,-41.71502927,Neotropical,2,0.00021069,0.000734663,6.401771368,-0.800987004,-0.153277488,3,-0.793536033,-0.047107288,3.168280475,0.338703964
Colaptes rivolii,Picidae,33.5,24.9,9.1,8,24.8,131.1,27.3,20.9,103.6,102,Forest,Carnivore,Invertivore,Insessorial,NA,NA,3.003754856,-1.162039866,LC,89,1.08E+12,-73.94072406,-5.277572681,Neotropical,1,0,0.000816843,28.54653654,-0.482556055,0.426662478,1,-0.369411448,0.442604589,3.519347992,0.298546622
Colaptes rubiginosus,Picidae,27,18,7.1,7.4,22,123.7,30.1,24.1,76.3,55.8,Forest,Carnivore,Invertivore,Insessorial,NA,NA,3.087114421,-1.499575715,LC,358,4.30E+12,-68.08189471,4.513615061,Neotropical,18,0.000736578,0.000950024,117.3181305,0.877228201,1.004471787,6,1.039818389,0.822358073,2.672281656,0.396868675
Colius striatus,Coliidae,14.9,9.4,6.5,7.5,22.6,94.8,23.1,24.4,195,51.1,Shrubland,Herbivore,Frugivore,Insessorial,NA,11,0.521219676,-0.981388092,LC,821,9.84E+12,28.04756753,-5.082170013,Afrotropical,28,0.005867491,0.00095631,20.66681266,1.767133639,-0.176316228,16,0.968057501,1.05140034,32.5917224,0.033160969
Colonia colonus,Tyrannidae,12.4,6.2,5.3,3.4,15.1,80.8,15,18.9,159.7,18.3,Forest,Carnivore,Invertivore,Insessorial,10.2,NA,1.458604293,-1.448935957,LC,706,8.43E+12,-57.25819082,-12.03785519,Neotropical,1,0,0.000775468,15.319846,-0.682039146,0.16180682,1,-0.604991012,0.209355175,14.47182976,0.076896489
Colorhamphus parvirostris,Tyrannidae,11.5,6,3.4,2.8,17.5,61.3,11.1,18.2,53.2,10.6,Forest,Carnivore,Invertivore,Insessorial,NA,NA,8.067160504,-0.370669755,LC,101,8.87E+11,-72.40879168,-45.62841674,Neotropical,3,0,0.00062608,1.80359336,-1.236103189,-0.80715426,2,-1.266701408,-0.7707141,13.65197532,0.078191592
Columba arquatrix,Columbidae,27.9,12.8,4.3,5.9,28.3,225.4,84.3,37.1,131.7,400,Forest,Herbivore,Frugivore,Insessorial,NA,11.5,0.397966293,-0.705459742,LC,295,3.47E+12,32.84691769,-5.538970712,Afrotropical,22,0.001545423,0.000897561,11.14664031,0.570043164,0.46044732,4,0.503458336,0.767488353,10.37580647,0.121703523
Columba guinea,Columbidae,25,13.3,4.1,4.9,28.8,228.3,93.2,41,117.8,352,Shrubland,Herbivore,Granivore,Terrestrial,NA,NA,0.986922236,-0.818066531,LC,1078,1.28E+13,19.59955948,8.789969945,Afrotropical,5,0.000240405,0.000863957,9.062327861,-0.228206067,0.648356918,1,-0.125010889,0.769540693,6.048602232,0.200404478
Columba janthina,Columbidae,26.6,12.7,4.8,6,32.7,237.8,81.3,34.2,182,397,Forest,Herbivore,Granivore,Insessorial,NA,NA,1.318686013,-1.101947347,NT,20,2.13E+11,128.5059794,27.20156592,Oriental,4,1.76E-07,0.000647019,1.313063677,-1.134447956,-0.679574967,2,-1.147782416,-0.642088962,5.509640475,0.23866155
Columba leucomela,Columbidae,23.7,14.8,5.1,6.3,27.4,229.6,73.9,32.2,132.2,420,Forest,Herbivore,Omnivore,Insessorial,NA,10.6,1.15635053,-0.673446672,LC,61,6.62E+11,150.9704323,-30.22431038,Australian,8,0,0.000601986,1.388226859,-1.202398891,-0.99335632,3,-1.236986504,-0.995043284,5.520443735,0.228279986
Columba oenas,Columbidae,23.2,11.8,6.8,7.8,26.4,214.8,91.6,42.5,119.4,290.8,Woodland,Herbivore,Omnivore,Terrestrial,NA,NA,0.42500943,0.515843571,LC,1602,1.26E+13,31.25546213,52.55675941,Palearctic,1,0,0.000731463,1.999633487,-0.891663954,-0.119874585,1,-0.852627384,-0.041158345,5.651812591,0.215479534
Columba palumbus,Columbidae,27.8,13.1,8,7.8,31.5,246.4,101.4,41.2,153.2,490,Woodland,Herbivore,Omnivore,Terrestrial,NA,NA,0.824785438,0.424296365,LC,2060,1.65E+13,27.29595185,53.18452623,Palearctic,20,0.000453755,0.000895503,22.98000727,0.351603112,0.706226777,14,0.485031692,0.740869383,6.023691537,0.189466137
Columba pulchricollis,Columbidae,22.9,10.8,4.3,5.1,25.3,204.2,78.2,38,117.2,330,Forest,Herbivore,Frugivore,Insessorial,NA,11.8,6.922882829,-0.820944354,LC,104,1.16E+12,94.73142018,25.87466896,Oriental,1,0,0.000583949,1.068212202,-1.446109314,-1.064006331,1,-1.512347875,-1.024027187,5.895805034,0.196785664
Columbina talpacoti,Columbidae,14.2,8.3,3.1,3.6,16.4,86.8,17.7,19.9,65.8,46,Human Modified,Herbivore,Granivore,Terrestrial,NA,NA,2.199024559,-1.460027501,LC,1409,1.68E+13,-61.97013446,-7.212193758,Neotropical,3,1.18E-05,0.000849076,57.69821137,-0.211017055,0.617592462,3,-0.057032169,0.536757076,4.312593152,0.237368607
Conirostrum speciosum,Thraupidae,11.5,8.4,2.8,3.6,14.3,55.8,12.5,22.1,40.2,8.8,Forest,Carnivore,Invertivore,Insessorial,NA,NA,1.366775656,-1.389646044,LC,771,9.18E+12,-54.94183348,-13.80707275,Neotropical,14,6.88E-05,0.000850676,165.0745289,0.444920466,0.544898479,10,0.673292225,0.053776419,4.726368029,0.251209675
Conopophaga lineata,Conopophagidae,16.4,8.9,4.9,4,28.1,70,7.8,11,45.3,25.2,Forest,Carnivore,Invertivore,Insessorial,20,NA,0.184481281,-1.054202031,LC,207,2.38E+12,-48.67999086,-21.68487812,Neotropical,2,1.60E-05,0.000730891,11.72239031,-0.832860011,-0.133503582,1,-0.789574008,-0.0897308,10.1158977,0.116264001
Contopus virens,Tyrannidae,14.3,10,6.3,4,14.2,81,25.6,31,62.7,13.9,Forest,Carnivore,Invertivore,Insessorial,8.3,NA,7.232136976,-0.870226085,LC,1206,1.31E+13,-80.30257142,25.28403577,Nearctic,3,4.21E-06,0.000787926,33.7924123,-0.521999902,0.227851138,1,-0.422181562,0.206301351,4.47133023,0.267892021
Copsychus malabaricus,Muscicapidae,NA,NA,NA,NA,NA,NA,NA,NA,NA,NA,NA,NA,NA,NA,16.9,NA,4.264693868,-1.74659955,NA,582,6.89E+12,99.43853695,12.88335369,Oriental,5,0.000719568,0.000866152,12.06413954,-0.121681369,0.554383176,6,-0.103550348,0.774383224,4.405835684,0.234322779
Copsychus saularis,Muscicapidae,23.2,15,5.4,5.8,29.5,97.5,18.7,19.1,84,36,Woodland,Carnivore,Invertivore,Terrestrial,16.7,NA,4.588827067,-1.325132197,LC,1074,1.24E+13,99.46050601,18.09114821,Oriental,2,2.53E-05,0.000715712,2.262716556,-0.919945446,-0.232786262,1,-0.89395481,-0.160218603,2.156328637,0.484803413
Coracina boyeri,Campephagidae,22.7,12.8,7.7,8,22.3,126.9,34.8,27.4,91,66.4,Forest,Herbivore,Frugivore,Insessorial,13.6,15.3,4.637584418,-2.329947825,LC,104,1.27E+12,140.1640784,-5.206389601,Oceanina,2,3.30E-05,0.000461033,1.07565094,-1.874349415,-1.864540414,1,-2.03131057,-1.858503712,8.087080299,0.13449822
Coracina macei,Campephagidae,29.3,18.8,12.3,10.8,26.8,166.7,51.7,31,118.9,105,Forest,Carnivore,Invertivore,Insessorial,NA,NA,3.742062943,-1.167766113,LC,631,7.24E+12,93.20031345,21.2660351,Oriental,1,0,0.000752174,3.460107335,-0.809310796,0.012685073,1,-0.754820032,0.092484214,3.138041503,0.334513021
Coracina melas,Campephagidae,24.9,14.2,7.4,7.1,23.2,119,24.3,20.4,88.7,59.4,Forest,Carnivore,Invertivore,Insessorial,13.6,NA,4.611047645,-2.316639988,LC,106,1.30E+12,140.1044225,-5.245878847,Oceanina,1,0,0.000457833,1.037718955,-1.917536049,-1.871190735,1,-2.073391764,-1.866838577,7.145236145,0.205127972
Coracina melaschistos,Campephagidae,21.4,11.9,6.6,6,22.5,117.9,33,28,95.7,43,Forest,Carnivore,Invertivore,Insessorial,NA,NA,4.360855576,-0.775138565,NA,729,8.09E+12,100.6341089,25.60704058,Oriental,7,0.000337014,0.000794235,5.984391908,-0.431373837,0.167529766,4,-0.391709047,0.287760794,4.279590714,0.247348298
Coracina schisticeps,Campephagidae,22.4,13.5,6.8,6.8,21.7,111,30.9,27.6,77.5,52.8,Forest,Herbivore,Frugivore,Insessorial,NA,13,4.369937666,-2.41826762,LC,51,6.25E+11,141.5780027,-5.050128076,Oceanina,2,5.38E-06,0.000459204,1.071040722,-1.886275572,-1.870024002,1,-2.039462308,-1.87071137,8.441842913,0.160368305
Coracina striata,Campephagidae,30.8,19.8,12.1,11.6,23.9,148.1,45.3,30.6,92.5,111,Forest,Carnivore,Invertivore,Insessorial,NA,NA,2.818129053,-2.299046709,LC,271,3.31E+12,111.7905999,4.180888208,Oriental,1,0,0.000618239,1.617140633,-1.316101214,-0.844541951,1,-1.357700176,-0.796647293,3.246811887,0.322721955
Corapipo altera,Pipridae,9.8,5.6,3.5,3.6,16.4,57.8,11,18.8,30.7,11.7,Forest,Herbivore,Frugivore,Insessorial,NA,7.1,7.610134973,-2.229051644,NA,37,4.48E+11,-81.55351075,9.78745699,Panamanian,1,0,0.000776268,11.3361356,-0.692558154,0.166916426,1,-0.616959606,0.227741095,3.456004028,0.334144053
Corvus brachyrhynchos,Corvidae,51.1,35.4,14.7,17.7,59.3,309.6,109.1,35.3,177.3,448.8,Human Modified,Omnivore,Omnivore,Terrestrial,38.2,NA,1.271353232,0.562116609,LC,1619,1.38E+13,-97.56463634,47.83368082,Nearctic,10,1.25E-05,0.000716215,7.724924921,-0.701655692,-0.277841429,1,-0.648834212,-0.2781812,2.103816604,0.578128513
Corvus corax,Corvidae,77,49.2,21.9,27.9,67.1,419.7,167.2,39.8,228.7,928,Forest,Omnivore,Omnivore,Terrestrial,46.1,NA,3.463167167,0.980588708,LC,8404,6.10E+13,81.32041851,56.78475719,Palearctic,5,0.000152398,0.000786326,7.098491358,-0.54117869,0.171328645,6,-0.477943731,0.257112611,2.567528729,0.425779872
Corvus corone,Corvidae,55,35.9,15.1,18.5,59.4,323.9,119.6,36.9,179.6,570,Human Modified,Carnivore,Omnivore,Terrestrial,35.2,NA,3.190597602,0.917360854,LC,5293,3.95E+13,79.8721985,56.37290126,Palearctic,19,0.000403176,0.000890246,21.47646203,0.292519531,0.690373171,9,0.428087557,0.723580799,3.267242107,0.337695942
Corvus enca,Corvidae,58,41.4,14.9,19.4,50.4,277.6,92.4,32.5,140.8,251,Forest,Omnivore,Omnivore,Insessorial,31.1,23.8,2.921098109,-2.233119248,LC,299,3.66E+12,113.9499997,1.912778242,Oriental,3,3.57E-06,0.000653123,2.28587721,-1.132745129,-0.634875841,1,-1.144543526,-0.591548717,3.51391984,0.392548588
Corvus kubaryi,Corvidae,55.2,37.7,13.3,18.3,52.5,226.4,63,27,157.6,249.9,Forest,Omnivore,Omnivore,Insessorial,NA,NA,0.007328336,-1.942009551,CR,3,35854270114,145.1671573,14.02345892,Oceanina,1,0,0.000714569,2.28688013,-0.953823453,-0.227995802,2,-0.926643487,-0.155006113,4.166244832,0.275717252
Corvus levaillantii,Corvidae,62,42.3,17.4,21.9,57,318.6,111.2,34.8,182.9,513.1,Woodland,Omnivore,Omnivore,Generalist,NA,NA,7.359079956,-0.911567864,NA,473,5.36E+12,87.84318392,22.95464087,Oriental,7,1.96E-06,0.000701197,3.753086991,-0.848278837,-0.35241478,2,-0.814211391,-0.326768522,3.143014199,0.401207827
Corvus macrorhynchos,Corvidae,62,42.3,17.4,21.9,57,318.6,111.2,34.8,182.9,513.1,Woodland,Omnivore,Omnivore,Generalist,NA,NA,3.780075445,-0.340905803,LC,1402,1.46E+13,116.5028429,33.64439945,Sino-Japanese,13,0.00032262,0.00085127,15.51844383,-0.038351763,0.497451653,2,0.065318807,0.560168528,4.185082262,0.271020144
Corvus splendens,Corvidae,49.7,31.5,13.9,16.7,45.9,258.2,93.8,36.3,151.9,292.6,Human Modified,Omnivore,Omnivore,Terrestrial,NA,NA,3.099823214,-0.994031505,LC,589,6.68E+12,81.38755827,22.8299667,Oriental,14,0.000267629,0.000855156,24.15820913,0.020385271,0.528347892,2,0.143977121,0.544933592,4.104577273,0.330666304
Coryphospingus cucullatus,Thraupidae,13.6,8.2,4.6,6.2,18.8,63.8,7.2,11.2,61.1,14.3,Shrubland,Herbivore,Omnivore,Generalist,NA,6.5,1.014379482,-1.037023255,LC,507,5.78E+12,-56.48759977,-23.41638935,Neotropical,12,0.000104713,0.000887708,160.377531,0.523938473,0.786600167,5,0.764295274,0.342521651,6.706226927,0.155699273
Coryphospingus pileatus,Thraupidae,12,9.2,4.6,6.7,17.1,63.7,11.7,18.4,57.3,15.3,Shrubland,Omnivore,Omnivore,Terrestrial,NA,NA,0.287857843,-1.204448228,LC,310,3.73E+12,-44.5088603,-12.10988708,Neotropical,2,1.08E-06,0.00078724,29.04181733,-0.566279447,0.230552196,1,-0.471447146,0.230197052,6.706226927,0.155699273
Corythaeola cristata,Musophagidae,38.8,18.8,9.3,18.4,54.2,321.4,36.5,11.2,366.8,965,Forest,Herbivore,Frugivore,Insessorial,NA,21.6,0.960052653,-1.494817772,LC,397,4.87E+12,18.58719286,0.991183439,Afrotropical,23,0.000384159,0.000718798,3.036443939,-0.314117657,-0.428298926,7,-0.295529048,-0.413671731,53.84660053,0.018851528
Corythopis delalandi,Tyrannidae,15.4,8.9,3.8,3.3,23.3,64.4,8.6,13.4,49.4,15,Forest,Carnivore,Invertivore,Terrestrial,NA,NA,0.234319853,-1.117462822,LC,252,2.92E+12,-50.82890898,-19.50784787,Neotropical,1,0,0.000620685,2.129521298,-1.305222562,-0.828885495,1,-1.344824178,-0.781976363,13.9577668,0.074203595
Cossypha caffra,Muscicapidae,18.8,10,3.6,4,29.1,80.8,11.8,14.6,74.6,28.5,Forest,Carnivore,Invertivore,Generalist,NA,NA,0.356540442,-0.519569479,NA,250,2.85E+12,24.85117211,-29.29591617,Afrotropical,6,0.000644876,0.000883159,9.691017279,-0.054876622,0.673671232,3,-0.00945665,0.882891078,7.451047035,0.148099574
Cossypha dichroa,Muscicapidae,19.3,10.9,4.3,5.2,30.2,97,16.5,17.1,82.6,45.8,Forest,Carnivore,Invertivore,Insessorial,NA,NA,0.090672532,-0.413785102,LC,48,5.17E+11,28.74954949,-29.33836322,Afrotropical,3,4.66E-06,0.000685995,1.52952609,-1.01226057,-0.424730763,2,-1.001287024,-0.369369343,8.198475995,0.141503031
Cossypha heuglini,Muscicapidae,19.5,10.3,4,4.5,29.8,95.4,14.5,15.3,85.5,34.8,Riverine,Carnivore,Invertivore,Terrestrial,NA,NA,0.195185011,-0.929296373,LC,685,8.25E+12,29.06743209,-9.10010383,Afrotropical,1,0,0.000657992,1.166737441,-1.169063902,-0.590112633,1,-1.182647889,-0.529481184,5.412073964,0.201543469
Cossypha natalensis,Muscicapidae,18.2,10.5,4.3,4.5,27,91.1,14.5,16,74.7,34.1,Woodland,Carnivore,Invertivore,Terrestrial,NA,NA,0.203180535,-0.917693133,LC,454,5.45E+12,29.55795693,-10.96151776,Afrotropical,1,0,0.000663821,1.211847484,-1.147126001,-0.552803823,2,-1.156545678,-0.49066882,5.778059874,0.197555337
Cossypha niveicapilla,Muscicapidae,20.5,11,4.4,4.8,28.6,97.8,17.6,17.9,92.4,36.7,Woodland,Carnivore,Invertivore,Generalist,17,NA,0.532942602,-1.244707096,LC,558,6.78E+12,2.411565367,9.908796025,Afrotropical,1,0,0.000657992,1.166737441,-1.169063902,-0.590112633,1,-1.182647889,-0.529481184,8.1026887,0.127468307
Cossypha polioptera,Muscicapidae,16.8,8.8,4.6,4.1,24.5,78.8,11.5,14.5,62.9,18.7,Shrubland,Carnivore,Invertivore,Terrestrial,NA,NA,0.705467476,-1.202303176,NA,106,1.30E+12,31.78479739,-0.07327832,Afrotropical,1,0,0.000485104,1.034101515,-1.815629025,-1.696644634,1,-1.952111035,-1.684555022,6.807631057,0.15533001
Cotinga amabilis,Cotingidae,17.9,9.4,5.3,5.4,21.6,108.3,25.9,24,70.2,71.5,Forest,Herbivore,Frugivore,Insessorial,NA,13.1,1.615181756,-1.659936228,LC,51,6.06E+11,-88.83616627,15.16722731,Panamanian,1,0,0.000726662,5.031609181,-0.899322799,-0.150590862,1,-0.86216094,-0.083166547,7.693143755,0.18249486
Cranioleuca erythrops,Furnariidae,14.6,9.5,3.2,3.7,18.6,64.8,11,16.6,71.4,16.9,Forest,Carnivore,Invertivore,Insessorial,14.4,NA,7.503523806,-1.931706569,LC,32,3.91E+11,-77.79748222,1.646779174,Neotropical,1,0,0.000770438,9.509802214,-0.720536332,0.129602611,1,-0.650004407,0.194758578,1.318203526,0.831791582
Cranioleuca pallida,Furnariidae,15.5,8.7,2.6,3.4,16.6,61.2,10.4,17,63.2,11.5,Forest,Carnivore,Invertivore,Insessorial,14.1,NA,0.212669483,-1.058577294,LC,82,9.52E+11,-44.68593792,-19.54296857,Neotropical,1,0,0.000728034,5.29848585,-0.893291933,-0.141811599,1,-0.855020421,-0.07487296,1.119189376,1.366910491
Crax alector,Cracidae,56.7,24.9,13.7,23.1,113.5,395,20.3,5.3,359.8,2872,Forest,Herbivore,Frugivore,Terrestrial,NA,27.1,0.997439191,-2.051637997,VU,209,2.57E+12,-61.54376078,2.781059089,Neotropical,47,8.91E-05,0.000840846,49.16644851,0.844905692,0.265935029,1,1.091879144,-0.059276168,2.404487973,0.437284102
Crax fasciolata,Cracidae,48.2,21.6,11.9,21.6,100.5,354.9,32.5,8.9,346.2,2600,Forest,Herbivore,Frugivore,Terrestrial,NA,23.3,0.748792371,-1.330461184,VU,370,4.38E+12,-53.32148356,-14.96009293,Neotropical,7,1.14E-07,0.00076118,6.946696626,-0.61361803,0.031924764,1,-0.534976191,0.06368507,2.404487973,0.437284102
Creurgops verticalis,Thraupidae,19.8,9.2,5.5,6.4,19.3,77.7,14.5,18.6,68.8,24,Forest,Carnivore,Invertivore,Insessorial,13.4,NA,3.86539821,-1.378525841,LC,34,4.16E+11,-77.00833262,-4.42799613,Neotropical,4,7.59E-07,0.000790669,13.5893083,-0.555861894,0.239730995,2,-0.461026334,0.277828338,8.181909645,0.127679114
Crinifer piscator,Musophagidae,29.6,18.4,12.2,15.8,41.9,224,44.3,19.7,227,370,Woodland,Herbivore,Frugivore,Insessorial,NA,21.1,0.487750301,-1.239632518,LC,372,4.51E+12,2.370691524,10.11967619,Afrotropical,5,2.73E-05,0.000718113,2.324840392,-0.835307621,-0.237063049,1,-0.799939343,-0.183171954,26.68813382,0.039078219
Crotophaga ani,Cuculidae,30.6,18.4,9.9,21.1,35.8,144,35.5,24.8,180.6,110.1,Human Modified,Carnivore,Omnivore,Insessorial,NA,NA,2.372224957,-1.467994677,LC,1387,1.65E+13,-58.56969185,-9.791242172,Neotropical,15,0.001014977,0.000909676,31.00864735,0.409877678,0.70242458,4,0.440864986,0.873972334,23.33976042,0.043283795
Crotophaga major,Cuculidae,47.2,32.8,13.7,21.5,41,193.6,46,23.7,252.2,148.3,Forest,Omnivore,Omnivore,Insessorial,NA,NA,2.209650755,-1.559812052,LC,1134,1.36E+13,-57.70408915,-8.428314953,Neotropical,1,0,0.000685058,3.952516742,-1.058466678,-0.416875471,1,-1.05141011,-0.357702232,34.12331121,0.029580536
Cuculus clamosus,Cuculidae,29.1,15.3,8.1,9.9,33,181,82.6,44.2,157,78.8,Forest,Carnivore,Invertivore,Insessorial,NA,NA,0.5150073,-1.03508138,LC,1328,1.59E+13,21.64173172,-3.966766237,Afrotropical,1,0,0.00066325,1.219655887,-1.1492353,-0.556461516,1,-1.159057046,-0.494513985,18.25419669,0.057327235
Cuculus varius,Cuculidae,26.1,14.9,7.7,7.6,23.5,191,66.8,35,161.4,103,Woodland,Carnivore,Invertivore,Insessorial,NA,NA,2.613014348,-1.189868228,LC,336,3.84E+12,81.17832513,21.6386936,Oriental,1,0,0.000700968,1.452367817,-1.007484853,-0.31505174,1,-0.990391032,-0.243181481,9.471259645,0.109297525
Curaeus curaeus,Icteridae,31.8,20.7,6.8,9.7,33.8,124.5,25.8,20.8,102,83.7,Forest,Carnivore,Omnivore,Terrestrial,22.5,NA,1.92994996,-0.033762012,LC,178,1.57E+12,-70.79559683,-45.37607384,Neotropical,5,0.000314856,0.000740835,3.431101912,-0.693738323,-0.156461865,3,-0.694565442,-0.034925055,4.084970641,0.256972801
Cyanerpes caeruleus,Thraupidae,19.5,14.7,3.4,3.3,13.8,56.7,14.4,25.5,32.1,12,Forest,Omnivore,Omnivore,Insessorial,10.6,NA,2.317362901,-1.886907602,LC,659,8.05E+12,-64.08911697,-2.272408759,Neotropical,33,0.001141283,0.000944172,213.4710305,1.631338978,0.780070943,5,1.804049704,0.274580186,6.354243036,0.166708731
Cyanerpes cyaneus,Thraupidae,19.4,12.8,3.8,3.6,13.7,60.9,15.7,26,34.8,14,Forest,Omnivore,Omnivore,Insessorial,10.7,NA,2.086294806,-1.749941059,LC,886,1.07E+13,-66.01790294,-0.469765534,Neotropical,30,0.00110504,0.000987971,388.056167,2.305296423,1.088254734,9,2.596227894,0.03469971,9.071549057,0.114984087
Cyanerpes lucidus,Thraupidae,21.9,15,3.4,3.4,13.1,57,13.9,24.3,30.2,11.4,Forest,Herbivore,Omnivore,Insessorial,NA,NA,1.737578771,-1.935251624,LC,49,5.89E+11,-84.23383877,12.21635799,Panamanian,5,0.000128768,0.000846332,57.53332113,-0.15024016,0.560857726,1,-0.014477001,0.493101047,6.026350028,0.17316292
Cyanerpes nitidus,Thraupidae,13.6,9,2.7,2.8,12,50,11.1,22.2,27,9,Forest,Omnivore,Frugivore,Insessorial,NA,5,2.497955936,-2.057472791,LC,272,3.33E+12,-66.50295796,-2.709780424,Neotropical,1,0,0.000778325,16.11829383,-0.668652656,0.180097634,1,-0.589169925,0.225839941,6.164172614,0.172205729
Cyanocitta cristata,Corvidae,29.9,18.6,10.1,8.9,34.7,130,22.9,17.4,121.4,88,Woodland,Omnivore,Omnivore,Terrestrial,20.5,NA,0.511276922,0.381841594,LC,931,8.33E+12,-91.31827724,44.39352848,Nearctic,2,0,0.000668096,1.897282403,-1.103794578,-0.531840531,1,-1.107162153,-0.477272333,10.89530512,0.094777108
Cyanocitta stelleri,Corvidae,33.7,21.1,10.2,9.5,43,145.8,20,13.6,133.2,128,Forest,Omnivore,Omnivore,Insessorial,NA,NA,0.83743544,0.107636688,LC,539,4.95E+12,-118.9918777,45.1791542,Nearctic,4,0,0.000712672,6.065795915,-0.873005287,-0.259323797,1,-0.837255614,-0.218847777,10.89530512,0.094777108
Cyanocompsa brissonii,Cardinalidae,15.2,11.4,7.7,11.6,20.1,75.6,11.4,14.8,69.9,27.5,Forest,Herbivore,Frugivore,Insessorial,NA,10.2,0.581151128,-0.991181287,LC,596,6.87E+12,-52.12708569,-20.39543145,Neotropical,3,3.94E-05,0.000860505,61.94979522,-0.148801821,0.68453001,2,0.010375083,0.599234043,6.283675855,0.163623623
Cyanocorax affinis,Corvidae,38.4,23.1,12.2,13.5,50.1,167.8,17.1,10.2,160,212,Forest,Omnivore,Frugivore,Insessorial,NA,19,5.813697615,-1.834371506,LC,69,8.39E+11,-75.17323314,8.706065121,Neotropical,2,5.19E-06,0.000808408,14.61012638,-0.53535408,0.365067746,1,-0.433548487,0.418909488,2.645091041,0.391612585
Cyanocorax caeruleus,Corvidae,NA,NA,NA,NA,NA,NA,NA,NA,NA,NA,NA,NA,NA,NA,NA,NA,0.464404444,-0.964211134,NA,70,7.65E+11,-52.14214295,-27.63750779,Neotropical,8,2.33E-05,0.000840389,110.5740971,0.063101351,0.527555779,2,0.248920518,0.240985169,5.132447588,0.202516563
Cyanocorax chrysops,Corvidae,36,22.6,10.9,12.7,47.5,155.1,15.6,10.1,163.5,166,Forest,Carnivore,Invertivore,Insessorial,NA,NA,0.649888635,-1.03142264,LC,310,3.54E+12,-57.69096786,-22.68109322,Neotropical,16,7.13E-05,0.000847818,160.1753609,0.468154144,0.51323182,8,0.696886462,0.024851502,2.63498684,0.3966175
Cyanocorax cristatellus,Corvidae,38.2,24.2,12.5,14.7,47.1,194.6,39.8,20.4,137.4,178,Woodland,Omnivore,Omnivore,Insessorial,31.2,NA,0.3054814,-1.225547388,LC,283,3.36E+12,-50.39468474,-15.30406374,Neotropical,11,1.07E-05,0.000804499,89.05748139,-0.071200822,0.281420897,6,0.088528771,0.032744092,3.168718454,0.332057766
Cyanocorax cyanomelas,Corvidae,38.2,22.6,12.1,14.2,47.5,187.6,28.2,15,162.6,207,Woodland,Omnivore,Omnivore,Insessorial,24.9,NA,0.903299741,-1.083632038,LC,179,2.08E+12,-60.00831857,-19.53853607,Neotropical,9,6.16E-05,0.000822444,70.96325999,-0.106200161,0.397548501,2,0.042417887,0.237762784,2.931693923,0.373057521
Cyanocorax cyanopogon,Corvidae,34.5,19.4,10.1,11.5,45,141.7,12.6,8.8,149.6,146,Woodland,Omnivore,Omnivore,Generalist,NA,18.6,0.346931219,-1.215162751,LC,292,3.51E+12,-45.01795209,-11.66194556,Neotropical,10,9.78E-06,0.000802213,53.64901269,-0.225024698,0.273304874,3,-0.087347597,0.146286441,2.63498684,0.3966175
Cyanocorax morio,Corvidae,45.1,28.9,13.2,15.8,49.6,201.3,29.5,14.3,202.8,204,Forest,Omnivore,Omnivore,Insessorial,NA,NA,2.05221546,-1.352036881,LC,105,1.23E+12,-91.16151253,18.1207375,Panamanian,31,0.000453104,0.000881308,102.373418,0.843006098,0.545357501,8,1.036033012,0.243901279,4.940253183,0.214925175
Cyanocorax violaceus,Corvidae,39,24.9,12.6,14.6,48,193.6,28.5,14.8,163.8,262,Forest,Omnivore,Omnivore,Insessorial,NA,20.1,2.770388962,-1.971181007,LC,317,3.88E+12,-69.29285876,-1.866402848,Neotropical,15,2.28E-05,0.000800499,32.66168681,-0.175056916,0.227354778,1,-0.038278044,0.138864027,5.122473631,0.201592817
Cyanocorax yncas,Corvidae,29.6,16.2,9.3,9.9,38.7,121.5,9.5,7.8,139.3,78.5,Forest,Omnivore,Omnivore,Insessorial,19.5,NA,2.074281679,-1.307742253,LC,219,2.60E+12,-72.7680843,-1.117208018,Neotropical,23,0.000697056,0.000904624,100.8798417,0.769705385,0.690775447,9,0.912323103,0.508076039,9.855679715,0.10502709
Cyanocorax yucatanicus,Corvidae,35.9,22.6,11.3,12.7,41.8,141.9,17.6,12.4,171.1,118,Woodland,Omnivore,Omnivore,Insessorial,NA,NA,0.195109604,-1.355231849,LC,28,3.26E+11,-89.56289534,19.28164552,Panamanian,3,0,0.000739921,9.043186567,-0.786106287,-0.078517295,1,-0.732156876,-0.033542891,4.045895098,0.258453078
Cyanopica cyanus,Corvidae,29.1,17.4,8.6,8.6,35.6,141.3,20.2,14.3,212,95.9,Woodland,Omnivore,Omnivore,Generalist,22.6,NA,2.44515397,0.654821489,LC,691,6.26E+12,119.5700433,44.10655827,Palearctic,9,0.00010201,0.00082713,11.39419794,-0.283260389,0.418268177,1,-0.16891883,0.46404987,18.78013096,0.054798386
Cyclarhis gujanensis,Vireonidae,18,11.1,5.8,9.2,22.8,76.2,11.2,14.8,64.1,28.8,Forest,Carnivore,Invertivore,Insessorial,14.4,NA,1.947768185,-1.385563877,LC,1333,1.58E+13,-58.30696492,-11.07003293,Neotropical,26,0.001530535,0.000980427,310.1786824,1.991160544,0.969419429,16,2.148339719,0.290892816,12.7789485,0.082569656
Dacnis cayana,Thraupidae,13.7,8,3.7,4.2,15.5,61.8,15.5,24.7,43.9,13,Forest,Herbivore,Frugivore,Insessorial,10.7,NA,2.19903769,-1.609224549,LC,1142,1.38E+13,-58.64284806,-6.949375726,Neotropical,128,0.020068484,0.001161132,1287.075594,11.94256328,-2.703290223,35,9.584986168,-3.017618248,4.441278827,0.29182214
Dacnis lineata,Thraupidae,13,7.5,3.5,3.5,14.1,58,14.8,25.6,40.6,11,Forest,Herbivore,Frugivore,Insessorial,9,7.3,2.064664948,-1.887074144,LC,537,6.56E+12,-64.72922329,-3.543952944,Neotropical,14,6.13E-05,0.00083296,97.36935733,0.147736088,0.433012082,4,0.330605112,0.156963898,3.565879707,0.345608
Dacnis venusta,Thraupidae,13.1,8.9,3.8,3.9,14.8,64.6,15.9,26.3,38.8,16.1,Forest,Herbivore,Frugivore,Insessorial,NA,6.2,9.635793747,-2.334182309,LC,41,5.01E+11,-79.33797437,6.47205203,Panamanian,4,5.11E-07,0.000764449,15.29137859,-0.648125096,0.071975751,1,-0.571010167,0.097013919,4.316710964,0.321017102
Dendragapus fuliginosus,Phasianidae,25.9,14.4,9.6,10.6,41.8,223.2,88.8,39.9,140,1047.3,Forest,Herbivore,Herbivore terrestrial,Generalist,NA,NA,4.070735589,-0.2945972,LC,108,8.28E+11,-128.6017663,52.55155966,Nearctic,40,1.98E-05,0.000729017,21.29941838,0.144504704,-0.389467069,1,0.291988409,-0.624974329,3.43230869,0.316516042
Dendrocitta formosae,Corvidae,34,23.2,11.7,14.7,30.2,141.1,22.8,16,200.7,102.7,Forest,Omnivore,Omnivore,Insessorial,20.4,NA,4.084140075,-0.807914662,LC,398,4.43E+12,105.5172007,25.2723563,Oriental,11,0.001724512,0.000916877,23.22964921,0.44080518,0.614117899,3,0.33177486,0.999282808,6.959907515,0.183386613
Dendrocitta vagabunda,Corvidae,33.4,21.3,10.6,14,34.2,155,22.4,15,257.3,100,Woodland,Carnivore,Omnivore,Terrestrial,NA,NA,2.673152207,-1.120171901,LC,497,5.68E+12,84.92714187,21.80642551,Oriental,10,0.001535208,0.000903184,14.95227731,0.301708009,0.575532966,2,0.210911693,0.94778717,6.526992056,0.197577118
Dendrocopos leucotos,Picidae,35.8,28.1,9.1,8.5,24.7,142.8,42.5,29.9,91.6,116.8,Forest,Carnivore,Invertivore,Insessorial,NA,NA,1.537125679,0.793503867,LC,1905,1.47E+13,79.22815404,52.39378319,Palearctic,2,3.46E-06,0.00071617,2.823106727,-0.920356049,-0.224932213,5,-0.889737162,-0.158997043,2.807814895,0.391153323
Dendrocopos major,Picidae,27.9,21.8,9.3,8.7,23.9,136.2,40.8,29.3,88,74.9,Woodland,Omnivore,Omnivore,Insessorial,NA,NA,2.817373987,0.803215504,LC,3867,2.95E+13,74.86579296,54.63749551,Palearctic,8,2.58E-05,0.000760517,6.788327315,-0.586875312,0.015491145,23,-0.510842698,0.046841866,2.492586057,0.453268328
Dendrocopos medius,Picidae,25,16.4,5.7,6.3,19.5,123.6,34.9,28.1,83.9,59,Woodland,Carnivore,Invertivore,Insessorial,NA,NA,0.319437418,0.315664049,LC,646,5.46E+12,24.4626334,48.15437503,Palearctic,3,6.72E-06,0.000744744,3.550259053,-0.785471645,-0.049176028,9,-0.732113583,0.016672657,7.186827259,0.174570228
Dendroica caerulescens,Parulidae,13,7.4,3.4,3.3,18.6,62.2,14.9,24.1,48.9,10.1,Forest,Carnivore,Invertivore,Insessorial,10.8,NA,0.633976842,-0.187700269,LC,489,4.79E+12,-79.55674586,42.08536949,Nearctic,1,0,0.000666244,2.516260997,-1.13364693,-0.537291451,1,-1.140684283,-0.478742955,5.073416181,0.205722764
Dendroica castanea,Parulidae,13.5,7.9,3.8,3.8,19.1,69.9,22,30.6,51.6,11.8,Forest,Omnivore,Invertivore,Insessorial,NA,NA,1.643451273,0.135978158,LC,1192,1.10E+13,-90.74000983,44.07853239,Nearctic,6,0.000167306,0.000845898,25.4185529,-0.228646691,0.542901012,4,-0.113881724,0.58237724,2.888528382,0.372954405
Dendroica coronata,Parulidae,12.6,7.2,3.4,3.4,18.1,71.6,17.6,24.5,56.3,11.9,Forest,Carnivore,Invertivore,Insessorial,14,NA,4.14185399,0.459407108,LC,2553,2.15E+13,-107.6854011,51.22502652,Nearctic,25,0.000344526,0.000815243,21.98642321,0.153349291,0.185168804,4,0.262684528,0.143041555,4.2174243,0.256627083
Dendroica dominica,Parulidae,15.8,12.3,3.1,3.3,16.3,65,15.9,24.5,50.4,9,Forest,Carnivore,Invertivore,Insessorial,12.3,NA,1.384684152,-0.760792237,LC;EN,463,5.00E+12,-87.94153758,29.94951513,Nearctic,1,0,0.000772381,7.515105198,-0.720038874,0.142033234,1,-0.649136914,0.214273782,4.035127772,0.267913884
Dendroica fusca,Parulidae,12.3,8,3.5,3.5,17.6,65.7,21.9,32.4,47.2,9.7,Forest,Carnivore,Invertivore,Insessorial,11.3,NA,3.985075278,-0.376045568,LC,1161,1.18E+13,-84.6796121,34.69452864,Nearctic,13,9.67E-05,0.000839246,77.37664022,0.084916291,0.471604318,5,0.252941027,0.277345458,4.152243388,0.254592509
Dendroica occidentalis,Parulidae,12.4,7.7,3.2,3.6,17.8,66.9,18,26.9,52.4,10.4,Forest,Carnivore,Invertivore,Insessorial,NA,NA,0.784793373,-0.35000189,LC,320,3.38E+12,-111.7374723,32.55391272,Nearctic,1,0,0.00077421,7.654190556,-0.712732736,0.153738309,1,-0.640461038,0.22604131,1.170553979,0.898208515
Dendroica pensylvanica,Parulidae,13.4,7.6,3.6,3.6,18.7,61.6,16.9,26.6,46.2,9.3,Forest,Carnivore,Invertivore,Insessorial,10.5,NA,1.256328106,-0.095312785,LC,1024,9.97E+12,-86.71736987,39.84578782,Nearctic,7,0.000316276,0.000849761,53.8562628,-0.065339031,0.527723183,4,0.041840425,0.502191924,2.879309671,0.37134671
Dendroica petechia,Parulidae,11.7,8,3.4,3.2,20,60.2,14.1,23.6,43.3,10.2,Shrubland,Carnivore,Invertivore,Insessorial,11.6,NA,5.18690529,0.318879901,LC,3049,2.59E+13,-109.4072854,51.49492334,Nearctic,22,0.000242789,0.000836983,20.31049422,0.135101774,0.366435276,3,0.269744759,0.332617063,2.786223464,0.400743905
Dendroica striata,Parulidae,13.9,8.7,3.6,3.4,19.5,74.3,23.2,31.3,50.4,11.8,Forest,Carnivore,Invertivore,Insessorial,NA,NA,3.738032737,0.33067026,NT,2316,1.94E+13,-106.789063,56.0739028,Nearctic,1,0,0.000699299,2.316864836,-1.010789741,-0.325729835,2,-0.994443587,-0.257164189,2.973570967,0.352551458
Dendroica tigrina,Parulidae,12.6,7.6,3.2,3.3,17.5,65.7,17.5,26.7,45.2,10,Forest,Omnivore,Invertivore,Insessorial,NA,NA,2.698651873,0.253804579,LC,927,8.28E+12,-92.51161762,49.13954823,Nearctic,2,3.39E-05,0.000791469,21.49886671,-0.570008067,0.250188928,1,-0.482037606,0.283149821,4.862161368,0.220961928
Dendropicos fuscescens,Picidae,20,14.8,5.5,5.9,15.9,92,20.7,22.5,48.4,26,Shrubland,Carnivore,Invertivore,Insessorial,NA,NA,0.535604339,-0.903702599,LC,1226,1.46E+13,22.94203202,-8.023024989,Afrotropical,3,5.44E-06,0.000698911,1.763150598,-0.963055503,-0.342242574,5,-0.942931694,-0.283810832,3.191072273,0.381919447
Dicaeum agile,Dicaeidae,10.5,6.3,3.7,4.3,14.6,61.6,15.5,25.1,31.1,9,Forest,Herbivore,Frugivore,Insessorial,7.7,5,2.608445294,-1.396541267,LC,530,6.20E+12,79.32995841,21.25523961,Oriental,6,0.000179169,0.0007364,4.446898073,-0.706795934,-0.160650535,4,-0.682631358,-0.080820655,11.45733756,0.100870312
Dicaeum chrysorrheum,Dicaeidae,11.9,7.6,3.5,3.8,13.3,58.9,14.3,24.4,29.9,9,Forest,Herbivore,Frugivore,Insessorial,NA,NA,4.513320541,-1.811228467,LC,413,4.91E+12,100.6571444,13.66476429,Oriental,22,0.001459329,0.000915186,31.37211793,0.688659547,0.59271797,5,0.660679416,0.819088191,16.10228637,0.070283802
Dicaeum concolor,Dicaeidae,11.3,7.3,2.9,2.7,10.7,44.1,9.2,20.9,21.5,6.2,Forest,Herbivore,Omnivore,Insessorial,NA,NA,6.138842135,-1.283171663,LC,610,7.06E+12,102.5920635,18.92866899,Oriental,9,0.000531163,0.000884188,24.30029568,0.052685509,0.686737794,6,0.135158243,0.803158623,6.225909311,0.178102874
Dicaeum cruentatum,Dicaeidae,11,7.3,3.2,3,12,47.3,10.2,21.3,25,5.6,Forest,Herbivore,Omnivore,Insessorial,NA,NA,4.992141352,-1.586142612,LC,549,6.44E+12,102.6774648,17.48059606,Oriental,6,0.000185278,0.000858471,20.98868622,-0.193375622,0.619306467,2,-0.075228143,0.680907338,7.354441163,0.144079643
Dicaeum erythrorhynchos,Dicaeidae,11.4,7.4,2.5,2.9,12.1,48.4,10.2,21,23.2,6.3,Forest,Herbivore,Frugivore,Insessorial,NA,NA,4.178341524,-1.261692785,LC,257,2.96E+12,80.42964797,20.16821374,Oriental,15,0.001270625,0.000891846,9.871373052,0.31859062,0.530608391,3,0.279174991,0.823981698,8.030643692,0.150401695
Dicaeum ignipectus,Dicaeidae,9.4,6,2.5,2.7,11.7,46.8,10.9,23.3,24.6,5.7,Forest,Herbivore,Omnivore,Insessorial,NA,NA,5.110437424,-1.057493105,LC,578,6.57E+12,103.2685102,24.43443378,Oriental,7,8.58E-05,0.000683252,3.527823349,-0.9006803,-0.486173288,2,-0.894901998,-0.445966952,7.338971472,0.14794561
Dicaeum trigonostigma,Dicaeidae,12.1,8.3,3.4,3.1,13.2,49.5,8.3,16.8,23,7.1,Forest,Herbivore,Omnivore,Insessorial,NA,NA,4.461304811,-2.15170328,LC,359,4.33E+12,107.7380527,6.402518882,Oriental,1,0,0.000620982,1.659657664,-1.305705305,-0.826984804,1,-1.345333806,-0.778452328,13.61096581,0.082419825
Dicrurus adsimilis,Dicruridae,22.6,13.9,7.2,7.4,20.2,128.7,33.3,25.8,113.7,40.3,Woodland,Carnivore,Invertivore,Insessorial,14.5,NA,0.56401909,-0.957328187,LC,1636,1.96E+13,21.79150903,-3.995958867,Afrotropical,2,0.000367398,0.000860528,5.026182482,-0.306441091,0.616963578,5,-0.239090956,0.798625505,4.88633734,0.218036084
Dicrurus hottentottus,Dicruridae,37.5,27.1,10.5,11.5,25.2,159.9,39.7,24.5,138.4,79.2,Forest,Carnivore,Invertivore,Insessorial,13.5,NA,5.737579139,-1.124011436,LC,890,1.02E+13,100.5834265,24.65492709,Oriental,1,0,0.000333431,1.033253876,-2.38246719,-2.667401923,1,-2.626708797,-2.698276331,6.893669312,0.157331785
Diglossa albilatera,Thraupidae,13.1,7.3,3.1,4.6,19.8,56.7,9.6,16.7,43.5,9.8,Forest,Omnivore,Nectarivore,Insessorial,NA,NA,4.124530542,-1.428724658,LC,63,7.71E+11,-75.94087899,0.758667791,Neotropical,3,1.12E-07,0.000710386,4.945282553,-0.91035897,-0.267584743,2,-0.879489449,-0.217528039,3.380495863,0.310797734
Diglossa brunneiventris,Thraupidae,13.4,7.9,2.4,4,21.4,64.9,11.9,18.3,57.6,12,Shrubland,Omnivore,Nectarivore,Insessorial,NA,NA,0.19848846,-0.546132031,LC,57,6.85E+11,-73.86666684,-12.62362563,Neotropical,1,0,0.00064215,1.954233764,-1.225597182,-0.691502251,1,-1.250037275,-0.637938163,1.645227915,0.715259863
Diglossa caerulescens,Thraupidae,17.1,9.8,2.7,4.1,19.9,68.1,11.9,17.4,54.2,14.4,Forest,Carnivore,Invertivore,Insessorial,NA,NA,3.162988047,-1.229616829,LC,86,1.04E+12,-74.8139641,-8.355583148,Neotropical,2,9.90E-06,0.000775125,11.09508024,-0.670794646,0.150970125,3,-0.595283509,0.207960046,6.010191324,0.173473432
Diglossa cyanea,Thraupidae,18,11.4,3.3,5.1,22.5,73.6,13.8,18.6,63,17,Forest,Omnivore,Frugivore,Insessorial,NA,NA,3.255859371,-1.278071527,LC,93,1.13E+12,-73.89300066,-3.201179729,Neotropical,30,0.001579869,0.000910682,93.45800872,1.10479336,0.48570718,12,1.104233256,0.482339595,6.010191324,0.173473432
Diglossa glauca,Thraupidae,13.4,7.9,2.5,4.3,16.4,62.1,13.1,21.2,45.9,12,Forest,Omnivore,Omnivore,Insessorial,NA,NA,3.149353762,-1.162716363,LC,47,5.68E+11,-73.76420243,-9.483874018,Neotropical,8,5.78E-05,0.000811586,33.81843969,-0.298467595,0.335197704,4,-0.178353218,0.299693991,8.492743465,0.122745607
Diglossa mystacalis,Thraupidae,16.4,10.4,2.8,4.9,25,69.2,10.3,14.9,62.9,16.2,Forest,Omnivore,Invertivore,Insessorial,NA,NA,0.677454189,-0.900190406,LC,35,4.21E+11,-72.47941527,-12.29128413,Neotropical,1,0,0.000654494,2.27030716,-1.178392561,-0.612494741,1,-1.193902391,-0.556469111,5.174341926,0.201732246
Diglossa sittoides,Thraupidae,12.9,7.6,2.5,4.4,18.7,57.1,13.1,21.9,46.2,9,Forest,Omnivore,Omnivore,Insessorial,NA,NA,2.232071635,-1.022029005,LC,125,1.50E+12,-72.07489754,-6.544195857,Neotropical,1,0,0.000654494,2.27030716,-1.178392561,-0.612494741,1,-1.193902391,-0.556469111,6.046375357,0.172446119
Dioptrornis fischeri,Muscicapidae,17.7,9.4,3.8,4.6,21.9,87.3,13.1,15,72.7,23.4,Forest,Carnivore,Invertivore,Insessorial,NA,NA,0.101041813,-0.938854449,LC,104,1.27E+12,34.94362401,-3.97936454,Afrotropical,1,0,0.000709197,1.476836497,-0.976646685,-0.26238059,4,-0.953693702,-0.188259204,4.653980595,0.250965599
Dives dives,Icteridae,29.8,18.2,7,10,36.4,120.2,16.8,13.6,121.9,91.3,Forest,Omnivore,Omnivore,Generalist,26.2,NA,0.959186921,-1.386346822,LC,84,9.87E+11,-90.82792063,17.27335513,Panamanian,12,0.000106764,0.000815586,41.00739159,-0.150013504,0.324198867,6,-0.021743552,0.251179031,4.867415824,0.227596192
Dryocopus lineatus,Picidae,NA,NA,NA,NA,NA,NA,NA,NA,NA,NA,NA,NA,NA,NA,NA,NA,2.146226622,-1.526817439,NA,1343,1.61E+13,-62.62843085,-5.006800425,Neotropical,5,2.41E-06,0.000812614,32.03137372,-0.385975056,0.373469397,3,-0.263841093,0.351210634,3.345576313,0.350540851
Dryocopus martius,Picidae,65.6,46.8,15.4,13.2,35.6,237.8,63,26.4,175.8,321,Forest,Carnivore,Invertivore,Insessorial,NA,NA,2.480488505,1.072730778,LC,3343,2.31E+13,83.90511424,58.51457963,Palearctic,1,0,0.000702225,1.967230965,-1.001040199,-0.307003322,5,-0.982792308,-0.236463462,4.953844759,0.226370498
Dryocopus pileatus,Picidae,52.1,37.4,14.6,11.9,29.3,228.4,56.4,25.3,167.3,286.6,Forest,Carnivore,Invertivore,Insessorial,NA,NA,0.827196829,0.394995086,LC,883,7.61E+12,-96.02340806,46.85536562,Nearctic,23,0.000186804,0.000798167,19.55054427,0.002195569,0.124224676,2,0.121842746,0.062745739,3.670761988,0.308373879
Ducula aenea,Columbidae,30.4,16.3,8.1,6.9,30.2,240,74.6,31.1,143.2,545,Forest,Herbivore,Frugivore,Insessorial,NA,15.2,4.112154941,-1.790363444,LC,742,8.85E+12,104.2816714,9.671979834,Oriental,7,0,0.00063072,1.930184505,-1.118205628,-0.803046604,3,-1.13477155,-0.791836376,5.08416082,0.230466753
Ducula badia,Columbidae,27.4,13.8,6.7,5.8,29.3,232.2,67.2,28.9,170.8,486,Forest,Herbivore,Frugivore,Insessorial,NA,14.8,5.607964366,-1.813117323,LC,399,4.74E+12,99.18158829,19.54538013,Oriental,31,0.000533928,0.000842835,13.10362218,0.411372086,0.280647517,8,0.516976212,0.278940419,6.19885939,0.210100692
Ducula bicolor,Columbidae,27.4,13.5,6.2,6.3,29.5,226.2,82.8,36.7,128.3,440,Forest,Herbivore,Frugivore,Insessorial,NA,14.2,2.710180257,-2.190808234,LC,335,4.09E+12,112.3697764,2.711034826,Oriental,16,0.000218308,0.000709677,2.880017916,-0.554464081,-0.404496949,1,-0.530600683,-0.38360516,5.59199076,0.213539275
Ducula poliocephala,Columbidae,29.3,13.5,6.4,6,30,212,63.4,29.8,149.8,555,Forest,Herbivore,Frugivore,Insessorial,NA,15.4,2.518152753,-2.127680476,NT,61,7.34E+11,123.0757581,11.91837958,Oriental,15,0.000218308,0.000709677,2.697626832,-0.580114026,-0.398099127,1,-0.559010833,-0.370077411,7.713158521,0.184376674
Ducula rufigaster,Columbidae,27.8,13.4,6.3,5.9,31,196.6,54.3,27.6,109,436,Forest,Herbivore,Frugivore,Insessorial,NA,13.3,4.592870249,-2.331024202,LC,105,1.29E+12,140.0733793,-5.160574713,Oceanina,2,0,0.000501175,1.06929387,-1.730420185,-1.600187953,1,-1.852799121,-1.590193608,9.01764017,0.146781301
Ducula spilorrhoa,Columbidae,27.4,14.5,7,6.8,32.1,241.2,79.7,33,141.5,464,Forest,Herbivore,Frugivore,Insessorial,NA,15.1,4.832309058,-1.833133397,LC,136,1.64E+12,143.0435549,-9.984846352,Australian,8,5.20E-06,0.000710912,2.534957962,-0.790475369,-0.29736412,1,-0.748049335,-0.270779101,7.217094094,0.175579324
Ducula zoeae,Columbidae,31,14.8,6,6.1,32,219.8,56.9,26,127.8,568,Forest,Herbivore,Frugivore,Insessorial,NA,15.5,4.489932857,-2.317881402,LC,109,1.33E+12,140.563066,-5.412892717,Oceanina,2,0,0.000501175,1.071113986,-1.730414013,-1.600187948,1,-1.852792027,-1.590199565,9.044788942,0.141777365
Dumetella carolinensis,Mimidae,19.2,11.1,4,4.8,27.4,90.7,16.8,18.6,90.3,35.3,Shrubland,Omnivore,Invertivore,Insessorial,19,NA,0.868126499,0.057067258,LC,1155,1.11E+13,-94.32679748,41.01409665,Nearctic,54,0.00232017,0.000938571,96.55997281,1.95647393,0.343751013,13,1.905145675,0.348244903,11.31035203,0.090946069
Dysithamnus mentalis,Thamnophilidae,15.8,9.2,4.2,4.6,19,59.8,6.7,11.1,42.6,14.9,Forest,Carnivore,Invertivore,Insessorial,NA,NA,1.733944408,-1.423376784,LC,572,6.81E+12,-58.54680041,-11.325244,Neotropical,2,0,0,1.062682179,-3.603433851,-4.807856811,2,-4.081884258,-4.939815795,7.202850256,0.160490051
Elaenia albiceps,Tyrannidae,13.4,7.1,3.6,3.5,18.8,74.5,15.3,20.3,70.4,15.5,Forest,Omnivore,Invertivore,Insessorial,10,6.6,3.601585516,-1.010202273,LC,1306,1.47E+13,-61.39519433,-21.80083968,Neotropical,52,0.009960713,0.000996292,208.7916754,3.908217602,-0.996273802,19,2.543909419,0.392558691,2.946024076,0.360805833
Elaenia chiriquensis,Tyrannidae,12.8,7.8,4.3,4.1,16.4,72.4,15,20.8,62,15.4,Shrubland,Omnivore,Omnivore,Insessorial,8.7,9,1.858660931,-1.53520133,LC,748,8.99E+12,-56.43479238,-7.138757365,Neotropical,25,0.000575788,0.000929999,270.5792356,1.467753893,0.868198165,5,1.742006908,0.096388192,6.229100749,0.167024737
Elaenia cristata,Tyrannidae,13.1,7.6,4.8,3.5,19.1,66.2,10,15.1,56.5,18.2,Shrubland,Carnivore,Invertivore,Insessorial,NA,10.3,1.224160491,-1.534725786,LC,508,6.17E+12,-51.48392125,-5.83244659,Neotropical,23,0.000203339,0.000872164,177.9519204,0.818929994,0.594542801,3,1.068348881,0.038869562,14.13253365,0.073319356
Elaenia flavogaster,Tyrannidae,12.7,7.2,5,4,21.4,77.4,12.7,16.4,70.6,24.8,Woodland,Omnivore,Invertivore,Insessorial,12.5,10.3,1.703306126,-1.475584155,LC,1059,1.27E+13,-60.58657807,-6.171795436,Neotropical,86,0.008024035,0.001116899,961.7836862,7.407220961,-0.003151732,31,6.95700722,-1.705499946,7.569548113,0.138750993
Elaenia frantzii,Tyrannidae,12.6,7,4.4,3.6,16.6,74.6,15,19.3,65.4,19.6,Forest,Herbivore,Frugivore,Insessorial,NA,9.1,1.675264726,-1.596887681,LC,75,9.11E+11,-73.04262084,6.514060541,Neotropical,37,0.002288567,0.000928421,135.7539291,1.620104582,0.394796667,3,1.54188038,0.371952448,2.93822294,0.361257904
Elaenia mesoleuca,Tyrannidae,12.5,7.1,4.1,3.8,16,80,17.7,22.1,66.4,17.6,Forest,Omnivore,Invertivore,Insessorial,NA,8.7,0.183346153,-1.031384343,LC,214,2.44E+12,-49.08135545,-22.06324938,Neotropical,12,0.000123273,0.000874907,161.3256088,0.482726198,0.70048574,7,0.71105417,0.253859414,6.211369181,0.167333778
Elaenia obscura,Tyrannidae,15.8,8.2,4.1,4.3,20.3,84.7,13.1,15.4,84.5,23.9,Forest,Omnivore,Invertivore,Insessorial,NA,7.4,0.831976348,-0.980885819,LC,229,2.62E+12,-50.58756929,-24.1976753,Neotropical,29,0.001752823,0.00098589,261.9195286,1.963912819,0.9349415,12,2.067639703,0.446565478,6.244705819,0.174435966
Elaenia pallatangae,Tyrannidae,12.7,6.3,3.5,3.1,17.5,73.8,15.6,21.1,68.6,17.8,Forest,Omnivore,Invertivore,Insessorial,NA,6.5,3.251050594,-1.42204099,LC,87,1.06E+12,-75.01135065,-7.308410243,Neotropical,9,0.000348599,0.00085159,48.95928879,-0.01910182,0.519330251,6,0.086285997,0.504580615,3.688801214,0.284677456
Elaenia parvirostris,Tyrannidae,13.2,6.5,3.5,3.1,18.6,69.4,13.9,19.9,64.9,13.8,Forest,Carnivore,Invertivore,Insessorial,NA,NA,3.075315838,-1.463002875,LC,1020,1.20E+13,-61.43486555,-11.71654447,Neotropical,14,0.001083095,0.000961796,108.0966727,0.853571771,1.027265625,6,0.945440477,0.982946508,7.051712235,0.147068519
Elaenia spectabilis,Tyrannidae,14.9,8,4.6,4.1,19.2,81.7,15.7,18.9,72.3,27.3,Shrubland,Omnivore,Invertivore,Insessorial,NA,9.1,1.931604547,-1.459038734,LC,794,9.50E+12,-57.63965021,-11.70160554,Neotropical,3,1.06E-05,0.00078964,23.62718025,-0.548888732,0.237355664,4,-0.454176696,0.251030427,4.925667721,0.211472868
Elaenia strepera,Tyrannidae,12.5,5.8,4.3,3.5,16.2,78.6,17,21.6,63.7,19.3,Woodland,Carnivore,Invertivore,Insessorial,NA,NA,4.964560875,-1.726421684,LC,276,3.33E+12,-69.40904933,-4.991563514,Neotropical,28,0.000757961,0.000942914,190.0248319,1.351461537,0.890369992,6,1.568576341,0.407569142,11.05352181,0.095577071
Elminia longicauda,Stenostiridae,14.3,7,4.3,2.4,15.9,66.9,12.1,18.1,98.6,9.9,Forest,Carnivore,Invertivore,Insessorial,NA,NA,0.692005216,-1.394230432,LC,443,5.42E+12,18.76332613,1.898748078,Afrotropical,3,0.000671014,0.000840755,5.857780444,-0.296636217,0.415560193,5,-0.296096799,0.650814485,14.66871851,0.069075736
Emberiza capensis,Emberizidae,12.8,7.7,4.3,5.6,18.9,76.8,12.2,16.1,65.4,20.9,Shrubland,Herbivore,Granivore,Terrestrial,NA,NA,0.50083853,-0.305037689,LC,226,2.51E+12,23.12321103,-26.2507965,Afrotropical,1,0,0.000682452,1.278726458,-1.07727287,-0.43356216,1,-1.073422236,-0.366368476,8.535953434,0.137180327
Emberiza cia,Emberizidae,12.5,8.2,3.7,4.8,18.6,79.8,15.7,19.6,70.1,23.4,Rock,Omnivore,Omnivore,Terrestrial,NA,NA,0.871686755,0.264698149,LC,852,8.09E+12,21.58234712,40.40274511,Palearctic,2,0,0.000707917,2.788288313,-0.951952141,-0.276968518,5,-0.926576504,-0.21403823,4.238485682,0.264165836
Emberiza citrinella,Emberizidae,13.4,8,4.7,5.9,19.1,88.2,22.6,25.7,72.8,29.7,Shrubland,Herbivore,Granivore,Terrestrial,NA,NA,1.303393155,0.727671092,LC,2715,1.99E+13,48.33728702,56.6679701,Palearctic,1,0,0.000707917,2.032695443,-0.979545862,-0.270572307,1,-0.957220795,-0.198634423,2.933964772,0.360780569
Embernagra longicauda,Thraupidae,18.4,10.6,6.2,8.3,25.4,79.8,8.8,11,94.2,42.2,Shrubland,Omnivore,Omnivore,Terrestrial,NA,NA,0.06605183,-0.878870353,LC,24,2.84E+11,-42.17785048,-15.94912133,Neotropical,3,4.31E-07,0.000759237,8.489513174,-0.715715243,0.045014662,1,-0.648401968,0.097372018,5.516010404,0.193736344
Empidonax alnorum,Tyrannidae,15.2,8.5,5.8,4,17.3,68.4,12.4,19.2,56.1,12.7,Shrubland,Carnivore,Invertivore,Insessorial,NA,NA,3.110079362,0.241113379,LC,1897,1.64E+13,-100.1519815,47.55305315,Nearctic,2,2.51E-05,0.00077165,7.334280817,-0.693742743,0.125300522,2,-0.625395959,0.197045718,3.906410505,0.266204643
Empidonax atriceps,Tyrannidae,12.4,6.4,4.2,3,15.5,60,13.5,22.6,50.4,9,Forest,Carnivore,Invertivore,Insessorial,8.9,NA,0.367234995,-2.179171256,LC,6,72859378811,-83.50099393,9.52389979,Panamanian,1,0,0.000626857,1.533652938,-1.284176807,-0.789383859,1,-1.319695196,-0.738774347,4.048200326,0.256024027
Empidonax flaviventris,Tyrannidae,12.9,8.4,5.7,3.7,17.2,66.9,15.3,24.1,52.6,11.8,Forest,Carnivore,Invertivore,Insessorial,NA,NA,3.159532276,0.521440338,LC,1291,1.09E+13,-93.10870913,49.06244302,Nearctic,5,7.90E-05,0.000832845,31.96339874,-0.296516427,0.485692841,4,-0.174126218,0.486647251,6.21195346,0.166635978
Empidonax minimus,Tyrannidae,12.4,7.6,5.4,3.5,15.9,61.1,14.2,22.8,50.8,10,Forest,Carnivore,Invertivore,Insessorial,9,NA,2.566097196,0.359358137,LC,1531,1.35E+13,-99.47998585,46.51654157,Nearctic,3,4.48E-06,0.000741018,5.082792665,-0.79461092,-0.072516355,3,-0.742712854,-0.013247089,5.249902801,0.19802914
Empidonax traillii,Tyrannidae,13.1,8.5,5.9,4.3,18.4,66.5,16.2,23.5,59.1,13.4,Shrubland,Carnivore,Invertivore,Insessorial,9.6,NA,0.563032408,-0.099699846,LC,1352,1.33E+13,-100.4041615,37.57698951,Nearctic,7,0.000169534,0.000762278,8.018915339,-0.574715827,0.000754609,3,-0.525916794,0.067509405,3.906410505,0.266204643
Empidonax virescens,Tyrannidae,13.3,9.1,6.1,4,17.1,71,19.9,27.5,58.8,12.6,Forest,Carnivore,Invertivore,Insessorial,9,NA,3.216832036,-0.687966019,LC,642,6.88E+12,-85.77269978,29.48132894,Nearctic,8,0.000158504,0.0008101,20.26148707,-0.331476111,0.302955081,10,-0.237802195,0.334134177,8.700936107,0.118992139
Empidonomus aurantioatrocristatus,Tyrannidae,NA,NA,NA,NA,NA,NA,NA,NA,NA,NA,NA,NA,NA,NA,NA,NA,3.458881828,-1.368926224,NA,893,1.05E+13,-60.97037034,-15.26691351,Neotropical,1,0,0.000738892,4.447602424,-0.855597581,-0.072317424,1,-0.810042616,0.000484496,5.476035216,0.189635349
Empidonomus varius,Tyrannidae,17.5,10.5,6.3,5.5,15.3,96.8,23.5,24.2,80.6,27.1,Woodland,Omnivore,Invertivore,Insessorial,NA,NA,2.260097169,-1.468415046,LC,1192,1.42E+13,-57.0640768,-11.10286541,Neotropical,30,0.00260633,0.001019403,422.0502914,2.814208816,0.951057716,16,2.868524329,0.133517257,5.476035216,0.189635349
Entomodestes leucotis,Turdidae,19.8,8.8,6,5,26.2,112.5,23.5,20.8,115.9,61.7,Forest,Herbivore,Frugivore,Insessorial,NA,9.5,1.589173328,-1.117356193,LC,44,5.28E+11,-71.52940076,-12.55065512,Neotropical,9,2.00E-05,0.00079547,26.58079604,-0.36516203,0.234153601,5,-0.250542623,0.202738653,7.028117498,0.147394959
Epimachus albertisi,Paradisaeidae,75.6,65,6.4,7.1,35.7,147.6,19.3,13,122.2,110,Forest,Carnivore,Invertivore,Insessorial,NA,NA,2.230830505,-2.180804665,LC,24,2.94E+11,147.4266049,-8.165844348,Oceanina,4,2.57E-05,0.00061881,1.223940328,-1.2354715,-0.865881018,1,-1.273593173,-0.830333139,8.141427024,0.126419514
Eremomela pusilla,Cisticolidae,11.7,7,2.6,2.6,15.8,46.8,6.2,13.3,39.2,6.2,Woodland,Carnivore,Invertivore,Insessorial,NA,NA,0.430900384,-1.12868039,LC,528,6.40E+12,13.05775636,9.733362524,Afrotropical,4,1.05E-05,0.000705083,2.034836127,-0.913097582,-0.310287383,1,-0.886722035,-0.256379065,5.25955282,0.245924611
Eremomela turneri,Cisticolidae,10.2,6.2,2.4,2.6,16.3,50.8,5,9.8,31.8,7.3,Forest,Carnivore,Invertivore,Insessorial,NA,NA,0.107636059,-1.396700049,NT,3,36907334177,25,-2.311978081,Afrotropical,2,5.72E-06,0.000681309,1.585098307,-1.054421587,-0.448564943,1,-1.049612458,-0.387941224,5.653515086,0.219560786
Erithacus rubecula,Muscicapidae,14,7,2.9,3.3,24.5,71.6,14.2,19.9,56.9,17.7,Forest,Carnivore,Omnivore,Generalist,14.3,NA,0.549256073,0.444044802,LC,2178,1.71E+13,29.78227269,53.37925815,Palearctic,88,0.001289194,0.000921678,67.37684653,2.455795272,0.250437737,79,2.658038893,-0.10879489,15.11535306,0.071639552
Erpornis zantholeuca,Vireonidae,15.4,8.4,3.9,4.2,16.7,66.4,11.3,17.1,44,11.8,Forest,Omnivore,Invertivore,Insessorial,7.2,NA,4.96834909,-1.410264469,LC,466,5.42E+12,102.1557755,20.80339581,Oriental,4,0.000192283,0.000639796,2.028004904,-1.123680949,-0.769117147,2,-1.17712421,-0.692708777,20.54336271,0.050487757
Estrilda astrild,Estrildidae,9.7,7.3,4.8,5.9,13.6,46.6,8,16.8,49.3,8.3,Grassland,Herbivore,Granivore,Generalist,11.4,NA,0.612428437,-0.859207474,LC,919,1.08E+13,25.92580621,-12.83564018,Afrotropical,2,0,0.000662792,1.340277543,-1.125503441,-0.565785682,2,-1.132921094,-0.510895253,3.998137443,0.29314409
Estrilda nonnula,Estrildidae,9.4,7,4.3,5.8,14.9,48.3,7.9,16.3,46.8,7.7,Grassland,Herbivore,Granivore,Generalist,12.3,NA,0.466451204,-1.412741954,LC,160,1.97E+12,22.24255955,2.453023445,Afrotropical,2,1.02E-05,0.000667364,1.315609994,-1.106623025,-0.538825501,1,-1.112682817,-0.48025765,2.082982121,0.565609122
Eubucco bourcierii,Capitonidae,20.6,14.8,5.8,8.6,20.9,72,10.6,14.8,52.4,37,Forest,Herbivore,Frugivore,Insessorial,NA,13.5,7.097632797,-1.830582104,LC,61,7.47E+11,-77.1028119,1.297115803,Neotropical,19,6.32E-05,0.000845532,87.43597767,0.286558489,0.481017301,6,0.486304175,0.208852731,10.21055988,0.110123395
Eubucco versicolor,Capitonidae,22,16.3,6.2,8.7,20,71.7,10.9,15.2,55.2,32.8,Forest,Herbivore,Frugivore,Insessorial,NA,11.3,1.87485132,-1.17071175,LC,47,5.64E+11,-71.62860199,-12.33210825,Neotropical,14,0.00010491,0.000833302,59.37749058,0.02821204,0.425260852,5,0.184051101,0.283600974,9.525310807,0.12826488
Eucometis penicillata,Thraupidae,18,11.6,6.4,6.9,20.4,88.7,16.3,18.2,76.8,27,Forest,Carnivore,Invertivore,Insessorial,NA,NA,1.537619898,-1.68608814,LC,645,7.78E+12,-64.82847617,-5.022712959,Neotropical,9,0.000379082,0.000851819,88.05077594,0.119922346,0.514030909,5,0.239667748,0.378164149,7.283388722,0.148520861
Eudynamys scolopaceus,Cuculidae,32.1,20.4,10.3,10.6,31,196.4,62.4,31.4,179.7,194.9,Woodland,Herbivore,Frugivore,Insessorial,NA,21.1,5.07731369,-1.236731071,LC,1191,1.37E+13,98.5530331,19.02599993,Oriental,16,0.000402069,0.000834011,15.48320043,-0.013262559,0.349881841,5,0.071516755,0.406139325,21.86351605,0.051096665
Eumyias thalassinus,Muscicapidae,12,7.6,5,3.3,13.8,76.2,15.7,20.9,61,18.1,Forest,Carnivore,Invertivore,Insessorial,13.9,NA,5.654877023,-1.244233867,LC,812,9.34E+12,95.89285815,20.99496967,Oriental,7,3.26E-05,0.000718913,3.698327867,-0.776622834,-0.245929027,3,-0.735628937,-0.208181437,4.974952633,0.215830646
Euphagus carolinus,Icteridae,23,15.3,5,6.6,30.2,114.4,32.1,28,90,59.6,Forest,Omnivore,Omnivore,Terrestrial,NA,NA,1.829963474,0.818018437,VU,1906,1.43E+13,-108.6971194,55.52829334,Nearctic,1,0,0.000652894,1.361347937,-1.187455094,-0.622738894,1,-1.204562246,-0.564189041,5.23210413,0.199043228
Euphonia affinis,Fringillidae,9.3,5,3.7,4,12.7,53.4,13.3,24.9,31.7,10,Woodland,Herbivore,Frugivore,Insessorial,NA,6.4,0.628410845,-1.258646822,LC,127,1.48E+12,-91.4453258,17.22380192,Panamanian,2,6.11E-07,0.000733291,6.169188364,-0.845546279,-0.114694317,1,-0.800542887,-0.055513117,7.046896988,0.180809689
Euphonia chalybea,Fringillidae,13.6,7.7,5.1,7.2,16,68.8,17.5,25.7,41,19,Forest,Herbivore,Frugivore,Insessorial,NA,8.2,0.435106012,-1.021019681,NT,91,1.01E+12,-50.7783243,-25.41006005,Neotropical,4,4.27E-08,0.000765066,18.66831082,-0.634453183,0.076041201,2,-0.555102912,0.090086581,5.720664746,0.228347219
Euphonia chlorotica,Fringillidae,9.2,5.9,4.1,4,12.9,56.7,13.7,24.2,32.9,11,Forest,Herbivore,Frugivore,Insessorial,NA,6.3,1.716173853,-1.358654593,LC,926,1.10E+13,-54.00661725,-15.10680309,Neotropical,38,0.002061863,0.000992428,410.6039108,2.774679304,0.849945285,22,2.925531247,-0.112751223,5.352213958,0.221880478
Euphonia cyanocephala,Fringillidae,9.4,5.4,4.1,4.1,14.5,64.2,18.6,28.9,37.8,14,Forest,Herbivore,Frugivore,Insessorial,NA,6.6,1.694894186,-1.15541901,LC,340,3.96E+12,-49.44292262,-23.54601678,Neotropical,15,0.000426611,0.000915483,93.84949702,0.536443841,0.872410877,11,0.711621494,0.707104876,7.389292809,0.174456826
Euphonia fulvicrissa,Fringillidae,10.1,6.5,4.7,4.9,14.5,51.2,10.3,20.2,26.7,11,Forest,Herbivore,Frugivore,Insessorial,10.2,6.5,10.99293591,-2.263140631,LC,39,4.77E+11,-77.08895017,5.579516843,Neotropical,1,0,0.000692556,2.011269488,-1.037028213,-0.368891719,2,-1.025627965,-0.301235372,5.057957595,0.252099375
Euphonia hirundinacea,Fringillidae,10.8,6.6,5.2,5.4,15.6,60.3,14.7,24.3,34.1,14,Forest,Herbivore,Frugivore,Insessorial,NA,6.9,1.173282915,-1.435035561,LC,96,1.13E+12,-90.52565109,17.11527044,Panamanian,14,0.000212613,0.000830216,48.03579086,-0.001969499,0.381195668,3,0.126119363,0.300095854,6.760690637,0.177604516
Euphonia imitans,Fringillidae,12,7,4.8,4.9,14.5,55.8,11.7,20.5,28.2,14,Forest,Herbivore,Frugivore,Insessorial,NA,6.6,0.490240747,-2.20902456,LC,5,60821386127,-83.30119224,8.890713463,Panamanian,1,0,0.000758666,7.726025454,-0.77058228,0.054248691,1,-0.709318086,0.121912848,6.145469419,0.231958867
Euphonia laniirostris,Fringillidae,10.1,6.5,5.6,5.7,17.3,61,14,23.4,37.1,15,Forest,Herbivore,Frugivore,Insessorial,10.1,7.5,2.260035069,-1.706349304,LC,446,5.42E+12,-68.66073885,-4.109585362,Neotropical,22,0.000398889,0.000902361,129.1819514,0.777342174,0.749990732,5,0.984870098,0.413249918,6.13572165,0.218622528
Euphonia mesochrysa,Fringillidae,12.4,5.6,4.6,4.6,15.6,57.8,12.9,22.3,34,13,Forest,Herbivore,Frugivore,Insessorial,NA,6.5,3.209337301,-1.281054039,LC,55,6.67E+11,-74.13915713,-8.004068568,Neotropical,7,1.15E-05,0.000798327,28.98362376,-0.397968726,0.267170847,4,-0.283866727,0.239833957,5.790094658,0.232470251
Euphonia minuta,Fringillidae,10.6,5.7,4.1,3.6,12.4,51.4,11.8,22.9,27.7,10,Forest,Herbivore,Frugivore,Insessorial,8.5,NA,2.817466981,-1.945149942,LC,506,6.17E+12,-68.18126009,-1.414636051,Neotropical,4,4.46E-06,0.000768953,21.52486502,-0.609430668,0.099926,1,-0.526684798,0.106710572,5.793331264,0.243409825
Euphonia musica,Fringillidae,9.7,5.2,4.4,4.3,14.4,64,19.4,30.3,36,14.7,Forest,Herbivore,Frugivore,Insessorial,10.4,6.9,0.329849056,-1.426414306,LC,29,3.40E+11,-70.10384765,18.69327731,Panamanian,11,9.18E-05,0.000827382,29.06683826,-0.174200114,0.409424557,4,-0.043520122,0.382027323,8.954830972,0.152042374
Euphonia pectoralis,Fringillidae,10.9,7.6,4.7,5.3,15.9,61.1,13.6,21.8,33.9,14.4,Forest,Herbivore,Frugivore,Insessorial,NA,7.4,0.150036375,-1.087358835,LC,167,1.91E+12,-48.92552448,-21.91435398,Neotropical,37,0.001369786,0.000986942,317.6330696,2.286562436,0.976997511,9,2.511062661,0.167799829,7.546655761,0.159959855
Euphonia violacea,Fringillidae,10,6.6,4.8,5.2,13.9,57.9,16.2,27.6,33.2,15,Forest,Herbivore,Frugivore,Insessorial,8.8,7.6,1.930890116,-1.534198348,LC,515,6.17E+12,-51.50114811,-9.014234358,Neotropical,53,0.001261138,0.000990485,430.8571604,3.064273425,0.922115022,14,3.411318035,-0.385987565,5.70412246,0.241492731
Euphonia xanthogaster,Fringillidae,10.7,6,4.8,4.8,16.4,61.4,13.7,22.4,36,13,Forest,Herbivore,Frugivore,Insessorial,9.7,6.3,3.862020232,-1.812834049,LC,417,5.07E+12,-69.30287595,-3.115070323,Neotropical,57,0.00202659,0.000968746,314.7231594,2.830141909,0.584484069,12,2.972774896,-0.20290838,5.027198845,0.265355197
Falco novaeseelandiae,Falconidae,27.1,17.7,10.4,15.9,56.5,262.2,105.8,39.8,172.4,418.6,Forest,Carnivore,Vertivore,Aerial,NA,NA,2.323929264,-0.579884863,NT,49,4.44E+11,172.1859003,-42.3313662,Australian,1,0,0.000608089,1.113789282,-1.355739526,-0.909504365,1,-1.404804482,-0.862836097,9.387390449,0.112985642
Ficedula hypoleuca,Muscicapidae,12.8,6.5,4.1,3.2,17.6,79.3,24.2,30.4,52.1,13.8,Forest,Carnivore,Invertivore,Insessorial,NA,NA,3.258861229,0.059100204,LC,2824,2.57E+13,25.8812981,47.26880861,Palearctic,19,0.000375016,0.000893675,28.57848291,0.324237645,0.718688057,36,0.471019583,0.723253922,3.126858681,0.340096489
Ficedula narcissina,Muscicapidae,14,7.6,4.1,3.5,16.2,75.2,22.6,29.9,47.4,13.1,Forest,Carnivore,Invertivore,Insessorial,14.2,NA,6.800364022,-0.669819522,LC,271,2.82E+12,139.9037529,41.82948911,Sino-Japanese,1,0,0.000646333,1.123200005,-1.212781397,-0.66473012,2,-1.23467036,-0.607258701,6.717867739,0.167943008
Ficedula parva,Muscicapidae,12.8,6.5,3.5,2.9,15.4,67,17,25.3,52.8,10.8,Woodland,Carnivore,Invertivore,Insessorial,NA,NA,1.916647972,0.20707856,LC,2837,2.59E+13,33.06779645,44.65784704,Palearctic,1,0,0.000670885,1.539386167,-1.119617083,-0.507593558,7,-1.123852363,-0.444530476,3.187820385,0.345076153
Fluvicola nengeta,Tyrannidae,17.8,11.5,4.9,3.7,22.1,70.5,11.5,16.4,64,21,Wetland,Carnivore,Invertivore,Terrestrial,NA,NA,0.346996888,-1.117108608,LC,200,2.40E+12,-41.74743752,-12.1281154,Neotropical,1,0,0.000783926,22.09980467,-0.627438234,0.215960039,2,-0.540946408,0.243694945,15.29049027,0.067776083
Formicivora rufa,Thamnophilidae,16.5,9.2,3.3,3.6,20.9,51.3,3.2,6,56.2,10.8,Grassland,Carnivore,Invertivore,Insessorial,NA,NA,0.415975362,-1.255688644,LC,415,4.93E+12,-51.9396429,-15.39990109,Neotropical,1,0,0.000654517,2.012863023,-1.179180145,-0.612349156,1,-1.194804147,-0.555473726,4.6945009,0.247885295
Fringilla coelebs,Fringillidae,14.7,9.8,5.5,6.7,17.8,85.9,23.7,27.6,65.9,23.8,Forest,Omnivore,Invertivore,Generalist,14.6,NA,1.09788846,0.506610003,LC,2506,1.95E+13,35.85724013,54.2306554,Palearctic,42,0.002206374,0.000920306,30.40086774,1.342553023,0.329099846,38,1.233653428,0.597874878,11.25258005,0.090228519
Fringilla montifringilla,Fringillidae,14.4,9.5,5.9,7.4,19,89.3,29,32.5,61.7,23.2,Forest,Herbivore,Omnivore,Generalist,14.8,NA,4.060654843,0.870122842,LC,4201,3.10E+13,82.03827366,57.10186554,Palearctic,2,0,0.000707917,2.788288313,-0.951952141,-0.276968518,1,-0.926576504,-0.21403823,17.745136,0.057018399
Furnarius rufus,Furnariidae,23.4,15.3,3.9,4.8,30.9,95.8,15.4,16.1,67.4,46.4,Shrubland,Carnivore,Invertivore,Terrestrial,18.1,NA,0.956924443,-0.821555442,LC,625,7.01E+12,-55.47638002,-24.18889242,Neotropical,1,0,0.000781868,20.85871488,-0.639335672,0.202788781,1,-0.554934235,0.234006374,2.812221573,0.45862136
Gallicolumba xanthonura,Columbidae,19.7,11.9,3.8,4.8,29.8,139.2,39,28.4,87.8,110.6,Forest,Herbivore,Frugivore,Insessorial,NA,NA,0.46385319,-1.928039016,NT,6,71530965782,145.2508481,14.44337501,Oceanina,5,0.000284324,0.000742801,3.213911949,-0.692744167,-0.136996558,3,-0.686668171,-0.021074751,10.39666699,0.132885993
Gallinula chloropus,Rallidae,33.9,13.2,4.3,8.1,45.9,165.5,53,32.2,69,339.6,Wetland,Omnivore,Omnivore,Terrestrial,NA,NA,4.298462751,-0.343441358,LC,6920,7.12E+13,62.21436796,41.04336591,Palearctic,2,8.22E-06,0.000865534,11.97862478,-0.330226742,0.730000725,2,-0.18972656,0.80933031,9.3284094,0.119406461
Galloperdix bicalcarata,Phasianidae,22.7,10.1,6.1,6.1,49.1,150,24.6,16.9,97.6,290.9,Forest,Herbivore,Omnivore,Terrestrial,NA,NA,0.462365563,-1.741236704,LC,8,97702165199,81,7.192514626,Oriental,2,0.000172053,0.000668279,1.43091497,-1.073042767,-0.569460936,1,-1.108166514,-0.474523663,6.895427484,0.172734638
Gallus gallus,Phasianidae,30.9,15.4,8.9,8.9,68.1,218.2,48.9,22.5,194,751.7,Forest,Herbivore,Omnivore,Terrestrial,NA,NA,3.68165531,-1.514568597,LC,773,9.06E+12,100.6047112,14.58145666,Oriental,2,5.58E-06,0.00072065,2.834510552,-0.903183641,-0.196732754,1,-0.86976498,-0.129088637,3.516959029,0.302982383
Gallus lafayetii,Phasianidae,NA,NA,NA,NA,NA,NA,NA,NA,NA,NA,NA,NA,NA,NA,NA,NA,0.478626592,-1.724454125,NA,12,1.46E+11,80.58300584,7.526840049,Oriental,3,0.002215057,0.000665993,1.443802383,-0.680692658,-1.051086807,1,-1.090584242,-0.502775069,5.362751453,0.197544749
Garrulax canorus,Leiotrichidae,23.9,13.6,5.2,7,36.4,92.4,6.4,7,104.1,62.8,Shrubland,Carnivore,Invertivore,Terrestrial,NA,NA,1.354304361,-0.537519336,LC,227,2.49E+12,110.0889054,27.18549175,Sino-Japanese,4,1.85E-05,0.000695024,2.12222715,-0.948921009,-0.376464393,3,-0.931117144,-0.3238902,3.881712856,0.287805666
Garrulax chinensis,Leiotrichidae,26,16,5.6,8,39.2,113,6.2,5.5,117.5,88.5,Forest,Carnivore,Invertivore,Generalist,NA,NA,2.443196084,-1.190601981,LC,184,2.13E+12,103.8647837,19.68737427,Oriental,1,0,0.000615153,1.262857939,-1.328835814,-0.864294601,1,-1.372806781,-0.816113631,4.273229989,0.292875816
Garrulax cinereifrons,Leiotrichidae,27.2,15.8,4.9,7.7,37.9,113.4,9.7,8.4,104.4,70,Forest,Omnivore,Invertivore,Generalist,NA,NA,1.159087326,-1.898853022,VU,6,73336241739,80.33303607,6.856509966,Oriental,1,0,0.000576223,1.052462706,-1.47503843,-1.113458668,1,-1.546774434,-1.075616746,4.636608478,0.278895489
Garrulax leucolophus,Leiotrichidae,28.9,16.6,5.4,7.5,42.8,131.1,7.4,5.7,130.1,123.4,Forest,Carnivore,Invertivore,Terrestrial,NA,NA,5.447949364,-1.24369695,LC,234,2.68E+12,97.7831203,21.06594483,Oriental,4,1.34E-06,0.000621096,2.077100885,-1.228521077,-0.845750007,1,-1.260100638,-0.817847054,3.916763073,0.303934909
Garrulax lineatus,Leiotrichidae,18.2,9.1,4,5.1,27.9,81.3,7.1,8.7,90.8,40.7,Woodland,Carnivore,Invertivore,Terrestrial,NA,NA,0.308143861,0.126691365,LC,86,8.90E+11,74.20342693,33.21777598,Oriental,3,2.64E-06,0.000703711,2.201966076,-0.944141926,-0.310885352,1,-0.9198702,-0.25316234,5.863604142,0.208117079
Garrulax monileger,Leiotrichidae,27.8,16.5,5.9,7.6,40.5,122.6,11.7,9.5,129,83.7,Forest,Carnivore,Invertivore,Generalist,NA,NA,4.597897103,-1.1226771,LC,320,3.66E+12,103.2342355,21.6889075,Oriental,7,0.000109038,0.000741224,6.350099166,-0.670185479,-0.120361322,3,-0.626061273,-0.067743026,3.929818285,0.297974253
Garrulax pectoralis,Leiotrichidae,33.1,22.1,7.4,9.3,46.2,141.6,9.8,7,135.5,145.1,Forest,Carnivore,Invertivore,Terrestrial,27.7,NA,5.372521953,-0.847771235,LC,300,3.34E+12,103.6408308,25.30957865,Oriental,3,4.65E-05,0.00084887,19.17006817,-0.33605296,0.608341897,1,-0.208116529,0.661482532,3.801178474,0.317030888
Garrulax poecilorhynchus,Leiotrichidae,25.9,16,6.3,8,40.5,107.6,4,3.8,120.8,72,Forest,Omnivore,Omnivore,Insessorial,NA,NA,1.309429644,-1.572335618,LC,7,78891994296,121.0724081,23.98722253,Oriental,2,0,0.000553775,1.088770594,-1.533777197,-1.263531905,1,-1.618775679,-1.238700592,1.753333229,0.632244911
Garrulus glandarius,Corvidae,33,19.9,9,11.6,39.1,181.1,35.4,19.4,150.2,159.5,Forest,Omnivore,Omnivore,Insessorial,24.6,NA,2.285682374,0.524990394,LC,3403,2.76E+13,63.14912631,51.30582377,Palearctic,25,0.000531254,0.000900533,30.66618456,0.535875771,0.688972489,34,0.675853868,0.684671534,10.29435357,0.105059545
Geopelia striata,Columbidae,17.2,7.6,2.5,2.9,15.5,97,27.1,27.7,95,56.6,Woodland,Herbivore,Granivore,Terrestrial,NA,NA,3.124183734,-1.970282432,LC,304,3.69E+12,103.1226891,3.911330538,Oriental,2,8.08E-05,0.000800407,10.30058654,-0.565965336,0.296807561,2,-0.485930814,0.379539858,10.06545306,0.118926849
Geospiza conirostris,Thraupidae,22.9,15.7,9,13.8,22.7,78,13.5,17.4,47.5,27.6,Shrubland,Herbivore,Frugivore,Insessorial,18,NA,0.050961628,-0.712289226,VU,2,24614464457,-89.5,-1.311939963,Neotropical,2,0,0.00059842,1.39007506,-1.365908527,-0.977790443,2,-1.419035666,-0.941298933,0.831853645,1.55559416
Geospiza fortis,Thraupidae,18.2,12.3,8.8,11.1,20.8,73.4,13.5,19,41.5,24,Shrubland,Herbivore,Granivore,Terrestrial,16.1,NA,0.021260219,-0.727963857,LC,8,98462194055,-90.62499378,-0.437006896,Neotropical,28,0.000408735,0.000878016,31.50784419,0.507136826,0.553287875,3,0.662085093,0.492631877,5.017100677,0.219146067
Geospiza fuliginosa,Thraupidae,12.8,9,5.8,6.9,19.5,62.8,10.4,16.8,36.9,14.5,Shrubland,Herbivore,Granivore,Terrestrial,13.5,NA,0.021260219,-0.727963857,LC,8,98462194055,-90.62499378,-0.437006896,Neotropical,44,0.001295957,0.000846241,21.94329138,0.919664123,0.047494037,3,0.9266696,0.104673225,0.612869703,1.999845667
Geospiza magnirostris,Thraupidae,24,18,12.7,18,25.4,83.6,13.2,15.7,48.2,34.5,Shrubland,Herbivore,Granivore,Terrestrial,18.6,NA,0.025001279,-0.723192345,LC,9,1.11E+11,-90.5,-0.311996915,Neotropical,15,7.26E-05,0.000795378,12.36377864,-0.253858892,0.18329031,3,-0.140166788,0.171074284,0.765682881,1.609123111
Geospiza scandens,Thraupidae,20.4,14.4,7,8.4,22.2,72.2,10,14.8,40.8,22.7,Shrubland,Herbivore,Omnivore,Insessorial,16.5,NA,0.021260219,-0.727963857,LC,8,98462194055,-90.62499378,-0.437006896,Neotropical,12,7.05E-05,0.000794692,12.06717328,-0.332905752,0.198565588,3,-0.227470774,0.206253905,0.883897566,1.494708368
Geothlypis aequinoctialis,Parulidae,14.4,8.4,3.1,3.8,21.7,58.1,7.8,13.5,56.3,13.1,Shrubland,Carnivore,Invertivore,Insessorial,NA,NA,1.822281384,-1.238553669,LC,865,1.01E+13,-56.97928415,-20.13413928,Neotropical,1,0,0.000842218,37.75594764,-0.356497659,0.589090857,1,-0.22066032,0.582053303,4.460623006,0.247462147
Geotrygon frenata,Columbidae,26.8,11.9,4.6,5.7,42.3,155.8,28.5,18.2,100.7,307,Forest,Herbivore,Omnivore,Terrestrial,NA,NA,5.039952876,-1.168090786,LC,87,1.05E+12,-73.65998656,-8.661989765,Neotropical,4,9.50E-06,0.000803768,21.32575526,-0.479066994,0.321616866,1,-0.372614233,0.340052794,9.471940929,0.13251322
Gerygone igata,Acanthizidae,12.7,7.7,2.7,2.6,20.4,54.3,9.6,17.7,48.3,6.4,Shrubland,Carnivore,Invertivore,Insessorial,NA,NA,2.163775311,-0.561350962,LC,62,5.75E+11,172.5906702,-41.64498101,Australian,4,1.41E-06,0.000636024,1.909831306,-1.173289924,-0.750225544,1,-1.194360708,-0.717531417,7.511552417,0.155587561
Gnorimopsar chopi,Icteridae,25.1,16.5,6.4,9.1,32.8,124.2,25.6,21.1,87.9,65.9,Grassland,Omnivore,Omnivore,Terrestrial,22.4,NA,0.613138582,-1.077474074,LC,592,6.87E+12,-51.4356249,-18.64715649,Neotropical,6,0.000237834,0.00085479,59.15016701,-0.068053364,0.584009217,4,0.057142836,0.531408611,6.136316396,0.169819914
Gracula ptilogenys,Sturnidae,30.6,17.5,8,10.9,33.2,152.2,33.9,22.2,71.8,192,Forest,Herbivore,Frugivore,Insessorial,NA,16.6,0.640901428,-1.875736084,NT,5,61108565869,80.90023929,6.890114805,Oriental,2,0,0.000477172,1.065984485,-1.820134053,-1.753811949,1,-1.959567736,-1.750606331,4.330804555,0.238063053
Gracula religiosa,Sturnidae,33,21,10,12.9,37.8,169.3,43.9,26,79.8,192,Forest,Herbivore,Frugivore,Insessorial,31,18.9,4.195085582,-1.816685933,LC,549,6.55E+12,103.99721,10.31282314,Oriental,41,0.002246349,0.000927073,40.05916579,1.382914774,0.36982033,8,1.273693809,0.624418751,4.330804555,0.238063053
Guira guira,Cuculidae,30.7,18.9,7.5,11.5,36.4,173.6,43.2,24.9,213.8,141,Human Modified,Carnivore,Invertivore,Terrestrial,NA,NA,1.358957701,-0.935115094,LC,799,9.08E+12,-54.13271925,-21.58904978,Neotropical,4,3.93E-06,0.000780748,18.22829485,-0.576625094,0.175531965,2,-0.487070873,0.196336785,47.56654312,0.021150469
Gymnobucco bonapartei,Lybiidae,18.2,12.2,8.6,9.1,19.1,78.9,12.3,15.2,44.7,63,Forest,Omnivore,Frugivore,Insessorial,NA,15.3,0.353757819,-1.395406757,LC,312,3.83E+12,22.32367691,-0.074353638,Afrotropical,12,0.000166789,0.000764975,4.84152481,-0.450757493,-0.013362727,5,-0.387807585,0.03128342,5.592206333,0.226869505
Gymnoderus foetidus,Cotingidae,29.3,16.6,9.5,8.8,31.9,201.4,42.1,20.5,121.7,275.5,Forest,Herbivore,Frugivore,Insessorial,33.2,21.7,1.399085576,-1.798733165,LC,525,6.39E+12,-61.53007172,-6.252876361,Neotropical,5,1.26E-05,0.000781297,18.73536942,-0.546234141,0.170698234,1,-0.454955089,0.185413189,10.45712131,0.102179394
Gymnophaps albertisii,Columbidae,23.1,10.7,4.8,5.7,24.6,200.2,75,37.5,148.2,259,Forest,Herbivore,Frugivore,Insessorial,NA,11.9,3.555304795,-2.424397437,LC,92,1.13E+12,142.5826699,-4.888569917,Oceanina,2,2.44E-05,0.000511347,1.083110178,-1.687864743,-1.540585629,2,-1.80750118,-1.522249798,8.728335287,0.128459465
Habia fuscicauda,Cardinalidae,20.2,13.4,7.3,8.4,25.2,95.7,12.9,13.3,84.8,36.8,Forest,Carnivore,Invertivore,Insessorial,NA,NA,1.333737774,-1.538272594,LC,108,1.28E+12,-88.41529104,15.75062946,Panamanian,3,0,0.000699299,3.949979989,-0.955188827,-0.338521915,5,-0.932679767,-0.288370872,7.467719563,0.146020148
Habia rubica,Cardinalidae,18.1,11.9,6.9,8.3,23.7,92.5,15.9,17.6,84,32.5,Forest,Carnivore,Invertivore,Insessorial,15.6,NA,2.201741018,-1.599176498,LC,651,7.78E+12,-66.04190901,-5.912891563,Neotropical,31,0.001056702,0.00096694,258.9020138,1.804866662,0.957787549,10,2.026990804,0.303921838,9.476243452,0.112400791
Haplospiza unicolor,Thraupidae,13.7,8.8,4.3,6.5,17.6,64.2,11.8,18.4,49,15.3,Forest,Herbivore,Granivore,Generalist,NA,NA,0.268385034,-1.031603487,LC,115,1.29E+12,-49.46485138,-24.44771675,Neotropical,5,3.21E-05,0.000768953,22.55338888,-0.575822022,0.087293075,3,-0.494976716,0.090413476,7.150014402,0.14628473
Harpactes diardii,Trogonidae,25.4,14.7,12.3,12.4,16.8,142.4,49.3,35.3,154.6,98.3,Forest,Carnivore,Invertivore,Insessorial,NA,NA,2.041077932,-2.34408446,NT,162,1.99E+12,114.4551135,0.916391124,Oriental,1,0,0.000620982,1.659657664,-1.305705305,-0.826984804,1,-1.345333806,-0.778452328,13.11765881,0.078090625
Harpactes oreskios,Trogonidae,17.7,11.7,7.6,8.3,12.6,122.4,47.9,39.2,136.6,57.3,Forest,Carnivore,Invertivore,Insessorial,NA,NA,3.719081278,-1.652078178,LC,234,2.79E+12,102.1063376,16.44201582,Oriental,1,0,0.000617325,1.319187073,-1.320528844,-0.85039513,1,-1.362928379,-0.801783481,23.99318196,0.042394534
Helmitheros vermivorum,Parulidae,15.3,10.2,3.7,4.5,17.7,68.3,18,26.2,48.4,14.2,Forest,Carnivore,Invertivore,Insessorial,12.5,NA,1.363110264,-0.721641953,LC,475,5.10E+12,-87.02567283,30.68587953,Nearctic,3,3.04E-06,0.00075942,7.300025475,-0.71858533,0.045593365,1,-0.652224801,0.102487421,12.36924454,0.08397403
Hemignathus flavus,Fringillidae,17,11.8,3.5,4,20.5,62,16.8,27,42.5,12.6,Forest,Herbivore,Omnivore,Insessorial,NA,NA,0.028265668,-1.145127345,VU,2,22917352258,-158,21.68897769,Nearctic,1,0,0.000693653,1.495762,-1.034675649,-0.361870357,1,-1.022756972,-0.292214496,2.74955973,0.45566343
Hemignathus virens,Fringillidae,17.6,11.3,3.7,4.4,21.6,65.3,13.2,20.9,45,13.7,Forest,Carnivore,Invertivore,Insessorial,NA,NA,0.612963513,-1.413974714,LC,4,46425205458,-155.1659924,19.35756691,Nearctic,1,0,0.000644619,1.174039325,-1.219016329,-0.675703119,1,-1.242097614,-0.61888392,2.665972364,0.41417602
Hemiphaga novaeseelandiae,Columbidae,29.6,13,5.9,6,34.5,256.6,81.4,31.7,193.2,653,Forest,Herbivore,Frugivore,Insessorial,NA,14.9,2.109075021,-0.572254239,NT,61,5.66E+11,172.6096816,-41.57905094,Australian,24,1.85E-05,0.000659683,6.319172076,-0.566146863,-0.730599548,5,-0.517958941,-0.832447013,19.9691614,0.050761673
Hemithraupis flavicollis,Thraupidae,13.5,8.1,4.1,5.1,15.7,67.9,13.6,21,53.2,12.8,Forest,Omnivore,Invertivore,Insessorial,8.4,NA,2.232244551,-1.83988152,LC,565,6.88E+12,-63.96493578,-4.242558384,Neotropical,6,7.62E-05,0.000835817,74.86514074,-0.11539971,0.499053075,3,0.034006489,0.353163357,4.802989555,0.240246819
Hemithraupis guira,Thraupidae,13.5,8.4,4.1,4.8,16,63.5,13.7,21.4,52.2,12,Forest,Carnivore,Invertivore,Insessorial,9,NA,1.49481317,-1.533376007,LC,907,1.09E+13,-59.25205264,-7.624995579,Neotropical,23,0.000192873,0.000884279,299.2501563,1.273615782,0.674786648,6,1.595013465,-0.277157261,5.063080839,0.226765431
Hemithraupis ruficapilla,Thraupidae,14.5,9.3,3.9,4.5,16.2,64,12.9,20.3,49.4,11,Forest,Carnivore,Invertivore,Insessorial,NA,NA,0.253373878,-1.064011024,LC,82,9.45E+11,-44.3399361,-20.63904387,Neotropical,20,0.000139525,0.000889537,254.8797469,1.05789328,0.739535271,6,1.362359858,-0.058002551,5.221903449,0.218138902
Hemitriccus diops,Tyrannidae,12.9,7.3,4,3.1,18.2,53.2,6.1,11.5,49.4,10,Forest,Carnivore,Invertivore,Insessorial,9.2,NA,0.311551634,-1.025500246,LC,98,1.12E+12,-47.21044828,-22.21916308,Neotropical,1,0,0.000655637,3.328660479,-1.170532042,-0.605176339,1,-1.184693692,-0.552293827,6.421542995,0.175498825
Hemixos flavala,Pycnonotidae,19.5,11.4,4.4,5.2,18.4,95.3,17.3,18.4,88.8,32.5,Forest,Omnivore,Omnivore,Insessorial,NA,NA,4.839667425,-1.551264611,LC,249,2.91E+12,98.04334681,21.44886306,Oriental,18,0.000634306,0.000830834,9.3500561,0.046848268,0.264373021,7,0.088877972,0.379114164,9.568049699,0.107362834
Heterophasia auricularis,Leiotrichidae,20.6,11.8,5,5.5,30.7,101.7,17.4,17,106.4,41.8,Forest,Herbivore,Omnivore,Insessorial,NA,NA,1.69494327,-1.530324128,LC,6,67771522113,121,23.69672703,Oriental,6,0.000559456,0.000751716,4.963028893,-0.57785165,-0.148358356,1,-0.612499345,0.019855583,5.094503166,0.282391535
Heterophasia picaoides,Leiotrichidae,24.3,13.7,4.4,5.2,28.5,120.4,24.5,20.7,207,42.4,Forest,Herbivore,Omnivore,Insessorial,NA,NA,6.030930919,-1.560968964,LC,220,2.56E+12,97.51765149,21.83989068,Oriental,2,1.33E-07,0.000716078,2.815121187,-0.921337798,-0.224766254,2,-0.890174975,-0.159582044,4.307416128,0.307077479
Himatione sanguinea,Fringillidae,20.2,12.3,4.2,4.7,22.8,71.7,22.1,30.5,52.4,15.2,Forest,Herbivore,Nectarivore,Insessorial,13.8,NA,0.394978473,-1.23516711,LC,11,1.27E+11,-156.7074673,20.49826074,Nearctic,1,0,0.000693653,1.495762,-1.034675649,-0.361870357,2,-1.022756972,-0.292214496,3.338228488,0.316064772
Hippolais icterina,Acrocephalidae,17.5,9.1,3.8,3.4,20.6,77.9,24,30.8,54.6,13.2,Woodland,Carnivore,Invertivore,Insessorial,10.1,NA,4.425416811,-0.237978424,LC,3245,3.29E+13,19.96574765,8.060844804,Afrotropical,3,6.34E-05,0.000872415,12.97875197,-0.265947461,0.755214734,7,-0.127525853,0.839114241,7.226325827,0.153455052
Hippolais pallida,Acrocephalidae,16.6,8.3,3.7,2.9,20.8,64.9,14.7,22.6,53,9,Shrubland,Carnivore,Invertivore,Insessorial,NA,NA,2.153654872,-0.430983259,LC,1768,1.96E+13,20.09385614,9.81325023,Afrotropical,13,0.000199424,0.000768404,5.144448587,-0.405880826,-0.005171501,5,-0.343676824,0.040278825,6.73146869,0.161440539
Hirundo rustica,Hirundinidae,12.4,6,4.5,2.7,11.7,115.8,62.3,52.6,71.4,17.9,Human Modified,Carnivore,Invertivore,Aerial,NA,NA,1.255594328,-0.028656539,LC,11755,1.12E+14,81.78386875,48.14641782,Palearctic,3,4.08E-05,0.000870335,13.36779815,-0.276549996,0.746984975,1,-0.135261649,0.823937539,3.209196488,0.318139421
Hylia prasina,Scotocercidae,13,8.3,3.4,3.4,20.1,61.5,8.4,13.4,42.9,13.1,Forest,Carnivore,Invertivore,Insessorial,9.7,NA,0.904510599,-1.480780737,LC,434,5.31E+12,11.98607951,2.717158038,Afrotropical,1,0,0.000682909,1.416031735,-1.075098634,-0.430635603,1,-1.070853626,-0.363762182,20.87242975,0.04851563
Hylocichla mustelina,Turdidae,19,11.9,5.1,5.4,32.1,106.5,29,26.9,71.3,50.1,Forest,Omnivore,Invertivore,Generalist,18.8,NA,0.911465654,-0.244930459,LC,698,6.99E+12,-85.65474397,36.78613963,Nearctic,73,0.001252513,0.000910134,79.12397163,2.070268779,0.280829749,11,2.236991897,-0.030436792,11.35576692,0.102229715
Hylophilus amaurocephalus,Vireonidae,12.6,7.7,3.5,4.2,17.2,52.8,6.8,12.9,49.3,11.7,Shrubland,Omnivore,Invertivore,Insessorial,NA,NA,0.215453154,-1.032136833,LC,157,1.86E+12,-44.03319107,-14.65189886,Neotropical,1,0,0.000728948,5.336383376,-0.889746175,-0.13595915,1,-0.850805825,-0.068885623,6.067510417,0.220856344
Hylophilus decurtatus,Vireonidae,14.6,8.4,3.5,3.7,16.9,52.5,6.8,12.8,36,8.5,Forest,Carnivore,Invertivore,Insessorial,8.7,NA,4.177683022,-1.729316723,LC,142,1.70E+12,-85.04233224,11.83925472,Panamanian,1,0,0.000765638,9.992159426,-0.736841147,0.098879169,1,-0.66947549,0.161095138,6.45441319,0.222436064
Hylophilus flavipes,Vireonidae,13.3,7.9,4.1,4.5,19.8,57.3,6.5,11.3,44,11.7,Shrubland,Carnivore,Invertivore,Insessorial,10.4,NA,1.105625184,-1.606697766,LC,115,1.40E+12,-69.89934908,8.095152957,Neotropical,1,0,0.000732789,5.493100549,-0.874862311,-0.111378872,2,-0.833114082,-0.043730781,5.731780903,0.240366688
Hylophilus poicilotis,Vireonidae,13.4,7.6,3.6,3.8,18.5,55.5,7,12.6,52.7,10.4,Forest,Carnivore,Invertivore,Insessorial,NA,NA,0.341968381,-1.020380429,LC,97,1.09E+12,-50.58764017,-25.05466125,Neotropical,2,2.92E-06,0.000818901,29.67651597,-0.445467633,0.432777776,3,-0.328157438,0.439726026,6.053524116,0.241909738
Hypocnemis cantator,Thamnophilidae,15.7,9.7,4.5,4,19.6,54,6.1,11.3,41.2,12.3,Forest,Carnivore,Invertivore,Insessorial,10,NA,0.337636996,-1.939979514,LC,104,1.28E+12,-56.68593063,2.245987645,Neotropical,3,1.19E-06,0.000788155,32.95274267,-0.524548088,0.229992194,1,-0.424437582,0.210577387,6.552822828,0.187935929
Hypothymis azurea,Monarchidae,11.8,8.5,4.6,3.7,15.8,69.8,11.1,16,75.2,11.1,Forest,Carnivore,Invertivore,Insessorial,8.6,NA,4.310690719,-1.584581877,LC,918,1.08E+13,101.5046845,13.00981089,Oriental,2,9.27E-07,0.00062384,1.675254827,-1.269771598,-0.81530347,1,-1.304864747,-0.772336127,7.849957253,0.14017083
Hypsipetes leucocephalus,Pycnonotidae,25.2,14.3,4.9,5.7,18,117.8,29.1,24.7,97.8,51.8,Forest,Herbivore,Frugivore,Insessorial,NA,NA,6.768784358,-0.773181904,LC,604,6.74E+12,100.7210701,25.61954823,Oriental,28,0.003703309,0.000904442,24.32748197,1.187594848,-0.020363591,8,0.751631498,0.692751506,3.034801471,0.35106566
Hypsipetes madagascariensis,Pycnonotidae,24.4,15.5,5.3,6.3,18.4,107.9,25.5,23.4,86.8,46,Forest,Herbivore,Omnivore,Insessorial,NA,NA,1.007169765,-1.410543028,LC,78,9.09E+11,46.89415454,-19.22441182,Madagascan,5,0.000553764,0.000739852,1.9332619,-0.658543065,-0.216619438,1,-0.704775402,-0.036592433,2.679646894,0.398180267
Hypsipetes thompsoni,Pycnonotidae,20.8,11,4.4,4.6,17.9,90.2,17.1,19,88.2,41.8,Forest,Herbivore,Frugivore,Insessorial,NA,9,2.147360405,-1.186496881,LC,39,4.54E+11,97.97963407,18.94969252,Oriental,1,0,0.000690567,2.01981342,-1.044431744,-0.38162054,1,-1.034440137,-0.314555573,5.407576601,0.271446821
Icteria virens,Icteridae,16.3,10.5,4.8,6.3,26.1,76.5,16.3,21.3,71.8,24.9,Forest,Carnivore,Invertivore,Insessorial,16,NA,0.718934431,-0.065359666,LC,1099,1.10E+13,-100.9140149,36.31403046,Nearctic,25,0.001659097,0.000936056,44.38808881,0.922638616,0.662101598,6,0.887335543,0.87718735,17.28108455,0.06004672
Icterus auratus,Icteridae,20.2,13.2,4.7,6.4,23.5,94.6,19,19.7,93.6,32.1,Woodland,Omnivore,Omnivore,Insessorial,16.6,NA,0.014401635,-1.213063927,LC,19,2.20E+11,-88.70768069,20.01875565,Panamanian,2,0,0.000739921,6.06597069,-0.821233718,-0.072127326,1,-0.771460281,-0.010867833,3.272242215,0.323183382
Icterus auricapillus,Icteridae,20.9,13,4.4,5.7,21.6,92,19.3,21.4,90.2,32.2,Woodland,Omnivore,Omnivore,Insessorial,18,NA,0.888716138,-1.578956431,LC,73,8.89E+11,-72.0438331,8.436259093,Neotropical,3,5.34E-06,0.000810008,16.5398,-0.497771016,0.368882409,1,-0.391210989,0.410357882,2.666057823,0.402692192
Icterus bullockii,Icteridae,20.4,13,4.8,6,23.9,97,25.3,26.3,77.5,37.9,Forest,Carnivore,Invertivore,Insessorial,NA,NA,1.050027335,0.005072019,NA,617,6.23E+12,-109.3660595,35.67809491,Nearctic,13,2.25E-05,0.000732217,11.8099246,-0.551068836,-0.196861819,1,-0.478644067,-0.223394523,2.62446843,0.402800967
Icterus cayanensis,Icteridae,23.2,14.4,4.3,5.8,23.2,98.6,15.3,15.6,97.4,35.4,Forest,Carnivore,Invertivore,Insessorial,20.7,NA,1.765443908,-1.899044807,LC,600,7.33E+12,-62.85669991,-3.304486724,Neotropical,16,0.000282048,0.000901081,197.2595615,0.831732979,0.806720586,12,1.078323807,0.25946444,2.714454971,0.396474909
Icterus chrysater,Icteridae,25.7,15.9,6.1,8.2,26.4,96.2,17.7,18.4,97.6,53.4,Woodland,Omnivore,Omnivore,Insessorial,18.1,NA,2.200883543,-1.636773577,LC,131,1.57E+12,-74.64948568,6.992494792,Neotropical,7,0.000238189,0.000842789,41.36223663,-0.148128204,0.500668747,3,-0.03786694,0.496484968,3.800481651,0.274376619
Icterus croconotus,Icteridae,25.7,15.5,5.3,7.2,25.6,97,16.1,16.9,93.9,44.5,Woodland,Omnivore,Omnivore,Insessorial,NA,NA,2.394919252,-1.605737098,LC,355,4.26E+12,-64.56769196,-11.42354193,Neotropical,2,0,0.000766324,9.854950388,-0.70971206,0.096869706,1,-0.639260867,0.153196953,3.454356754,0.392483095
Icterus cucullatus,Icteridae,21.2,13.9,4.3,5.2,21.6,83.4,16.4,20,91.4,24.3,Woodland,Omnivore,Omnivore,Insessorial,17.3,NA,0.509529139,-0.44043998,LC,312,3.41E+12,-106.5034108,27.75569059,Nearctic,3,6.15E-06,0.000788155,15.55845111,-0.582620645,0.228824427,3,-0.492234485,0.267507956,5.13921747,0.208024847
Icterus dominicensis,Icteridae,25,16.7,4.6,6.6,22.5,95.3,19.8,20.8,87.4,35.7,Forest,Omnivore,Omnivore,Insessorial,20.1,NA,0.171357298,-1.335446796,LC;CR,15,1.75E+11,-71.43377332,18.82676897,Panamanian,5,5.11E-06,0.000755237,7.578358771,-0.68283156,0.005556157,3,-0.614347446,0.047755332,3.41327184,0.318830477
Icterus galbula,Icteridae,21.1,13.3,5,6.4,23.4,92.1,25.5,27.4,73.3,32.8,Forest,Omnivore,Invertivore,Insessorial,15.7,NA,0.666756751,-0.104523998,LC,1585,1.57E+13,-97.15815263,37.91670647,Nearctic,21,0.001778479,0.000999172,153.7972716,1.451364598,1.065045496,10,1.483694199,0.992657779,1.770534569,0.601283527
Icterus graduacauda,Icteridae,21.8,13.9,5.2,7.5,25.8,87.2,16.1,18.4,91.2,42.2,Forest,Omnivore,Omnivore,Insessorial,18.8,NA,0.883013631,-0.929754348,LC,56,6.45E+11,-99.39736703,20.76646299,Nearctic,1,0,0.00077421,7.654190556,-0.712732736,0.153738309,2,-0.640461038,0.22604131,3.800481651,0.274376619
Icterus gularis,Icteridae,25.8,18.4,7.5,10,30.8,116.4,22.4,19.1,102.1,55.2,Woodland,Omnivore,Omnivore,Insessorial,22.1,NA,0.76744411,-1.185286303,LC,98,1.14E+12,-93.21550728,18.76845798,Panamanian,17,0.000154386,0.000830216,62.42457853,0.111207443,0.375168293,6,0.265299614,0.214209757,2.350853516,0.452665092
Icterus icterus,Icteridae,30.6,23.5,6.4,8.5,30,112.6,18.1,16.1,98.1,60.9,Forest,Omnivore,Omnivore,Insessorial,20.9,NA,0.435359693,-1.415319333,LC,70,8.47E+11,-67.85365437,9.386282941,Neotropical,6,9.89E-07,0.000711072,6.368903937,-0.827712732,-0.282584249,1,-0.787792746,-0.256396322,4.481473335,0.232677919
Icterus mesomelas,Icteridae,25.9,16.3,5.8,8.1,29.4,96.2,14.1,14.6,104.5,39.9,Woodland,Omnivore,Invertivore,Insessorial,21.1,NA,3.954033139,-1.608743593,LC,161,1.93E+12,-82.693332,10.35524659,Panamanian,2,0,0.000739921,6.06597069,-0.821233718,-0.072127326,1,-0.771460281,-0.010867833,7.463549968,0.140106403
Icterus prosthemelas,Icteridae,20.6,12.8,4.5,5.7,22.9,83.6,17,20.7,87.8,28,Forest,Omnivore,Omnivore,Insessorial,16.4,NA,1.451252218,-1.583836463,LC,69,8.14E+11,-88.87910004,16.55740219,Panamanian,2,0,0.000739921,6.06597069,-0.821233718,-0.072127326,1,-0.771460281,-0.010867833,4.311899815,0.249446019
Icterus pyrrhopterus,Icteridae,19,12.1,4.2,5.7,21.5,91.2,15.8,17.3,90.4,33.3,Forest,Carnivore,Invertivore,Insessorial,NA,NA,0.702455062,-1.029977733,LC,642,7.43E+12,-52.0079726,-19.20678224,Neotropical,6,4.98E-05,0.00084679,88.56000737,-0.032809889,0.575272994,4,0.136186933,0.381677286,NA,NA
Icterus spurius,Icteridae,17.2,11.6,4.4,5.3,21.5,77,20.9,26.9,67,19.4,Forest,Carnivore,Invertivore,Insessorial,15,NA,1.693073335,-0.378037736,LC,808,8.40E+12,-91.15023331,32.66342201,Nearctic,9,0.000130922,0.000853213,43.94489058,-0.070082981,0.578779555,6,0.073960335,0.531840155,4.34433424,0.245463564
Ilicura militaris,Pipridae,9.4,5.2,2.8,3.1,17.8,61.2,13.8,22.6,50.8,12.7,Forest,Omnivore,Frugivore,Insessorial,NA,7.7,0.168926765,-1.063094975,LC,99,1.14E+12,-46.10104155,-21.3411558,Neotropical,30,8.05E-05,0.000847704,120.9579827,0.686862665,0.420748404,6,0.93131193,-0.028587174,10.02641597,0.104436715
Iole olivacea,Pycnonotidae,NA,NA,NA,NA,NA,NA,NA,NA,NA,NA,NA,NA,NA,NA,NA,11,2.401632499,-2.36445723,NA,191,2.34E+12,107.5268622,1.525092152,Oriental,17,0.00084973,0.000897904,27.41849103,0.373371247,0.651523958,1,0.429909173,0.781177201,8.698116639,0.130862166
Iole propinqua,Pycnonotidae,19.3,11.5,5.1,5.1,18,84.6,13.6,16.1,83.4,25.9,Forest,Omnivore,Omnivore,Insessorial,NA,8.1,2.799372159,-1.357382217,LC,171,2.00E+12,103.3014012,18.59977657,Oriental,35,0.002435584,0.000912305,33.63841903,1.190574804,0.271013815,7,1.01679227,0.62431958,9.967771167,0.110969381
Irena puella,Irenidae,26.3,17.5,7.9,9.1,17.8,125.4,31.5,25.3,91.8,64.9,Forest,Herbivore,Frugivore,Insessorial,11.9,12.8,4.652767176,-1.909481659,LC,489,5.85E+12,103.8761505,10.00334143,Oriental,53,0.004774373,0.000949018,45.03574614,2.24722123,-0.136434333,9,1.723087049,0.599634127,22.70060698,0.045182368
Iridophanes pulcherrimus,Thraupidae,15.9,9.1,4,4,16.2,66.6,16.2,24.1,40,15.3,Forest,Herbivore,Frugivore,Insessorial,NA,NA,5.416809399,-1.471679331,LC,40,4.88E+11,-76.30647011,-5.431881573,Neotropical,3,1.54E-05,0.000806442,25.27404314,-0.47962784,0.343813187,4,-0.373028795,0.357936823,8.114871262,0.12961745
Iridosornis analis,Thraupidae,14.6,8.6,5.5,7.2,22.7,79,14.1,17.9,68.8,26,Forest,Omnivore,Invertivore,Insessorial,NA,NA,3.718242742,-1.307337872,LC,37,4.51E+11,-75.88088757,-7.270481698,Neotropical,18,0.00014185,0.000846927,46.15884748,0.141224413,0.478502181,7,0.303923014,0.366201168,5.243858359,0.199290568
Iridosornis jelskii,Thraupidae,12.6,6.7,4.2,6.4,23.9,72.7,12.2,16.8,64.7,20,Forest,Herbivore,Frugivore,Insessorial,NA,6.6,0.966770488,-0.944570759,LC,31,3.72E+11,-71.75025664,-12.91182113,Neotropical,12,0.000228466,0.000825987,36.48167886,-0.104101799,0.363318617,4,0.006877604,0.335508316,5.971957209,0.174572704
Iridosornis porphyrocephalus,Thraupidae,15.8,8.4,4.8,6.8,22.2,75.2,12.7,16.8,58.9,21.7,Forest,Omnivore,Frugivore,Insessorial,NA,8.8,16.29029928,-2.120445172,NT,14,1.72E+11,-76.49904536,4.693063623,Neotropical,12,0.009107725,0.00090179,22.04461413,1.76360245,-1.153397847,2,0.287751664,0.889392908,5.243858359,0.199290568
Ixos amaurotis,Pycnonotidae,29.8,16.2,5.3,6.4,21.6,128.3,27,21.3,120.6,70.9,Forest,Herbivore,Frugivore,Insessorial,NA,NA,1.679148378,-0.451357064,LC,158,1.60E+12,135.4500622,37.92643797,Sino-Japanese,13,3.85E-05,0.00065822,1.925782036,-0.858170895,-0.674113641,2,-0.846281644,-0.685607164,9.388286121,0.10898778
Ixos malaccensis,Pycnonotidae,26,17.2,5.2,6.5,16.9,104,20.1,19.4,84.2,37.3,Forest,Omnivore,Frugivore,Insessorial,NA,NA,2.463156098,-2.37871631,NT,172,2.11E+12,101.5157072,2.129551286,Oriental,3,3.01E-05,0.000721427,3.227572916,-0.869403438,-0.203684345,1,-0.837076855,-0.138111234,10.95211046,0.0979432
Ixos philippinus,Pycnonotidae,22.4,13.4,4.9,5.4,18.9,93.9,12.3,13.1,88.3,38.6,Forest,Herbivore,Frugivore,Insessorial,NA,12.2,2.627795582,-2.15465482,LC,57,6.85E+11,123.0941238,12.3129798,Oriental,11,2.98E-05,0.000716535,3.125054928,-0.687833739,-0.286117686,1,-0.637640244,-0.273917888,7.48092386,0.139144718
Junco hyemalis,Passerellidae,11.6,7.8,4.5,5.3,21.1,75.2,16.4,21.9,63.8,19.5,Forest,Herbivore,Granivore,Generalist,14.5,NA,2.284913377,0.667186341,LC,2316,1.84E+13,-108.9909182,53.05679939,Nearctic,4,6.00E-05,0.000771124,3.750707043,-0.651378103,0.101261821,1,-0.586303437,0.179398935,2.769365612,0.4136958
Knipolegus lophotes,Tyrannidae,22.3,13.3,5.8,5.3,22.8,116.5,30.8,26.4,91.7,31.8,Shrubland,Carnivore,Invertivore,Insessorial,NA,NA,0.513883502,-1.058383393,LC,163,1.86E+12,-49.64548317,-21.80614133,Neotropical,1,0,0.000755808,9.216486619,-0.776206888,0.035964309,1,-0.716217801,0.097936608,3.701260166,0.300164559
Knipolegus nigerrimus,Tyrannidae,18.9,11,5.6,5,23.3,95.4,19.8,20.7,74.2,20.3,Forest,Carnivore,Invertivore,Insessorial,NA,NA,0.255373185,-0.97505543,LC,62,7.17E+11,-45.68989378,-22.295742,Neotropical,3,0,0.000715347,4.635381149,-0.892891948,-0.235811381,1,-0.858634489,-0.183359547,3.486027204,0.307977578
Lamprotornis corruscus,Sturnidae,21.7,10.8,5.1,6.1,24.8,107.2,24.1,22.6,77.9,56.1,Woodland,Herbivore,Frugivore,Insessorial,NA,11.4,0.657146801,-0.921076253,NA,121,1.41E+12,35.07819806,-17.85559979,Afrotropical,28,0.00159335,0.000885468,9.175573618,0.677170962,0.333849495,10,0.608186773,0.615531877,14.36412841,0.071206856
Lamprotornis nitens,Sturnidae,22.4,12.6,5.2,6.4,31.9,118.3,24.6,20.6,79.8,85.6,Grassland,Omnivore,Omnivore,Insessorial,24.8,NA,0.533079597,-0.391583856,LC,327,3.70E+12,22.36814793,-23.06067939,Afrotropical,6,6.50E-05,0.000738001,2.655131886,-0.727893273,-0.124674881,5,-0.682497992,-0.064261398,5.664809151,0.180560544
Lamprotornis purpureus,Sturnidae,30.8,15.7,5.7,7.5,33.7,148.1,41.2,27.6,75,112.9,Shrubland,Herbivore,Omnivore,Insessorial,28.7,NA,0.312607742,-1.138381918,LC,365,4.42E+12,8.484263877,9.585705992,Afrotropical,3,6.09E-06,0.000699596,1.679819499,-0.960655773,-0.337999862,1,-0.940206326,-0.278954564,7.835325069,0.131205083
Laniarius ferrugineus,Malaconotidae,26.5,14.4,6.5,8.7,36.4,95.6,7.3,7.6,89.1,46.8,Woodland,Carnivore,Invertivore,Insessorial,21.4,NA,0.32895685,-0.451953231,LC,108,1.18E+12,28.71670034,-27.76744175,Afrotropical,6,0.000367454,0.000877902,13.20001174,-0.113659175,0.702574994,1,-0.019164395,0.836265933,2.842850104,0.386190959
Laniarius luehderi,Malaconotidae,25.6,13.3,6.7,8.2,31.2,87.4,6.3,7.2,82.1,42.9,Forest,Carnivore,Invertivore,Insessorial,18.7,NA,0.467221109,-1.408670695,LC,175,2.15E+12,20.6789922,0.648717474,Afrotropical,1,0,0.000841783,4.646732073,-0.470396974,0.586217957,1,-0.351640305,0.687515061,8.894683792,0.11710908
Lanius cristatus,Laniidae,19.3,11.6,6.2,7.9,23.8,85,22.5,26.6,79.9,32.2,Shrubland,Carnivore,Invertivore,Insessorial,NA,NA,7.244240201,0.505126328,LC,3308,2.76E+13,118.6657471,52.7801405,Palearctic,17,3.54E-05,0.000850904,149.4714075,0.461823778,0.534640245,2,0.69659116,0.067580052,2.221288001,0.491144612
Lathrotriccus euleri,Tyrannidae,14.4,7.8,5.3,3.8,14.5,62.2,12.6,20.6,58,11.3,Forest,Carnivore,Invertivore,Insessorial,6,NA,1.659598765,-1.38470729,LC,1027,1.22E+13,-56.3821632,-12.63000398,Neotropical,4,6.92E-05,0.000869649,97.29975957,0.035753061,0.730042751,3,0.216525055,0.531718477,4.301860055,0.246965843
Legatus leucophaius,Tyrannidae,13,8.3,6.3,4.6,15.1,78.5,20.1,25.5,55.2,22.2,Forest,Herbivore,Frugivore,Insessorial,11.5,9.5,2.344014929,-1.631470806,LC,1110,1.33E+13,-62.00816487,-5.857443655,Neotropical,13,0.000311801,0.000894795,145.4058351,0.562777865,0.778827288,5,0.765158414,0.425955548,15.16424234,0.068324885
Leiothlypis celata,Parulidae,11.8,7.8,3.8,4,18.4,59.9,13.8,23,46.5,9.2,Shrubland,Carnivore,Invertivore,Insessorial,NA,NA,2.944282881,0.531584498,LC,2197,1.82E+13,-111.5385077,51.26259085,Nearctic,2,0,0.00072936,2.957821055,-0.871242878,-0.139730614,2,-0.830547284,-0.071281392,NA,NA
Leiothrix argentauris,Leiotrichidae,17.1,8.9,4.2,5.3,25,73.5,9.9,13.6,75.4,28.4,Forest,Carnivore,Invertivore,Insessorial,NA,NA,5.33680377,-1.213196301,LC,209,2.40E+12,97.35709859,23.00059466,Oriental,2,1.33E-07,0.000716078,2.815121187,-0.921337798,-0.224766254,2,-0.890174975,-0.159582044,6.452164501,0.160946589
Leiothrix lutea,Leiotrichidae,13.7,7.1,3.5,4.6,23.7,68.2,8.6,12.8,59.2,21.4,Shrubland,Carnivore,Invertivore,Insessorial,17,NA,5.685213714,-0.54000401,LC,240,2.58E+12,93.19969281,26.40091846,Oriental,39,0.004990779,0.000963305,55.27539179,2.02470757,-0.004174825,11,1.43875316,0.842641633,6.452164501,0.160946589
Lepidothrix coeruleocapilla,Pipridae,10.4,5.6,3.4,3.1,15,53.3,10,18.7,25.8,9.7,Forest,Herbivore,Frugivore,Insessorial,NA,6.4,2.413182893,-1.321292415,LC,26,3.13E+11,-72.87167344,-11.75260094,Neotropical,1,0,0.000760792,7.392409374,-0.763768509,0.06785445,1,-0.7011629,0.137213699,3.866880953,0.291770729
Lepidothrix coronata,Pipridae,10.9,6.5,3.7,3.4,14.2,56.8,10.2,17.9,26.6,8.3,Forest,Herbivore,Frugivore,Insessorial,8.4,7.2,3.910981753,-2.034905931,LC,330,4.03E+12,-70.28280223,-2.984049955,Neotropical,32,0.000551331,0.000866677,85.97671518,0.775828411,0.423130087,9,0.934753465,0.186854025,3.716914183,0.30257836
Lepidothrix iris,Pipridae,11.2,6.9,4.6,4.2,13.6,51.7,9.9,19.2,27,8,Forest,Herbivore,Frugivore,Insessorial,NA,9.1,1.206699265,-1.788819783,VU,67,8.20E+11,-49.36468798,-5.976454661,Neotropical,4,0.000105946,0.00081298,14.77078732,-0.449125191,0.35881707,1,-0.357189359,0.423078935,3.495259311,0.337726675
Lepidothrix isidorei,Pipridae,10.3,5.2,3.3,3.2,14.1,51,10,19.7,25.6,7.8,Forest,Herbivore,Frugivore,Insessorial,NA,6.1,3.344967193,-1.515842969,NT,26,3.19E+11,-76.65427992,-1.980924632,Neotropical,6,6.68E-08,0.000768152,31.66378005,-0.528783941,0.083027268,2,-0.435326849,0.042317418,3.970098695,0.332243324
Leptopogon amaurocephalus,Tyrannidae,13.8,8.9,3.8,4,14.5,62.7,11.7,18.7,55.3,11.7,Forest,Carnivore,Invertivore,Insessorial,6.8,NA,1.425948778,-1.436338849,LC,837,9.97E+12,-57.61828513,-11.11677357,Neotropical,1,0,0.000767009,13.27759609,-0.720574091,0.107666915,1,-0.650569673,0.159509143,9.318847154,0.12917892
Leptopogon superciliaris,Tyrannidae,13.4,8.9,4,3.9,16.1,64.6,12.1,18.1,58.4,11.7,Forest,Carnivore,Invertivore,Insessorial,8.4,NA,4.283795415,-1.574406353,LC,136,1.65E+12,-73.70541559,-1.916862608,Neotropical,3,5.25E-06,0.000781182,20.71077782,-0.591372473,0.184419855,3,-0.5031625,0.204045448,9.861549403,0.128145189
Leptotila cassini,Columbidae,17.9,8.8,3.4,3.9,29.9,132.3,31.8,24,86.1,159,Forest,Herbivore,Granivore,Terrestrial,NA,NA,3.249849825,-1.965441063,LC,68,8.19E+11,-83.064562,11.68899112,Panamanian,1,0,0.000699299,2.316864836,-1.010789741,-0.325729835,2,-0.994443587,-0.257164189,5.824486387,0.205542854
Leptotila megalura,Columbidae,20.2,10.2,3.2,4.4,30.8,150.2,39.2,26.1,112.6,218,Forest,Herbivore,Granivore,Terrestrial,NA,NA,0.297889256,-0.658401237,LC,36,4.11E+11,-65.46073907,-21.89486922,Neotropical,5,0.000111243,0.000884737,38.95920963,-0.072926065,0.810554912,3,0.083936714,0.81057079,6.62846422,0.189550786
Leptotila verreauxi,Columbidae,19.5,10,3.6,4,27.7,136.7,29.8,22.1,102.1,146.9,Shrubland,Herbivore,Granivore,Terrestrial,NA,NA,2.491495801,-1.402603495,LC,1508,1.79E+13,-63.25651804,-6.933076938,Neotropical,6,7.34E-05,0.000833074,68.64864399,-0.147255076,0.482119528,7,-0.002423908,0.355175492,12.32569168,0.101639429
Liocichla steerii,Leiotrichidae,15.8,8,3.8,4.7,29.7,74.6,5.7,7.7,81,31.4,Forest,Omnivore,Invertivore,Insessorial,19.9,NA,1.69494327,-1.530324128,LC,6,67771522113,121,23.69672703,Oriental,2,2.11E-06,0.000555146,1.10602215,-1.528204507,-1.255229266,1,-1.612608112,-1.229589996,6.672677494,0.15896501
Lioptilus nigricapillus,Sylviidae,15.6,8,4.5,4.5,22.8,80.6,12.8,15.8,80.6,29.6,Forest,Omnivore,Frugivore,Insessorial,NA,11.1,0.074951136,-0.332936285,VU,35,3.77E+11,28.8516497,-29.35801908,Afrotropical,1,0,0.000626674,1.19674029,-1.286002755,-0.790555274,1,-1.321821741,-0.738893925,15.41600186,0.068804163
Lipaugus lanioides,Cotingidae,26.1,16,8,8.3,24.6,133.8,22.8,17,116,94.8,Forest,Herbivore,Frugivore,Insessorial,NA,17.1,0.290806729,-1.090421975,NT,51,5.84E+11,-44.19209351,-21.73158298,Neotropical,21,3.88E-05,0.000837189,118.4673207,0.406167724,0.420421788,3,0.62554175,0.025660966,5.815635407,0.199673907
Lipaugus unirufus,Cotingidae,24,15,7.2,8.1,21.2,132.4,26.8,20.4,112,82.1,Forest,Omnivore,Frugivore,Insessorial,NA,16.7,5.830704732,-2.059481008,LC,82,9.88E+11,-83.27679133,10.85110242,Panamanian,1,0,0.000776268,11.3361356,-0.692558154,0.166916426,1,-0.616959606,0.227741095,7.556704719,0.158253849
Lipaugus uropygialis,Cotingidae,28.4,15.9,8.4,9.2,29.6,139.6,15.7,11.3,143.7,116,Forest,Omnivore,Frugivore,Insessorial,26.3,17.4,0.441124429,-0.836752757,VU,9,1.06E+11,-66.3321624,-16.98098054,Neotropical,2,0,0.00065116,1.8356771,-1.167295721,-0.640234445,2,-1.182726779,-0.59026207,5.440862887,0.20999409
Lipaugus vociferans,Cotingidae,26.9,13.8,8,7.3,21.4,123.1,20.9,16.9,110.2,75.4,Forest,Omnivore,Frugivore,Insessorial,12.5,18.2,1.805885304,-1.833007075,LC,662,8.07E+12,-61.87733704,-4.417682202,Neotropical,4,0.000114947,0.000826696,22.12821026,-0.371261062,0.444593513,2,-0.267509415,0.490669093,6.122761245,0.188120597
Lonchura punctulata,Estrildidae,11.8,8.8,6.7,7.5,14,52.6,11.9,22,39,13.6,Grassland,Herbivore,Granivore,Generalist,15.1,NA,4.225763174,-1.305657816,LC,1065,1.23E+13,97.84531213,17.01384489,Oriental,3,1.02E-06,0.000772061,3.053466177,-0.686114012,0.126945537,1,-0.612551736,0.200875917,3.470818159,0.353517959
Lopholaimus antarcticus,Columbidae,25.8,13.3,5.8,8.9,30.8,277.6,106.1,38,193.4,496.4,Forest,Herbivore,Frugivore,Insessorial,NA,14.1,1.062945152,-0.665864125,LC,67,7.27E+11,150.2618972,-27.89700635,Australian,25,0.002464436,0.000774827,7.552561031,0.34332582,-0.551480419,3,0.026670057,-0.07983991,15.99313662,0.063429611
Lophorina superba,Paradisaeidae,30.3,18,5.3,7.3,27.1,138,19.1,13.8,117,76.7,Forest,Omnivore,Omnivore,Insessorial,23.1,15.3,4.066829787,-2.328647362,LC,42,5.14E+11,143.0006645,-5.918798193,Oceanina,22,0.00278452,0.000772541,3.336774876,0.304272954,-0.61909132,2,-0.083026581,-0.042527927,6.740173026,0.154221748
Lophotriccus galeatus,Tyrannidae,11.8,7,3.8,3,15.3,42.5,7.3,17.2,36.5,6.6,Human Modified,Carnivore,Invertivore,Insessorial,NA,NA,1.016147144,-2.010054195,LC,255,3.13E+12,-57.89851819,1.18774511,Neotropical,1,0,0.000730663,5.156214088,-0.883949813,-0.124986514,1,-0.843882654,-0.056837113,2.423611284,0.468781833
Lophotriccus pileatus,Tyrannidae,13.2,6.6,3.6,2.8,15.1,48.9,7.6,15.7,39.3,7.5,Forest,Carnivore,Invertivore,Insessorial,NA,NA,4.426482807,-1.58262084,LC,118,1.44E+12,-76.94197228,-1.750354363,Neotropical,3,5.09E-06,0.000795584,19.63191914,-0.541238567,0.27662698,2,-0.443314086,0.303830627,2.527045851,0.458821823
Lophura ignita,Phasianidae,38.6,20,11.4,12,97,280,48.1,17.4,239.4,1768.1,Forest,Herbivore,Omnivore,Terrestrial,NA,NA,2.709220355,-2.371287356,VU,162,1.99E+12,101.393574,2.459356737,Oriental,3,1.61E-05,0.000726365,3.192295335,-0.853647393,-0.168922923,1,-0.815253178,-0.104994355,2.829554207,0.37514654
Lophura swinhoii,Phasianidae,36,17.3,10.7,10.6,84.4,237.8,58.4,24.9,360.2,1100,Forest,Herbivore,Omnivore,Terrestrial,NA,NA,1.69494327,-1.530324128,NT,6,67771522113,121,23.69672703,Oriental,1,0,0.000550574,1.045362432,-1.570916192,-1.277616891,1,-1.660878218,-1.247017535,2.593059288,0.41397046
Loxia curvirostra,Fringillidae,19,16.1,6.8,11.4,16.6,96,36,37.6,57.3,38.3,Forest,Herbivore,Granivore,Insessorial,NA,NA,2.877153947,0.680251198,LC,4906,3.92E+13,70.65796076,55.21439676,Palearctic,2,6.63E-07,0.000709289,2.675884686,-0.947085526,-0.268339744,5,-0.920914288,-0.204503279,2.011699512,0.547241508
Loxigilla portoricensis,Thraupidae,16.7,10.3,6.8,10.6,22,82.9,10.8,13.1,69.8,32,Forest,Herbivore,Omnivore,Insessorial,NA,NA,0.072900834,-1.390352079,NA,7,81995546364,-66.5,18.19097756,Panamanian,39,0.000748429,0.00093297,155.0725254,1.469365197,0.758394909,5,1.69280881,0.313266232,5.426202191,0.202992869
Luscinia luscinia,Muscicapidae,17,8,3.4,3.9,26.5,89.2,26.6,29.9,68.2,23.8,Shrubland,Carnivore,Invertivore,Generalist,18.7,NA,2.603432543,0.612065707,LC,1346,1.02E+13,48.99974679,56.59935914,Palearctic,4,5.29E-07,0.000701197,3.315814496,-0.925119761,-0.332897734,16,-0.899013485,-0.286544975,8.548766976,0.120061265
Luscinia megarhynchos,Muscicapidae,16,8.8,3.5,3.7,26.4,84,23.2,27.6,68.2,19.6,Woodland,Carnivore,Invertivore,Generalist,16.6,NA,1.162784193,-0.075522913,LC,1739,1.73E+13,36.32357324,42.97534655,Palearctic,6,0.000130598,0.00087653,19.86529114,-0.139753112,0.747214643,3,0.000714221,0.805283776,8.548766976,0.120061265
Lybius bidentatus,Lybiidae,29.8,22.5,13.6,16,25.4,99.2,15.3,15.4,73.8,79.3,Forest,Omnivore,Frugivore,Insessorial,NA,NA,1.230107921,-1.352787349,LC,335,4.09E+12,4.552099689,4.246799292,Afrotropical,1,0,0.000709197,1.476836497,-0.976646685,-0.26238059,2,-0.953693702,-0.188259204,4.142092529,0.284654804
Lybius dubius,Lybiidae,32.8,22.8,13.2,17.5,27,110.4,19.8,18,79.9,91,Woodland,Herbivore,Frugivore,Insessorial,NA,NA,0.234662719,-1.162119069,LC,246,2.98E+12,1.121565216,10.61381994,Afrotropical,5,2.92E-05,0.000719484,2.412241326,-0.829541008,-0.228706336,1,-0.793498358,-0.174290952,4.098175011,0.277873465
Lybius torquatus,Lybiidae,23.2,16.7,10.7,12.4,23.1,90,17,18.8,57,51.7,Grassland,Omnivore,Frugivore,Insessorial,NA,16.4,0.270252781,-0.772541385,LC,469,5.54E+12,28.69380425,-15.28755441,Afrotropical,15,0.000105557,0.000738686,4.008918224,-0.487996227,-0.187010094,8,-0.424877966,-0.180485871,4.093195412,0.290963415
Lybius vieilloti,Lybiidae,22.6,15.8,9.8,11.8,20.8,80.4,14.9,18.4,44.5,36,Woodland,Omnivore,Frugivore,Insessorial,NA,14,0.367735945,-1.056675022,LC,635,7.66E+12,11.00507018,11.1937618,Afrotropical,2,1.97E-05,0.00071537,1.775383272,-0.923913682,-0.233714783,1,-0.897379347,-0.160915353,3.986925741,0.310246913
Machaeropterus pyrocephalus,Pipridae,10.1,5.6,3.5,3.1,14.3,52.2,11.8,22.6,22.5,9.5,Forest,Herbivore,Frugivore,Insessorial,NA,6.6,0.442175114,-1.592653784,LC,238,2.88E+12,-60.86532454,-9.976115745,Neotropical,13,0.000117618,0.000824044,68.52331285,0.001932843,0.369565009,1,0.15082188,0.204720331,4.465027032,0.241048276
Machaeropterus regulus,Pipridae,9.9,5.6,3.3,3.1,13.9,52.9,12.5,23.7,22.6,9.3,Forest,Herbivore,Frugivore,Insessorial,NA,7.4,3.806389111,-1.989016155,LC,250,3.05E+12,-71.17834496,-0.051615043,Neotropical,20,0.000142677,0.000857305,111.9439573,0.453307953,0.532128018,5,0.661888151,0.194392589,4.49999098,0.237410421
Macronous gularis,Timaliidae,14.1,7.9,3.2,3.7,17,56.5,5.2,9.3,51.6,11.8,Forest,Carnivore,Invertivore,Insessorial,NA,NA,4.093525701,-1.520027908,LC,388,4.54E+12,97.8233605,16.94950072,Oriental,9,0.000260632,0.000724742,4.621283413,-0.659694773,-0.272828205,2,-0.650706683,-0.198103799,8.308964833,0.134242791
Macropygia amboinensis,Columbidae,21,9.1,3.5,4.8,22.8,171.9,55.2,32.2,190.6,237,Forest,Herbivore,Frugivore,Insessorial,NA,11,8.472628236,-1.793611674,LC,292,3.48E+12,140.5996699,-11.47697765,Australian,23,0.004420798,0.000860665,5.670606449,0.967554884,-0.430363747,2,0.345715125,0.5258864,6.704767247,0.176580243
Macropygia phasianella,Columbidae,21.4,9.6,3.7,4.8,24.5,175.8,56.9,33.1,189,237,NA,Herbivore,Omnivore,Insessorial,NA,11.1,NA,NA,LC,NA,NA,NA,NA,NA,31,0.00153744,0.000868438,8.760937055,0.676928227,0.218258378,3,0.613922699,0.46427225,2.854357183,0.418257441
Macropygia unchall,Columbidae,22.1,9.5,3.3,4.2,21.9,174.8,61.9,35.9,166.4,168,Forest,Herbivore,Omnivore,Insessorial,NA,NA,5.014088249,-1.103228788,LC,376,4.30E+12,102.8048463,23.76048989,Oriental,3,7.97E-06,0.000650951,1.633081782,-1.14226577,-0.649768483,2,-1.156746746,-0.603926665,5.049701206,0.249802866
Malacocincla abbotti,Pellorneidae,19.2,11,3.6,5.2,23.4,73.2,7.4,10.1,48.2,26.8,Forest,Carnivore,Invertivore,Terrestrial,NA,NA,4.238169002,-2.073687109,LC,309,3.72E+12,104.2002301,6.747334707,Oriental,1,0,0.000615153,1.262857939,-1.328835814,-0.864294601,1,-1.372806781,-0.816113631,8.03905143,0.139400382
Malimbus rubricollis,Ploceidae,24.2,15,7.1,9,25.3,101.8,21.2,20.8,60.3,42.2,Forest,Omnivore,Invertivore,Insessorial,NA,NA,1.011688289,-1.528158823,LC,321,3.94E+12,14.72271107,1.185626607,Afrotropical,1,0,0.000841783,4.646732073,-0.470396974,0.586217957,1,-0.351640305,0.687515061,4.61721566,0.308054552
Manacus aurantiacus,Pipridae,12.4,6,3.6,3.3,19,46.8,6.4,13.6,28.5,15.5,Forest,Herbivore,Frugivore,Insessorial,NA,8,0.407523423,-2.126560039,LC,8,97366251047,-82.25202066,8.690444354,Panamanian,5,5.20E-05,0.000835131,59.60138027,-0.199209331,0.506478694,1,-0.05623576,0.411468076,2.667651652,0.418293632
Manacus candei,Pipridae,12.6,6.8,4.1,3.9,22,55.7,9.5,17.2,35.9,19.8,Forest,Herbivore,Frugivore,Insessorial,12,9.1,1.707132055,-1.683725747,LC,49,5.82E+11,-88.49154262,15.32008002,Panamanian,1,0,0.000756037,6.515565487,-0.784511627,0.037419805,2,-0.725728332,0.108304419,2.667651652,0.418293632
Manacus manacus,Pipridae,11.5,6.8,4.4,4.2,20.9,52.2,8.4,15.9,32.8,16.7,Forest,Herbivore,Frugivore,Insessorial,11.3,9.9,2.206125108,-1.749438591,LC,755,9.15E+12,-62.67496464,-2.519073048,Neotropical,77,0.002551737,0.000986485,486.617064,4.076574563,0.452141158,13,4.275640206,-0.905562977,3.331032313,0.329234594
Manacus vitellinus,Pipridae,13.3,7,4.3,4.1,20.7,54.7,7.4,13.6,35,18.2,Forest,Herbivore,Frugivore,Insessorial,11.6,9.7,12.33655443,-2.506458488,LC,25,3.05E+11,-78.1844293,7.341225349,Panamanian,10,1.93E-05,0.000727759,10.96904153,-0.646254529,-0.20548753,5,-0.584845357,-0.211642926,3.028770518,0.351006933
Manucodia chalybatus,Paradisaeidae,41,21.5,9.4,12.4,39,171.5,16.2,9.5,134.4,215.9,Forest,Herbivore,Frugivore,Insessorial,NA,18.8,2.004011862,-2.287276751,LC,41,5.02E+11,146.7334565,-7.734103576,Oceanina,18,0.00825043,0.00055398,1.711081904,0.387301888,-3.224652072,2,-1.172247034,-1.446255007,5.618967044,0.184743736
Manucodia keraudrenii,Paradisaeidae,33.9,17.3,7.6,10.3,36.6,159.1,18.3,11.4,124.8,154.7,Forest,Herbivore,Frugivore,Insessorial,NA,20,5.479887366,-2.269881277,LC,110,1.35E+12,140.545615,-5.91281866,Oceanina,24,0.002943084,0.000733909,3.267320136,0.2388903,-0.914898144,2,-0.199724654,-0.326367722,13.89887764,0.074162887
Margarops fuscatus,Mimidae,31.3,18.6,5.4,7.8,36.7,132.3,27.2,20.5,114.9,98.4,Shrubland,Omnivore,Omnivore,Insessorial,24.8,NA,0.244701867,-1.242414572,LC,32,3.72E+11,-63.61970675,17.0255659,Panamanian,28,0.000661679,0.000857076,70.45473443,0.607484076,0.362352288,4,0.720754881,0.225210372,4.737606009,0.21659202
Masius chrysopterus,Pipridae,10.3,5.2,3.8,3.6,17,59,8,12.8,42.1,11.5,Forest,Omnivore,Frugivore,Insessorial,NA,7.2,7.209285311,-1.702421819,LC,53,6.50E+11,-76.19045795,1.853713792,Neotropical,6,1.90E-05,0.000819472,30.65312151,-0.336931776,0.40721403,2,-0.211012155,0.388626087,6.854761312,0.152975031
Mecocerculus poecilocercus,Tyrannidae,9.1,5.2,2.4,2.5,15.2,57.6,8.6,15.6,43.7,7.7,Forest,Carnivore,Invertivore,Insessorial,NA,NA,3.14549652,-1.277733647,LC,50,6.11E+11,-76.89508197,-5.259434528,Neotropical,1,0,0.000763695,6.446275335,-0.75612718,0.086432978,1,-0.691938243,0.159713955,7.458030827,0.165278117
Megalaima asiatica,Megalaimidae,25.7,18.4,9.7,11.7,25.1,103.6,18.1,17.5,68.8,90.5,Forest,Herbivore,Frugivore,Insessorial,NA,NA,5.576086734,-1.018518056,LC,250,2.81E+12,95.33400411,24.18582839,Oriental,38,0.00214123,0.000920215,38.37843497,1.257154658,0.36881712,9,1.153543513,0.622876768,5.04980683,0.219845446
Megalaima australis,Megalaimidae,17,14,7.2,8.3,18.6,74.2,16.1,21.7,45.8,33.3,Forest,Herbivore,Frugivore,Insessorial,NA,NA,4.699895004,-1.823929292,LC,386,4.59E+12,100.7356113,13.36778634,Oriental,28,0.002347667,0.000930044,34.08770027,1.067000134,0.449159809,6,0.903546201,0.831925302,6.669727531,0.21264725
Megalaima chrysopogon,Megalaimidae,45.8,37.6,15.8,17.5,31.5,124.7,23.7,18.8,74,151,Forest,Omnivore,Frugivore,Insessorial,NA,NA,2.212231832,-2.361673075,LC,165,2.03E+12,108.589416,1.554749314,Oriental,21,0.001050016,0.000907871,29.8876879,0.555961555,0.644573485,1,0.594659296,0.787986454,5.798478934,0.199546769
Megalaima faiostricta,Megalaimidae,27.4,19.1,9.1,12,26.4,109.4,20.5,18.8,69.4,93,Forest,Herbivore,Frugivore,Insessorial,NA,NA,1.048367067,-1.358858523,LC,107,1.26E+12,103.8068389,16.27534345,Oriental,21,0.00026777,0.000748402,8.393595094,-0.256790927,-0.199777619,4,-0.198381856,-0.207488092,7.991174934,0.179382979
Megalaima haemacephala,Megalaimidae,18.6,14.8,9.3,9.4,19.2,80.6,19.8,25.1,36.1,44.5,Woodland,Omnivore,Frugivore,Insessorial,NA,NA,3.779313183,-1.454102245,LC,718,8.38E+12,89.84042756,17.34230117,Oriental,22,0.001912093,0.000918157,46.68807259,0.834990713,0.509705347,9,0.733593059,0.788821869,13.21644224,0.106168124
Megalaima henricii,Megalaimidae,24.3,19.4,11,11.2,21.4,91.8,18.1,19.9,49.3,74.1,Forest,Herbivore,Frugivore,Insessorial,NA,NA,1.963347915,-2.389147549,NT,145,1.78E+12,101.7457661,0.953638944,Oriental,18,0.000251093,0.000785663,11.24586337,-0.186028136,0.061668249,2,-0.104636922,0.071007438,7.098923006,0.227235078
Megalaima incognita,Megalaimidae,23.4,17.7,9,11.4,24.7,94.5,17,18,54,93,Forest,Herbivore,Frugivore,Insessorial,NA,NA,1.476492069,-1.405965582,LC,94,1.11E+12,104.3542466,16.54706059,Oriental,26,0.000538079,0.000806351,11.51944256,0.145258503,0.078190256,3,0.210036677,0.104935513,7.8871609,0.18776016
Megalaima lineata,Megalaimidae,32.2,22.6,11.9,14.3,28.5,125.6,23.3,19,81.3,149,Forest,Herbivore,Frugivore,Insessorial,NA,NA,4.469253123,-1.404201069,LC,278,3.22E+12,97.52423602,19.27914038,Oriental,51,0.006978065,0.000976221,49.71136449,2.720053977,-0.446341282,8,1.806902291,0.79200603,10.0998242,0.117438496
Megalaima mystacophanos,Megalaimidae,35.2,30,14.9,13.3,25.2,95.2,14.8,15.8,54.3,77.4,Forest,Omnivore,Frugivore,Insessorial,NA,NA,3.466298791,-2.334762757,NT,188,2.30E+12,101.1342686,2.888794008,Oriental,18,0.00032973,0.000783148,10.8969523,-0.182143103,0.027844467,1,-0.117180788,0.055343128,10.73186512,0.114416482
Megalaima nuchalis,Megalaimidae,23.5,17.6,8.4,10.3,25.8,100,17.5,17.8,62.2,87.7,Forest,Herbivore,Frugivore,Insessorial,NA,NA,1.772700822,-1.587583471,LC,7,79230198242,120.9294689,23.41530678,Oriental,3,0.000137434,0.000826467,11.14259284,-0.430263447,0.444428241,1,-0.339043507,0.53802737,1.937424166,0.593780556
Megalaima oorti,Megalaimidae,21.9,16.4,8.1,10.1,23.2,91.8,17.5,19.1,64,87.7,Forest,Herbivore,Frugivore,Insessorial,NA,NA,1.103640049,-2.294279891,LC,33,4.05E+11,99.8073788,0.380940564,Oriental,15,0.001030176,0.000765775,5.721877212,-0.210864526,-0.222085675,1,-0.297719995,-0.005042852,1.962749958,0.585575069
Megalaima virens,Megalaimidae,44,29.6,14.5,17.6,33.4,138.4,30.2,21.7,100.5,202,Forest,Herbivore,Frugivore,Insessorial,NA,NA,6.21941778,-0.825806389,LC,363,4.06E+12,101.2384435,24.96244209,Oriental,7,0.000553068,0.000882954,21.8575892,-0.006244541,0.686688401,7,0.064748623,0.828764699,8.495694174,0.159395158
Megalaima viridis,Megalaimidae,25.2,18.3,8.6,11.5,26.2,104.2,21.8,20.7,63,80.5,Forest,Herbivore,Frugivore,Insessorial,NA,NA,17.11495569,-1.781837313,LC,38,4.54E+11,75.79565571,13.71148771,Oriental,1,0,0.000681766,1.653875087,-1.078563642,-0.437950363,1,-1.0750102,-0.372179847,7.306347775,0.194510121
Megalaima zeylanica,Megalaimidae,32.7,25.5,12.2,14.5,28.5,108.8,19.8,18,65,119,Forest,Herbivore,Frugivore,Insessorial,NA,NA,1.748299897,-1.109987456,LC,238,2.73E+12,79.22897395,20.80119035,Oriental,6,8.65E-05,0.000804522,12.30016646,-0.442633542,0.296271356,2,-0.349039156,0.348773352,6.372252805,0.209769659
Megarynchus pitangua,Tyrannidae,33.7,24.7,13.9,10.4,19.2,113.5,26.6,23.3,85.8,69.9,Woodland,Carnivore,Invertivore,Insessorial,16.4,NA,1.761544433,-1.551677778,LC,1276,1.53E+13,-61.49666708,-5.4488031,Neotropical,68,0.007338229,0.001097811,630.7795308,5.636700803,0.143535827,26,5.083385303,-0.516962022,7.936976722,0.132998078
Melaenornis edolioides,Muscicapidae,16.5,9.6,4.5,4.7,21.2,99.1,17,17,99,30.7,Woodland,Carnivore,Invertivore,Insessorial,NA,NA,0.564888198,-1.167366877,LC,457,5.55E+12,14.51360325,8.536759787,Afrotropical,4,2.24E-05,0.000715598,2.081203445,-0.871456279,-0.245664155,5,-0.83977214,-0.186250028,3.988961018,0.303541367
Melanerpes aurifrons,Picidae,34.7,24.7,7.8,7.2,22.8,129.1,31.2,24.2,78.1,80.8,Shrubland,Omnivore,Omnivore,Insessorial,NA,NA,0.728022004,-0.740916267,LC,182,2.06E+12,-96.73424384,23.41787333,Nearctic,32,0.000855399,0.000888188,98.36189565,0.954152562,0.492289035,7,1.078700051,0.290088066,3.189396115,0.357853411
Melanerpes cactorum,Picidae,21.1,14.5,5.5,5.6,17.4,106,25.9,24.9,64.6,34.9,Woodland,Omnivore,Invertivore,Insessorial,NA,10,0.255584919,-0.652782814,LC,111,1.23E+12,-62.08378746,-25.53849941,Neotropical,3,2.09E-08,0.000752608,6.712546681,-0.746591577,0.002672688,1,-0.684812879,0.058880474,5.760330675,0.199273932
Melanerpes candidus,Picidae,34.7,26.1,7.7,8.1,24.6,157.2,48.4,30.8,96.5,108,Grassland,Herbivore,Frugivore,Insessorial,NA,13.8,0.860294209,-1.098771524,LC,509,5.88E+12,-54.56285235,-20.59889289,Neotropical,1,0,0.00074895,8.702074452,-0.80358063,-0.007929704,1,-0.748724434,0.053784949,6.588643009,0.184482026
Melanerpes carolinus,Picidae,32.6,21.6,7.1,7.6,21.1,127.2,35.5,28.2,76.8,69.5,Woodland,Omnivore,Omnivore,Insessorial,NA,NA,0.52951571,-0.103666105,LC,367,3.62E+12,-87.32509195,37.29799056,Nearctic,17,0.000339897,0.000812157,9.141875597,-0.102843943,0.217611392,4,-0.022698811,0.267901516,3.432003417,0.318241014
Melanerpes chrysauchen,Picidae,24.8,17.5,6.2,6.5,18.5,110.2,29.1,26.3,56,52.5,Forest,Omnivore,Invertivore,Insessorial,NA,NA,0.490240747,-2.20902456,LC,5,60821386127,-83.30119224,8.890713463,Panamanian,3,6.94E-06,0.000792612,22.86058292,-0.541054645,0.257197655,1,-0.443947251,0.273401422,4.3509082,0.287344747
Melanerpes cruentatus,Picidae,26.3,20.3,6.7,6.6,18.6,113.8,31.7,27.8,56.1,58.1,Forest,Omnivore,Invertivore,Insessorial,NA,11.2,1.799746955,-1.849605912,LC,658,8.03E+12,-62.34404893,-4.404629119,Neotropical,9,5.04E-05,0.000817872,66.30797575,-0.141135201,0.370801307,2,0.003938785,0.222442409,4.965142879,0.251071377
Melanerpes flavifrons,Picidae,27.2,20.9,6.5,6.7,18.8,117,31.2,26.6,69.5,57.8,Forest,Herbivore,Omnivore,Insessorial,NA,NA,0.163188988,-1.089986949,LC,173,1.98E+12,-48.4018783,-21.85279584,Neotropical,5,1.20E-05,0.000827153,84.0994524,-0.153313371,0.464510565,1,0.003765644,0.277965486,5.809163947,0.202481469
Melanerpes formicivorus,Picidae,26.9,20.6,8.2,7.4,21.8,139.8,40.1,28,84.5,79.6,Woodland,Herbivore,Granivore,Insessorial,NA,NA,1.080079081,-0.726790552,LC,277,3.06E+12,-100.8676975,23.76233979,Nearctic,6,1.39E-05,0.000822673,48.80443072,-0.26436182,0.428903968,1,-0.126030565,0.350607647,6.029029098,0.194084452
Melanerpes lewis,Picidae,30.4,22.8,7.4,7,24.1,166.8,52,31.4,98.8,105.8,Woodland,Omnivore,Invertivore,Insessorial,NA,NA,0.678099334,0.394795546,LC,417,3.90E+12,-113.1345571,41.47456195,Nearctic,30,0.000271116,0.000881651,24.6401322,0.522178809,0.594761195,1,0.70688151,0.513540649,6.786328543,0.194207121
Melanerpes portoricensis,Picidae,29.4,20.4,7.2,6.8,20.2,119.1,29.5,24.8,76.2,59.9,Forest,Carnivore,Invertivore,Insessorial,NA,NA,0.086861488,-1.411304698,LC,6,70253812344,-66.5,18.19097756,Panamanian,3,3.52E-05,0.000795698,19.65058848,-0.53521526,0.270577611,2,-0.442732959,0.304533445,6.017211126,0.205960291
Melanerpes pucherani,Picidae,26,19,6.6,6.6,19.4,110.6,27.3,25.3,57.6,62.4,Forest,Omnivore,Invertivore,Insessorial,NA,NA,5.825186013,-1.932618011,LC,90,1.08E+12,-84.09202136,10.61560648,Panamanian,1,0,0.000756037,6.515565487,-0.784511627,0.037419805,1,-0.725728332,0.108304419,6.067402505,0.196264809
Melanerpes pygmaeus,Picidae,21.5,15.8,5.8,5.9,19.4,97.4,20.6,21.3,62,38.8,Shrubland,Omnivore,Invertivore,Insessorial,NA,NA,0.031830606,-1.236266044,LC,19,2.20E+11,-88.60305376,19.91761126,Panamanian,4,1.67E-06,0.000741292,13.07479575,-0.74196947,-0.076503248,1,-0.682643485,-0.050501861,5.006591253,0.230745459
Melanerpes rubricapillus,Picidae,23.2,17.3,5.7,6.4,20.2,104.9,27,24.8,59.5,52.3,Woodland,Omnivore,Invertivore,Insessorial,NA,NA,1.050227183,-1.619644481,LC,120,1.46E+12,-70.58973681,8.594941671,Panamanian,5,0.000117977,0.000862814,46.94520352,-0.126534567,0.668749265,2,0.017559788,0.637912887,4.467677671,0.278917241
Melanocharis longicauda,Melanocharitidae,13,7,3.7,4.1,17,67.4,13.7,20.2,56.8,12,Forest,Omnivore,Frugivore,Insessorial,12.5,6.5,3.529309669,-2.312498452,LC,44,5.39E+11,143.1576446,-5.993283371,Oceanina,5,0.00278452,0.000772541,2.607770813,-0.123733676,-0.510321684,1,-0.556755282,0.179681539,13.19741293,0.093057039
Melanocharis nigra,Melanocharitidae,13.7,7.4,3.6,4.1,15.6,62.2,11.4,18.3,43.1,14.2,Forest,Omnivore,Frugivore,Insessorial,9.2,7.4,4.044233443,-2.368914437,LC,84,1.03E+12,141.0739773,-4.996951284,Oceanina,2,0,0.000456461,1.067071489,-1.897530936,-1.8863675,1,-2.051678432,-1.889032499,11.80508985,0.099841871
Melanochlora sultanea,Paridae,18,11,5.5,6.1,23.3,106.3,21.7,20.7,89.4,37.6,Forest,Carnivore,Invertivore,Insessorial,17.9,NA,6.454333093,-1.423232448,LC,230,2.66E+12,98.79911631,19.04937786,Oriental,3,3.70E-05,0.000714227,2.795119139,-0.896519295,-0.251318737,2,-0.870789124,-0.184822902,25.67872087,0.039318169
Melanodera xanthogramma,Thraupidae,14.2,9.4,6.2,8.2,22.4,102.2,36,35.2,63.3,35.1,Grassland,Omnivore,Omnivore,Terrestrial,NA,NA,8.5049111,-0.288513425,LC,79,6.70E+11,-72.21106306,-47.42623899,Neotropical,2,0,0.00062608,1.552503071,-1.261986099,-0.800756631,1,-1.295379323,-0.756961502,5.98656302,0.179601012
Melipotes fumigatus,Meliphagidae,22.7,11.4,4.2,5.2,30.3,107.4,19.5,19,99.8,58.6,Forest,Herbivore,Frugivore,Insessorial,16.6,9.7,4.079425196,-2.305170902,LC,43,5.27E+11,142.5917394,-5.633641578,Oceanina,6,0.002091589,0.000754025,1.992326201,-0.29745565,-0.479009876,1,-0.613809228,0.04500975,10.2955735,0.112274827
Melophus lathami,Emberizidae,15.3,9.3,4.7,6.3,20.5,79.9,13.8,17.5,68.8,21.9,Grassland,Herbivore,Granivore,Terrestrial,NA,NA,3.490053239,-0.808547269,LC,453,5.06E+12,96.15196892,24.85459999,Oriental,2,0,0.000692738,1.749598259,-1.012200671,-0.37412032,1,-0.998135239,-0.312087455,10.02122286,0.104953317
Melospiza melodia,Passerellidae,13.4,8.5,5.3,6.7,21.5,66.3,13.2,20.1,67.2,21.9,Shrubland,Omnivore,Omnivore,Generalist,15.7,NA,1.418851399,0.474513277,LC,1806,1.54E+13,-105.5415952,48.4496522,Nearctic,23,0.000129218,0.000781525,17.61261078,-0.077163157,0.030689455,1,0.040272058,-0.042138508,4.172392175,0.253432704
Melozone leucotis,Passerellidae,16.6,10.6,5.8,8.3,27.7,81.5,6.9,8.4,71,39.9,Forest,Carnivore,Invertivore,Generalist,NA,NA,0.52902134,-1.570523286,LC,13,1.56E+11,-92.00118461,15.19047935,Panamanian,6,2.18E-06,0.000765821,17.4075188,-0.585452799,0.067586628,1,-0.501263356,0.073393382,6.131957565,0.180884805
Mesopicos goertae,Picidae,25.1,19.7,6.3,6.8,19.1,108,24,22.1,58.8,44.5,Woodland,Carnivore,Invertivore,Insessorial,NA,NA,0.532990097,-1.054445292,LC,799,9.67E+12,15.92005618,9.918851024,Afrotropical,1,0,0.000694796,1.397978074,-1.030735688,-0.354555204,1,-1.018054495,-0.284255238,5.604850962,0.185812292
Microdynamis parva,Cuculidae,19.3,10.7,6,6.5,20.3,104.8,20.2,19.3,85.2,47.2,Forest,Herbivore,Frugivore,Insessorial,NA,NA,4.690085221,-2.323285084,LC,100,1.22E+12,140.8372309,-5.470640997,Oceanina,1,0,0.000415954,1.037931986,-2.074045086,-2.139228013,1,-2.259654242,-2.146740182,22.64896751,0.050275027
Mimus gilvus,Mimidae,22.9,13.9,5.1,5.8,33,105.8,23.9,22.8,115.7,52,Shrubland,Carnivore,Invertivore,Generalist,23,NA,1.821859952,-1.647665281,LC,310,3.75E+12,-67.1893476,6.718858944,Neotropical,1,0,0.000777182,15.83102035,-0.673898379,0.172781399,1,-0.595373223,0.219140955,2.701675814,0.380972639
Mimus melanotis,Mimidae,28.2,17.2,4.1,4.9,36.3,106.6,24.8,23.5,102,50.5,Shrubland,Carnivore,Invertivore,Terrestrial,21.6,NA,0.006560688,-0.767167933,NT,2,24615151010,-89.5,-0.812013682,Neotropical,13,0.000861137,0.000906248,26.3347508,0.302851218,0.727945053,3,0.35199844,0.892213677,2.63582228,0.390983001
Mimus parvulus,Mimidae,25.4,15.5,4.1,4.8,36,104,21.1,20.6,100.2,53.6,Shrubland,Omnivore,Omnivore,Insessorial,20.9,NA,0.012874653,-0.673701172,LC,6,73847043045,-90.66668142,-0.311996915,Neotropical,19,0.00029386,0.000843612,27.7417172,0.119377152,0.41656654,3,0.245096238,0.391394911,3.870040636,0.266942282
Mimus polyglottos,Mimidae,22.1,12.2,4.6,5.3,32.2,112.3,23.1,20.6,117.6,48.5,Shrubland,Omnivore,Omnivore,Generalist,20.7,8.8,0.803017677,0.036444077,LC,1306,1.28E+13,-98.48930317,39.11252214,Nearctic,63,0.0036284,0.000963968,69.03955784,2.424000495,0.15369612,8,2.160131652,0.491683989,2.711875022,0.379925861
Mimus saturninus,Mimidae,25.1,13.5,5.3,6.4,34.2,114.7,22.4,19.5,123.2,63.7,Shrubland,Omnivore,Omnivore,Terrestrial,24.4,NA,1.015574121,-0.961284196,LC,723,8.25E+12,-53.2920073,-21.63682193,Neotropical,26,0.001735691,0.000971969,233.9163819,1.738678423,0.868818353,13,1.813477096,0.483964968,4.15491003,0.247589222
Mimus thenca,Mimidae,23.4,14,4.9,5.4,39.2,113.2,27.6,24.7,119.8,66,Shrubland,Omnivore,Omnivore,Generalist,17.6,11.5,0.029122799,-0.220156507,LC,28,2.86E+11,-71.96586952,-34.39244437,Neotropical,7,0.000144982,0.000749065,8.910657938,-0.625587438,-0.078273986,1,-0.581207571,-0.023718568,3.766353378,0.273406628
Minla cyanouroptera,Leiotrichidae,14.7,7.4,3.2,3.9,21.9,65.3,6.6,9.9,69.7,17,Forest,Omnivore,Invertivore,Insessorial,NA,NA,4.476674137,-0.896595503,NA,343,3.89E+12,102.1753141,24.14496828,Oriental,2,0.000163821,0.000864209,19.69748754,-0.280383847,0.686457125,1,-0.165538098,0.775205401,6.922967748,0.149599182
Mino dumontii,Sturnidae,31,19,8.5,10.4,35.5,151.7,29.6,19.5,74.2,217,Forest,Herbivore,Frugivore,Insessorial,25.9,17.8,4.320921464,-2.416396359,LC,142,1.74E+12,141.6309879,-5.160112135,Oceanina,1,0,0.000457833,1.037653089,-1.917536273,-1.871190735,1,-2.073392021,-1.866838362,6.371070149,0.160829276
Mionectes macconnelli,Tyrannidae,13.7,8,4.1,3.4,16,60.7,10.2,16.7,49.8,13.5,Forest,Carnivore,Invertivore,Insessorial,NA,NA,1.349657958,-1.890854204,LC,301,3.68E+12,-56.93883214,-0.215151384,Neotropical,6,8.50E-05,0.000805414,31.58349815,-0.374171286,0.302351393,2,-0.269914219,0.291618647,6.468620238,0.171298163
Mionectes oleagineus,Tyrannidae,11.8,8.2,4.2,3.4,16,60.5,10.5,17.1,48.2,11.2,Forest,Herbivore,Frugivore,Insessorial,NA,7,2.020286506,-1.755493212,LC,896,1.09E+13,-66.28256279,-0.917517425,Neotropical,21,0.001489586,0.000942571,216.3707257,1.398886178,0.768092394,11,1.475843628,0.40956425,5.309558181,0.198029213
Mionectes olivaceus,Tyrannidae,13.7,8.9,4.1,3.4,18.2,69,11.2,17,40,15.3,Forest,Herbivore,Frugivore,Insessorial,11.5,6.9,5.302015075,-1.710555625,LC,145,1.77E+12,-75.42878897,1.193835716,Neotropical,13,0.000148685,0.000818787,25.47700829,-0.157974979,0.328788923,2,-0.04034224,0.310468145,8.7973928,0.117897952
Mionectes rufiventris,Tyrannidae,14.1,9.3,4.3,3.8,16.2,68.4,9.2,13.3,55,13.3,Forest,Omnivore,Invertivore,Insessorial,NA,6.8,0.241533677,-1.040090651,LC,122,1.37E+12,-49.51759183,-24.06375965,Neotropical,37,0.000843005,0.000945109,358.2767122,2.171146313,0.828130124,11,2.48341749,-0.244819938,7.115861455,0.153625803
Mionectes striaticollis,Tyrannidae,14.2,8,4.2,3.4,17.5,66.8,11.1,16.5,53.7,15,Forest,Omnivore,Invertivore,Insessorial,NA,6.2,5.10786512,-1.375014263,LC,74,8.99E+11,-74.41549163,-6.16623013,Neotropical,32,0.00117949,0.000964882,159.3613647,1.507245945,0.910259069,11,1.657564713,0.603031579,8.7973928,0.117897952
Mitrospingus cassinii,Mitrospingidae,21.6,12.8,5.4,6.9,25.4,83.5,10.3,12.6,73.2,40.4,Forest,Omnivore,Omnivore,Insessorial,NA,NA,9.966914123,-2.333286909,LC,41,5.01E+11,-78.50598459,5.716561342,Neotropical,1,0,0.000756037,6.515565487,-0.784511627,0.037419805,1,-0.725728332,0.108304419,9.837465064,0.106135148
Mniotilta varia,Parulidae,13.7,9,2.9,3.3,17.3,68.8,17,25.5,46.6,10.9,Forest,Carnivore,Invertivore,Insessorial,13,NA,1.041066516,0.052537758,LC,1661,1.58E+13,-95.00395558,42.35303804,Nearctic,3,2.25E-06,0.000807082,25.10477568,-0.480229314,0.350874708,1,-0.370841721,0.362768787,8.521459669,0.122508761
Mohoua albicilla,Mohouidae,12.7,7.1,3,4.6,25.4,70.4,14,19.9,65.4,17.6,Forest,Carnivore,Invertivore,Insessorial,15.6,NA,0.332971955,-0.541013955,LC,17,1.63E+11,175.9642747,-39.28912654,Australian,11,2.99E-06,0.000655569,4.074688483,-0.917393312,-0.670271513,3,-0.905098423,-0.684501816,12.18764302,0.084479444
Mohoua ochrocephala,Mohouidae,14.1,8.1,3.6,5.1,30.9,80.5,15.5,19.3,73.8,27.7,Forest,Omnivore,Invertivore,Insessorial,14.4,NA,2.762554411,-0.48680993,EN,23,2.03E+11,168.4313705,-45.73852262,Australian,1,0,0.000631223,1.198177293,-1.268997094,-0.761439867,1,-1.30158339,-0.708494545,12.18764302,0.084479444
Molothrus bonariensis,Icteridae,19.7,12.5,6.5,8.3,25.5,109.9,29.5,27.3,82.7,41.5,Woodland,Omnivore,Invertivore,Terrestrial,19,NA,3.104309438,-1.221324523,LC,1419,1.65E+13,-59.70411164,-13.98614151,Neotropical,5,0.000230093,0.000856528,48.43527625,-0.124351006,0.603241965,5,-0.004592257,0.591020267,1.806762896,0.583106796
Momotus aequatorialis,Momotidae,45,33.2,11.2,14.1,28.4,154.8,26.8,17.4,281.5,158,Forest,Carnivore,Invertivore,Insessorial,NA,NA,NA,NA,LC,NA,NA,NA,NA,NA,10,2.32E-05,0.000825073,60.38033271,-0.114299548,0.416608111,2,0.04056086,0.277039535,8.678581266,0.132529799
Momotus momota,Momotidae,42.5,29.4,9.7,12.6,28.4,142.3,26.4,18.6,253.9,115,Forest,Carnivore,Omnivore,Insessorial,NA,NA,2.097284507,-1.673228585,LC,984,1.19E+13,-62.36998816,-4.944837,Neotropical,37,0.001009968,0.000924055,134.7484961,1.365174701,0.655110045,10,1.518542179,0.346061367,9.856882003,0.113434974
Monticola solitarius,Muscicapidae,28.1,15.7,5.3,6,28.3,121.1,35.8,29.5,84.6,53.7,Rock,Carnivore,Omnivore,Insessorial,NA,NA,3.544127194,-0.495803864,LC,2846,3.08E+13,66.84200745,26.12050346,Oriental,1,0,0.000662427,1.335871759,-1.151916721,-0.561728297,1,-1.162264273,-0.50039459,5.33237029,0.198007855
Mulleripicus pulverulentus,Picidae,69,47.5,14.6,14.3,38.9,238.6,58.7,24.5,171.4,450.2,Forest,Carnivore,Invertivore,Insessorial,NA,NA,5.138601929,-1.74301527,VU,344,4.07E+12,100.00825,16.88275113,Oriental,1,0,0.000694567,1.887363538,-1.029930452,-0.356016914,1,-1.017163761,-0.287384813,4.654702321,0.239070795
Muscicapa adusta,Muscicapidae,12.6,6.5,4.2,2.9,13.6,63.4,12.4,19.6,49.5,10.4,Forest,Carnivore,Invertivore,Insessorial,10.8,NA,0.404885485,-0.820085356,LC,378,4.48E+12,31.73163244,-10.45252218,Afrotropical,1,0,0.000694796,1.397978074,-1.030735688,-0.354555204,4,-1.018054495,-0.284255238,6.38124897,0.167520775
Muscicapa striata,Muscicapidae,16.2,9.3,4.3,3.6,14.4,86.3,26.1,30.2,61.2,15.9,Forest,Carnivore,Invertivore,Insessorial,NA,NA,1.793659145,0.073840253,LC,4936,4.64E+13,35.94826194,39.69856421,Palearctic,11,0.000214686,0.000884531,22.6633096,0.040261615,0.747481099,21,0.185701427,0.784946569,5.599533734,0.197703949
Musophaga rossae,Musophagidae,35,12.2,7.4,12.9,44.9,224.7,33.4,14.8,232.7,361.4,Forest,Herbivore,Frugivore,Insessorial,NA,18.6,0.09710318,-1.010479784,LC,351,4.27E+12,24.78570412,-4.924967867,Afrotropical,6,6.74E-05,0.000740972,3.010008929,-0.715134526,-0.10620441,5,-0.66789743,-0.045560928,29.74030325,0.035469516
Musophaga violacea,Musophagidae,34.5,14.1,10.2,15.2,42.2,210.2,36,17.1,194.8,360,Forest,Herbivore,Frugivore,Insessorial,NA,16.8,0.513832927,-1.250444394,LC,223,2.70E+12,-1.72894654,10.14058839,Afrotropical,2,1.42E-06,0.000696167,1.582262669,-0.99969251,-0.352494318,1,-0.983536638,-0.288622124,23.09319275,0.047165368
Myadestes melanops,Turdidae,14.7,6.7,4.4,4.2,20.7,87,18.7,21.5,78.3,32.1,Forest,Herbivore,Frugivore,Insessorial,NA,11.5,0.631315861,-2.117941425,LC,9,1.09E+11,-83.16941005,9.468990729,Panamanian,54,0.001351477,0.000877421,86.86576463,1.516877226,0.170740953,2,1.595388123,-0.028724585,3.323778769,0.311795198
Myadestes obscurus,Turdidae,15.2,7.2,4.7,4.1,23.7,102,27.6,26.9,92.8,50.4,Forest,Herbivore,Frugivore,Insessorial,19.5,NA,0.625470336,-1.43329742,VU,4,46425205458,-155.2500239,19.69357626,Nearctic,5,1.59E-06,0.000658792,1.824120929,-1.063425791,-0.610942433,1,-1.065730102,-0.578008483,10.14802398,0.108237235
Myadestes ralloides,Turdidae,14.8,6.8,4.6,3.7,20.5,84.1,19.6,23.3,78.2,29.1,Forest,Omnivore,Invertivore,Insessorial,NA,8.1,3.833956891,-1.374915782,LC,109,1.32E+12,-73.27154585,-3.284990999,Neotropical,28,0.000314665,0.000881536,92.67061415,0.710396781,0.597199398,13,0.916133818,0.315978249,5.547043728,0.189367481
Myadestes townsendi,Turdidae,15.7,8.2,4.4,4.6,20.9,113.3,34.3,29.9,103,33.2,Forest,Omnivore,Omnivore,Insessorial,NA,NA,1.28214755,0.572121201,LC,778,6.39E+12,-122.641078,51.70568145,Nearctic,55,0.00039014,0.000890109,39.61667484,1.252255901,0.462145135,1,1.495354867,0.197783628,9.913061413,0.113541047
Myiarchus antillarum,Tyrannidae,23.5,13.9,6.4,5.1,22.6,85.3,14.8,17.3,77.5,23.4,Woodland,Carnivore,Invertivore,Insessorial,NA,NA,0.072097041,-1.386256507,LC,7,81930015772,-66.21358378,18.26236489,Panamanian,3,6.48E-05,0.00085982,54.89027513,-0.170637856,0.674401945,4,-0.020190636,0.617755937,3.026067958,0.394316922
Myiarchus cinerascens,Tyrannidae,23,14.3,6.8,6.2,22.4,96,19.8,20.4,89.7,28.2,Shrubland,Carnivore,Invertivore,Insessorial,12.9,NA,0.762180362,-0.120813447,LC,510,5.32E+12,-108.4589117,32.46249039,Nearctic,3,0.000478529,0.000904167,19.41477519,-0.049085878,0.864854225,3,0.038782091,1.030266933,1.902680914,0.672523697
Myiarchus crinitus,Tyrannidae,22.7,15.5,8.5,6.9,21.8,98.8,21.6,21.4,88.1,32.1,Woodland,Omnivore,Invertivore,Insessorial,12.9,NA,1.703005797,-0.175917019,LC,899,8.89E+12,-87.99564523,37.86380182,Nearctic,16,0.001047189,0.000912511,55.50630568,0.534501753,0.706975066,9,0.576654939,0.799807297,1.961726264,0.61565073
Myiarchus ferox,Tyrannidae,21.7,14.4,7.7,5.8,21.8,85.8,12.2,14.2,86.9,27.5,Forest,Omnivore,Invertivore,Insessorial,11.6,10.3,1.964708341,-1.561983123,LC,1071,1.29E+13,-57.07586343,-8.811168682,Neotropical,24,0.000453212,0.000963968,349.1609275,1.81360183,1.119866706,13,2.171676536,0.079162912,3.61782559,0.336639791
Myiarchus magnirostris,Tyrannidae,18.6,11.2,5.7,4.2,21.2,67,9.4,14,64.2,14.7,Shrubland,Carnivore,Invertivore,Insessorial,10,NA,0.021260219,-0.727963857,LC,8,98462194055,-90.62499378,-0.437006896,Neotropical,24,0.000807764,0.000899161,31.77594634,0.560346893,0.62425592,3,0.646379755,0.684803076,2.887354676,0.491618716
Myiarchus semirufus,Tyrannidae,24.1,15.9,7.3,5.3,21.6,87.8,10.8,12.4,87.5,22.5,Shrubland,Carnivore,Invertivore,Insessorial,NA,NA,0.481495111,-0.453032461,VU,16,1.95E+11,-79.68151563,-7.018134274,Neotropical,2,6.92E-07,0.000782897,27.40543519,-0.588132139,0.202836816,1,-0.497142896,0.206523817,2.851624582,0.471416343
Myiarchus swainsoni,Tyrannidae,20.2,14.6,7,5.7,20.6,88.6,15,17,82.9,25.1,Forest,Carnivore,Invertivore,Insessorial,10.9,NA,2.707642606,-1.387431086,LC,1261,1.49E+13,-57.50261912,-13.01319023,Neotropical,12,0.00018681,0.000871592,150.6756824,0.44591186,0.664916489,6,0.654802002,0.266562315,3.1525522,0.386371518
Myiarchus tuberculifer,Tyrannidae,21.1,12.9,7.1,5.2,20.1,80.4,15.5,18.8,76.5,17.7,Forest,Carnivore,Invertivore,Insessorial,10.4,NA,3.0884173,-1.587404035,LC,1058,1.27E+13,-70.98995245,1.531477323,Neotropical,13,0.000233683,0.000874678,59.60847305,0.18228235,0.667446446,7,0.341278659,0.572315425,2.872859965,0.461699083
Myiarchus tyrannulus,Tyrannidae,23.2,15.1,8.2,6.5,21.9,92,15.4,16.6,85.7,35.5,Woodland,Carnivore,Invertivore,Insessorial,15.8,NA,1.476109794,-1.204415163,LC,1112,1.31E+13,-52.61362606,-14.89435,Neotropical,13,0.000417786,0.000906339,95.80326862,0.457210541,0.828679204,9,0.623169266,0.665458138,2.502267359,0.509297336
Myiarchus venezuelensis,Tyrannidae,21.4,14.6,7.6,5.6,20,91,15.9,17.5,89,29.8,Forest,Omnivore,Invertivore,Insessorial,NA,9.3,0.193577295,-1.379918864,LC,51,6.19E+11,-70.69881701,9.942649981,Panamanian,3,7.04E-07,0.000738961,8.666303663,-0.790842975,-0.084821977,1,-0.737896063,-0.038726316,3.106784283,0.433793371
Myiobius barbatus,Tityridae,12.9,7,4.3,3.7,14.8,62.5,10.7,16.8,54.3,11,Forest,Carnivore,Invertivore,Insessorial,8.8,NA,2.192908784,-1.831957194,LC,608,7.40E+12,-62.76506161,-2.573414643,Neotropical,1,0,0.000755122,11.02463092,-0.772638252,0.031580134,2,-0.712220446,0.08743512,5.599313017,0.196515411
Myioborus miniatus,Parulidae,11.9,7,4.1,3.3,17.7,63.6,10.6,17,64.9,9,Forest,Carnivore,Invertivore,Insessorial,NA,NA,2.809162724,-1.339925997,LC,256,3.05E+12,-73.97179499,-2.569173925,Neotropical,11,3.42E-05,0.000832845,57.37861139,-0.068378949,0.457468519,5,0.091128964,0.325879888,5.100774219,0.204809519
Myiodynastes luteiventris,Tyrannidae,25.3,16.3,9.8,8.1,19.5,109.3,28.2,26,79.9,46.9,Woodland,Omnivore,Omnivore,Insessorial,14.5,NA,3.775551383,-1.469590923,LC,358,4.24E+12,-86.54310811,9.398182347,Panamanian,16,0.000700246,0.000949681,121.8922246,0.834711543,1.023277803,6,1.00072303,0.830957133,4.075796522,0.303744133
Myiodynastes maculatus,Tyrannidae,25.6,18.4,10.5,8.4,19.5,107.9,21.8,20.3,79,43.2,Forest,Carnivore,Invertivore,Insessorial,14.3,NA,2.64337431,-1.447844913,LC,1407,1.67E+13,-60.40532935,-9.459310712,Neotropical,71,0.003956527,0.001081695,818.8061556,5.667103723,0.78412885,34,5.827666656,-1.278868263,5.006093423,0.226547095
Myiopagis caniceps,Tyrannidae,11.2,6.3,3.4,3.1,16,59.4,11.1,18.7,52.7,10.5,Forest,Carnivore,Invertivore,Insessorial,7.6,NA,2.85190197,-1.578676712,LC,719,8.61E+12,-58.91082583,-10.61316442,Neotropical,1,0,0.000747579,8.109549401,-0.810715798,-0.016709882,1,-0.757134217,0.046557191,8.522707192,0.122673283
Myiopagis gaimardii,Tyrannidae,11.3,6.9,3.9,3.2,17.8,57.3,10.3,18.4,52.8,12,Forest,Carnivore,Invertivore,Insessorial,6,NA,1.771616009,-1.775097351,LC,802,9.75E+12,-62.19301323,-4.410181443,Neotropical,3,4.75E-06,0.000793184,41.22324098,-0.477053171,0.261401632,1,-0.369834189,0.217121051,7.132746911,0.147091243
Myiopagis viridicata,Tyrannidae,11.8,7.1,3.8,3.6,16.9,60,11.3,19,55.3,11.5,Forest,Omnivore,Invertivore,Insessorial,9.6,NA,0.974494784,-1.34357746,LC,833,9.92E+12,-52.61954656,-15.318819,Neotropical,2,4.24E-06,0.000815015,30.39100765,-0.457324663,0.407609078,1,-0.342656856,0.411414196,8.411935867,0.128810958
Myiophobus fasciatus,Tyrannidae,13.5,7.4,5,3.6,16.5,58.9,11,18.7,54.1,9.9,Shrubland,Carnivore,Invertivore,Insessorial,NA,NA,1.629037776,-1.195528534,LC,1059,1.24E+13,-57.42652865,-14.34714776,Neotropical,7,7.41E-05,0.000847018,88.02469939,-0.004280646,0.56487165,6,0.162816462,0.372026371,8.74665763,0.120283925
Myiozetetes cayanensis,Tyrannidae,14.4,9.8,5.4,4.6,20.4,84.1,12.8,15.4,71.4,25.9,Shrubland,Carnivore,Invertivore,Insessorial,NA,NA,1.804935178,-1.676754593,LC,742,8.99E+12,-58.75288394,-4.560160831,Neotropical,5,8.40E-05,0.000864872,62.84061189,-0.071188676,0.689616172,2,0.088665056,0.599638671,6.429537677,0.173582935
Myiozetetes granadensis,Tyrannidae,17.8,9.8,5.7,5.1,17.8,86.6,14.2,16.2,66.8,29.3,Forest,Omnivore,Invertivore,Insessorial,11.4,NA,3.919444823,-1.956430174,LC,363,4.42E+12,-71.33312984,-2.305095983,Neotropical,11,0.000277281,0.000862906,100.0971455,0.233542909,0.595178827,3,0.391329789,0.386975856,6.65676834,0.174144317
Myiozetetes similis,Tyrannidae,17.4,9.7,5.5,4.9,19.6,87,14.5,16.4,69.1,28,Shrubland,Carnivore,Invertivore,Insessorial,9.8,NA,1.992676194,-1.575288762,LC,1055,1.27E+13,-63.60345243,-3.434561621,Neotropical,75,0.007152085,0.001117128,783.5110402,6.367793646,0.264773693,22,5.958487347,-0.978256719,6.726388542,0.160909056
Myophonus caeruleus,Muscicapidae,33.3,19.4,6.9,9.6,49.9,169.4,35,20.7,119.4,158,Forest,Carnivore,Omnivore,Terrestrial,NA,NA,6.812571014,-0.466502308,LC,853,9.27E+12,96.9838119,27.14731,Sino-Japanese,5,0.000340358,0.000844984,12.68406031,-0.268445564,0.504396528,2,-0.195282487,0.63087596,6.70666251,0.173885806
Myrmecocichla cinnamomeiventris,Muscicapidae,22.3,12.4,4.4,4.9,29.8,111.6,16.5,14.8,91,39.8,Rock,Herbivore,Frugivore,Insessorial,NA,NA,0.562702831,-0.84608944,LC,450,5.35E+12,32.74691676,-9.519642851,Afrotropical,3,5.75E-06,0.00070234,1.80823328,-0.950030863,-0.320366141,1,-0.92750516,-0.261040735,8.111352587,0.127365928
Nectarinia amethystina,Nectariniidae,24.8,18.3,3.7,3.4,15.6,65.1,10.1,15.6,42.1,13.7,Woodland,Omnivore,Omnivore,Insessorial,NA,NA,0.376512417,-0.788818993,LC,497,5.88E+12,30.20498667,-14.7391434,Afrotropical,1,0,0.000660964,1.205647898,-1.157825911,-0.571092411,1,-1.169278855,-0.509746572,6.471785231,0.187069992
Nectarinia asiatica,Nectariniidae,20.3,15,3.7,3.2,14.6,55,11.3,20.6,35.1,8.1,Shrubland,Omnivore,Omnivore,Insessorial,NA,NA,2.935528253,-1.015599684,LC,632,7.19E+12,82.60612804,22.19922676,Oriental,2,2.66E-06,0.000694339,1.84167064,-1.005419212,-0.364477844,1,-0.990659325,-0.301693899,6.4075926,0.202958188
Nectarinia chalybea,Nectariniidae,21.8,15.9,2.8,2.4,17.3,52,10.6,20.6,42.4,7.7,Shrubland,Omnivore,Omnivore,Insessorial,NA,NA,0.427439094,-0.188896783,LC,88,9.36E+11,24.10590772,-30.5849369,Afrotropical,1,0,0.000617302,1.09001309,-1.321391423,-0.850542083,1,-1.363923292,-0.801186191,6.603620592,0.186466881
Nectarinia famosa,Nectariniidae,31.1,25.8,3.9,3.2,15.7,68.8,14.3,20.7,82.2,14.4,Shrubland,Omnivore,Omnivore,Insessorial,NA,NA,0.365712664,-0.552020977,LC,210,2.41E+12,24.97406025,-30.1255978,Afrotropical,1,0,0.000617302,1.09001309,-1.321391423,-0.850542083,1,-1.363923292,-0.801186191,6.110019054,0.226817361
Nectarinia olivacea,Nectariniidae,23.4,18,4,3.2,16.1,58.2,10.1,17.3,45.6,9.7,Forest,Omnivore,Omnivore,Insessorial,NA,NA,0.743784066,-1.259564145,LC,673,8.17E+12,22.00788221,-2.433418816,Afrotropical,8,0.00095894,0.000819747,3.199008127,-0.206041212,0.184190307,8,-0.261400176,0.454453732,9.309454231,0.132421018
Nectarinia senegalensis,Nectariniidae,25.5,16.6,3.3,2.9,16.3,67.3,11.8,17.4,46.3,12.2,Shrubland,Omnivore,Omnivore,Insessorial,NA,NA,0.391383082,-0.925520403,LC,1011,1.21E+13,22.91337357,-3.52823146,Afrotropical,7,0.000107604,0.000715598,2.469066792,-0.779378482,-0.284060761,3,-0.755162625,-0.226311861,6.320943534,0.187841539
Nectarinia venusta,Nectariniidae,18.1,12.9,3.2,2.8,15,50.2,6.9,13.8,33.5,6.6,Woodland,Omnivore,Nectarivore,Insessorial,NA,NA,0.378728832,-1.031678725,LC,742,9.01E+12,33.15730935,-3.394488975,Afrotropical,2,1.25E-06,0.000696167,1.536547751,-0.999878478,-0.352456521,1,-0.983714819,-0.288472501,7.920533651,0.152324185
Nectarinia veroxii,Nectariniidae,24.9,19,3.5,3.2,16.4,59.5,9.7,16.3,48.6,11.5,Forest,Omnivore,Omnivore,Insessorial,NA,NA,0.62240596,-0.889154124,NA,65,7.46E+11,30.82254325,-28.92313217,Afrotropical,7,0.000462365,0.000827839,5.385669367,-0.284761679,0.354341196,3,-0.244584656,0.514313357,6.158516554,0.202186028
Nectarinia verticalis,Nectariniidae,24.7,18,3.4,3.3,17.1,61.9,10.3,16.6,42.1,14.4,Woodland,Herbivore,Omnivore,Insessorial,NA,NA,0.804133533,-1.371120715,LC,573,7.01E+12,16.2221396,1.488362878,Afrotropical,1,0,0.000660964,1.205647898,-1.157825911,-0.571092411,1,-1.169278855,-0.509746572,7.047887714,0.199479389
Nectarinia zeylonica,Nectariniidae,17,12.2,3.1,2.9,15.1,52.3,7.2,13.9,32.6,8.8,Forest,Omnivore,Omnivore,Insessorial,NA,NA,4.257977652,-1.36631092,LC,210,2.45E+12,81.63736572,18.58904375,Oriental,3,1.07E-06,0.000665764,1.923825506,-1.087190971,-0.553402634,2,-1.08973,-0.505874002,7.292476452,0.170055343
Nemosia pileata,Thraupidae,13.9,9,4.3,5.2,17.2,68.4,13.8,20.2,47.4,16,Forest,Carnivore,Invertivore,Insessorial,NA,NA,1.043319988,-1.4649201,LC,843,1.01E+13,-54.45394997,-11.54325112,Neotropical,26,0.00296312,0.001021574,338.5123938,2.504547778,0.909877114,12,2.441784479,0.47316993,7.73808493,0.139655089
Neopelma chrysolophum,Pipridae,11.2,6.3,4.2,3.4,16.5,66.2,11.5,17.4,56.2,14.2,Forest,Omnivore,Frugivore,Insessorial,NA,NA,0.268717438,-1.093996248,LC,27,3.07E+11,-44.99470062,-22.55644055,Neotropical,5,2.06E-05,0.00074255,18.20344711,-0.691371779,-0.07910015,1,-0.629362566,-0.071815311,6.465132506,0.201456149
Neothraupis fasciata,Thraupidae,17.7,10.5,5,7.2,22.8,71.5,11.4,16.2,62.6,26.8,Woodland,Omnivore,Invertivore,Generalist,NA,NA,0.189446708,-1.131081851,NT,232,2.74E+12,-49.90319376,-16.23139788,Neotropical,9,8.18E-05,0.000790098,30.2711396,-0.361359855,0.185853653,2,-0.260051893,0.15475604,6.470996447,0.171683228
Nesoenas picturata,Columbidae,NA,NA,NA,NA,NA,NA,NA,NA,NA,NA,NA,NA,NA,NA,NA,NA,1.024731889,-1.41448291,NA,81,9.45E+11,46.89415454,-19.22441182,Madagascan,5,0,0.00051121,1.16072156,-1.617511571,-1.555153242,1,-1.724710952,-1.562212899,8.959092875,0.115945273
Nesospingus speculiferus,Nesospingidae,21.4,13,6.6,8,23,84.5,16,19,62,35.2,Forest,Carnivore,Invertivore,Insessorial,NA,NA,0.086861488,-1.411304698,LC,6,70253812344,-66.5,18.19097756,Panamanian,3,2.62E-05,0.000780725,18.98356896,-0.595092409,0.176775484,1,-0.511928002,0.206642822,8.661342975,0.131762919
Nestor meridionalis,Strigopidae,55.1,44.5,14.4,35.8,38.2,284.3,101.2,35.5,172.2,428,Forest,Herbivore,Omnivore,Insessorial,NA,NA,1.961378767,-0.710204403,EN,44,4.12E+11,172.7487498,-41.05862536,Australian,15,1.12E-05,0.000658312,4.27582262,-0.804815644,-0.680167826,2,-0.781316808,-0.718549167,29.15840126,0.034509691
Nestor notabilis,Strigopidae,59,46.2,15.9,28.7,45.1,308.5,106.3,34.5,168.5,863,Grassland,Herbivore,Omnivore,Insessorial,NA,NA,3.583558824,-0.783055819,EN,20,1.79E+11,170.0491477,-43.67455155,Australian,7,0.001112361,0.000630766,1.373678861,-0.915299024,-1.053538156,1,-1.136737272,-0.789709395,29.15840126,0.034509691
Nigrita canicapillus,Estrildidae,13.5,9.6,6.2,5.8,16.1,68.2,13.9,20.5,47.9,18.7,Forest,Omnivore,Invertivore,Insessorial,NA,NA,0.731928821,-1.425207919,LC,417,5.11E+12,16.54386001,0.378295033,Afrotropical,6,1.67E-05,0.00068268,2.313256167,-0.944684198,-0.467849125,5,-0.929877014,-0.432880556,5.130871594,0.231084212
Nigrita fusconotus,Estrildidae,10.5,7.2,4,3.7,13.9,52.6,10.8,20.5,40.9,9.1,Forest,Omnivore,Invertivore,Insessorial,NA,NA,0.634531424,-1.496847442,LC,322,3.95E+12,18.50742291,-0.704463677,Afrotropical,1,0,0.00067788,1.379450409,-1.094017525,-0.462823589,1,-1.093364071,-0.397255008,3.974272025,0.285695248
Notiomystis cincta,Notiomystidae,20.1,9,3.5,3.9,27.6,104.3,25.8,25.2,78,93.4,Forest,Omnivore,Omnivore,Insessorial,NA,NA,0.176771437,-0.626035318,VU,5,49027681772,174.8347298,-35.98432834,Australian,14,2.99E-06,0.000655569,4.821645611,-0.839765992,-0.689464418,2,-0.819089286,-0.725738944,38.30028898,0.02645485
Nystalus striolatus,Bucconidae,31.8,22.6,8.5,11.7,19,84.2,18.4,21.5,65.4,47,Forest,Carnivore,Invertivore,Insessorial,NA,NA,0.828508934,-1.633031544,LC,244,2.96E+12,-65.13092524,-10.73455508,Neotropical,2,3.30E-06,0.000794098,17.82707572,-0.57827232,0.2739133,1,-0.484656678,0.312737592,11.10256835,0.108765532
Ocyceros gingalensis,Bucerotidae,93.5,77.7,23.8,30,41.9,197.7,31.5,16.2,216.1,238,Forest,Herbivore,Frugivore,Insessorial,NA,31.3,0.415551643,-1.695364168,LC,13,1.59E+11,80.49927445,7.694390258,Oriental,2,0,0.000477172,1.065984485,-1.820134053,-1.753811949,1,-1.959567736,-1.750606331,15.93501791,0.071234332
Onychognathus morio,Sturnidae,34.1,17.3,6.5,9.3,33.1,153.9,37.9,24.6,140.3,132.9,Rock,Omnivore,Omnivore,Insessorial,29.1,NA,0.867510258,-0.802608777,LC,611,7.22E+12,31.96316436,-12.58715108,Afrotropical,10,0.001508756,0.000898475,10.13615867,0.262911312,0.551343599,4,0.171195682,0.932076491,9.178366846,0.115783552
Onychognathus neumanni,Sturnidae,31.6,16.4,6.8,10.1,35.9,162.7,41.8,25.8,178.8,39.8,Rock,Herbivore,Frugivore,Insessorial,NA,NA,NA,NA,LC,NA,NA,NA,NA,NA,2,1.42E-06,0.000696167,1.582262669,-0.99969251,-0.352494318,1,-0.983536638,-0.288622124,7.051377409,0.16014597
Onychognathus walleri,Sturnidae,25,14.3,6.2,6.2,24.8,122.6,36,29.2,88.9,93,Forest,Omnivore,Omnivore,Insessorial,21.5,NA,0.310502604,-1.067160973,LC,89,1.09E+12,36.24009635,-3.938601477,Afrotropical,16,2.89E-05,0.000681766,2.620733621,-0.69449941,-0.540435297,1,-0.655752931,-0.569306213,7.48328659,0.139894444
Oporornis formosus,Parulidae,13.8,8.7,3.5,3.7,22.8,66.9,16.6,24.9,48.1,14,Forest,Carnivore,Invertivore,Generalist,NA,NA,1.819026344,-0.758157229,LC,536,5.80E+12,-86.3635465,29.31336173,Nearctic,5,1.17E-05,0.000771078,10.71164779,-0.611796463,0.10547861,1,-0.531676201,0.143379794,5.825153084,0.179080259
Oporornis philadelphia,Parulidae,12.5,8,3.3,3.6,22.1,59,15.1,25.3,47.8,11.7,Forest,Carnivore,Invertivore,Insessorial,NA,NA,1.585682756,0.085168742,LC,1017,9.47E+12,-88.02502515,42.00929556,Nearctic,1,0,0.000768267,10.8820776,-0.723998785,0.115707154,1,-0.654314605,0.175752683,2.915819867,0.359430918
Orchesticus abeillei,Thraupidae,17.1,11.4,8,9.3,22.9,87,16.8,19.4,81,31.5,Forest,Carnivore,Invertivore,Insessorial,NA,NA,0.133198085,-1.017006571,NT,29,3.31E+11,-44.95295971,-22.32118259,Neotropical,9,1.05E-05,0.00079787,61.68782075,-0.238898015,0.25176814,4,-0.103032071,0.103877629,5.508275118,0.226729761
Oreocharis arfaki,Paramythiidae,11.7,6.2,3.3,3.8,18.4,70,13.8,19.6,46.9,19.7,Forest,Herbivore,Frugivore,Insessorial,15.4,NA,3.795625908,-2.328840522,LC,46,5.64E+11,142.7098036,-5.618237964,Oceanina,3,0.000335212,0.000709449,1.841177671,-0.86274511,-0.349140579,1,-0.895756728,-0.213632631,17.84792555,0.062206559
Oreortyx pictus,Odontophoridae,15.4,8.7,6.6,8,35,134,41.4,31.6,73,233,Shrubland,Herbivore,Omnivore,Terrestrial,NA,NA,0.21390101,0.10620271,LC,83,7.85E+11,-120.271132,39.99741112,Nearctic,14,6.09E-07,0.00071633,7.956000496,-0.602500022,-0.300029759,1,-0.536628188,-0.329896747,17.62670822,0.059704783
Oreoscoptes montanus,Mimidae,20.8,12.1,4.4,5.3,29.4,97.7,25.4,26,96,44.2,Shrubland,Carnivore,Invertivore,Terrestrial,NA,NA,0.562523129,0.259644717,LC,489,4.81E+12,-109.8726352,37.89754444,Nearctic,6,5.92E-06,0.000721244,7.420440979,-0.785222952,-0.218585705,1,-0.738450131,-0.191848915,13.23027127,0.077052023
Oriolus auratus,Oriolidae,30.2,19,9.2,9.1,22.8,137.9,44.3,32.3,83.6,66.2,Woodland,Omnivore,Omnivore,Insessorial,NA,14,0.391835771,-1.013915857,LC,996,1.20E+13,19.82989792,-1.63484496,Afrotropical,1,0,0.000682909,1.416031735,-1.075098634,-0.430635603,1,-1.070853626,-0.363762182,8.28785057,0.128437675
Oriolus brachyrhynchus,Oriolidae,23.7,13.9,8,7.6,21.9,113.7,28.2,24.6,82.8,49,Forest,Omnivore,Invertivore,Insessorial,14.1,NA,0.945017934,-1.546445102,LC,300,3.68E+12,13.45203202,2.32187562,Afrotropical,4,1.85E-05,0.00072177,2.452202444,-0.847848718,-0.205281154,1,-0.810874645,-0.146212516,9.772830991,0.111135934
Oriolus chinensis,Oriolidae,35.8,25.4,10.8,11.1,26.8,150.9,43.8,29.1,98.8,82.6,Forest,Omnivore,Frugivore,Insessorial,21.8,17.1,6.422103435,-0.83576172,LC,1109,1.21E+13,112.4776512,28.75966231,Sino-Japanese,17,0.001785797,0.000901927,25.30698074,0.553439799,0.466231315,7,0.439573531,0.814978102,5.92892532,0.176962012
Oriolus larvatus,Oriolidae,28.1,18.8,8.1,7.9,23.7,133.9,39.2,29.4,83.5,66.1,Woodland,Omnivore,Omnivore,Insessorial,16.7,NA,0.340295203,-0.801001307,LC,646,7.68E+12,30.39894607,-11.76732985,Afrotropical,9,0.001237373,0.000877239,6.320251082,0.095652568,0.482993879,7,0.034169956,0.815559891,7.520741495,0.139780955
Oriolus oriolus,Oriolidae,30.9,19.4,9.2,8.7,23.6,138.9,46.4,33.3,84.6,65.6,Woodland,Omnivore,Omnivore,Insessorial,NA,NA,3.790365583,-0.126611833,LC,4837,4.91E+13,36.56759196,33.05460744,Saharo-Arabian,7,0.002119797,0.000827748,6.722574341,0.024320746,-0.019909394,12,-0.239780554,0.509326602,5.865977172,0.178975846
Oriolus szalayi,Oriolidae,34.5,21.8,8.9,9.9,25.3,139.2,31.1,22.3,110.7,95.2,Forest,Herbivore,Omnivore,Insessorial,NA,NA,4.360080015,-2.343542253,LC,101,1.24E+12,140.1802305,-5.181043983,Oceanina,3,4.35E-05,0.000463091,1.11330403,-1.839561167,-1.860148902,1,-1.994314069,-1.857807151,3.864852221,0.283008628
Oriolus traillii,Oriolidae,32,21.8,8.8,8.6,25.5,142.9,39,26.6,102,73.7,Forest,Herbivore,Omnivore,Insessorial,NA,NA,5.349537094,-1.145075704,LC,277,3.17E+12,97.61487813,21.60256372,Oriental,12,0.000970077,0.000889354,26.47186379,0.235191115,0.601661096,4,0.249697916,0.791788081,12.32406739,0.085934487
Oriolus xanthonotus,Oriolidae,24.2,17.1,7.3,7.3,20.9,106.8,27,25.2,65.4,45,Forest,Omnivore,Frugivore,Insessorial,11.1,11.7,3.181319964,-2.351234055,NT,204,2.50E+12,101.8090394,1.581776045,Oriental,8,0.000607036,0.000893103,23.3451222,0.071690224,0.733088174,1,0.143388179,0.878801538,10.80168245,0.0971971
Oriolus xanthornus,Oriolidae,29.6,19.8,8,7.8,24.3,133.6,36.4,27.4,82.6,56.3,Forest,Herbivore,Frugivore,Insessorial,NA,12.2,3.769595252,-1.313855558,LC,497,5.75E+12,88.02733037,20.2724126,Oriental,10,0.000471744,0.000864437,18.77795461,-0.025752591,0.567309421,4,0.053488625,0.676296484,12.27750924,0.085588722
Ortalis canicollis,Cracidae,25.1,14,8.7,9.9,59.9,235.7,46.1,20.8,248.3,539,Woodland,Herbivore,Omnivore,Insessorial,NA,NA,0.278047133,-0.771026701,LC,131,1.48E+12,-60.49255155,-23.58912729,Neotropical,12,2.58E-05,0.000815586,75.15744227,-0.049097996,0.342543994,1,0.111361477,0.139407775,4.164452982,0.271594772
Ortalis cinereiceps,Cracidae,29.3,13.3,7.3,9,60.2,205.5,27.4,13.3,207.2,493,Shrubland,Herbivore,Frugivore,Insessorial,NA,15.3,3.724503027,-2.122766363,LC,39,4.72E+11,-81.92965218,10.18105248,Panamanian,1,0,0.000763923,7.814293961,-0.750633803,0.087899908,2,-0.685589461,0.156764348,3.144764914,0.391298461
Ortalis guttata,Cracidae,30.7,11.4,7.8,9.4,62.6,225.6,27,11.9,269.9,547.7,Shrubland,Herbivore,Frugivore,Insessorial,NA,15.4,0.827065434,-1.729422692,LC,19,2.33E+11,-75.02486024,4.854817558,Panamanian,38,0.000957276,0.000970117,257.4190033,1.968642938,0.955747533,3,2.229237737,0.239497125,3.527960466,0.327817851
Ortalis vetula,Cracidae,28.3,12.2,6.9,8.8,61.1,198,22.1,11.4,230.4,562.6,Shrubland,Herbivore,Frugivore,Insessorial,NA,16.6,0.946720216,-1.192279753,LC,88,1.02E+12,-92.89454854,19.34419493,Panamanian,22,0.001285245,0.000835245,61.8913223,0.461376759,0.120410126,6,0.424085295,0.184913667,3.478904958,0.324535789
Orthogonys chloricterus,Mitrospingidae,24,13.1,6.1,7.5,24.5,90.4,21.6,23.8,79.6,39,Forest,Omnivore,Invertivore,Insessorial,NA,NA,0.415895332,-1.069130634,LC,28,3.17E+11,-45.58411385,-23.48587593,Neotropical,23,6.77E-05,0.000832617,136.5599704,0.505825685,0.371884821,5,0.731124693,-0.089973745,5.550150897,0.231271731
Orthotomus sutorius,Cisticolidae,15.5,8.9,2.7,2.6,19.3,45.5,4.8,10.4,47.7,7.5,Shrubland,Carnivore,Invertivore,Insessorial,10.2,NA,3.495115322,-1.140287957,LC,748,8.58E+12,90.80904147,21.27508656,Oriental,2,9.48E-06,0.000700076,1.954318684,-0.982339244,-0.329291899,1,-0.964700562,-0.263713721,8.068653679,0.153659381
Oryzoborus angolensis,Thraupidae,12.9,9.4,6.8,10,16,57.7,8.9,15.5,51.9,13,Shrubland,Omnivore,Granivore,Insessorial,NA,NA,2.017923857,-1.574923991,NA,1119,1.35E+13,-57.63680666,-7.952515998,Neotropical,1,0,0.000699299,2.316864836,-1.010789741,-0.325729835,2,-0.994443587,-0.257164189,2.156542936,0.512952153
Oxyruncus cristatus,Tityridae,17.9,11.3,5.5,5.6,20.7,92.2,24,26.3,64.3,42,Forest,Herbivore,Frugivore,Insessorial,15.8,10.3,1.806202078,-1.510103707,LC,258,3.07E+12,-48.60951017,-22.29320993,Neotropical,10,5.86E-06,0.000819358,96.92532674,-0.014919588,0.384042546,5,0.157582518,0.119233675,34.30082695,0.029928919
Pachyramphus aglaiae,Tityridae,16.9,11.3,7.1,6.6,19.7,86,17.4,20.1,66.2,29.7,Forest,Omnivore,Omnivore,Insessorial,NA,NA,0.852038446,-1.091399285,LC,184,2.12E+12,-97.32875749,20.3303426,Nearctic,5,3.53E-05,0.000789755,20.22650359,-0.50537876,0.21970223,2,-0.411524485,0.237062993,4.116998798,0.252550073
Pachyramphus castaneus,Tityridae,14.3,9.6,6.2,5.1,18.3,74.1,14,18.3,59.9,19.5,Forest,Carnivore,Invertivore,Insessorial,NA,NA,2.654075936,-1.58720117,LC,589,7.05E+12,-65.31517542,-5.581578415,Neotropical,6,1.89E-05,0.00085982,71.13426384,-0.048885462,0.665580168,3,0.126220544,0.525797869,5.923599258,0.175146937
Pachyramphus cinnamomeus,Tityridae,16.8,10.6,7.6,5.6,19.7,77,16.1,20.7,59.4,20.3,Forest,Carnivore,Invertivore,Insessorial,NA,NA,4.463672508,-1.845582293,LC,126,1.52E+12,-80.27003231,9.538494194,Panamanian,2,5.78E-07,0.000805436,10.24956515,-0.562095038,0.347074538,1,-0.463761814,0.413319403,5.923599258,0.175146937
Pachyramphus polychopterus,Tityridae,14.9,10.4,7,5.7,18.7,72,16.4,21.8,55.7,20.8,Forest,Omnivore,Invertivore,Insessorial,11.2,10.9,2.375443657,-1.4753471,LC,1312,1.56E+13,-58.88089203,-9.800374312,Neotropical,7,0.000121856,0.000844961,81.73192769,-0.024515227,0.54090898,7,0.129138935,0.37887168,6.818755509,0.155773999
Pachyramphus spodiurus,Tityridae,15.9,10.7,6.9,5.5,18.9,75.2,16.8,22.2,59,18.2,Woodland,Carnivore,Invertivore,Insessorial,NA,NA,0.260326379,-1.139735755,VU,5,61461614435,-80.00025255,-3.312774001,Neotropical,2,1.19E-06,0.000788155,32.89200468,-0.549785497,0.236390357,1,-0.45237357,0.223706972,3.165586658,0.340168674
Pachyramphus validus,Tityridae,19.3,13.8,8.6,7.8,19.8,95.5,20.8,21.8,68.1,43,Forest,Carnivore,Invertivore,Insessorial,NA,NA,0.894413187,-1.148989622,LC,607,7.13E+12,-51.17862923,-16.30645329,Neotropical,11,0.001320196,0.000985662,154.4658227,1.068524728,1.145882529,8,1.149219234,1.029482031,10.13042505,0.102105011
Pachyramphus versicolor,Tityridae,12.6,7.4,5.2,4.4,16.2,64.6,13.5,20.6,51.7,15.5,Forest,Carnivore,Invertivore,Insessorial,12.7,NA,3.446970586,-1.450180214,LC,80,9.74E+11,-75.53489924,-1.796703194,Neotropical,1,0,0.000816843,28.54653654,-0.482556055,0.426662478,1,-0.369411448,0.442604589,9.546409692,0.110188168
Pachyramphus viridis,Tityridae,14.5,9.9,6.5,5.5,17.6,71.4,13.9,19.6,55.9,21,Forest,Carnivore,Invertivore,Insessorial,13.2,NA,0.595292779,-1.109381386,LC,545,6.36E+12,-50.12747307,-18.75391255,Neotropical,2,5.39E-06,0.000815929,37.33050237,-0.430163102,0.413221207,2,-0.311542233,0.394812981,3.344099215,0.320914195
Paradisaea raggiana,Paradisaeidae,38.1,28.1,10.8,11.2,42.9,188.5,27.7,14.7,128.7,212.6,Forest,Omnivore,Frugivore,Insessorial,32.2,14.6,5.534746883,-2.19707257,LC,38,4.63E+11,145.2151275,-7.689652699,Oceanina,23,0.008518221,0.000627726,1.972660912,0.838207996,-2.845025301,2,-0.704736995,-1.01888283,1.237478874,0.860653562
Paradisaea rudolphi,Paradisaeidae,40.3,27.2,9.6,12.4,41.1,151.7,19.2,12.8,80.2,164.1,Forest,Herbivore,Frugivore,Insessorial,NA,16.7,4.068055316,-2.244872066,NA,18,2.20E+11,145.3369187,-6.928441457,Oceanina,15,2.83E-05,0.000619496,1.680435599,-0.955535428,-0.932459533,2,-0.96407197,-0.969482413,7.147382679,0.144035255
Paroaria coronata,Thraupidae,16.8,10.5,6.2,8.5,25.3,98.6,17.3,17.6,85.8,37.8,Shrubland,Herbivore,Omnivore,Terrestrial,17.8,NA,0.568369061,-0.678557494,LC,286,3.11E+12,-60.33749841,-28.2833296,Neotropical,7,0.000541157,0.000839955,28.35293757,-0.147105253,0.414185632,3,-0.101180008,0.520118438,3.848331179,0.270734129
Paroreomyza montana,Fringillidae,13.3,9,3.2,3.5,21.3,64.6,12.2,18.7,47.4,13.1,Forest,Carnivore,Invertivore,Insessorial,NA,NA,0.00386003,-1.226364642,EN,2,23069314746,-156,20.68893389,Nearctic,1,0,0.000522434,1.033871122,-1.676120834,-1.457722759,1,-1.786081376,-1.435057444,7.700393736,0.135718384
Parotia lawesii,Paradisaeidae,30.9,17.4,6.8,8.4,49.9,150.6,11.9,7.9,76.2,161.4,Forest,Omnivore,Frugivore,Insessorial,32.7,18.8,4.258216944,-2.214527995,LC,18,2.20E+11,145.3939153,-7.097427366,Oceanina,25,3.24E-05,0.000620182,2.086925739,-0.70053035,-0.992970787,3,-0.682444922,-1.09553723,3.175919817,0.332788864
Parula pitiayumi,Parulidae,12,7.5,3,3.2,16.1,52.7,10.8,20.1,41.1,6.8,Forest,Carnivore,Invertivore,Insessorial,NA,NA,1.544560605,-1.217908477,LC,949,1.11E+13,-57.26475848,-13.48742929,Neotropical,24,0.001071442,0.00096934,217.6224506,1.501345936,1.014499045,15,1.682878217,0.545585505,3.028749796,0.349069425
Parus albiventris,Paridae,13.4,7.8,3.5,4.5,19,82,14.5,17.7,64.7,21.2,Woodland,Carnivore,Invertivore,Insessorial,NA,NA,0.119461892,-0.947314066,LC,71,8.71E+11,35.16461695,-2.880051272,Afrotropical,1,0,0.000674908,1.322118494,-1.105317984,-0.481843863,1,-1.106804906,-0.416929328,8.551107026,0.124001827
Parus ater,Paridae,10.7,6.3,3,3.6,15.1,61.1,13.4,21.9,46.4,9.2,Forest,Omnivore,Invertivore,Insessorial,NA,NA,2.497408568,0.776998969,LC,3461,2.64E+13,70.43822507,54.78914377,Palearctic,9,1.63E-05,0.000728285,6.040427176,-0.686584777,-0.195063415,11,-0.629416177,-0.179067007,10.01356233,0.107332827
Parus atricapillus,Paridae,10.3,7.2,3.7,4,16.8,64.4,12,18.6,61.7,10.8,Forest,Omnivore,Invertivore,Insessorial,NA,NA,0.788757898,0.742645979,LC,1337,1.05E+13,-107.9988279,52.06043178,Nearctic,1,0,0.000613461,1.176613516,-1.335450177,-0.875121677,1,-1.380666668,-0.827137398,6.768120713,0.150769414
Parus caeruleus,Paridae,9.7,5.8,3.2,4.2,15.2,65.6,13.8,21,51.4,11.1,Forest,Omnivore,Invertivore,Insessorial,NA,NA,0.38384526,0.373650862,LC,1635,1.31E+13,23.8860796,51.61878351,Palearctic,37,0.000658681,0.00090259,37.88405028,0.891859009,0.596651919,20,1.045528123,0.519628931,9.086720474,0.14263247
Parus cristatus,Paridae,11.3,7,2.6,3.1,17.1,64,12.7,19.8,51.4,11,Woodland,Omnivore,Invertivore,Insessorial,NA,NA,0.428336453,0.504966854,NA,1080,7.79E+12,26.18449805,55.96469843,Palearctic,3,5.12E-06,0.000713404,3.447674669,-0.903239395,-0.249405211,7,-0.871905886,-0.192458917,9.244551691,0.118046057
Parus funereus,Paridae,12.3,7.8,3.9,4.9,17.8,85.2,15.8,18.5,57.2,25.4,Forest,Omnivore,Invertivore,Insessorial,NA,NA,0.424056274,-1.486339138,LC,253,3.11E+12,21.31168077,0.175073585,Afrotropical,5,2.52E-05,0.000696625,2.465859045,-0.915509333,-0.374133481,1,-0.894961486,-0.327250778,11.21213031,0.100526854
Parus major,Paridae,11.3,8,4,4.3,17.4,70.9,13.3,18.7,61.2,16.3,Woodland,Omnivore,Invertivore,Insessorial,NA,NA,4.519000871,0.428053848,LC,5257,4.56E+13,68.18034022,48.28588146,Palearctic,32,0.001835172,0.000925107,29.29045025,1.038129591,0.507492689,52,0.973684023,0.762901852,9.341920709,0.114665511
Parus montanus,Paridae,11,7.1,3.4,4,16.2,65.5,11.6,17.7,59.3,11.1,Forest,Omnivore,Invertivore,Insessorial,NA,NA,2.15607501,1.013277192,NA,3656,2.56E+13,79.23637611,58.53460916,Palearctic,6,1.98E-05,0.000748516,5.003064539,-0.688953054,-0.047169339,10,-0.626577396,-0.001665259,9.49801376,0.108964084
Parus niger,Paridae,NA,NA,NA,NA,NA,NA,NA,NA,NA,NA,NA,NA,NA,NA,NA,NA,0.403000854,-0.609849701,NA,297,3.43E+12,27.08780601,-20.23529192,Afrotropical,5,2.19E-05,0.000700968,2.126534773,-0.901039762,-0.345586169,2,-0.876966353,-0.297111164,8.661036314,0.121651204
Parus palustris,Paridae,9.4,6.7,3.3,4.1,15.9,64,11.4,17.9,54.8,11.1,Forest,Omnivore,Invertivore,Insessorial,NA,NA,1.329096394,0.607551834,NA,1496,1.21E+13,20.97917081,51.6695485,Palearctic,25,0.000498558,0.000894818,27.13062885,0.496514129,0.659756695,47,0.636655473,0.658047131,9.499558194,0.111862846
Parus varius,Paridae,12.2,8.7,4.5,4.8,18.5,73.8,14.5,19.7,51.3,17,Forest,Carnivore,Invertivore,Insessorial,NA,NA,1.773081783,-0.368906642,LC,145,1.44E+12,134.9015726,38.38031387,Sino-Japanese,7,0.000125782,0.000651934,1.61468815,-1.016857436,-0.695630734,1,-1.041649526,-0.649019908,10.61083596,0.101754823
Passer domesticus,Passeridae,13.5,9.1,6.3,7.4,17.9,74.9,20.4,27.3,57.2,26.5,Human Modified,Herbivore,Granivore,Terrestrial,16.2,NA,3.235933193,0.240598518,LC,8830,8.02E+13,59.23878137,51.21608088,Palearctic,12,0.002267857,0.000930593,20.4534093,0.607631009,0.572999513,5,0.409656561,1.087109101,3.607030882,0.320392691
Passer griseus,Passeridae,14.2,9.7,6.3,7.4,18.1,78.9,16.3,20.7,59,27.8,Shrubland,Herbivore,Granivore,Terrestrial,15.8,NA,0.368479692,-1.104947533,LC,1094,1.32E+13,15.78737536,5.414357013,Afrotropical,1,0,0.000662907,1.377405198,-1.149981825,-0.558655701,1,-1.159967276,-0.497322055,6.874450326,0.166069663
Passer montanus,Passeridae,13.2,8.2,5.5,6.5,16.4,67.9,16.7,24.6,51,21.4,Woodland,Omnivore,Granivore,Terrestrial,NA,NA,6.390749846,0.495650301,LC,5638,4.79E+13,77.94170722,49.8776635,Palearctic,8,0.003547277,0.000952538,23.58195208,0.8354822,0.450611747,5,0.408658749,1.275265686,6.405628697,0.184590368
Passerculus sandwichensis,Passerellidae,12.8,8.3,4.1,5.4,20.7,72.8,17.6,24.1,51.2,20,Grassland,Omnivore,Omnivore,Generalist,17.4,NA,4.080817175,0.695309036,LC,2867,2.25E+13,-110.1015748,54.78118385,Nearctic,5,0,0.00066821,4.362068714,-1.019914799,-0.550297066,1,-1.013949154,-0.523367901,7.692534058,0.137149095
Passerella iliaca,Passerellidae,13.4,8.5,5.3,7.5,24.3,84.2,21.9,26.1,68.2,33.3,Forest,Omnivore,Omnivore,Generalist,16.5,NA,2.176702614,0.742083702,LC,2426,1.87E+13,-112.0190816,54.6844983,Nearctic,21,0.000388159,0.000890109,33.45608667,0.379931331,0.680117879,1,0.529568443,0.657593849,8.777154514,0.121155289
Passerina amoena,Cardinalidae,11.8,7.3,4.8,6.1,16.8,70.4,16.5,23.4,54.2,15.5,Shrubland,Herbivore,Omnivore,Insessorial,NA,NA,0.739858494,0.245939436,LC,578,5.59E+12,-110.755846,39.09930135,Nearctic,2,2.36E-06,0.000700442,2.32683973,-0.981018004,-0.325345739,1,-0.96162185,-0.262488413,7.033920659,0.145927188
Passerina caerulea,Cardinalidae,17,12.3,7.4,10.9,20.3,86.1,19.9,22.9,64.4,27.4,Forest,Carnivore,Invertivore,Generalist,16.1,NA,0.686748993,-0.412778985,LC,838,8.90E+12,-97.78665668,31.41843855,Nearctic,1,0,0.00077421,7.654190556,-0.712732736,0.153738309,2,-0.640461038,0.22604131,7.033920659,0.145927188
Passerina versicolor,Cardinalidae,11.2,7.6,4.8,6.3,17.5,67.7,12.9,19,54.8,12.9,Shrubland,Omnivore,Omnivore,Generalist,NA,NA,0.396847142,-0.562254065,LC,192,2.15E+12,-103.6637597,24.94021005,Nearctic,1,0,0.000750093,3.816507485,-0.815876443,-0.000628004,3,-0.76268307,0.077414361,4.564078801,0.224410147
Patagioenas araucana,Columbidae,24.9,12.6,5,5.6,30.8,210.2,77.9,37,133.4,270,Forest,Herbivore,Frugivore,Insessorial,NA,8.3,2.239356904,-0.316697683,LC,58,5.55E+11,-72.39017526,-39.69801873,Neotropical,3,1.44E-06,0.000623451,1.749426939,-1.245846578,-0.824304516,2,-1.278604823,-0.788107015,8.462997456,0.125263663
Patagioenas cayennensis,Columbidae,24.5,12.1,4.6,5.5,23.4,180.3,62.8,35.1,112.7,229,Forest,Herbivore,Frugivore,Insessorial,NA,9.5,2.317356468,-1.54137075,LC,1273,1.53E+13,-59.69943614,-7.544551464,Neotropical,6,3.84E-05,0.00083376,46.48294821,-0.22629725,0.494338495,4,-0.085767923,0.432306137,4.232269452,0.283442495
Patagioenas fasciata,Columbidae,24.9,18.9,7.5,6.6,25.9,206.9,74.7,36.2,141.5,366.3,Forest,Herbivore,Granivore,Terrestrial,NA,NA,1.580839802,-0.572061085,LC,539,5.84E+12,-110.5744207,33.80368468,Nearctic,48,0.006359913,0.001021437,165.1862159,3.091815865,0.001939416,13,2.374992806,0.755062928,8.718019542,0.122158069
Patagioenas flavirostris,Columbidae,23,11.2,4,5.7,23.1,186.9,68.6,35.6,114.8,270.8,Woodland,Herbivore,Frugivore,Insessorial,NA,14.8,0.692635546,-1.142849424,LC,153,1.77E+12,-96.67476582,19.85762178,Nearctic,11,0.00011916,0.000825873,43.42885009,-0.126109344,0.393648228,5,0.005747649,0.324937474,3.698532999,0.319326983
Patagioenas picazuro,Columbidae,25.3,14.6,4.8,6.7,30.3,218.2,81.9,37.6,131.8,279,Forest,Herbivore,Omnivore,Generalist,NA,NA,0.831943087,-0.869235205,LC,610,6.89E+12,-53.89180655,-22.87724575,Neotropical,12,4.38E-05,0.000841098,108.9199485,0.164040994,0.501866941,11,0.356422068,0.199412251,4.226862619,0.268437758
Patagioenas plumbea,Columbidae,23.1,12.9,4.3,5.1,23.1,177.8,61.9,34.9,141.6,178.8,Forest,Herbivore,Frugivore,Insessorial,NA,7.1,2.986732826,-1.690169733,LC,681,8.21E+12,-64.54060756,-3.784849602,Neotropical,20,0.000368854,0.000897767,142.7860418,0.750715125,0.740189116,13,0.962059514,0.363876404,7.08983639,0.155817284
Patagioenas speciosa,Columbidae,24.5,12.3,4.8,6,23.7,184.7,65.5,36.5,98.3,258.5,Forest,Herbivore,Frugivore,Insessorial,NA,8.4,2.277539236,-1.717431504,LC,968,1.17E+13,-65.07986643,-1.699812543,Neotropical,5,4.29E-05,0.000839703,73.07213591,-0.138118605,0.537832281,3,0.016602986,0.397935894,8.799280315,0.123260604
Patagioenas squamosa,Columbidae,28.1,11.1,4.4,6,26.1,210.3,74.2,35.6,140.3,312,Forest,Herbivore,Frugivore,Insessorial,NA,NA,0.187109489,-1.307102286,LC,67,7.82E+11,-71.91046522,19.202172,Panamanian,15,0.000204665,0.000868735,65.44393791,0.224583737,0.623168075,5,0.39298703,0.487630753,4.661919064,0.259340433
Patagioenas subvinacea,Columbidae,18.8,9.8,3.8,4.1,20.8,156.3,53.6,34.3,114.4,162.5,Forest,Herbivore,Frugivore,Insessorial,NA,7.3,2.531237612,-1.868822913,VU,687,8.39E+12,-64.70602477,-2.377043055,Neotropical,3,0.000596736,0.000820158,22.0982221,-0.332200625,0.300527826,3,-0.324403774,0.460001715,6.70631473,0.165476146
Penelope barbata,Cracidae,35.4,14.1,9.2,9.6,55.7,241.9,29.6,12.6,255.2,665,Forest,Herbivore,Frugivore,Insessorial,NA,21.4,0.062193398,-0.877243718,NT,11,1.35E+11,-79.13614322,-5.225820267,Neotropical,3,2.28E-07,0.000725588,6.048165171,-0.849785957,-0.170312642,2,-0.807578842,-0.119536129,2.400757947,0.55760111
Penelope jacquacu,Cracidae,38.4,14.8,8.8,10.4,79.7,296.4,30.3,10.3,322.4,1487.9,Forest,Herbivore,Frugivore,Insessorial,NA,19.3,2.334304468,-1.865420794,LC,464,5.66E+12,-66.27120977,-4.592731876,Neotropical,3,0,0.000672485,4.329483513,-1.054112569,-0.510140788,1,-1.05046198,-0.468828995,2.746073896,0.420563955
Penelope marail,Cracidae,40.9,18.6,9.1,10.9,78.9,321.4,35.3,10.7,348,879.7,Forest,Herbivore,Frugivore,Insessorial,NA,25,0.384864409,-1.927517876,LC,128,1.57E+12,-57.39672752,2.701148972,Neotropical,13,1.23E-07,0.00076038,12.10941425,-0.448910662,-0.01157349,1,-0.352216719,-0.036144432,2.404200416,0.53570137
Penelope montagnii,Cracidae,34.8,14.6,9.1,10.1,58.7,241.5,30.9,12.2,250.8,706,Forest,Herbivore,Frugivore,Insessorial,NA,17.6,1.906088187,-1.30879154,LC,82,9.94E+11,-74.51071172,4.695057107,Panamanian,33,0.000729911,0.000851704,63.86518355,0.702770857,0.280576549,12,0.80967442,0.14621933,2.55984398,0.462295083
Penelope obscura,Cracidae,34.5,16.6,10.2,12,70.6,309.4,14.6,4.9,313.5,1770,Forest,Herbivore,Frugivore,Insessorial,NA,20.2,1.01499119,-0.850110737,LC,147,1.62E+12,-52.38062265,-27.44732921,Neotropical,40,0.001892011,0.001000086,285.7665313,2.398782792,0.92410432,17,2.528417192,0.32115589,2.052102687,0.569347972
Penelope perspicax,Cracidae,40.5,15.5,18.8,10.7,86.2,325,43,12.2,333.5,1197,Forest,Herbivore,Frugivore,Insessorial,NA,17.8,7.766136635,-1.994704461,EN,8,98307292490,-76.49951377,3.190055304,Neotropical,8,1.10E-05,0.000804614,31.38388137,-0.341404501,0.301136966,1,-0.218852274,0.261062945,2.271960365,0.552060756
Penelope purpurascens,Cracidae,45.8,18.2,10.1,11.2,83.5,379.7,45.7,12,368.6,2060,Forest,Herbivore,Frugivore,Insessorial,NA,23.2,2.405324517,-1.543901183,LC,224,2.67E+12,-86.52605345,13.36150598,Panamanian,2,1.23E-07,0.000676417,3.259467522,-1.068055817,-0.478608037,1,-1.06484418,-0.426117192,2.811962336,0.472505525
Penelope superciliaris,Cracidae,34.8,16.3,9.9,11,71.8,248.6,34.1,13.5,286.8,895,Forest,Herbivore,Frugivore,Insessorial,NA,20.6,0.847968623,-1.285680348,LC,539,6.39E+12,-48.69753136,-14.22262651,Neotropical,12,3.78E-06,0.000808157,67.26204953,-0.107691618,0.299940754,6,0.047544544,0.115594055,3.623145108,0.319457852
Penelopides panini,Bucerotidae,101.6,85.3,28.6,42.7,46,257.3,41.1,15.9,235.8,470.5,Forest,Herbivore,Frugivore,Insessorial,NA,34.5,0.67842484,-2.018861997,EN,12,1.45E+11,122.916989,10.69582786,Oriental,15,0.000284682,0.000717221,3.060587279,-0.538481282,-0.364780243,1,-0.524044343,-0.320846529,6.159869196,0.190792522
Pericrocotus cantonensis,Campephagidae,16.2,8.6,5.8,4.9,15.2,88.4,30.8,34.9,90.5,16.3,Forest,Carnivore,Invertivore,Insessorial,NA,NA,3.311699722,-0.867006489,LC,374,4.22E+12,107.3728044,23.41614162,Oriental,3,3.19E-05,0.000668164,2.258091031,-1.071416689,-0.544988964,1,-1.077751577,-0.49092568,3.55269605,0.299629241
Petroica australis,Petroicidae,16.3,10.8,3.9,4.8,34.8,93,19.4,20.9,66.5,31.3,Forest,Carnivore,Invertivore,Insessorial,21.8,NA,2.833480169,-0.587499582,LC,37,3.39E+11,172.0383246,-42.51572733,Australian,1,0,0.000652826,1.341271447,-1.187779469,-0.623177877,1,-1.204945514,-0.564581685,14.1737528,0.07414234
Petroica macrocephala,Petroicidae,11.7,6.7,2.9,2.9,22.2,74.2,17.2,23.2,54,11.8,Forest,Carnivore,Invertivore,Insessorial,14.4,NA,2.196655068,-0.560580366,LC,58,5.35E+11,172.4493929,-41.86916018,Australian,6,8.37E-07,0.000637167,2.198799886,-1.118080671,-0.75557716,2,-1.132752298,-0.736699563,10.56706241,0.103509269
Petronia xanthocollis,Passeridae,13.9,9.7,5.8,6.2,16.9,80.1,22.6,28.5,52.5,18.1,Forest,Herbivore,Granivore,Terrestrial,NA,NA,2.494333806,-0.556043125,LC,579,6.40E+12,72.77872676,25.82996026,Oriental,1,0,0.000681423,1.571640807,-1.080123972,-0.440145222,1,-1.076855803,-0.374202464,14.60984341,0.080072528
Phaenicophaeus tristis,Cuculidae,35.6,22.3,9.4,12.6,32.8,165.7,27,16,333.3,117,Forest,Carnivore,Invertivore,Insessorial,NA,NA,3.809370634,-1.351264212,LC,494,5.73E+12,98.25067066,18.33469137,Oriental,1,0,0.000715392,2.261307037,-0.950834654,-0.222728766,1,-0.923082966,-0.149422178,8.808739334,0.118435754
Phainopepla nitens,Ptiliogonatidae,13.4,8.1,5,4.1,20.9,92.6,16.6,16.9,92.7,22.1,Shrubland,Omnivore,Frugivore,Insessorial,13.6,8.3,0.456098903,-0.215520207,LC,212,2.28E+12,-110.0932299,29.55923578,Nearctic,10,6.16E-05,0.000879822,21.90369033,-0.033102765,0.758247984,1,0.134096988,0.76888998,27.1598918,0.03742159
Phainoptila melanoxantha,Ptiliogonatidae,17.7,8.2,4,4.9,25.7,99.5,15.1,15.2,87,56,Forest,Herbivore,Frugivore,Insessorial,19.4,11.3,0.631315861,-2.117941425,LC,9,1.09E+11,-83.16941005,9.468990729,Panamanian,13,1.10E-07,0.000698956,9.042387501,-0.688866888,-0.404710339,1,-0.637363887,-0.436637736,32.27706614,0.03137794
Phapitreron leucotis,Columbidae,18.4,8.9,4.2,5,21.8,128.8,44.9,34.9,77.2,108,Forest,Herbivore,Frugivore,Insessorial,NA,9.1,2.515557509,-2.127545868,LC,61,7.34E+11,123.0089298,11.7196145,Oriental,14,2.98E-05,0.000716535,3.313926586,-0.612098933,-0.305312158,1,-0.55380633,-0.313328432,17.88588049,0.068603331
Pharomachrus antisianus,Trogonidae,23.3,11.2,6.6,9.1,16.8,188.9,75.5,39.9,165.9,152.1,Forest,Herbivore,Frugivore,Insessorial,NA,17.8,2.255458927,-1.286461143,LC,92,1.12E+12,-74.47795979,-6.156914778,Neotropical,7,3.02E-05,0.000812272,23.45551997,-0.361153353,0.352176898,3,-0.243393367,0.351125586,7.58049939,0.133235543
Pharomachrus auriceps,Trogonidae,26.3,13.4,11.5,10.7,18.5,202.1,73.7,36.6,193.4,180,Forest,Herbivore,Frugivore,Insessorial,NA,19.2,4.252449877,-1.430043591,LC,106,1.29E+12,-74.15556971,-3.294101073,Neotropical,15,0.000165065,0.000855705,41.93540539,0.088884071,0.548633955,4,0.243405837,0.477485828,9.809615054,0.103152065
Pharomachrus mocinno,Trogonidae,26.2,12.6,9.2,10.4,20.5,202,76,38.5,322.8,202.5,Forest,Herbivore,Frugivore,Insessorial,NA,22.9,1.278030245,-1.610658581,NT,36,4.30E+11,-89.51198491,15.21752996,Panamanian,48,0.000862324,0.000911734,93.46412141,1.427314747,0.539038527,2,1.607520547,0.2565934,23.74868814,0.042538502
Phasianus colchicus,Phasianidae,35.4,22,12.9,11.4,63.3,237.7,61.3,25.8,449.8,1120.3,Human Modified,Herbivore,Omnivore,Terrestrial,NA,NA,1.479315735,0.381177717,LC,2614,2.33E+13,27.94940282,48.86457335,Palearctic,8,0.000218479,0.000880965,18.14824396,-0.062773176,0.742984127,1,0.069144663,0.814682154,5.96429892,0.177444946
Pheucticus aureoventris,Cardinalidae,22.5,18,11.1,15.7,25.4,110.4,24.5,22.2,88.7,49,Forest,Herbivore,Omnivore,Insessorial,NA,13.1,0.882766881,-0.850421441,LC,201,2.34E+12,-65.13682183,-19.40052456,Neotropical,12,0.000430543,0.000912625,72.7551702,0.379861314,0.87237155,7,0.533596367,0.795839795,7.452516968,0.15340461
Pheucticus ludovicianus,Cardinalidae,18.6,11.8,8.8,11.8,21.6,101.3,27.4,26.5,74.6,42,Forest,Herbivore,Omnivore,Insessorial,15.3,NA,1.835241103,-0.139360531,LC,1260,1.23E+13,-94.10279655,40.01534629,Nearctic,20,0.002098806,0.000984999,107.5867101,1.275587266,0.908384784,10,1.21284553,1.062106934,5.606117786,0.202044288
Pheucticus melanocephalus,Cardinalidae,19.1,13,9.1,12.1,22.9,100.5,24.3,24.2,72.8,47.1,Forest,Carnivore,Invertivore,Insessorial,17.6,NA,1.048940893,0.162489383,LC,703,6.88E+12,-109.5893493,38.31939803,Nearctic,11,0.000310544,0.000883022,20.65067594,0.045431508,0.716207917,1,0.171146521,0.781450043,5.030821214,0.218940098
Pheucticus tibialis,Cardinalidae,21.9,16.2,11.2,16.4,23.6,108.7,25.1,23.1,79,62.3,Forest,Herbivore,Omnivore,Insessorial,NA,NA,1.001224805,-2.174316528,LC,10,1.21E+11,-83.20257905,9.591554666,Panamanian,2,0,0.000607609,1.502452091,-1.331184148,-0.918974087,1,-1.377725471,-0.880247433,7.941488397,0.176519703
Phibalura flavirostris,Cotingidae,13.8,9.5,6.5,6,19.3,99,32.9,33.2,104.8,46.5,Forest,Herbivore,Frugivore,Insessorial,NA,NA,0.272243902,-1.005516471,NT,134,1.51E+12,-48.53645283,-23.88459378,Neotropical,1,0,0.00069219,6.932727814,-1.021706032,-0.371218827,2,-1.008072584,-0.319787587,12.0435916,0.095596365
Philemon buceroides,Meliphagidae,43.1,22.6,6.3,10,36.6,147.6,24.8,17.6,127.7,108.6,Forest,Herbivore,Omnivore,Insessorial,NA,NA,4.289899166,-1.82207811,LC,103,1.25E+12,141.0738119,-4.134549632,Oceanina,1,0,0.000516262,1.034023668,-1.699186711,-1.497226069,1,-1.813532251,-1.476309715,8.95176566,0.135602606
Philesturnus carunculatus,Callaeidae,38.4,25.1,5.6,8.3,44.4,107,11.3,10.6,101,74.7,Forest,Carnivore,Invertivore,Generalist,27.5,11.4,0.462971336,-0.563413731,NT,7,64465474698,168,-47.31425536,Australian,12,2.64E-07,0.000654883,4.271460121,-0.894759784,-0.680443002,2,-0.879682387,-0.702660162,28.18218394,0.036159076
Phlegopsis nigromaculata,Thamnophilidae,21.1,11.6,4.7,5.7,30.8,86.8,9.7,11.1,57.6,45.2,Forest,Carnivore,Invertivore,Insessorial,16.3,NA,1.364209753,-1.831091587,LC,380,4.63E+12,-62.62348914,-6.836440044,Neotropical,1,0,0.000730663,5.156214088,-0.883949813,-0.124986514,1,-0.843882654,-0.056837113,6.475776419,0.157086629
Phoeniculus purpureus,Phoeniculidae,46.7,36.3,5.7,8.7,23.3,139.4,29.5,21.3,188.9,73.2,Woodland,Carnivore,Invertivore,Insessorial,NA,NA,0.733012914,-0.878910964,LC,1176,1.40E+13,20.6294049,-3.318699891,Afrotropical,6,4.85E-05,0.000732514,2.750709591,-0.751107098,-0.156069661,4,-0.70652677,-0.10124246,12.90318426,0.089995305
Phoenicurus ochruros,Muscicapidae,15.4,8.1,2.8,2.9,22.4,83.1,19.2,23.1,60.4,16.5,Rock,Omnivore,Invertivore,Insessorial,16.5,NA,2.516464978,0.149579604,LC,3135,3.09E+13,50.81464594,37.99939703,Palearctic,23,0.000500094,0.000890932,28.47961312,0.436784997,0.64733845,9,0.569230581,0.653520227,5.65641761,0.183092852
Phoenicurus phoenicurus,Muscicapidae,13.9,7.8,3.3,3.4,21.6,77.9,20.2,25.8,58,14.6,Woodland,Carnivore,Invertivore,Insessorial,14,NA,3.332841969,0.376560175,LC,2922,2.40E+13,42.887437,55.87162821,Palearctic,14,0.002540214,0.000912191,23.52233184,0.649429883,0.381030026,12,0.39517061,0.928211707,6.97603885,0.14889918
Phrygilus patagonicus,Thraupidae,14.3,10,5.5,6.9,21.8,73.8,14.7,20.4,58.8,22.6,Forest,Herbivore,Granivore,Terrestrial,NA,NA,7.330257053,-0.306110898,LC,107,9.26E+11,-72.2817015,-46.36843756,Neotropical,9,2.92E-05,0.000676325,3.202650595,-0.888017777,-0.530541517,3,-0.871577552,-0.517057919,4.17959741,0.271946549
Phyllastrephus cabanisi,Pycnonotidae,19.1,10.7,4.2,4.5,23,83,10.5,12.6,84.4,34.4,Forest,Carnivore,Invertivore,Generalist,NA,NA,0.0929575,-0.909696286,LC,241,2.93E+12,25.309955,-8.556961717,Afrotropical,10,6.32E-05,0.00073,3.071815378,-0.656585878,-0.201069987,6,-0.605662133,-0.17082287,5.368164849,0.193678003
Phyllastrephus flavostriatus,Pycnonotidae,20.7,11.9,3.9,4.5,22.1,87.3,12.3,14.1,86.8,28.3,Forest,Carnivore,Invertivore,Insessorial,NA,NA,0.29388612,-0.922558977,LC,110,1.30E+12,30.89933714,-5.26761023,Afrotropical,2,4.66E-06,0.000685995,1.422630572,-1.037654504,-0.418332729,3,-1.029402918,-0.356088687,10.38029311,0.103428059
Phyllastrephus hypochloris,Pycnonotidae,19.1,10.1,4.3,4.3,20,77,6.8,8.8,80.6,23.1,Forest,Carnivore,Invertivore,Insessorial,NA,NA,0.098066092,-1.200786008,LC,34,4.18E+11,30.85288649,0.807711103,Afrotropical,11,0.000380015,0.000798007,4.399023413,-0.314617936,0.156378366,5,-0.270315353,0.266435864,11.12743012,0.094228217
Phyllastrephus terrestris,Pycnonotidae,21.8,12.1,3.8,5,21.7,86.6,8.9,10.4,85.6,31.1,Forest,Carnivore,Invertivore,Generalist,NA,NA,0.504666892,-0.755952787,LC,304,3.55E+12,31.66305592,-17.7770037,Afrotropical,1,0,0.000709197,1.476836497,-0.976646685,-0.26238059,1,-0.953693702,-0.188259204,9.213919679,0.12056408
Phyllomyias fasciatus,Tyrannidae,9.8,5.8,3.6,3.1,15.2,57.2,10,17.5,49.1,10.3,Forest,Carnivore,Invertivore,Insessorial,NA,NA,0.352607507,-1.113274462,LC,371,4.35E+12,-46.79777254,-16.72587772,Neotropical,2,2.00E-06,0.000774325,20.38714549,-0.643727835,0.147656544,1,-0.562624792,0.172200171,7.509108386,0.141978746
Phyllomyias nigrocapillus,Tyrannidae,8.5,4.1,2.7,2.8,15.7,60.1,10.7,18,47.5,9.5,Forest,Omnivore,Invertivore,Insessorial,NA,NA,2.514615987,-1.300580132,LC,64,7.81E+11,-76.75876861,-4.273210597,Neotropical,1,0,0.000689355,3.685937331,-1.043309626,-0.389370211,1,-1.033334787,-0.328106276,12.51913686,0.112525604
Phyllomyias plumbeiceps,Tyrannidae,8.9,5.2,3.3,2.9,15.7,59.8,11.8,20,55.2,10.3,Forest,Omnivore,Invertivore,Insessorial,NA,6.1,3.870543185,-1.414824912,LC,30,3.66E+11,-75.59851983,3.791225637,Neotropical,1,0,0.00071633,4.428603241,-0.939982496,-0.216724025,1,-0.910467042,-0.150251462,7.92142393,0.14715592
Phyllomyias sclateri,Tyrannidae,10.8,5.5,3.1,3.2,17,60.1,11.7,19.5,55.7,9.2,Forest,Carnivore,Invertivore,Insessorial,NA,NA,0.778180297,-0.757160801,LC,29,3.37E+11,-66.75441515,-19.07306761,Neotropical,4,3.84E-05,0.000802556,24.06782014,-0.468979211,0.307353714,3,-0.367315239,0.322980595,12.20301165,0.096664017
Phyllomyias uropygialis,Tyrannidae,10.8,5.1,3.1,2.9,16.8,59.9,10.4,17.3,46.6,9,Forest,Carnivore,Invertivore,Insessorial,NA,NA,2.127142737,-1.041386713,LC,63,7.58E+11,-69.5683577,-15.24341626,Neotropical,1,0,0.000675297,2.334430081,-1.100432822,-0.479353773,1,-1.101130841,-0.417645234,7.290080551,0.154458587
Phylloscartes ophthalmicus,Tyrannidae,10.7,6.2,3.7,3.3,15.3,59.6,9.7,16.5,56.6,9.2,Forest,Carnivore,Invertivore,Insessorial,NA,NA,6.291694479,-1.488434809,NA,62,7.54E+11,-77.12461409,-1.921704506,Neotropical,1,0,0.000598834,1.321697942,-1.389621877,-0.968737846,1,-1.445156806,-0.925372402,6.303711335,0.208113137
Phylloscartes oustaleti,Tyrannidae,12.9,8.2,4,3.4,18.7,56.5,8.3,14.7,56.8,10,Forest,Carnivore,Invertivore,Insessorial,NA,NA,0.3695041,-1.092340517,NT,22,2.51E+11,-44.0774858,-22.44194671,Neotropical,1,0,0.0008093,26.91107746,-0.516294294,0.378376058,1,-0.409337695,0.397538526,7.903510869,0.16473846
Phylloscartes sylviolus,Tyrannidae,9.3,5.8,3,2.4,15.1,48.9,6.8,13.9,51.4,8,Forest,Carnivore,Invertivore,Insessorial,NA,NA,0.413653825,-1.041521738,NT,63,7.08E+11,-48.7833547,-24.23705205,Neotropical,1,0,0.000780725,18.69939745,-0.650929653,0.195467285,1,-0.568434109,0.233434485,4.945196946,0.257262256
Phylloscartes ventralis,Tyrannidae,12.6,7.6,3.3,3.1,18.8,53.1,8,14.9,52.6,8.3,Forest,Carnivore,Invertivore,Insessorial,NA,NA,1.054358645,-0.944519129,LC,217,2.43E+12,-51.83252486,-26.60657336,Neotropical,1,0,0.00078084,16.71922379,-0.657217432,0.196193264,1,-0.575643777,0.240679408,6.360733221,0.197600431
Phylloscopus budongoensis,Phylloscopidae,10.4,5.5,2.4,2.8,17,51.6,5.9,11.5,35.2,8.2,Forest,Carnivore,Invertivore,Insessorial,NA,NA,0.313430268,-1.310104855,LC,47,5.78E+11,31.89975065,1.16891214,Afrotropical,9,0.000721491,0.000841669,7.490253494,-0.128208992,0.371646984,5,-0.119471586,0.573998107,4.607532269,0.305381778
Phylloscopus collybita,Phylloscopidae,11.6,6,2.3,2.2,19.7,58.8,10.8,18.4,48.5,8.3,Forest,Carnivore,Invertivore,Insessorial,11.2,NA,2.215339245,0.471697045,LC,5063,4.30E+13,56.42694347,51.73676548,Palearctic,12,0.000360005,0.000888188,19.43438679,0.094744327,0.731720935,4,0.217082999,0.807029359,4.978856,0.205865855
Phylloscopus collybita/ibericus,Phylloscopidae,NA,NA,NA,NA,NA,NA,NA,NA,NA,NA,NA,NA,NA,NA,NA,NA,NA,NA,NA,NA,NA,NA,NA,Palearctic,1,0,0.000864849,11.37142928,-0.361392991,0.73386219,2,-0.222842613,0.81966489,NA,NA
Phylloscopus coronatus,Phylloscopidae,13,7.4,3.2,3.1,16.6,61.3,13.8,22.6,47.4,10.1,Woodland,Carnivore,Invertivore,Insessorial,NA,NA,3.036821535,-0.393631212,LC,876,9.03E+12,120.6640887,34.03266229,Sino-Japanese,1,0,0.000680051,1.572183451,-1.085247997,-0.448923734,1,-1.082954014,-0.3833713,7.142040028,0.150361039
Phylloscopus sibilatrix,Phylloscopidae,13.2,6.7,2.8,2.8,18,75.8,23.3,30.9,50.7,9.2,Forest,Carnivore,Invertivore,Insessorial,NA,NA,4.211432402,-0.093992225,LC,2978,2.88E+13,12.27330457,17.401969,Afrotropical,2,0.000100572,0.000799379,5.357339763,-0.582929821,0.285745132,1,-0.509773117,0.388843541,9.487867696,0.11471816
Phylloscopus trochilus,Phylloscopidae,12.8,6.6,2.6,2.6,19.3,65.9,17.1,25.9,52.3,8.7,Forest,Carnivore,Invertivore,Insessorial,NA,NA,2.562079732,0.338937183,LC,7355,6.57E+13,56.97271355,47.68830839,Palearctic,21,0.007566388,0.000965591,13.18641415,1.913750255,-0.4551652,22,0.786285616,1.228429267,7.499636442,0.136127114
Phylloscopus xanthoschistos,Phylloscopidae,10.9,5.8,2.6,2.6,17.4,52.9,8.6,16,43.4,6.9,Forest,Carnivore,Invertivore,Insessorial,NA,NA,8.15595269,-0.701094595,LC,67,7.25E+11,86.68925261,28.69354978,Sino-Japanese,3,2.64E-06,0.000703711,2.201966076,-0.944141926,-0.310885352,1,-0.9198702,-0.25316234,2.67471597,0.417471093
Phytotoma rara,Cotingidae,17.6,10.2,7.7,8.6,24.4,88.9,15.1,17.1,79.6,47,Shrubland,Herbivore,Herbivore terrestrial,Insessorial,15.6,NA,0.471776934,-0.039906182,LC,86,7.95E+11,-71.87904483,-42.15038505,Neotropical,1,0,0.000617965,1.245087863,-1.31838805,-0.846298699,2,-1.360370373,-0.797262996,10.4478601,0.107095031
Phytotoma rutila,Cotingidae,15.5,8.8,6.4,7.1,22.2,86.5,14.7,16.9,90.6,40.5,Shrubland,Herbivore,Herbivore terrestrial,Insessorial,NA,NA,0.284511941,-0.37807585,LC,271,2.88E+12,-62.14614273,-30.73966215,Neotropical,4,2.00E-06,0.000761066,9.133791978,-0.681375673,0.049968828,1,-0.610057772,0.094555282,11.12184114,0.098664855
Piaya cayana,Cuculidae,32,18.9,8.8,10.7,34.6,145.5,15.9,11,278.6,102,Forest,Carnivore,Invertivore,Insessorial,NA,NA,2.213829448,-1.497469298,LC,1390,1.66E+13,-62.52306917,-5.888151137,Neotropical,23,0.001359949,0.000946115,152.9313767,1.223215416,0.807022183,11,1.299736777,0.615017772,13.310659,0.076528117
Pica hudsonia,Corvidae,38.6,24.7,11.1,12.9,47.7,202.8,49.6,24.6,262,177.1,Grassland,Omnivore,Omnivore,Terrestrial,NA,NA,NA,NA,LC,NA,NA,NA,NA,NA,5,1.44E-06,0.000700442,3.875468298,-0.900841672,-0.344328625,1,-0.872488076,-0.306349368,4.606388388,0.224230337
Pica pica,Corvidae,40.8,26.1,12.4,13.7,49.1,194.5,44.6,22.9,237.4,217.5,Human Modified,Omnivore,Omnivore,Terrestrial,30.4,NA,2.606777428,0.675783251,LC,4696,3.78E+13,64.46058374,52.13957363,Palearctic,15,0.000442033,0.000895732,21.52490041,0.220209519,0.742320178,10,0.341880649,0.811813675,8.875599558,0.116383095
Picoides nuttallii,Picidae,19.5,16,5.9,5.8,18,102.2,24.8,24.4,70.8,37.4,Woodland,Carnivore,Invertivore,Insessorial,NA,NA,0.077549468,-0.023215428,LC,38,3.74E+11,-120.4316215,37.27581199,Nearctic,6,0.000124293,0.000877536,16.97750525,-0.146946694,0.755065569,1,-0.006067792,0.821457853,3.896507268,0.275885731
Picoides pubescens,Picidae,17.4,12.2,4.9,4.8,15.8,91.3,24.3,27,58.6,25.6,Woodland,Carnivore,Invertivore,Insessorial,NA,NA,1.415772636,0.595639585,LC,1842,1.49E+13,-108.1936046,51.47586941,Nearctic,11,0.000193826,0.000818329,9.531153422,-0.255516411,0.3284376,3,-0.159925588,0.385463958,4.682208881,0.232977945
Picoides villosus,Picidae,31.6,24.1,8.2,8.1,23.1,126.7,32.4,25.3,81.7,62.7,Forest,Carnivore,Invertivore,Insessorial,NA,NA,2.384402641,0.529313589,LC,2009,1.65E+13,-109.0284385,51.45411348,Nearctic,4,1.14E-05,0.000658152,2.724562812,-1.08599106,-0.610850106,2,-1.092766564,-0.572302749,4.198093998,0.250044563
Picumnus cirratus,Picidae,13.1,10.8,4.4,4.9,12,53.6,6.2,11.6,31.8,10.2,Shrubland,Carnivore,Invertivore,Insessorial,NA,NA,1.695270992,-1.002318744,LC,169,1.94E+12,-60.55316552,-24.36044335,Neotropical,2,5.06E-08,0.000784154,29.44001297,-0.576651915,0.211034012,1,-0.483620853,0.208267894,2.873755383,0.417721014
Picus canus,Picidae,38.3,24.9,7.9,7.1,24.8,146.6,37.9,25.8,106.7,137,Forest,Carnivore,Invertivore,Insessorial,NA,NA,2.494186837,0.328526165,LC,2204,1.88E+13,70.58734516,49.76322802,Palearctic,4,9.58E-06,0.000704168,3.494959353,-0.911741418,-0.315917478,2,-0.885097867,-0.267269343,3.553207773,0.304302365
Picus chlorolophus,Picidae,27.5,20.6,6.9,6.6,21.7,129,30.5,23.8,88.4,65.4,Forest,Carnivore,Invertivore,Insessorial,NA,NA,5.43727309,-1.329736834,LC,459,5.31E+12,97.33479635,21.47653979,Oriental,4,1.74E-05,0.000724765,3.868902851,-0.832053964,-0.18586457,2,-0.792033793,-0.130834551,4.504477154,0.233199188
Picus flavinucha,Picidae,36.5,26,9.5,9,26.2,155,32.5,20.9,112.9,176.8,Forest,Carnivore,Invertivore,Insessorial,NA,NA,5.225849019,-1.258630514,LC,380,4.38E+12,99.62544204,21.53435193,Oriental,11,0.000624026,0.000886611,27.52752756,0.139830391,0.668522872,2,0.21391262,0.782929623,5.529708127,0.194910678
Picus viridis,Picidae,45,35.1,11.5,9.8,29,165.4,41,24.7,103,176,Forest,Carnivore,Invertivore,Terrestrial,NA,NA,0.36235157,0.348975008,LC,1005,7.98E+12,22.60618455,51.52538204,Palearctic,1,0,0.000693539,1.943127154,-1.033585752,-0.362600642,2,-1.021521659,-0.29444262,3.407641705,0.30551584
Pinicola enucleator,Fringillidae,16.6,12.3,8.6,11.2,19.6,109.2,32.1,29.4,85.1,56.4,Forest,Herbivore,Omnivore,Insessorial,16.4,NA,1.644439188,1.158287669,LC,4183,2.80E+13,96.51707101,61.13296156,Palearctic,26,0.000104269,0.000803813,22.80674363,0.094250908,0.159784485,1,0.242745049,0.051033729,9.855088455,0.106339787
Pipile jacutinga,Cracidae,38.3,17.6,9.4,11.2,67.1,340,66.6,19.5,285.4,1241,Forest,Herbivore,Frugivore,Insessorial,NA,NA,0.3137646,-1.057511386,EN,142,1.61E+12,-48.50403383,-23.3405083,Neotropical,14,8.07E-05,0.000850447,117.6850339,0.285557187,0.540614791,7,0.487567723,0.207351813,3.566024228,0.294931661
Pipile pipile,Cracidae,37.6,18.2,9.8,11.1,64,331,63.1,18.7,280,1816.6,Forest,Herbivore,Frugivore,Insessorial,NA,20,0.027216066,-1.737439293,CR,4,48478971850,-61,10.1896785,Neotropical,31,0.000340961,0.000891023,130.4112572,0.953763946,0.632900037,2,1.188525412,0.217068301,1.158077633,0.905046414
Pipilo chlorurus,Passerellidae,15.1,9.3,4.7,6.9,24.1,77.6,13.1,16.8,87.6,29.4,Shrubland,Omnivore,Omnivore,Generalist,16,NA,0.521364177,0.085994863,LC,499,5.08E+12,-109.3812373,34.62493076,Nearctic,9,0.000173801,0.000876507,19.34011495,-0.058577866,0.71813181,1,0.081663353,0.768057487,4.104919452,0.281232247
Pipilo crissalis,Passerellidae,16.2,10.1,5,7.7,26.9,88.8,11.7,13.1,101,52.8,Shrubland,Herbivore,Granivore,Generalist,NA,NA,0.305294254,-0.104994227,LC,78,7.99E+11,-117.8403375,34.18008311,Nearctic,4,4.55E-05,0.000872735,14.3904107,-0.238216657,0.75489317,1,-0.092901036,0.823702147,2.976791802,0.372483111
Pipilo erythrophthalmus,Passerellidae,15.4,9.8,5.5,8.2,27,82.3,11.1,13.6,91.7,40,Forest,Herbivore,Omnivore,Generalist,19.3,NA,0.780522506,0.167480637,LC,1085,1.03E+13,-100.0471357,40.24655477,Nearctic,14,7.65E-05,0.000813072,8.373593164,-0.225570631,0.302029145,2,-0.104724183,0.315319814,2.343029818,0.521080881
Pipilo maculatus,Passerellidae,17.4,10.3,6,8,28.4,85.8,11.8,13.7,99.4,39.3,Forest,Omnivore,Omnivore,Generalist,NA,NA,1.305632619,0.243880386,LC,627,5.97E+12,-110.3385047,40.61372841,Nearctic,55,0.000391351,0.00089148,41.31317026,1.263357511,0.470655371,1,1.508067543,0.201398151,2.418806377,0.464922521
Pipra erythrocephala,Pipridae,11.9,6.6,3.9,4,15,59,11.4,20,21.1,13.4,Forest,Herbivore,Frugivore,Insessorial,9.4,9.2,2.278167147,-2.029907825,NA,354,4.34E+12,-65.95173003,2.254782098,Neotropical,14,5.99E-05,0.000817872,68.94328128,-0.005288375,0.336668501,3,0.152706554,0.149163234,2.715188496,0.405106839
Pipra fasciicauda,Pipridae,14,7.3,4.1,4,16,63.7,12.7,20,29.8,15.9,Forest,Herbivore,Frugivore,Insessorial,8.9,9.4,0.627287092,-1.42426541,LC,461,5.50E+12,-58.03868715,-13.64057452,Neotropical,1,0,0.000769981,11.41942491,-0.715769263,0.126681806,1,-0.644594804,0.1854528,3.69395758,0.307520278
Pipra filicauda,Pipridae,12.4,7.6,4.3,4.1,15.7,65.4,11.1,17.2,54.5,15.4,Forest,Herbivore,Frugivore,Insessorial,8.3,9.5,2.672995119,-2.076214446,LC,256,3.14E+12,-69.22775952,-0.153542852,Neotropical,2,1.29E-07,0.000723645,2.869508511,-0.892876338,-0.176337156,1,-0.856309523,-0.109188435,4.461945576,0.266965393
Pipra mentalis,Pipridae,12.1,6.7,4.4,4,14.7,58.5,9.8,16.5,28,15,Forest,Herbivore,Frugivore,Insessorial,10,9.5,5.644001085,-1.851672034,NA,98,1.17E+12,-87.503122,15.26307978,Panamanian,19,0.000458838,0.000852733,78.79014241,0.356921876,0.437892786,6,0.484632429,0.285277145,2.768391147,0.401174777
Pipra pipra,Pipridae,12,6.6,4.4,4.1,14.1,62,10.6,17.3,26.6,11.1,Forest,Omnivore,Frugivore,Insessorial,8.6,9,1.78318503,-1.945971892,LC,522,6.38E+12,-63.10146373,-1.004473348,Neotropical,57,0.001370534,0.00095951,241.3124513,2.426002011,0.673077384,7,2.645569938,-0.024364002,5.157933795,0.226369705
Pipra rubrocapilla,Pipridae,10.4,6,3.8,4.1,12.6,61.2,11.5,19.7,31.4,12,Forest,Herbivore,Frugivore,Insessorial,NA,9.2,0.971256064,-1.70048823,LC,355,4.31E+12,-58.88711501,-7.491835189,Neotropical,30,0.000814855,0.000910134,178.7581843,1.251275904,0.654908455,6,1.434263563,0.19948994,4.149284597,0.264168557
Pipraeidea melanonota,Thraupidae,12.6,7.4,4.8,5,17.9,80.1,21.4,26.5,57.8,21,Forest,Herbivore,Omnivore,Insessorial,NA,7.1,2.364551902,-1.107353145,LC,323,3.74E+12,-49.82097757,-23.30685254,Neotropical,43,0.005860517,0.00106455,421.6230934,3.905514862,0.423178863,23,3.427751965,0.268564215,9.417194274,0.110003619
Pipreola arcuata,Cotingidae,24.8,10.2,6.2,6.5,28.1,123.4,23.1,18.7,98.8,118,Forest,Herbivore,Frugivore,Insessorial,NA,13.2,2.122613105,-1.221227928,LC,78,9.46E+11,-75.39194963,3.767542089,Neotropical,13,4.94E-05,0.000793641,17.58461321,-0.296982677,0.190218416,4,-0.182943375,0.168236752,8.679001764,0.152749507
Pipreola frontalis,Cotingidae,16.2,7.6,5.1,4.9,19.4,87.9,17,19.4,69.8,42.4,Forest,Herbivore,Frugivore,Insessorial,NA,11.2,3.145799388,-1.240051818,LC,33,3.98E+11,-70.42371895,-13.95957355,Neotropical,3,6.15E-05,0.00076342,7.965192288,-0.69062307,0.058016624,2,-0.631839593,0.127047625,7.958972424,0.161404617
Pipreola intermedia,Cotingidae,17.2,7.3,4.6,5,23.8,94.5,14.9,15.8,83.1,51.2,Forest,Herbivore,Frugivore,Insessorial,NA,9.5,1.408137118,-0.967941876,LC,32,3.83E+11,-70.95870056,-13.64047432,Neotropical,12,0.000160374,0.00082473,28.3387266,-0.148939746,0.370600193,7,-0.03045276,0.353756617,8.759176104,0.137740174
Pipreola pulchra,Cotingidae,18.4,8.9,5.7,5.8,22.1,94.1,17.4,18.5,72.2,58.2,Forest,Herbivore,Frugivore,Insessorial,NA,13,0.917728887,-1.077507712,LC,19,2.30E+11,-74.75263811,-10.64736628,Neotropical,5,2.64E-07,0.000716307,9.617382214,-0.822297971,-0.242508658,1,-0.779547646,-0.219110009,7.778505781,0.165712431
Pipreola riefferii,Cotingidae,16.6,7.6,5.2,4.8,22.3,88.7,15,17.2,73.5,49.3,Forest,Herbivore,Frugivore,Insessorial,NA,10,4.920177549,-1.556280174,LC,67,8.20E+11,-75.93621091,1.414819464,Neotropical,23,0.000257415,0.000912968,140.6494012,0.854876058,0.843407215,1,1.104441344,0.43367872,8.484270766,0.143550962
Piranga bidentata,Cardinalidae,20.7,13.5,7.6,8.9,21.8,97.1,22.5,23.1,84.9,36.1,Forest,Omnivore,Invertivore,Insessorial,16.7,10.8,0.709750571,-1.069368185,LC,96,1.11E+12,-102.376091,21.74858366,Nearctic,2,6.50E-05,0.000773753,7.557535066,-0.677776672,0.129754305,4,-0.615171957,0.210371178,6.458845613,0.164244064
Piranga flava,Cardinalidae,19.2,14.8,8.5,9.5,21,93.6,22.8,24.2,74.5,37.7,Forest,Carnivore,Invertivore,Insessorial,16,NA,1.646447948,-0.995704993,LC,943,1.09E+13,-56.13525163,-19.78220502,Neotropical,13,0.000383401,0.00090051,144.8995053,0.595589666,0.799260792,10,0.788602945,0.465808823,7.217062595,0.145908781
Piranga leucoptera,Cardinalidae,15.8,10.6,6.7,7.3,18.3,72.5,14.8,20.3,58.8,16,Forest,Herbivore,Frugivore,Insessorial,13.1,NA,2.861736154,-1.411944643,LC,167,2.01E+12,-73.55272985,-3.681193535,Neotropical,1,0,0.000770438,9.509802214,-0.720536332,0.129602611,1,-0.650004407,0.194758578,9.455843179,0.109501013
Piranga ludoviciana,Cardinalidae,18.5,11.2,6.3,7.3,20.1,94.8,27.2,28.6,71.1,28.1,Forest,Carnivore,Invertivore,Insessorial,14.8,NA,1.835125272,0.280503479,LC,1024,9.33E+12,-111.9518049,44.76067233,Nearctic,24,0.001452585,0.000933313,51.75596178,0.874352041,0.697521688,5,0.876153045,0.847669375,4.93007087,0.211354926
Piranga olivacea,Cardinalidae,18.8,11.5,7.2,8.2,19.4,92.6,29.5,30.9,63.8,28.2,Forest,Carnivore,Invertivore,Insessorial,14,NA,5.454805823,-0.645571628,LC,881,9.32E+12,-86.09289259,40.32321591,Nearctic,19,0.000882132,0.000916877,53.15347441,0.587571993,0.752930527,8,0.670001552,0.797897416,5.080749047,0.206122231
Piranga rubra,Cardinalidae,19.2,13.3,8.4,9,19.5,92,27.9,29.2,71.3,29.1,Forest,Carnivore,Invertivore,Insessorial,13.7,NA,4.540436747,-1.00616915,LC,1028,1.16E+13,-86.05742747,20.53732307,Panamanian,57,0.00886382,0.00110044,269.0554932,4.425180925,-0.114218892,17,3.380511239,0.826749977,9.505554722,0.111221326
Pitangus lictor,Tyrannidae,23.4,16.4,5.8,4.8,18.8,86.8,14.7,17.2,74.2,25.5,Wetland,Carnivore,Invertivore,Insessorial,NA,NA,1.800280733,-1.722928117,LC,880,1.07E+13,-61.13819922,-4.285722901,Neotropical,9,3.83E-05,0.000832845,84.93142879,-0.024246388,0.469409289,1,0.143121765,0.261562602,11.13291682,0.092928216
Pitangus sulphuratus,Tyrannidae,29.3,21.1,10.1,9.1,25.8,111.9,20.6,18.1,84.8,62.9,Human Modified,Carnivore,Omnivore,Insessorial,13,NA,2.927218273,-1.297309143,LC,1586,1.86E+13,-58.61943603,-13.74168914,Neotropical,134,0.02762616,0.001216681,1144.286552,13.20640211,-4.090435184,42,9.441702855,-2.256596302,11.13291682,0.092928216
Pitohui kirhocephalus,Oriolidae,30.7,17.9,8.2,9,33.8,113.9,12.6,11,100,72,Forest,Omnivore,Invertivore,Insessorial,17.7,14.1,4.249323011,-2.366175288,LC,90,1.10E+12,140.1243788,-5.03798711,Oceanina,2,0.002215057,0.000417326,1.071185862,-1.636307085,-2.63623402,1,-2.22572505,-2.150612752,13.81787595,0.076711678
Platyrinchus mystaceus,Tyrannidae,13.1,6.6,7.3,3.6,15.6,55,8.3,15.5,29.9,9.7,Forest,Carnivore,Invertivore,Insessorial,NA,NA,1.405009583,-1.357468606,LC,668,7.96E+12,-55.4382556,-10.48106543,Neotropical,1,0,0.00074815,11.23287726,-0.797988554,-0.013043392,2,-0.742418768,0.040154318,11.17803476,0.10421918
Platysmurus leucopterus,Corvidae,35.8,26.2,12.3,17.2,36.9,186,24.5,13.3,179,180,Forest,Omnivore,Omnivore,Insessorial,21.6,NA,2.674162712,-2.371060696,LC,192,2.36E+12,107.3044542,1.753763492,Oriental,2,9.30E-07,0.000628297,2.062154046,-1.251799971,-0.786772897,1,-1.283530686,-0.743809482,10.88350476,0.095045416
Platyspiza crassirostris,Thraupidae,17.4,10.6,6.7,10.6,27.3,82.4,14.2,17,54.2,35.5,Woodland,Herbivore,Herbivore terrestrial,Insessorial,18,NA,0.012552582,-0.671437356,LC,5,61538672533,-90.90000531,-0.512011261,Neotropical,13,7.05E-05,0.000794692,12.31958682,-0.307018355,0.192167962,3,-0.198787701,0.192496976,2.840063839,0.373386181
Platysteira castanea,Platysteiridae,NA,NA,NA,NA,NA,NA,NA,NA,NA,NA,NA,NA,NA,NA,NA,NA,0.666234227,-1.455209845,NA,411,5.04E+12,15.85366988,0.272381127,Afrotropical,2,2.20E-08,0.000663021,1.404876979,-1.124426026,-0.564327369,1,-1.131652587,-0.50957884,12.97679424,0.078967465
Platysteira cyanea,Platysteiridae,17.7,9.4,6.2,4,19.5,64.2,7.3,11.4,49.9,14.6,Forest,Carnivore,Invertivore,Insessorial,11.1,NA,0.720255102,-1.36246589,LC,585,7.15E+12,15.1706034,4.763717977,Afrotropical,2,1.97E-05,0.000711255,1.643573938,-0.939732193,-0.260058124,5,-0.916194074,-0.187985129,9.142221278,0.112420413
Ploceus baglafecht,Ploceidae,19.5,12.4,6.7,8.1,23.3,79,13,16.5,57.3,31.6,Shrubland,Carnivore,Invertivore,Insessorial,NA,NA,0.242032727,-1.040303641,LC,244,2.98E+12,35.2247093,4.035040763,Afrotropical,5,0.001866246,0.000911962,6.242707253,0.240717152,0.589049844,5,0.077510644,1.099616268,4.03579017,0.373056279
Ploceus bicolor,Ploceidae,20.6,13.1,6.8,8.3,22.8,83.9,13.1,15.7,53.5,34.5,Forest,Omnivore,Invertivore,Insessorial,NA,NA,0.390135622,-1.029212361,LC,290,3.47E+12,30.48105478,-7.849748426,Afrotropical,22,0.000379884,0.000775948,6.710509259,-0.113898712,-0.055155066,12,-0.054727792,-0.030805109,3.045101005,0.419395192
Ploceus capensis,Ploceidae,22.5,15.2,6.5,7.7,25,89.8,22.5,25.4,55.8,44,Woodland,Omnivore,Omnivore,Generalist,20.8,NA,0.280044726,-0.225766106,LC,105,1.12E+12,25.33045164,-29.820046,Afrotropical,7,0.000161077,0.000734114,2.696156317,-0.699572537,-0.177605872,6,-0.671923099,-0.103299799,0.983065263,1.229514952
Ploceus cucullatus,Ploceidae,20.3,14.6,8.3,10.1,23,82.6,16,19.4,48.6,36.1,Woodland,Herbivore,Granivore,Insessorial,NA,NA,0.217352116,-1.357564114,LC,16,1.87E+11,-71.43377332,18.82676897,Panamanian,5,9.32E-05,0.000749659,1.946638877,-0.706564461,-0.050025578,3,-0.661105928,0.028908266,3.113513054,0.42474598
Ploceus heuglini,Ploceidae,17.4,11.9,6.6,7.5,18.3,73.2,16.5,23,41,22.8,Woodland,Carnivore,Invertivore,Insessorial,NA,NA,0.223591714,-1.156777424,LC,281,3.41E+12,5.322749345,9.857253658,Afrotropical,1,0,0.000694796,1.397978074,-1.030735688,-0.354555204,1,-1.018054495,-0.284255238,3.104056259,0.427700503
Ploceus insignis,Ploceidae,18,9.8,4.6,5.8,19.9,83.5,16,19.3,48.4,27.5,Forest,Omnivore,Invertivore,Insessorial,NA,NA,0.46055481,-1.144229299,LC,67,8.22E+11,29.32590533,-2.100787634,Afrotropical,4,6.13E-05,0.000732971,2.520099961,-0.79788152,-0.143242124,5,-0.76079067,-0.071570415,3.104752859,0.468457282
Ploceus melanocephalus,Ploceidae,16.2,10.9,5.8,7.3,20.5,72,13.1,18.3,46.8,23,Wetland,Omnivore,Granivore,Insessorial,NA,NA,0.360537291,-1.131034099,LC,282,3.42E+12,-0.722193512,12.13701772,Afrotropical,1,0,0.000670793,1.304682443,-1.120754707,-0.508179452,1,-1.125173845,-0.444373441,1.259644844,0.937413964
Ploceus nigerrimus,Ploceidae,19.8,13.2,7,8.9,21.9,82.1,15.4,18.9,53.2,34.3,Woodland,Omnivore,Invertivore,Insessorial,NA,NA,1.142124233,-1.479886662,LC,358,4.39E+12,18.08392456,-0.055518005,Afrotropical,2,4.19E-06,0.000701197,1.634568996,-0.980210563,-0.320931007,5,-0.960964902,-0.255180765,3.6519378,0.374939287
Ploceus nigricollis,Ploceidae,18,11.3,6.1,7.1,20.8,74.6,11.6,15.4,56,27.1,Woodland,Carnivore,Invertivore,Insessorial,NA,NA,0.781186486,-1.351216886,LC,473,5.79E+12,16.54987929,2.425595148,Afrotropical,2,8.67E-06,0.000707369,1.720721363,-0.956027385,-0.282438112,5,-0.93317764,-0.214210966,3.230993917,0.442709834
Ploceus ocularis,Ploceidae,20,13.1,5.3,6.8,21.6,73.6,10.6,14.6,59,25.2,Woodland,Carnivore,Invertivore,Insessorial,NA,NA,0.243702563,-0.936540194,LC,507,6.07E+12,30.99707343,-12.34904662,Afrotropical,8,0.001696281,0.00090579,9.17418083,0.271420248,0.568678527,7,0.144582797,1.009977565,1.220997303,1.056141862
Ploceus subaureus,Ploceidae,17.7,12.4,6.8,9,21.5,75.8,14.1,18.5,49,30.4,Riverine,Herbivore,Granivore,Insessorial,NA,NA,0.426665577,-0.937329878,LC,107,1.26E+12,38.22930476,-6.03180239,Afrotropical,2,3.22E-06,0.000657878,1.408246382,-1.143047477,-0.5979688,2,-1.154515679,-0.543966344,3.067581149,0.43593458
Ploceus superciliosus,Ploceidae,17.1,11.6,6.7,9.2,19.3,67.4,11.9,17.6,44.6,21.4,Grassland,Herbivore,Granivore,Insessorial,NA,NA,0.543511971,-1.337787521,LC,247,3.02E+12,15.32381191,4.595939336,Afrotropical,1,0,0.000694796,1.397978074,-1.030735688,-0.354555204,4,-1.018054495,-0.284255238,3.384136059,0.460265676
Ploceus velatus,Ploceidae,16.8,10.7,5.9,7.8,22,76.8,15.6,20.6,52.4,30.9,Shrubland,Herbivore,Omnivore,Insessorial,NA,NA,0.520277394,-0.426463614,LC,402,4.56E+12,24.47069978,-23.0247011,Afrotropical,5,0.000288104,0.000872872,9.479169795,-0.184699846,0.694664478,1,-0.083734061,0.827762284,1.390979096,0.959845727
Poeoptera stuhlmanni,Sturnidae,18.3,9.7,5.2,4.8,20.3,100.2,26.5,26.7,80.1,39.3,Forest,Herbivore,Frugivore,Insessorial,17.4,10.1,0.121823622,-1.093683713,LC,45,5.52E+11,29.68168114,-0.540635748,Afrotropical,2,1.36E-05,0.000705997,1.703106948,-0.960310903,-0.29232225,4,-0.939346621,-0.223320375,4.221698474,0.24437265
Pogoniulus bilineatus,Lybiidae,14.6,9.1,5.3,5.3,16.1,56.4,10.1,18.3,28.8,13.1,Forest,Herbivore,Frugivore,Insessorial,NA,9.7,0.619956891,-1.271817024,LC,736,8.94E+12,20.99339807,-2.94432275,Afrotropical,49,0.007071798,0.000966277,17.43005328,2.540602489,-0.518411747,14,1.581455086,0.857061403,10.99392209,0.103294026
Pogoniulus chrysoconus,Lybiidae,13.5,8.6,5.2,5.1,14.2,57.6,10.3,17.8,30.2,10.8,Woodland,Omnivore,Frugivore,Insessorial,NA,8.9,0.535499934,-0.957548991,LC,988,1.19E+13,19.22037108,-0.498583437,Afrotropical,7,2.92E-05,0.000719484,2.606049582,-0.778820904,-0.24150246,1,-0.737344455,-0.200786861,5.400741193,0.213128844
Pogoniulus leucomystax,Lybiidae,11.6,6.7,4.1,4.1,13.8,54.9,8.3,15.1,29.4,11.8,Forest,Omnivore,Frugivore,Insessorial,NA,7.6,0.159115245,-0.885429282,LC,75,9.15E+11,35.90429575,-5.750317319,Afrotropical,13,0.000485885,0.000789915,3.301143484,-0.279045484,0.067916912,1,-0.25518793,0.190081924,6.658648078,0.203536335
Pogoniulus pusillus,Lybiidae,13.6,8.4,5,5.2,14.6,57.7,7.4,12.8,33.8,9.6,Shrubland,Omnivore,Frugivore,Insessorial,NA,8,0.679209164,-0.839248138,LC,283,3.39E+12,38.81849732,3.563820731,Afrotropical,9,6.01E-05,0.000734572,3.040489024,-0.665203257,-0.16471644,5,-0.613149062,-0.12723268,6.339623043,0.190581867
Pogonocichla stellata,Muscicapidae,16,8.6,4,3.5,25.4,79.1,14.2,18,63.2,18.6,Forest,Carnivore,Invertivore,Insessorial,NA,NA,0.496552258,-0.805247407,LC,224,2.63E+12,34.39761193,-7.31429615,Afrotropical,2,4.66E-06,0.000685995,1.422630572,-1.037654504,-0.418332729,3,-1.029402918,-0.356088687,10.75305828,0.101669521
Polioptila caerulea,Polioptilidae,11.3,7.4,2.8,2.3,15.9,50.8,9.6,19.1,49.1,5.8,Woodland,Carnivore,Invertivore,Insessorial,8.6,NA,0.642962548,-0.236897519,LC,914,9.44E+12,-96.41572588,33.9059191,Nearctic,1,0,0.000643064,1.42038937,-1.223990249,-0.685651409,1,-1.248051131,-0.630079546,6.022132363,0.189554999
Pomatorhinus musicus,Timaliidae,24.4,16.2,3.7,6.4,30.4,84,6.8,8,87.4,31.6,Forest,Carnivore,Invertivore,Generalist,NA,NA,1.352619068,-1.617186106,LC,8,90350670425,121.0019162,23.70631121,Oriental,4,3.29E-05,0.000594419,1.230062173,-1.325285496,-1.023610272,1,-1.382053455,-0.993374064,1.802507276,0.624576247
Pomatorhinus schisticeps,Timaliidae,31.8,22,3.8,6.9,32.6,93.4,9.8,10.5,97.8,43,Forest,Omnivore,Invertivore,Generalist,NA,NA,5.870693981,-1.304910004,LC,209,2.40E+12,96.51514346,20.94514853,Oriental,6,7.92E-05,0.000707369,3.390058263,-0.837265511,-0.323929014,1,-0.815874134,-0.271397785,1.267072734,0.845547165
Poospiza erythrophrys,Thraupidae,13.3,7.2,4,4.6,21,60.1,8.3,13.7,63,14.1,Forest,Omnivore,Invertivore,Insessorial,NA,NA,0.051096736,-0.52534483,NA,20,2.28E+11,-64.70924608,-22.53777884,Neotropical,15,0.000779652,0.000944286,142.3770053,0.87359105,0.977302675,6,1.028871715,0.74078525,3.550337218,0.30447036
Poospiza lateralis,Thraupidae,11.8,8,4.7,5.6,22.2,65.3,8,12.3,63.2,19.2,NA,Omnivore,Omnivore,Insessorial,NA,NA,0.508451736,-0.795280093,LC;LC,82,8.75E+11,-54.01960991,-30.28799095,Neotropical,1,0,0.000762095,10.29596339,-0.749052742,0.076202196,1,-0.684050545,0.136419232,5.40311331,0.201071199
Poospiza melanoleuca,Thraupidae,13.2,6.8,3.4,4.7,18.3,60.4,9.9,16.4,54.8,13.1,Shrubland,Herbivore,Omnivore,Insessorial,NA,NA,0.311173979,-0.64434772,NA,161,1.78E+12,-61.1404363,-26.00623135,Neotropical,6,9.20E-05,0.000810351,19.49222307,-0.395444143,0.33235554,1,-0.295080631,0.364194149,1.926073812,0.570175071
Porphyrolaema porphyrolaema,Cotingidae,17.9,10.6,6.5,6.3,19.7,96.2,19.5,20.2,68.2,60,Forest,Herbivore,Frugivore,Insessorial,10.9,12.5,2.28193612,-1.943143293,LC,216,2.64E+12,-68.48968164,-6.026620375,Neotropical,3,5.97E-06,0.00077101,18.35255121,-0.637252345,0.119141805,1,-0.557598137,0.143774765,14.48631297,0.073187088
Prinia bairdii,Cisticolidae,16.1,8.5,3.4,3.4,21.4,53.8,4.4,8.1,64.7,13.4,Forest,Carnivore,Invertivore,Insessorial,13.7,NA,0.487871762,-1.390324148,LC,149,1.83E+12,12.8220926,1.169000743,Afrotropical,1,0,0.000682909,1.416031735,-1.075098634,-0.430635603,1,-1.070853626,-0.363762182,6.146889948,0.204281455
Prinia crinigera,Cisticolidae,12.3,6.1,2.2,3.2,18.6,51,5.6,10.9,75,13.7,Shrubland,Carnivore,Invertivore,Generalist,NA,NA,5.002831822,-0.512343222,LC,361,3.93E+12,99.59930613,28.1838977,Sino-Japanese,3,1.07E-05,0.000717198,2.003793431,-0.892932268,-0.226374458,1,-0.860656062,-0.162370973,5.862146668,0.219867728
Prinia leucopogon,Cisticolidae,15.7,8.1,3,3.2,21.2,56.7,5.4,9.7,59.8,11.7,Forest,Carnivore,Invertivore,Insessorial,NA,NA,0.399211668,-1.320943171,LC,291,3.57E+12,20.59512027,-0.837318913,Afrotropical,1,0,0.000659592,1.219606127,-1.162904443,-0.579870885,1,-1.175324778,-0.518959317,5.774138913,0.213846716
Prinia subflava,Cisticolidae,13.9,7.6,2.9,3,19.6,50.1,6.4,12.7,51.9,8.6,Shrubland,Carnivore,Invertivore,Insessorial,11.6,NA,0.489993756,-1.003415678,LC,1393,1.67E+13,20.57358227,-1.002917861,Afrotropical,4,1.47E-05,0.000705083,1.968548334,-0.91256058,-0.311221206,1,-0.886980402,-0.256162109,6.460884879,0.181812495
Prionochilus maculatus,Dicaeidae,10.9,7.2,3.7,4.2,13.9,52.7,8.7,16.6,23.6,8,Forest,Herbivore,Frugivore,Insessorial,7.2,5.7,2.511801651,-2.360750778,LC,185,2.27E+12,107.2267586,1.720902841,Oriental,9,0.000512503,0.000869672,23.44379475,-0.007900312,0.598036407,1,0.067258109,0.708943849,17.6304988,0.057877641
Prionochilus percussus,Dicaeidae,10.8,6.6,3.4,3.8,13.4,54.2,11,20,30.2,8.5,Forest,Herbivore,Frugivore,Insessorial,8.9,5.8,2.655687128,-2.345333172,LC,216,2.65E+12,107.5589084,0.33441015,Oriental,14,0.000893474,0.000898041,26.612546,0.304103392,0.66173238,1,0.344280154,0.823524099,13.25140158,0.076990358
Procnias nudicollis,Cotingidae,27,10.9,7.1,5.9,29.4,148.4,35.1,24,82.6,172,Forest,Herbivore,Frugivore,Insessorial,NA,22.1,0.228343463,-0.996505304,NT,171,1.96E+12,-47.13240416,-21.49148556,Neotropical,23,8.53E-05,0.000858905,164.9975706,0.703744898,0.536249694,8,0.958887503,-0.007346473,9.297734369,0.123341498
Procnias tricarunculatus,Cotingidae,27.8,16.2,9.7,7.4,29.4,166,38.3,23,113.2,210,Forest,Herbivore,Frugivore,Insessorial,NA,26.6,1.879852672,-1.907566164,VU,28,3.38E+11,-84.04576595,11.25259109,Panamanian,30,0.000251668,0.000897789,74.8963962,0.749338703,0.702580981,1,0.974543471,0.456920375,8.722655934,0.131443255
Prodotiscus insignis,Indicatoridae,9,6.4,3.5,2.9,11.4,64.7,13.5,20.8,44.2,10.4,Forest,Carnivore,Invertivore,Insessorial,NA,NA,1.167310856,-1.481220988,LC,346,4.24E+12,11.85509418,2.427217248,Afrotropical,1,0,0.000682909,1.416031735,-1.075098634,-0.430635603,1,-1.070853626,-0.363762182,12.44177519,0.105539787
Prosthemadera novaeseelandiae,Meliphagidae,31.3,14.2,5.2,5.9,36.5,147.8,29.9,20.8,118.8,105.8,Forest,Herbivore,Nectarivore,Insessorial,NA,NA,0.435717217,-0.518978982,LC,40,3.79E+11,175.3412168,-38.39816649,Australian,30,0.000188081,0.00071889,8.938398112,-0.15461112,-0.428279477,11,-0.078223824,-0.522892917,18.76470703,0.057469488
Protonotaria citrea,Parulidae,17.1,10.8,3.8,3.9,18.3,68.9,20.9,30,42.7,14.3,Forest,Carnivore,Invertivore,Insessorial,12,NA,3.605558988,-0.802880549,LC,631,6.84E+12,-85.54821273,29.9095989,Nearctic,1,0,0.000727188,3.39848569,-0.902895943,-0.147230355,1,-0.86618783,-0.074307383,8.270937947,0.126214127
Prunella modularis,Prunellidae,14,7.8,3.7,3.6,20.4,69.1,14.7,21.2,59.6,20.2,Forest,Omnivore,Invertivore,Terrestrial,16,NA,0.758346874,0.392107653,LC,1740,1.32E+13,26.12217907,55.57801775,Palearctic,3,5.65E-05,0.000697173,2.350817892,-0.958157576,-0.364878244,2,-0.948368251,-0.297345845,3.605166252,0.355819382
Psarocolius angustifrons,Icteridae,53.1,36.9,10.7,16.9,45.6,209.9,52.3,24.8,179.2,271.5,Forest,Omnivore,Omnivore,Insessorial,37.8,NA,3.657438683,-1.87910513,LC,256,3.12E+12,-71.37074025,-3.885590683,Neotropical,34,0.000680602,0.000903024,154.6799668,1.218484975,0.614012982,8,1.419592024,0.179057536,3.371117904,0.331747773
Psarocolius atrovirens,Icteridae,45.5,33.2,9.9,16.7,43.9,202.7,44.7,22.3,150.3,152,Forest,Carnivore,Omnivore,Insessorial,27.6,NA,1.954436643,-1.084705926,LC,33,3.94E+11,-69.58294877,-14.35267851,Neotropical,16,4.62E-05,0.0008101,49.92698358,-0.051289022,0.277175564,7,0.099417622,0.13359428,3.429842104,0.3160592
Psarocolius decumanus,Icteridae,51.8,34.1,11.2,17.8,46.5,198.6,49.1,24.8,170.3,206.3,Forest,Omnivore,Omnivore,Insessorial,37.6,NA,2.118858292,-1.634983415,LC,1012,1.22E+13,-59.81854009,-7.550688272,Neotropical,32,0.00143968,0.00092545,149.4948804,1.374282073,0.599189143,5,1.443724195,0.371771062,5.068695355,0.216005551
Psarocolius guatimozinus,Icteridae,65,37.6,9.9,15.9,51,217.4,47.1,22,184.7,405.3,Forest,Carnivore,Omnivore,Insessorial,NA,16.4,1.834208328,-2.007103602,LC,20,2.44E+11,-75.45123946,7.293064022,Neotropical,1,0,0.000600683,1.23425319,-1.383010696,-0.956907999,1,-1.437276719,-0.912732495,3.675272524,0.327456354
Psarocolius montezuma,Icteridae,67.8,44.6,11.4,19.2,52.2,220,51.6,23.9,167.3,309.9,Forest,Carnivore,Omnivore,Insessorial,45.6,19.3,1.820650744,-1.58536283,LC,77,9.13E+11,-88.94344565,15.38885598,Panamanian,13,0.000499953,0.000866929,50.11806274,0.170119889,0.557790275,6,0.269821493,0.551583131,1.988959927,0.540999858
Psarocolius wagleri,Icteridae,57.9,34.8,11.5,15.8,35.7,182,51.3,28.5,119.2,155.5,Forest,Carnivore,Omnivore,Insessorial,33.3,15.2,5.606682819,-2.016857072,LC,88,1.06E+12,-83.64150555,11.1030978,Panamanian,7,0.000229982,0.000849784,30.09390776,-0.161707953,0.547257908,2,-0.050675304,0.580117603,4.668227171,0.240241396
Pselliophorus tibialis,Passerellidae,16.9,10.4,5.6,7.1,28,79.8,9.4,11.7,86,30,Forest,Omnivore,Omnivore,Generalist,NA,NA,0.367234995,-2.179171256,LC,6,72859378811,-83.50099393,9.52389979,Panamanian,2,0,0.000626857,1.684091541,-1.258635215,-0.79578177,1,-1.291409586,-0.752197517,2.476054336,0.445778874
Psilopogon duvaucelii,Megalaimidae,18,15.1,7.7,8.4,17.8,75.4,16.8,22.1,38.6,33.3,Forest,Herbivore,Frugivore,Insessorial,NA,NA,NA,NA,LC,NA,NA,NA,NA,NA,6,0.000295246,0.000873124,22.57529195,-0.11300485,0.688302209,1,-0.003872282,0.773649225,NA,NA
Psophia crepitans,Psophiidae,41.8,18.4,7.2,12.1,133.6,275.2,26.5,9.6,117.4,1026,Forest,Herbivore,Frugivore,Terrestrial,NA,17.9,1.795555591,-2.107900308,NT,271,3.33E+12,-63.62337311,1.334693114,Neotropical,31,0.000119123,0.000854105,59.8098949,0.535569679,0.446426867,1,0.74914538,0.20139601,34.69419515,0.029511319
Pteroglossus aracari,Ramphastidae,99.1,93.4,27.7,32.6,34.5,143.1,22.4,15.6,147,250.2,Forest,Herbivore,Frugivore,Insessorial,NA,29.9,1.609769447,-1.628219501,LC,358,4.32E+12,-53.77118071,-1.581066051,Neotropical,6,1.05E-05,0.000812043,40.49007089,-0.332907173,0.361613366,1,-0.205714581,0.306775377,8.781402382,0.121521856
Pteroglossus azara,Ramphastidae,91.6,81.9,23.3,28.3,28.1,123.5,22.2,17.7,131,144.5,Forest,Herbivore,Frugivore,Insessorial,NA,26.6,2.531964846,-2.034634081,LC,299,3.66E+12,-69.04537144,-3.449134185,Neotropical,26,0.000207095,0.000862906,83.91430493,0.541226303,0.514981695,1,0.743743492,0.245979522,4.317315579,0.24832564
Pteroglossus bailloni,Ramphastidae,70.2,62.2,20.9,26,33,129,18.9,14.5,169,146,Forest,Herbivore,Frugivore,Insessorial,NA,23.9,0.263615382,-1.042573999,NT,88,9.99E+11,-48.06852419,-22.91941713,Neotropical,20,6.83E-05,0.000842675,136.5603456,0.468433277,0.455319593,6,0.692764126,0.016042514,5.293771273,0.201484836
Pteroglossus castanotis,Ramphastidae,115.9,104.9,26.9,33.7,35,154.4,25.3,16.4,144.4,258.1,Forest,Herbivore,Frugivore,Insessorial,NA,30.5,1.825584692,-1.618477466,LC,489,5.87E+12,-62.1140631,-11.17782817,Neotropical,10,0.000101218,0.00084679,76.2463435,0.035015173,0.53805598,3,0.198989562,0.370256067,3.442658387,0.318395785
Pteroglossus frantzii,Ramphastidae,109.6,103.3,27.3,33,36.8,149.6,24.5,16.3,161.1,253,Forest,Herbivore,Frugivore,Insessorial,NA,30.5,0.766137057,-2.079491493,LC,8,97232557892,-83.50317709,9.191640598,Panamanian,3,6.97E-06,0.000792269,25.65262019,-0.532862061,0.255003496,1,-0.434589942,0.261971471,2.994426561,0.365875286
Pteroglossus inscriptus,Ramphastidae,79.8,61.5,19.8,25.7,28.4,117.1,19.6,16.4,125.2,125.8,Forest,Herbivore,Frugivore,Insessorial,NA,24.9,1.290628057,-1.742920599,LC,469,5.71E+12,-60.75233928,-7.490044107,Neotropical,16,0.000223078,0.000873078,119.4237922,0.452284546,0.64056869,2,0.650398694,0.327055861,3.408309292,0.317216933
Pteroglossus pluricinctus,Ramphastidae,109.6,101.8,27.1,34.9,35.6,148.5,24.4,16.2,167.1,261.7,Forest,Omnivore,Frugivore,Insessorial,NA,30.6,2.325148786,-2.230151757,LC,140,1.72E+12,-70.43503373,0.956791554,Neotropical,16,5.84E-05,0.000811471,41.43881601,-0.07269006,0.283163856,1,0.072434022,0.170542651,3.442658387,0.318395785
Pteroglossus torquatus,Ramphastidae,104,89.4,22.9,29.2,34.4,146.9,23.1,15.7,150.5,219.1,Forest,Herbivore,Frugivore,Insessorial,NA,28.9,1.125069622,-1.591750132,LC,145,1.74E+12,-83.21531678,13.14310049,Panamanian,13,0.000390786,0.000868301,41.49746434,0.125930786,0.5911565,3,0.242321723,0.58896494,2.994426561,0.365875286
Pteroptochos tarnii,Rhinocryptidae,22.4,11.7,4.9,6.2,45.4,103.1,6.5,6.4,89.7,147,Forest,Carnivore,Invertivore,Terrestrial,NA,NA,6.321158206,-0.442671379,LC,54,4.78E+11,-72.96864379,-44.61998456,Neotropical,2,0,0.000621394,1.493865949,-1.279698316,-0.83075005,2,-1.316450653,-0.788090376,8.012152585,0.129097693
Ptilinopus jambu,Columbidae,20.2,12.2,4.6,4.7,18.1,138.4,45.3,33,88.4,135,Forest,Herbivore,Frugivore,Insessorial,NA,NA,2.233842969,-2.367348397,NT,191,2.35E+12,107.483553,1.137913282,Oriental,6,4.11E-05,0.000704054,4.02108951,-0.854517358,-0.336557722,1,-0.828157049,-0.295616845,7.331596591,0.185110954
Ptilinopus magnificus,Columbidae,26.2,11.4,4.7,5.4,24.3,163.5,46.9,28.7,137.4,185.4,Forest,Herbivore,Frugivore,Insessorial,NA,NA,9.365860548,-1.788692028,LC,174,2.07E+12,143.7417667,-12.5600766,Australian,75,0.003351682,0.000830148,11.36966201,1.97779756,-0.717350108,3,1.672556935,-0.369134609,9.20463988,0.138653194
Ptilinopus occipitalis,Columbidae,19.1,9.3,4.3,5.4,26.1,157.2,42.2,26.7,102.8,238,Forest,Herbivore,Frugivore,Insessorial,NA,NA,2.579808731,-2.138705917,LC,59,7.10E+11,123.0757581,11.91837958,Oriental,16,0.000218308,0.000709677,2.816895591,-0.554678134,-0.404497126,1,-0.530846712,-0.383398564,7.231112548,0.189245592
Ptilinopus ornatus,Columbidae,18.6,9.4,4,4.5,23.6,150.7,46.8,31,71.7,163,Forest,Herbivore,Frugivore,Insessorial,NA,11.9,3.591050272,-2.363549448,LC,72,8.82E+11,140.8507729,-4.882747234,Oceanina,1,0,0.000501175,1.037946685,-1.755557928,-1.593789707,1,-1.880620554,-1.577160218,6.90907951,0.215267076
Ptilinopus pulchellus,Columbidae,15.4,7.3,3.6,3.6,17.2,105.6,29.6,28,59.4,70,Forest,Herbivore,Frugivore,Insessorial,NA,9.4,3.372170553,-2.379448088,LC,77,9.44E+11,140.1812547,-4.652236525,Oceanina,2,3.74E-06,0.000417326,1.071253753,-2.043087584,-2.13768996,1,-2.225724786,-2.150612974,6.317366791,0.212662526
Ptilinopus purpuratus,Columbidae,16.5,7.6,4.1,4,27.5,145.2,43.4,30.3,78,97.6,Forest,Herbivore,Frugivore,Insessorial,NA,NA,0.051019662,-1.692263219,LC,5,58884557994,-151.1672532,-16.64763406,Oceanina,19,0.000788426,0.000896189,17.41432603,0.371824787,0.641547012,1,0.438689512,0.776599877,7.400361944,0.173052941
Ptilinopus regina,Columbidae,17.2,7.8,3.7,3.8,20.2,126.8,37.5,29.6,67.2,101.6,Forest,Herbivore,Frugivore,Insessorial,NA,10.2,1.532690913,-1.202314976,LC,137,1.61E+12,148.4178985,-22.14038992,Australian,36,0.000130055,0.000774919,8.320522445,0.192199859,-0.094987044,3,0.334761772,-0.223980988,4.734572938,0.233776293
Ptilinopus rivoli,Columbidae,19.2,8.9,4.5,4.2,21.5,126,36,28.5,73.2,149,Forest,Herbivore,Frugivore,Insessorial,NA,11.1,3.547406618,-2.407064054,LC,98,1.20E+12,145.0979392,-5.338606629,Oceanina,7,0.003462134,0.000712878,1.994376451,-0.174076446,-1.057753961,2,-0.769111785,-0.242939562,5.106131307,0.206800714
Ptilinopus roseicapilla,Columbidae,17.7,7.7,4.5,3.8,24.9,122.4,33.5,27.6,72.4,90.4,Forest,Herbivore,Frugivore,Insessorial,NA,NA,0.001068551,-1.907070048,EN,3,35747951643,145.5,14.69325831,Oceanina,12,0.000293379,0.000745887,3.644249934,-0.502865968,-0.164073361,3,-0.477370359,-0.092372887,5.495074199,0.292910882
Ptilinopus superbus,Columbidae,17.1,8.8,4.2,4,20.7,129,38.6,30,68.8,118,Forest,Herbivore,Frugivore,Insessorial,NA,10.7,5.498791612,-2.214152971,LC,236,2.88E+12,136.791182,-4.470800418,Oceanina,50,0.000869431,0.000742138,5.17278344,0.545468428,-0.561071753,2,0.56448471,-0.613802448,4.86370027,0.237067677
Ptilogonys caudatus,Ptilogonatidae,14.8,6.4,4.4,4.6,18.1,96.4,21.7,22.3,125,36.2,Forest,Omnivore,Omnivore,Insessorial,15.2,11.1,0.367234995,-2.179171256,LC,6,72859378811,-83.50099393,9.52389979,Panamanian,6,4.06E-06,0.000638927,2.814718767,-1.108820496,-0.745036869,1,-1.122522908,-0.726951038,17.61767498,0.058124843
Ptiloris magnificus,Paradisaeidae,56.6,38.8,6.3,8.6,37,167.3,20.2,11.4,93.7,149.9,Forest,Omnivore,Frugivore,Insessorial,NA,17.3,5.166595856,-2.327066686,NA,98,1.20E+12,140.5171265,-5.042507466,Oceanina,6,2.57E-05,0.00061881,1.305546369,-1.185131883,-0.878677457,1,-1.217876595,-0.856461817,4.566749817,0.227902514
Pycnonotus atriceps,Pycnonotidae,NA,NA,NA,NA,NA,NA,NA,NA,NA,NA,NA,NA,NA,NA,NA,10.2,5.025959458,-2.013696931,NA,355,4.28E+12,104.671345,7.618858104,Oriental,13,0.001431163,0.000891617,32.79497535,0.374940916,0.505812883,3,0.312107999,0.773287738,11.34669829,0.095864233
Pycnonotus aurigaster,Pycnonotidae,19.4,9.8,4.1,4.8,21.9,91.8,14,15.5,82.4,44.3,Shrubland,Herbivore,Omnivore,Insessorial,NA,NA,3.497013432,-1.378742552,LC,452,5.30E+12,106.0374892,21.38878128,Oriental,11,0.000504505,0.000884554,25.29638681,0.102589335,0.682294861,4,0.196065919,0.776481435,8.68700937,0.135948949
Pycnonotus barbatus,Pycnonotidae,18.1,9.6,4.3,5,21.2,93.6,14.1,15,85.3,32.1,Woodland,Herbivore,Frugivore,Insessorial,NA,9.8,0.744812749,-0.907654596,LC,1837,2.19E+13,21.65579731,2.017661939,Afrotropical,80,0.007089299,0.000968334,21.08413279,3.339876595,-0.707527614,19,2.463524742,0.457997817,3.348493384,0.313219879
Pycnonotus brunneus,Pycnonotidae,16.5,9.4,4.4,4.8,18.9,82.2,9.8,12.3,71.7,28.8,Forest,Herbivore,Frugivore,Insessorial,10.5,9.9,2.224153779,-2.375668969,LC,184,2.26E+12,101.416063,1.710996813,Oriental,16,0.00084973,0.000897904,27.22719753,0.347691113,0.657921755,1,0.401464325,0.794734086,7.232313507,0.147624078
Pycnonotus cafer,Pycnonotidae,19.4,10.5,4.8,5.3,21.3,94.5,15.7,16.5,86.2,42.9,Shrubland,Herbivore,Omnivore,Insessorial,17.2,NA,3.234528759,-1.048979946,LC,463,5.24E+12,81.53752662,23.12899955,Oriental,114,0.027427676,0.001098406,140.5496186,8.823484943,-4.677541197,16,4.44944859,0.496689718,9.534460812,0.131521371
Pycnonotus capensis,Pycnonotidae,19.6,9.8,4,4.6,22,92.8,14.5,15.7,86.2,38.6,Shrubland,Herbivore,Omnivore,Insessorial,NA,8.8,0.244999916,-0.128542876,LC,33,3.44E+11,20.47565679,-32.36952786,Afrotropical,6,0.000367454,0.000877902,13.20001174,-0.113659175,0.702574994,1,-0.019164395,0.836265933,3.598571847,0.336908839
Pycnonotus cyaniventris,Pycnonotidae,14.6,8.6,3.9,3.9,14.2,75.6,13.4,17.5,58.6,22,Forest,Herbivore,Frugivore,Insessorial,8.8,8.9,2.72117131,-2.373692734,NA,163,2.00E+12,101.3730774,2.407742195,Oriental,12,0.000888741,0.00089036,25.46278411,0.220566039,0.626433238,1,0.250238447,0.801813255,10.17747352,0.106205866
Pycnonotus erythropthalmos,Pycnonotidae,13.6,8.6,3.8,3.7,16,74.2,10.8,14.4,63.8,19.2,Forest,Herbivore,Frugivore,Insessorial,9,9.5,2.220124253,-2.37416179,NA,186,2.28E+12,107.5320042,1.263267268,Oriental,11,0.000718982,0.000876073,24.22905899,0.106728696,0.57965756,1,0.154185493,0.723291751,9.688912826,0.121948569
Pycnonotus eutilotus,Pycnonotidae,18.3,11.8,4.8,5.2,17.7,91.5,17.6,19.3,77.3,35.3,Forest,Herbivore,Frugivore,Insessorial,NA,12.8,2.709220355,-2.371287356,NA,162,1.99E+12,101.393574,2.459356737,Oriental,14,0.000863108,0.000888988,26.11468564,0.262998573,0.610638685,1,0.302077511,0.764650971,9.500038456,0.135260898
Pycnonotus finlaysoni,Pycnonotidae,16.6,9.1,4,5,18.3,80,10.2,12.7,79,26.3,Shrubland,Herbivore,Omnivore,Insessorial,NA,NA,4.188434658,-1.563712451,LC,175,2.07E+12,101.408418,15.15651825,Oriental,14,0.000306324,0.00079515,6.875850054,-0.255359134,0.135515485,4,-0.1902728,0.200438925,9.950339038,0.104065849
Pycnonotus flavescens,Pycnonotidae,17.5,8.4,3.9,4.6,19.5,85.4,12.1,14.2,89.8,28.9,Forest,Omnivore,Omnivore,Insessorial,NA,8.1,4.57146675,-1.542182768,LC,147,1.71E+12,98.09401786,21.29458413,Oriental,1,0,0.000844755,18.43618051,-0.412529757,0.605276818,1,-0.284676454,0.662244911,11.0279373,0.098988169
Pycnonotus flaviventris,Pycnonotidae,14.9,7.9,4.1,4.6,15,88.2,13.3,15.1,88,29.3,Forest,Herbivore,Frugivore,Insessorial,NA,NA,NA,NA,LC,NA,NA,NA,NA,NA,46,0.003784028,0.000930273,38.97347362,1.7992124,0.011637913,8,1.422192517,0.584708007,NA,NA
Pycnonotus goiavier,Pycnonotidae,18.5,11.2,4.3,5,20.9,87,12.9,14.5,77.2,27.8,Shrubland,Herbivore,Omnivore,Insessorial,NA,11.2,3.800086768,-2.120249869,LC,336,4.09E+12,110.4688067,4.432452581,Oriental,14,0.000310066,0.000770484,4.394597827,-0.355265043,-0.023202081,3,-0.309648067,0.043705627,7.071506212,0.157139056
Pycnonotus jocosus,Pycnonotidae,17.5,9.1,4.5,4.8,20.5,86.8,12.4,14.2,88.1,29.5,Shrubland,Herbivore,Omnivore,Insessorial,14.6,NA,4.245391341,-1.235996864,LC,601,6.92E+12,93.59904439,20.05025245,Oriental,73,0.022319302,0.001085376,120.1425303,6.739593767,-3.346976052,18,3.176286387,1.006556435,6.677595618,0.165942717
Pycnonotus leucogenys,Pycnonotidae,17.6,9,3.8,4.6,20.7,93.4,13.7,14.6,91.8,35.9,Shrubland,Herbivore,Omnivore,Insessorial,NA,NA,3.93958808,-0.534492182,LC,99,1.06E+12,78.4456018,29.59144181,Oriental,5,0.000202962,0.00084727,12.46282306,-0.28592716,0.550002757,1,-0.185977582,0.646878491,4.478782812,0.249362066
Pycnonotus luteolus,Pycnonotidae,17.9,9.4,4,5.3,21.4,83.2,9.3,11.2,79,34.7,Shrubland,Herbivore,Frugivore,Insessorial,NA,8.4,2.911133927,-1.279271038,LC,156,1.83E+12,78.97579356,16.96694487,Oriental,72,0.002714671,0.000932993,41.22397425,2.27111562,0.103785651,3,2.163243739,0.259322967,8.778165607,0.166084514
Pycnonotus melanicterus,Pycnonotidae,15,7.8,3.6,4.2,15.2,72,8.4,11.7,70.6,29.3,Forest,Herbivore,Frugivore,Insessorial,NA,8,4.902768069,-1.648830912,NA,450,5.30E+12,99.89977688,15.72815267,Oriental,11,6.34E-05,0.000788086,6.876165311,-0.401534154,0.164264607,3,-0.304786012,0.19201991,11.19742838,0.101571183
Pycnonotus melanoleucos,Pycnonotidae,17.6,10.7,4.2,4.3,13.9,83.2,15.7,18.9,68.4,31,Forest,Herbivore,Frugivore,Insessorial,NA,9.8,2.154488575,-2.380185607,NA,166,2.04E+12,114.4185862,0.834884279,Oriental,1,0,0.000615496,1.574980398,-1.326495914,-0.862099096,1,-1.370065155,-0.814843425,9.975661604,0.116265978
Pycnonotus plumosus,Pycnonotidae,17.4,10.8,4.7,5.2,20.4,83.1,9.3,11.1,71.6,34.9,Shrubland,Herbivore,Frugivore,Insessorial,NA,10,3.042192659,-2.30470656,LC,225,2.76E+12,107.9702802,1.174847298,Oriental,1,0,0.000614924,1.499679865,-1.328887042,-0.865757022,1,-1.372900453,-0.818416579,7.423611706,0.145525885
Pycnonotus simplex,Pycnonotidae,15.9,10.1,4,4.6,17.5,79.6,10.7,13.4,67.5,25.1,Forest,Herbivore,Frugivore,Insessorial,NA,9.8,2.476043335,-2.349716035,LC,202,2.48E+12,107.9289415,0.399566964,Oriental,11,0.000744852,0.000877444,23.99534461,0.115820977,0.58260291,1,0.159374882,0.733223746,9.698974154,0.114377444
Pycnonotus sinensis,Pycnonotidae,17.9,8.6,4.4,4.9,21.6,86.7,17.8,20.8,82.1,34.2,Human Modified,Herbivore,Frugivore,Insessorial,NA,9.7,1.678792561,-0.357854621,LC,386,4.14E+12,111.5350842,29.77324955,Sino-Japanese,6,0.00037393,0.000867158,28.69239476,-0.100084646,0.632393622,2,-0.006566362,0.713751568,3.098416268,0.345894877
Pycnonotus squamatus,Pycnonotidae,14.4,7.2,4.1,3.7,15.2,73.8,13.1,17.8,60.2,22,Forest,Herbivore,Frugivore,Insessorial,NA,8.5,3.293765291,-2.382542211,NA,99,1.21E+12,114.6331722,1.772090364,Oriental,1,0,0.000710226,2.204003514,-0.970336402,-0.255794662,1,-0.946284212,-0.183763887,9.647256161,0.115123767
Pycnonotus taivanus,Pycnonotidae,16.7,8.5,4.9,5,19.8,88.1,15.1,17.2,79.6,26.1,Forest,Herbivore,Omnivore,Insessorial,NA,10.2,1.894857525,-1.754908982,VU,4,45513559997,121.0018246,22.69449671,Oriental,2,8.54E-05,0.000799264,10.17880883,-0.569806851,0.288458627,1,-0.491489067,0.372299213,3.098416268,0.345894877
Pycnonotus xantholaemus,Pycnonotidae,16.2,8.4,3.5,4.6,18.6,87.5,11.7,13.3,87,28.1,Forest,Herbivore,Frugivore,Insessorial,NA,7.5,1.268414157,-1.180073194,VU,51,6.07E+11,78.21867036,13.8148367,Oriental,1,0,0.000659706,1.326041531,-1.162116356,-0.579139043,1,-1.174401569,-0.518543752,7.562764214,0.185417098
Pycnonotus xanthorrhous,Pycnonotidae,17.7,9.1,3.9,4.4,20,90.6,14.2,15.8,94.6,26.9,Shrubland,Herbivore,Frugivore,Insessorial,NA,8.3,1.711311127,-0.500097363,LC,251,2.76E+12,107.3527222,26.94253921,Sino-Japanese,1,0,0.000710226,2.204003514,-0.970336402,-0.255794662,1,-0.946284212,-0.183763887,6.046375497,0.176250527
Pycnonotus zeylanicus,Pycnonotidae,24.3,13.2,5.1,7,24.1,114.4,12.6,10.9,105.4,86.3,Forest,Herbivore,Frugivore,Insessorial,15.3,NA,2.31039873,-2.445608866,CR,98,1.20E+12,114.2531062,2.006896288,Oriental,1,0,0.000614924,1.499679865,-1.328887042,-0.865757022,1,-1.372900453,-0.818416579,8.652462562,0.123971087
Pycnopygius cinereus,Meliphagidae,26.4,13.2,4.1,5.4,28.2,106.5,22,21.9,94,44.8,Forest,Herbivore,Omnivore,Insessorial,NA,NA,3.974500286,-2.322203522,LC,43,5.27E+11,143.1453564,-5.903358615,Oceanina,2,8.84E-07,0.000542322,1.093563135,-1.576399266,-1.337031828,1,-1.669694727,-1.315261232,6.989579835,0.15619979
Pyroderus scutatus,Cotingidae,42.5,26.3,13.8,15.5,38,231,41,18.2,152.2,357,Forest,Omnivore,Frugivore,Insessorial,NA,25.3,1.582532986,-1.226767441,LC,268,3.12E+12,-48.81193433,-22.09897513,Neotropical,27,0.000298422,0.000889766,165.1721336,0.95899121,0.660134649,10,1.20762225,0.146617878,8.009999274,0.139336199
Pyrrhocoma ruficeps,Thraupidae,15.1,8.9,4.7,5.6,21.3,63.4,8.9,13.9,60,15.6,Forest,Carnivore,Invertivore,Insessorial,NA,NA,0.508836933,-1.016096235,NA,83,9.24E+11,-50.36056974,-25.54706518,Neotropical,3,2.09E-05,0.000824753,36.62870746,-0.371683066,0.459800591,3,-0.247332898,0.44315388,3.854674667,0.287359297
Pyrrhula murina,Fringillidae,12.6,9.8,9.2,10.2,20.8,83.7,21.5,25.4,71,30,Woodland,Herbivore,Granivore,Insessorial,NA,NA,0,-0.444541992,VU,1,9789562844,-25.5,37.68811,Palearctic,5,0,0.000658426,1.886346216,-1.064874689,-0.612924086,2,-1.067114323,-0.580656693,4.674262246,0.267143128
Pyrrhula pyrrhula,Fringillidae,13.1,8.6,8.2,9,18,88.6,22.1,24.9,68.3,24.3,Forest,Herbivore,Omnivore,Insessorial,13.9,NA,2.414274999,0.912305073,LC,3917,2.85E+13,73.05678675,55.97021912,Palearctic,19,0.000332603,0.000886131,22.27295187,0.266860847,0.679950466,12,0.412891018,0.693472751,4.618668548,0.244605373
Querula purpurata,Cotingidae,28.8,19.5,12.5,9.7,24.3,178.2,31.7,17.6,117.6,107.4,Forest,Omnivore,Frugivore,Insessorial,19,19.9,2.19573321,-1.862455468,LC,568,6.94E+12,-63.68940558,-3.575773013,Neotropical,12,0.000140358,0.000824044,33.04826633,-0.139214368,0.370736934,2,-0.015146775,0.33375902,13.08945096,0.083294232
Quiscalus mexicanus,Icteridae,43.3,29.2,8.2,11.5,47.9,168.6,46,26.8,170.1,160.5,Human Modified,Omnivore,Omnivore,Terrestrial,35.8,NA,0.873150785,-0.435911667,LC,602,6.48E+12,-100.4672654,29.04136802,Nearctic,5,0.000172145,0.000807242,10.69971992,-0.447164774,0.300759283,6,-0.370877412,0.385123656,1.725283293,0.610406758
Quiscalus quiscula,Icteridae,33,21.8,7.3,10.5,35.6,132.9,34.3,25.9,118.2,105.2,Wetland,Carnivore,Omnivore,Terrestrial,27.6,NA,0.832232281,0.506865154,NT,1131,9.87E+12,-94.52750484,46.4389641,Nearctic,5,6.72E-05,0.000808728,8.589301908,-0.468072986,0.333922858,4,-0.3724944,0.401961921,4.864054977,0.21402226
Ramphastos dicolorus,Ramphastidae,104.3,100,30.1,33.4,46.1,191.8,26.9,14,181.2,331,Forest,Herbivore,Frugivore,Insessorial,NA,31,0.141567997,-1.042974179,LC,157,1.77E+12,-50.64161142,-23.68017889,Neotropical,43,0.00169999,0.000980541,428.6794009,2.850139993,0.823508471,11,3.08160999,-0.316013137,5.586929174,0.190478025
Ramphastos sulfuratus,Ramphastidae,129.2,132.3,33.7,45.8,48.7,200.4,29.6,14.8,163.1,409.7,Forest,Omnivore,Frugivore,Insessorial,NA,30.8,1.376962152,-1.605502114,LC,114,1.36E+12,-86.01107467,14.68809994,Panamanian,25,0.000369494,0.000847247,56.65658192,0.395115111,0.38446925,4,0.540157713,0.243466086,7.745344827,0.139998564
Ramphastos swainsonii,Ramphastidae,155,150.4,38.2,51.7,50.6,223.9,22.9,10.1,162.2,651.7,Forest,Omnivore,Frugivore,Insessorial,NA,37.4,1.974890424,-1.457815942,NT,53,6.47E+11,-72.58207065,5.923750571,Neotropical,6,0.000120032,0.000841555,25.83356155,-0.25216751,0.525761528,3,-0.131581865,0.551989915,3.413224825,0.306611006
Ramphastos toco,Ramphastidae,181.1,196.5,40.7,55.9,51.8,242.2,54.1,22.4,159.9,618,Grassland,Herbivore,Frugivore,Insessorial,NA,40.3,0.795455656,-1.2529582,LC,456,5.35E+12,-53.76581317,-18.46140734,Neotropical,21,9.30E-05,0.000857991,165.8816059,0.654667197,0.541475062,9,0.902867775,0.00951034,14.38979614,0.072281431
Ramphastos tucanus,Ramphastidae,164,156.4,38,50.8,52.6,237,36.3,15.3,157.1,659.6,Forest,Herbivore,Frugivore,Insessorial,NA,38.4,1.779592934,-1.840423541,VU,669,8.16E+12,-61.82746737,-4.536616531,Neotropical,33,0.000235887,0.000872735,106.4734058,0.834977843,0.526678395,2,1.069284804,0.14732653,5.900150134,0.177553892
Ramphastos vitellinus,Ramphastidae,120.4,116.3,31,40.5,47.5,198.3,24.9,12.6,154.6,360.4,Forest,Omnivore,Frugivore,Insessorial,NA,31.2,1.883300506,-1.762470952,VU,773,9.39E+12,-61.19584356,-4.285315509,Neotropical,35,0.000603261,0.000931165,220.6018765,1.558001752,0.805342184,7,1.829390338,0.138445442,3.633214325,0.294825473
Ramphocelus bresilius,Thraupidae,18.3,12.1,6.7,7.6,21,82.3,11.3,13.7,80.2,32.9,Shrubland,Omnivore,Omnivore,Insessorial,15.9,11.8,0.446308067,-1.129202407,LC,72,8.41E+11,-41.20016522,-17.42802996,Neotropical,20,0.000355649,0.000950252,360.1383431,1.681495804,1.079701241,3,2.042662409,0.003286997,2.588749637,0.413903352
Ramphocelus carbo,Thraupidae,18.3,11.8,7.4,7.9,21.6,78.1,12.4,15.8,79.9,25.9,Human Modified,Omnivore,Omnivore,Insessorial,11.8,9.6,1.86514782,-1.634263073,LC,948,1.15E+13,-58.45708677,-7.118354468,Neotropical,105,0.015844403,0.001154389,788.4421099,8.873694914,-1.648368738,22,6.974410065,-1.133281151,1.433081146,0.73810248
Ramphocelus dimidiatus,Thraupidae,16.8,11.8,6.6,7.7,21.5,76.2,12.3,16,71.3,28,Shrubland,Omnivore,Omnivore,Insessorial,14,NA,5.984761034,-1.874362445,LC,68,8.29E+11,-75.55641926,7.606350213,Neotropical,10,0.000798719,0.000920192,104.4715532,0.533356297,0.850680006,4,0.635470768,0.768467002,1.997987465,0.530667778
Ramphocelus flammigerus,Thraupidae,18.4,13,8.2,8.6,25.8,88.6,13.6,15.1,74.8,33,Forest,Omnivore,Frugivore,Insessorial,16.8,10.6,10.56269793,-2.016019816,LC,51,6.25E+11,-77.65608214,4.025292688,Neotropical,20,0.0001561,0.000895824,128.8618044,0.657098359,0.77567929,3,0.899145547,0.396463006,2.342195584,0.447581912
Ramphocelus nigrogularis,Thraupidae,20,13.6,6.9,8.2,20.4,84.6,13.8,16.3,77,31,Forest,Omnivore,Omnivore,Insessorial,12.6,11.2,1.997398325,-1.936360361,LC,216,2.64E+12,-68.08612454,-5.564288263,Neotropical,2,6.92E-07,0.000782897,27.40543519,-0.588132139,0.202836816,1,-0.497142896,0.206523817,1.997987465,0.530667778
Ramphocelus passerinii,Thraupidae,18.3,12.3,7.3,7.4,23.1,75.4,9.6,12.6,69,32,Forest,Omnivore,Omnivore,Insessorial,15,9.9,1.671727642,-1.809649536,LC,40,4.76E+11,-87.23166261,14.65605657,Panamanian,6,2.03E-05,0.000805071,37.06545641,-0.368773144,0.314769087,2,-0.250072532,0.271384731,2.098030399,0.498722766
Regulus calendula,Regulidae,10.6,6.3,2.7,2.2,18.4,58,12.6,22,42.2,6.2,Forest,Carnivore,Invertivore,Insessorial,9.5,NA,2.892237826,0.614189536,LC,2116,1.70E+13,-107.3120586,51.81773621,Nearctic,10,0.00021142,0.000880508,17.63352045,-0.017463018,0.728851426,2,0.120503513,0.787449544,20.19017569,0.051365904
Regulus ignicapilla,Regulidae,10.9,6,2,2.1,16.5,52.3,11.5,22,39.4,5.6,Forest,Carnivore,Invertivore,Insessorial,10.8,NA,0.232892962,0.143924864,LC,670,5.89E+12,11.64205276,45.5269764,Palearctic,2,5.07E-06,0.000718227,2.975822597,-0.91185475,-0.212125106,1,-0.879991438,-0.145746283,24.09661849,0.042528073
Regulus regulus,Regulidae,10.6,5.7,2.2,2.1,15,52.9,11.6,22,39.3,5.5,Forest,Carnivore,Invertivore,Insessorial,11.3,NA,1.471452449,0.550746006,LC,2838,2.26E+13,46.47958052,54.02743474,Palearctic,1,0,0.000658426,1.43964251,-1.166515267,-0.587332003,2,-1.17965243,-0.527471485,19.93035998,0.051967104
Regulus satrapa,Regulidae,9,5.4,2.1,2.5,16.2,57.2,13.4,23.6,42.8,6.2,Forest,Carnivore,Invertivore,Insessorial,10,NA,1.308105652,0.425581411,LC,1627,1.40E+13,-104.4839148,48.13789023,Nearctic,2,1.44E-06,0.000700442,2.536820384,-0.980475466,-0.325137383,1,-0.960803419,-0.263175668,38.2320896,0.026450391
Rhabdornis mystacalis,Sturnidae,21.2,12.9,3.9,4.9,19.8,80.6,18.7,23.1,48.3,25.6,Forest,Omnivore,Omnivore,Insessorial,NA,NA,2.715832198,-2.14429403,LC,56,6.74E+11,123.1602581,11.87701336,Oriental,8,2.98E-05,0.000716535,2.832353552,-0.76392064,-0.266923505,1,-0.721878851,-0.234167514,13.77531495,0.078960341
Rhinoplax vigil,Bucerotidae,203.8,193.5,53,110.9,65.8,468,27,5.7,419.8,2887.6,Forest,Omnivore,Frugivore,Insessorial,NA,NA,2.476668718,-2.327391856,CR,176,2.16E+12,101.2154348,2.284877474,Oriental,9,0.000127237,0.000773684,6.125415275,-0.496224682,0.07049666,1,-0.42716411,0.124084527,26.38573519,0.039865742
Rhipidura fuliginosa,Rhipiduridae,11.8,5.4,2.8,2.2,19.4,74.7,14.9,20,93.9,7.5,Woodland,Carnivore,Invertivore,Insessorial,11.5,NA,1.419490668,-0.493187279,LC,765,8.33E+12,135.2486946,-26.81469445,Australian,5,4.15E-07,0.000635338,1.782027817,-1.151437488,-0.760789603,2,-1.170209753,-0.734627446,4.270613935,0.262867528
Rhytipterna holerythra,Tyrannidae,22.7,13.5,7.1,6.3,23.6,103.1,16.9,16.5,92.6,36.8,Forest,Carnivore,Invertivore,Insessorial,13.5,NA,5.969750004,-2.008823128,LC,86,1.04E+12,-83.37923041,10.83364548,Panamanian,1,0,0.000756037,6.515565487,-0.784511627,0.037419805,1,-0.725728332,0.108304419,2.600768474,0.439648958
Rupicola peruvianus,Cotingidae,31,15.4,8.8,12.4,36.7,183.5,21.7,11.6,120.3,242.5,Forest,Herbivore,Frugivore,Insessorial,NA,NA,5.285007575,-1.503374752,LC,76,9.25E+11,-74.53890647,-3.619096119,Neotropical,22,0.000417281,0.000853647,86.66539364,0.454494642,0.433941161,10,0.602492064,0.226820872,9.821196965,0.108256525
Ruwenzorornis johnstoni,Musophagidae,28,10.9,6.6,10.7,38.5,167,17.9,10.8,199.8,240,Forest,Herbivore,Frugivore,Insessorial,NA,NA,0.123896056,-1.09376343,LC,10,1.23E+11,29.19970354,-1.713935274,Afrotropical,19,1.77E-05,0.000709883,2.613104361,-0.516410299,-0.377146597,1,-0.447628212,-0.420148885,37.86175541,0.027539375
Saltator atriceps,Thraupidae,25.7,17,10.1,12.8,28.6,118.2,17.2,14.7,111.9,83.8,Shrubland,Herbivore,Omnivore,Insessorial,21.5,NA,1.27769096,-1.479010795,LC,117,1.38E+12,-90.11734076,16.31933676,Panamanian,5,1.67E-06,0.000741292,13.2653365,-0.716291888,-0.082901047,2,-0.654201571,-0.064056283,5.182183581,0.207573102
Saltator atripennis,Thraupidae,21.5,13.9,9.2,11,24.2,102.5,12.9,12.8,99,55,Forest,Herbivore,Frugivore,Insessorial,NA,NA,9.529988713,-1.867339751,LC,30,3.68E+11,-76.83008983,2.663614869,Neotropical,13,1.72E-05,0.000829416,66.52215437,-0.003245657,0.426576859,3,0.166915006,0.247174334,5.239314059,0.209411868
Saltator aurantiirostris,Thraupidae,21.9,13.9,8.8,12.7,27,100.7,16.4,16,96.4,41.9,Woodland,Omnivore,Granivore,Insessorial,NA,NA,0.32707151,-0.400372159,LC,307,3.36E+12,-63.79372929,-27.15514759,Neotropical,10,0.000173151,0.000829553,48.38930748,-0.11063304,0.41144366,3,0.013751745,0.346231238,6.255560132,0.174712097
Saltator coerulescens,Thraupidae,22.3,13.9,8.8,11,26.8,100.7,14.6,14.5,95.5,54.9,Human Modified,Herbivore,Omnivore,Insessorial,13.8,NA,2.207912397,-1.557211935,LC,1105,1.32E+13,-61.03751634,-7.691275713,Neotropical,16,0.000676656,0.000883274,84.73106178,0.456178026,0.603465539,5,0.56052425,0.508745093,5.928822737,0.188341356
Saltator fuliginosus,Thraupidae,25.8,18.6,10.8,16.3,25.6,105,14.7,14,105.4,44,Forest,Omnivore,Invertivore,Insessorial,NA,NA,0.346956569,-1.028591658,LC,102,1.15E+12,-47.71400301,-23.26069478,Neotropical,2,0,0.000676325,4.925080336,-1.062771869,-0.479160942,3,-1.058758889,-0.432179789,5.120082735,0.246104429
Saltator maximus,Thraupidae,20.7,14.7,8.9,10.4,25.3,96.1,16.1,16.9,88.9,47.6,Shrubland,Herbivore,Frugivore,Insessorial,18.3,NA,2.132791803,-1.749025851,LC,937,1.14E+13,-64.09445171,-2.503728978,Neotropical,63,0.003739458,0.001066608,694.799164,4.950018992,0.787341699,17,5.055632888,-0.870391453,7.342070513,0.146233968
Saltator similis,Thraupidae,20.3,13.2,7.9,11.2,23.9,99.8,15,15.1,94,43.3,Forest,Omnivore,Invertivore,Insessorial,NA,NA,0.372929417,-1.062228756,LC,316,3.61E+12,-51.24649861,-21.60368553,Neotropical,69,0.001696293,0.001002829,747.0197587,4.663091614,0.801530579,20,5.141700942,-1.545159676,2.081197188,0.526969995
Saltator striatipectus,Thraupidae,19.5,13.1,8.6,11.8,27.3,90.8,13.9,15.3,87.4,39,Shrubland,Omnivore,Omnivore,Insessorial,NA,NA,1.972564487,-1.329751917,LC,148,1.80E+12,-74.13506749,2.693676232,Neotropical,20,0.000470044,0.00092577,184.9282703,1.016890405,0.896722048,2,1.25086361,0.413107999,3.775216094,0.28850944
Saltatricula multicolor,Thraupidae,14.8,8.3,4.7,7.1,21.5,70.8,9.3,13.1,77.8,22.2,Shrubland,Omnivore,Omnivore,Generalist,NA,NA,0.278803012,-0.573432735,NA,127,1.40E+12,-61.85078818,-26.63803157,Neotropical,1,0,0.000621942,1.351769284,-1.303161274,-0.82084071,1,-1.342263619,-0.771027684,8.342926863,0.137612109
Sarcops calvus,Sturnidae,29.5,17.8,7.7,9.1,31.1,124.7,26.9,21.4,113.1,142,Forest,Omnivore,Omnivore,Insessorial,28.1,NA,2.4786864,-2.123142567,LC,62,7.47E+11,123.0089298,11.7196145,Oriental,17,2.98E-05,0.000716535,3.412119161,-0.536671627,-0.324506885,1,-0.470325851,-0.352442189,3.777962479,0.273452639
Satrapa icterophrys,Tyrannidae,16.8,10.8,4.2,4,18.8,86.6,19.6,22.6,68.7,21.5,Shrubland,Carnivore,Invertivore,Insessorial,NA,NA,1.14878674,-1.130243366,LC,782,9.08E+12,-54.70481155,-18.92727386,Neotropical,2,2.96E-06,0.00079467,30.80442207,-0.532191557,0.277683813,3,-0.43153369,0.274083052,10.31811477,0.107954318
Saxicola ferreus,Muscicapidae,14.5,8.2,3.9,3.8,20.8,66.3,12.3,18.5,59.4,14.7,Shrubland,Carnivore,Invertivore,Insessorial,14,NA,3.787440391,-0.87428456,LC,438,4.90E+12,100.4452793,24.64612012,Oriental,3,1.07E-05,0.000717198,2.003793431,-0.892932268,-0.226374458,1,-0.860656062,-0.162370973,7.157093249,0.14460721
Saxicola torquatus,Muscicapidae,15.3,7.9,3.5,3.4,21.9,67.3,14,20.8,48.3,14.1,Shrubland,Carnivore,Invertivore,Insessorial,15.1,NA,4.946633159,0.428450043,LC,5993,5.31E+13,102.0506658,54.61836662,Palearctic,4,0,0.000680714,2.926042602,-1.003085119,-0.463871985,2,-0.991630892,-0.42216404,4.842295443,0.216345179
Sayornis phoebe,Tyrannidae,17.4,9.7,5.5,4.1,17.7,83.9,17.4,20.6,70.1,19.7,Forest,Carnivore,Invertivore,Insessorial,12.2,NA,1.752512004,0.423598076,LC,1095,9.62E+12,-97.62766187,47.24105351,Nearctic,3,7.03E-07,0.000704214,2.439455235,-0.941814214,-0.307228219,1,-0.916707763,-0.250578374,4.736210136,0.220120876
Scelorchilus rubecula,Rhinocryptidae,17.7,10.2,3.7,5.1,36.2,70.3,3.8,5.4,65.8,56.7,Forest,Omnivore,Invertivore,Terrestrial,23.1,NA,3.184560865,-0.324384818,LC,55,5.07E+11,-72.46947297,-42.13131872,Neotropical,7,3.92E-06,0.000628823,2.336176045,-1.123198427,-0.816073002,3,-1.141627922,-0.805846264,9.716003743,0.10884961
Schiffornis turdina,Tityridae,17,9.7,4.9,6,22.1,92.1,14.1,15.9,67.7,31.7,Forest,Omnivore,Omnivore,Insessorial,14.2,12.4,2.195777639,-1.81321634,LC,811,9.86E+12,-65.71872926,-1.355099117,Neotropical,3,8.53E-08,0.000714729,4.621378366,-0.895230377,-0.239780986,5,-0.861434214,-0.187438894,12.80992935,0.080845725
Schiffornis virescens,Tityridae,13.9,8.6,3.8,4.5,21.4,80.2,12.5,15.7,64.2,25.6,Forest,Omnivore,Omnivore,Insessorial,17.1,9.8,0.152027453,-1.065449211,LC,188,2.14E+12,-49.25312333,-22.14334456,Neotropical,28,0.000334816,0.000890131,205.1064037,1.127504932,0.647984271,8,1.392598162,0.005428943,12.80992935,0.080845725
Schistochlamys melanopis,Thraupidae,16.8,10.2,6.6,8.4,22.9,83.9,12.4,14.7,79.8,33,Shrubland,Herbivore,Omnivore,Insessorial,NA,9.5,1.153769787,-1.543124367,LC,665,8.01E+12,-56.7986329,-7.086561409,Neotropical,5,5.17E-05,0.000843589,73.73045276,-0.119745278,0.560724039,3,0.036453135,0.421754596,4.004882087,0.266781672
Schistochlamys ruficapillus,Thraupidae,16,10,6.4,9.2,23.5,81,13.5,16.7,71.4,31.2,Shrubland,Herbivore,Omnivore,Insessorial,NA,8.5,0.329003691,-1.175103362,LC,209,2.47E+12,-46.44375277,-15.74060123,Neotropical,25,0.002178419,0.000945109,124.0287167,1.322068541,0.60318208,4,1.238009186,0.677030509,4.004882087,0.266781672
Seiurus aurocapilla,Parulidae,15.1,8.9,3.6,4.1,22.3,73.2,18.3,24.9,50.4,18.8,Forest,Carnivore,Invertivore,Terrestrial,13.4,NA,1.397137708,0.083175296,LC,1321,1.24E+13,-93.54991137,43.43150923,Nearctic,6,3.26E-05,0.000775193,11.98004207,-0.5632427,0.120708856,4,-0.480732208,0.153798796,14.62137364,0.070933777
Seiurus noveboracensis,Parulidae,18.8,9.7,3.5,3.7,23,73.9,21,28,49.9,16.3,Shrubland,Carnivore,Invertivore,Terrestrial,NA,NA,4.65217415,0.278576379,LC,2507,2.19E+13,-103.4926963,49.21392974,Nearctic,1,0,0.000732789,5.493100549,-0.874862311,-0.111378872,1,-0.833114082,-0.043730781,6.091133963,0.17165427
Selenidera maculirostris,Ramphastidae,55,47.8,19.3,22.4,31.8,130.7,19.4,14.8,111.3,164,Forest,Herbivore,Frugivore,Insessorial,NA,23.3,0.233856524,-1.044537061,LC,112,1.27E+12,-47.44176217,-22.76108062,Neotropical,40,0.000766507,0.000919735,202.9573635,1.610638962,0.663342886,7,1.848278367,0.05514884,3.47120653,0.309333199
Selenidera reinwardtii,Ramphastidae,62.2,53.2,19.2,23.4,30.7,126.4,19.7,15.5,104.6,161.8,Forest,Omnivore,Frugivore,Insessorial,NA,26.4,2.478328376,-1.883884629,LC,183,2.24E+12,-70.82908627,-6.066803256,Neotropical,7,8.11E-06,0.000758437,15.17957739,-0.594480572,0.012588282,1,-0.515087936,0.018405179,5.582766334,0.191933344
Semnornis frantzii,Semnornithidae,19,12.6,7.8,10.1,24.6,88.8,12.2,13.7,67.7,57.3,Forest,Herbivore,Frugivore,Insessorial,NA,15.2,0.282076745,-2.169238739,LC,8,97202750491,-82.87687354,9.315596721,Panamanian,31,5.48E-05,0.000790281,24.39210231,0.165107526,0.05233722,1,0.3272306,-0.109257355,16.19280429,0.064043349
Serilophus lunatus,Eurylaimidae,15.8,10.6,9.6,6.7,15.9,82.5,17,20.9,59.5,34,Forest,Carnivore,Invertivore,Insessorial,NA,NA,3.554173441,-1.435241875,LC,185,2.16E+12,99.76079218,20.75057726,Oriental,3,1.34E-06,0.000624525,2.001396879,-1.240995638,-0.817404298,1,-1.272844142,-0.781750835,8.480350884,0.122795099
Serinus canicollis,Fringillidae,11.3,7.3,4.9,6.3,14.8,75.5,22.8,30.2,54.5,15.2,Shrubland,Herbivore,Granivore,Generalist,NA,NA,0.207673458,-0.25247494,LC,108,1.16E+12,25.47823994,-30.31204679,Afrotropical,5,0.000367454,0.000877902,12.96570965,-0.139485155,0.70897267,1,-0.047776875,0.849963583,2.373798338,0.456218029
Serinus citrinelloides,Fringillidae,12.4,8.6,4.9,6.4,14.1,66.4,14.8,22.4,48.2,13,Shrubland,Herbivore,Granivore,Generalist,NA,NA,0.262359426,-0.952594562,LC,74,9.00E+11,37.93785549,9.418430458,Afrotropical,4,6.88E-05,0.000744401,2.48661361,-0.753905882,-0.07177146,5,-0.710085132,0.004931353,1.507303404,0.720037853
Serinus dorsostriatus,Fringillidae,10.7,7.6,5.6,6.9,15.7,73.1,14.5,19.8,51.3,15.1,Shrubland,Herbivore,Granivore,Generalist,NA,NA,0.404939795,-0.851513771,LC,143,1.75E+12,36.55782468,-0.990370473,Afrotropical,1,0,0.000682909,1.416031735,-1.075098634,-0.430635603,1,-1.070853626,-0.363762182,4.195012266,0.266265888
Serinus flaviventris,Fringillidae,11.4,7.6,5.6,7.2,17.7,70.4,16,22.8,53.1,16.2,Shrubland,Herbivore,Omnivore,Insessorial,NA,NA,0.601157689,-0.238054794,LC,241,2.68E+12,21.77169513,-25.8937848,Afrotropical,4,4.71E-05,0.000672508,1.814752394,-1.028864283,-0.527012308,3,-1.032462603,-0.473376425,3.074593415,0.356783483
Serinus gularis,Fringillidae,13.6,9.1,6,7.1,16.6,78.1,18.1,23.3,60.7,16,Shrubland,Herbivore,Omnivore,Insessorial,NA,NA,1.008382954,-0.837820689,LC,394,4.60E+12,28.17875855,-25.25920245,Afrotropical,3,1.39E-05,0.000702568,1.880615234,-0.947432307,-0.320739748,2,-0.926206319,-0.259749793,4.578796201,0.239109685
Serinus mozambicus,Fringillidae,10.3,7,5,5.9,14.4,68.2,15,22,43.4,11.9,Shrubland,Herbivore,Omnivore,Generalist,NA,NA,0.574114762,-1.004895985,LC,1092,1.31E+13,19.92734135,-5.1322234,Afrotropical,9,0.001302836,0.000876416,7.538477623,0.108750303,0.46297153,8,0.035257984,0.806072466,5.566016544,0.192193396
Serinus scotops,Fringillidae,12.9,8.2,5.5,7.1,16,69,14.2,20.6,54.4,14.2,Forest,Herbivore,Omnivore,Insessorial,NA,NA,0.061612869,-0.352104835,LC,51,5.44E+11,27.50472822,-30.26588908,Afrotropical,1,0,0.000626674,1.19674029,-1.286002755,-0.790555274,1,-1.321821741,-0.738893925,4.55622166,0.240547937
Serinus serinus,Fringillidae,9.2,5.8,4.6,5.2,13.9,70.8,20.8,29.3,46.4,11.2,Forest,Herbivore,Granivore,Generalist,NA,NA,0.162738504,0.171673489,LC,844,7.53E+12,14.97321089,44.75664351,Palearctic,6,1.50E-05,0.000773182,5.775564892,-0.595034741,0.111780055,5,-0.51386225,0.160660691,4.934909817,0.238337412
Serinus sulphuratus,Fringillidae,14.6,10.6,7.5,9.7,18.4,77.6,19.7,24.9,58.7,27.9,Shrubland,Herbivore,Granivore,Insessorial,NA,NA,0.497743187,-0.751221896,LC,327,3.83E+12,29.33006708,-19.58393028,Afrotropical,4,5.86E-06,0.000642562,1.701998814,-1.148742861,-0.70938508,4,-1.166092543,-0.673154871,3.099612003,0.357253432
Serpophaga subcristata,Tyrannidae,10.4,5.9,3.1,2.9,16.4,48.1,7,14.5,47.4,6.6,Forest,Carnivore,Invertivore,Insessorial,NA,NA,0.832216866,-0.689208476,LC,522,5.73E+12,-57.07758161,-26.97738132,Neotropical,1,0,0.000842218,37.75594764,-0.356497659,0.589090857,1,-0.22066032,0.582053303,3.348139079,0.312439803
Sialia currucoides,Turdidae,16.4,9.6,3.9,3.9,21.9,114,41,36.6,70,29.6,Grassland,Omnivore,Invertivore,Insessorial,NA,NA,0.64467996,0.61451932,LC,859,7.26E+12,-118.7428146,49.89249419,Nearctic,25,0.000215497,0.000885994,28.11943234,0.414820717,0.667100697,1,0.60126405,0.595836076,8.989984269,0.114533563
Sialia mexicana,Turdidae,15.1,8.6,3.4,3.9,19.8,104.4,39.2,37.2,64.2,26.4,Woodland,Omnivore,Omnivore,Insessorial,NA,NA,0.727367966,0.066665369,LC,340,3.40E+12,-106.1977718,30.64181259,Nearctic,33,0.000459727,0.000893538,32.36583334,0.702591432,0.609145935,1,0.872960864,0.528910327,8.989984269,0.114533563
Sialia sialis,Turdidae,15.4,9.1,4.2,4.5,19.7,95.8,31.4,32.8,62.5,27.5,Woodland,Carnivore,Invertivore,Insessorial,16.2,NA,0.603093699,0.032984769,LC,833,8.12E+12,-90.22558119,39.10027697,Nearctic,1,0,0.000595657,1.184192308,-1.401963092,-0.989075122,1,-1.459825179,-0.946159376,13.90135441,0.073992825
Sicalis flaveola,Thraupidae,11.2,8.3,5.4,7,19.5,69.5,14.5,20.6,53.4,16.9,Shrubland,Herbivore,Granivore,Terrestrial,14.2,NA,0.985534906,-1.068922049,LC,727,8.43E+12,-52.73293079,-20.84786495,Neotropical,6,0.000508877,0.000874701,38.8697064,-0.012556192,0.650280046,2,0.066653058,0.730860613,5.090496462,0.233227302
Sicalis luteola,Thraupidae,9.3,7,4.6,6.2,14.7,67,14.1,21.1,45.4,15.9,Grassland,Herbivore,Granivore,Terrestrial,NA,NA,2.16046206,-0.919892753,LC,787,8.82E+12,-58.24062289,-27.15267507,Neotropical,1,0,0.000621394,1.252996589,-1.305546567,-0.824352393,1,-1.345088731,-0.774371231,4.916553236,0.258182472
Sigelus silens,Muscicapidae,17.2,9.8,4,4.4,23.7,90.2,19.4,21.7,78,25.7,Woodland,Carnivore,Invertivore,Insessorial,NA,NA,0.436633719,-0.260212769,NA,138,1.50E+12,25.86917682,-28.326947,Afrotropical,1,0,0.000682452,1.278726458,-1.07727287,-0.43356216,1,-1.073422236,-0.366368476,7.226344032,0.144567199
Sirystes sibilator,Tyrannidae,22.2,13.8,8.2,6.4,18.8,93.9,18.6,19.8,81.2,32.3,Forest,Carnivore,Invertivore,Insessorial,11.5,NA,1.741926717,-1.596159536,LC,710,8.50E+12,-58.0171055,-10.74588748,Neotropical,3,2.43E-05,0.000837874,63.39865646,-0.231240036,0.543089169,4,-0.08463315,0.443235504,6.944873879,0.151502061
Sitta castanea,Sittidae,19.7,13,4.3,4.2,18.6,80.6,20.2,25.1,43.6,19.6,Forest,Carnivore,Invertivore,Insessorial,NA,NA,3.537665019,-1.174569966,LC,263,2.99E+12,88.89957483,23.16613608,Oriental,1,0,0.000679366,1.573203515,-1.087807471,-0.453312988,1,-1.086000202,-0.387958169,6.129949667,0.212529909
Sitta europaea,Sittidae,20.9,13.6,4.8,4.6,20.2,85.4,20.3,23.8,46.8,20.4,Forest,Carnivore,Invertivore,Insessorial,NA,NA,3.533000603,0.927228328,LC,3868,2.85E+13,87.33143588,55.84862277,Palearctic,10,0.000320145,0.000890017,17.60210466,0.037970227,0.765203468,32,0.162676663,0.851110651,10.21966698,0.115856145
Sittasomus griseicapillus,Furnariidae,16.1,10.9,4,3.7,17.2,76.7,16.9,22,76.5,13.1,Forest,Carnivore,Invertivore,Insessorial,10.9,NA,1.822760415,-1.472541251,LC,1198,1.43E+13,-57.23172221,-11.59316295,Neotropical,2,2.66E-07,0.000656323,4.053470541,-1.140430847,-0.607243346,3,-1.151119218,-0.563013354,9.99331644,0.103404362
Spermophaga ruficapilla,Estrildidae,16,11.3,8.6,10.6,21.7,69.3,6.7,9.7,57,23.6,Forest,Herbivore,Granivore,Insessorial,NA,NA,0.262481437,-1.202156196,LC,91,1.12E+12,29.42391566,0.329210012,Afrotropical,1,0,0.000618788,1.100129516,-1.315804096,-0.841031998,1,-1.357275175,-0.79128832,4.360000014,0.281201178
Sphyrapicus ruber,Picidae,25.8,21.5,8,7.1,21.6,126.6,38.4,30.4,80.8,54.8,Woodland,Carnivore,Invertivore,Insessorial,NA,NA,3.692422353,0.064881267,LC,232,1.86E+12,-127.4720363,51.23453874,Nearctic,1,0,0.000683503,1.770280935,-1.071676137,-0.426830585,1,-1.06682941,-0.360949228,2.866120957,0.364280485
Sphyrapicus thyroideus,Picidae,25.2,19.7,6.4,6.4,20.5,135.5,44.3,32.2,89.8,47.6,Forest,Omnivore,Invertivore,Insessorial,NA,NA,0.316195295,0.160787152,LC,227,2.26E+12,-109.073655,35.9146055,Nearctic,2,2.61E-07,0.000684875,2.159529917,-1.040150899,-0.424508085,1,-1.031512674,-0.365986951,10.09557656,0.103139656
Sphyrapicus varius,Picidae,24.8,19.2,6.7,6.3,20.5,124.8,42.2,33.9,74,50.3,Woodland,Omnivore,Omnivore,Insessorial,NA,NA,3.022475673,0.261040748,LC,1439,1.29E+13,-98.16993362,47.17329188,Nearctic,8,2.59E-06,0.000740332,4.318516769,-0.674956407,-0.108472877,1,-0.610245635,-0.079983149,5.560395488,0.187700457
Spindalis portoricensis,Spindalidae,15.5,8.3,5.6,6.4,19.6,83.6,18.3,21.9,60,32.1,Shrubland,Herbivore,Frugivore,Insessorial,NA,NA,0.086861488,-1.411304698,LC,6,70253812344,-66.5,18.19097756,Panamanian,39,0.000417889,0.000879707,82.20342522,0.962401544,0.491811612,5,1.171894365,0.195775322,6.43687452,0.17603879
Spizixos semitorques,Pycnonotidae,14.2,8.1,6.7,7.7,19.1,89.8,13.6,14.8,91.9,39,Shrubland,Omnivore,Omnivore,Insessorial,NA,8.5,1.745761493,-0.415854775,LC,253,2.75E+12,111.2602985,28.43492428,Sino-Japanese,1,0,0.000551717,1.050641839,-1.566626735,-1.270301448,1,-1.655774035,-1.239395597,10.99187612,0.09911143
Sporophila caerulescens,Thraupidae,10.3,6.8,5.1,6.4,14.5,55.8,10.6,18.7,46.5,9.7,Shrubland,Herbivore,Granivore,Generalist,NA,NA,1.779575003,-1.114938732,LC,781,8.95E+12,-57.94883046,-20.31123355,Neotropical,4,5.84E-05,0.000869421,88.61397132,0.003459129,0.730988515,3,0.18165415,0.558618745,1.530408622,0.72829819
Sporophila corvina,Thraupidae,10.7,7,5.3,7.2,17.5,52.9,9.6,17.8,42.8,10.6,Human Modified,Herbivore,Granivore,Insessorial,11.3,NA,6.106317817,-1.908209507,LC,90,1.09E+12,-83.89562229,9.788641206,Panamanian,1,0,0.000776268,11.3361356,-0.692558154,0.166916426,1,-0.616959606,0.227741095,1.999430943,0.540502412
Sporophila leucoptera,Thraupidae,12.1,8.2,6.7,8.8,15.8,55.8,7.6,13.6,49.5,15.5,Shrubland,Herbivore,Granivore,Insessorial,NA,NA,0.393424312,-1.179290086,LC,397,4.68E+12,-48.6329939,-16.63198467,Neotropical,2,1.08E-06,0.00078724,29.04181733,-0.566279447,0.230552196,1,-0.471447146,0.230197052,3.376909487,0.392651777
Sporophila luctuosa,Thraupidae,9.4,6.1,5.5,6.9,17.3,56.1,13,22.7,44.1,12.5,Shrubland,Herbivore,Granivore,Insessorial,NA,NA,6.452392624,-1.600970424,LC,151,1.84E+12,-74.45867703,-7.717650831,Neotropical,1,0,0.000638538,2.280521646,-1.237988825,-0.714618086,1,-1.264829712,-0.663146011,2.81341853,0.408423338
Sporophila nigricollis,Thraupidae,9.1,6,5,6.5,13.8,52.4,7.9,14.7,43,9.6,Shrubland,Herbivore,Granivore,Insessorial,NA,NA,1.939623273,-1.504686449,LC,752,9.06E+12,-47.1061199,-13.02015947,Neotropical,7,0.000111568,0.00087525,90.19707409,0.115494577,0.737110919,4,0.296848681,0.553604964,1.567280955,0.705529423
Stachyris ruficeps,Timaliidae,15,8.9,2.6,3.3,19.6,55,5.4,9.8,47,10.3,Shrubland,Carnivore,Invertivore,Insessorial,NA,NA,3.466362239,-0.600716463,NA,275,3.03E+12,105.5813125,26.89487769,Sino-Japanese,4,4.34E-06,0.000558118,1.190920632,-1.466337633,-1.249508134,1,-1.543661327,-1.235867485,1.924278448,0.576498392
Stactolaema leucotis,Lybiidae,23.3,14.3,8.8,10.5,21.5,90.9,18.1,19.9,52.3,54.9,Forest,Omnivore,Frugivore,Insessorial,NA,14.6,0.369104585,-0.92857579,LC,132,1.55E+12,34.89186328,-20.19487585,Afrotropical,10,1.70E-05,0.000718113,2.596528339,-0.711128368,-0.266726237,1,-0.660384134,-0.248715137,6.959207237,0.15670181
Stephanophorus diadematus,Thraupidae,14.1,8.7,6.4,7.5,23.2,98.2,20.4,20.8,81.2,35.4,Forest,Herbivore,Frugivore,Insessorial,NA,9.9,0.74709364,-0.818913515,LC,134,1.45E+12,-53.42585658,-28.78147904,Neotropical,26,0.000476628,0.00089891,187.0165079,1.074989966,0.684941107,6,1.30573362,0.149166958,8.15491827,0.144656895
Stigmatopelia chinensis,Columbidae,19,9.1,2.9,3.3,22,137,43.2,31.7,127.1,159,Woodland,Herbivore,Granivore,Terrestrial,NA,NA,5.382153395,-1.133611841,LC;LC,1462,1.66E+13,104.6075336,16.76644896,Oriental,19,0.003519404,0.000936445,17.24825138,1.024079097,0.283495067,6,0.617086799,1.04619665,12.28535429,0.083170383
Stigmatopelia senegalensis,Columbidae,17.8,8.2,2.7,3,18.9,132.2,45.1,34.2,108.5,82.1,Woodland,Herbivore,Granivore,Terrestrial,NA,NA,1.834162719,-0.551201817,LC,2744,3.12E+13,39.75504317,11.55575713,Afrotropical,3,0.000562027,0.000826353,5.353122099,-0.372217756,0.347955648,2,-0.362117212,0.556212071,12.28535429,0.083170383
Streptopelia capicola,Columbidae,21.1,9.8,3.2,3.6,22.4,151.1,49.1,32.6,107.2,142,Shrubland,Herbivore,Granivore,Terrestrial,NA,NA,0.426539578,-0.712859457,LC,935,1.10E+13,28.95297141,-12.67133427,Afrotropical,8,0.001141839,0.000895046,6.22173329,0.119263928,0.624904643,5,0.08528929,0.947832126,8.14707769,0.127317144
Streptopelia decaocto,Columbidae,20.9,9.6,3.9,3.9,20.8,173.7,60.9,35.4,134.2,149,Human Modified,Herbivore,Omnivore,Terrestrial,NA,NA,1.45512377,0.089090273,LC,2664,2.47E+13,47.92689857,44.05901341,Palearctic,4,0.000995482,0.000903161,13.21692722,0.046264714,0.7354533,3,0.037850713,1.030898848,3.78335321,0.275564903
Streptopelia hypopyrrha,Columbidae,20,10.1,3.6,3.8,21.5,173,61.5,35.6,113.8,162,Forest,Herbivore,Granivore,Terrestrial,NA,NA,0.19346093,-1.266408444,LC,33,4.02E+11,10.95019266,8.277013141,Afrotropical,1,0,0.000694796,1.397978074,-1.030735688,-0.354555204,1,-1.018054495,-0.284255238,3.293332785,0.317792545
Streptopelia orientalis,Columbidae,21.9,8.3,3.1,4,25.5,176.5,57.2,32.8,127.2,232.9,Woodland,Herbivore,Omnivore,Terrestrial,NA,NA,3.643048053,0.634227961,LC,3088,2.76E+13,102.1912301,45.89931444,Palearctic,4,0.000419997,0.000859614,21.14925464,-0.195445019,0.586501434,2,-0.124917203,0.713882609,5.530307218,0.186185817
Streptopelia semitorquata,Columbidae,22.7,10.8,3.6,4.3,23.5,173.1,63,36.6,120.2,176,Shrubland,Herbivore,Granivore,Terrestrial,NA,NA,0.617111248,-0.991379915,LC,1352,1.62E+13,21.45645838,-4.491217519,Afrotropical,11,0.001257724,0.000845121,4.030089901,0.021662279,0.260039106,6,-0.062207107,0.582531884,9.34192827,0.110309576
Streptopelia vinacea,Columbidae,16.5,8.8,2.8,3.3,20.2,136.4,47.2,34.6,97,110,Shrubland,Herbivore,Granivore,Terrestrial,NA,NA,0.410863332,-1.065469349,LC,615,7.43E+12,12.82403612,10.60588165,Afrotropical,2,1.25E-06,0.000696167,1.536547751,-0.999878478,-0.352456521,1,-0.983714819,-0.288472501,8.334334368,0.122351809
Sturnus contra,Sturnidae,32.8,21.9,6.4,7,33,112.2,25.9,22.6,66.6,84,Shrubland,Omnivore,Omnivore,Generalist,NA,NA,3.296674175,-1.275983408,LC,496,5.67E+12,87.94620668,22.49035427,Oriental,8,0.002377334,0.00092993,30.06326254,0.557754252,0.569695238,1,0.333366927,1.102948999,5.408235734,0.188852634
Sturnus malabaricus,Sturnidae,22.4,13.7,5.4,5.3,23.4,100.7,30.5,30.5,62.9,39.6,Woodland,Herbivore,Omnivore,Insessorial,NA,NA,3.946207901,-1.159786641,LC,567,6.51E+12,90.76061237,21.01577445,Oriental,21,0.003346171,0.000938045,39.59136982,1.124022833,0.320058123,7,0.766688062,0.957902158,1.937853553,0.532968845
Sturnus nigricollis,Sturnidae,32.4,20.1,6,7.9,41.7,158.1,41.3,26.2,95.4,156.9,Grassland,Carnivore,Invertivore,Insessorial,NA,NA,3.185365293,-1.119563951,LC,313,3.60E+12,104.8868572,20.80293168,Oriental,1,0,0.000684852,1.298932547,-1.068234085,-0.418199705,1,-1.062667908,-0.350392254,5.408235734,0.188852634
Sturnus pagodarum,Sturnidae,19.9,12.3,4.7,5.1,27.1,99.8,27.2,27.3,62.5,48.9,Forest,Herbivore,Omnivore,Insessorial,NA,NA,2.519062365,-0.791967988,LC,413,4.67E+12,77.34799624,23.52268299,Oriental,10,5.30E-05,0.000743373,4.439218487,-0.603852122,-0.113171035,1,-0.540854286,-0.085919468,2.939176851,0.349970422
Sturnus roseus,Sturnidae,23,14.5,5.2,6.3,30.1,128.9,47.5,36.8,71,73,Grassland,Omnivore,Omnivore,Insessorial,NA,NA,2.174134433,0.387038197,LC,981,9.21E+12,59.70304639,44.6456247,Palearctic,3,2.40E-05,0.0007348,2.159490454,-0.824164186,-0.116729112,1,-0.781761684,-0.04523662,9.156491187,0.111386557
Sturnus sinensis,Sturnidae,20.4,12.9,5.1,5.1,25.6,101.8,32.6,32.3,57.5,61,Grassland,Carnivore,Invertivore,Generalist,NA,NA,1.598188412,-1.175198131,LC,218,2.53E+12,108.4734766,19.69187064,Oriental,1,0,0.000680051,1.572183451,-1.085247997,-0.448923734,1,-1.082954014,-0.3833713,3.993983626,0.258412372
Sturnus unicolor,Sturnidae,29.1,16.1,6.4,6.6,29.4,128.2,46.3,35.9,62.1,83.7,Forest,Omnivore,Omnivore,Generalist,24.2,NA,0.255633937,-0.002494132,LC,159,1.55E+12,-4.654235552,38.3174829,Palearctic,4,6.35E-06,0.000714775,3.630602602,-0.872234837,-0.247302635,1,-0.837393317,-0.196821363,5.633037425,0.181427603
Sturnus vulgaris,Sturnidae,30.2,18.5,6.6,6.5,29,128.3,49.2,38.4,65.8,77.1,Human Modified,Omnivore,Omnivore,Insessorial,22.6,NA,1.9451504,0.468603155,LC,5683,4.78E+13,42.17346192,51.50031444,Palearctic,81,0.014849728,0.000999401,71.80151788,5.080555149,-2.264544383,18,2.827075134,0.486705699,5.633037425,0.181427603
Suiriri suiriri,Tyrannidae,14.3,7.6,4.4,4.5,18.9,74.4,14.3,19.2,66,14.5,Woodland,Carnivore,Invertivore,Insessorial,NA,NA,0.547211635,-0.62639194,LC,255,2.78E+12,-61.36523164,-27.93889099,Neotropical,1,0,0.00080075,11.00666181,-0.602178728,0.323611966,1,-0.509352949,0.39245147,10.64215984,0.098773783
Sylvia atricapilla,Sylviidae,15.2,7.2,3.2,3.4,20.8,75.9,20.5,27,62.2,16.7,Woodland,Omnivore,Omnivore,Insessorial,13.6,NA,2.422965045,0.060701022,LC,2998,2.78E+13,24.45212678,47.01415534,Palearctic,151,0.026024102,0.00105575,98.24001883,9.188565864,-4.870973415,85,5.119692666,-0.128368169,13.44927879,0.077912271
Sylvia borin,Sylviidae,15.1,7.2,3.5,3.6,20.1,78.7,23.6,30,57.9,18.2,Woodland,Omnivore,Omnivore,Insessorial,14,NA,3.611041333,-0.056587484,LC,5398,5.33E+13,31.71388488,38.25376116,Palearctic,73,0.014201825,0.000997229,51.5287775,4.684256965,-2.081243791,63,2.516806165,0.641989104,11.31433395,0.09334886
Sylvia cantillans,Sylviidae,12.4,6.1,2.4,3.3,17.8,61,13.7,22.3,52.3,9.6,Shrubland,Omnivore,Invertivore,Insessorial,NA,NA,2.06554804,-0.200031319,LC,1329,1.45E+13,8.601853106,28.17297781,Saharo-Arabian,15,0.000190631,0.000879273,24.54265024,0.122686238,0.693665281,8,0.280438869,0.691932021,5.866089194,0.177876271
Sylvia communis,Sylviidae,13.6,7,2.8,3.3,21.3,72.6,17.6,24.2,63.3,15.1,Shrubland,Omnivore,Invertivore,Insessorial,NA,NA,2.775073182,0.109119147,LC,4104,3.90E+13,34.27128973,41.75436832,Palearctic,32,0.007599907,0.000969797,37.30150137,2.292757686,-0.50611525,15,1.203677293,1.035375499,6.494688687,0.162291638
Sylvia conspicillata,Sylviidae,11.7,6,2.4,2.4,17.9,55.4,10.8,19.4,51.1,9,Shrubland,Carnivore,Invertivore,Insessorial,NA,NA,1.101325478,-0.017227379,LC,536,5.61E+12,2.983940399,33.23722056,Saharo-Arabian,2,3.04E-05,0.000805871,7.713467043,-0.563578067,0.343114035,3,-0.471714872,0.424522817,6.369290877,0.168200719
Sylvia curruca,Sylviidae,12.4,6.3,2.8,3.1,19.1,65.1,14.4,22,56.9,11.4,Shrubland,Omnivore,Invertivore,Insessorial,NA,NA,1.644196999,0.536325063,LC,4489,3.84E+13,57.62845771,49.70168558,Palearctic,18,0.000382175,0.000888874,20.59893554,0.255523248,0.692725215,5,0.390867685,0.730216628,7.728612353,0.137510005
Sylvia hortensis,Sylviidae,17.1,9.9,3.6,4.2,24.6,79,18.4,23.2,68.8,21.9,Woodland,Carnivore,Invertivore,Insessorial,NA,NA,2.272016743,-0.235298685,LC,2010,2.19E+13,28.60574278,28.02846024,Saharo-Arabian,7,0.000203412,0.000888737,26.26242348,-0.034013873,0.80254711,2,0.10764018,0.853002354,5.170766835,0.207236543
Sylvia melanocephala,Sylviidae,13.7,7.3,2.9,3,20.4,58.7,10.5,18,61.3,11.7,Shrubland,Omnivore,Invertivore,Insessorial,NA,NA,1.671567177,-0.062708198,LC,748,7.74E+12,12.00764334,34.65004867,Saharo-Arabian,37,0.000384117,0.000898361,37.98992197,0.82590625,0.631485749,16,1.027131433,0.491017316,4.234389689,0.248597345
Sylvia undata,Sylviidae,13.1,6.2,2.5,2.5,18.6,53.5,7.5,14.1,63.1,10.8,Shrubland,Carnivore,Invertivore,Insessorial,NA,NA,0.237084998,0.012753205,NT,272,2.60E+12,0.60967253,39.71098091,Palearctic,7,2.57E-05,0.000808157,10.27868032,-0.422043834,0.326820483,5,-0.313053088,0.366751483,3.4719498,0.308678524
Sylvietta brachyura,Macrosphenidae,12.2,7.4,2.4,2.7,15.9,51.5,6.2,12.1,21.5,8.1,Woodland,Carnivore,Invertivore,Insessorial,8.8,NA,0.443218268,-1.045219292,LC,760,9.21E+12,19.19206991,8.92666312,Afrotropical,3,7.58E-06,0.000696968,1.616928373,-0.970419604,-0.355161349,1,-0.952143746,-0.296318923,10.91579488,0.110537069
Synallaxis albescens,Furnariidae,13,8.1,3.1,3.7,19.2,54.4,7.4,13.8,76.7,11.2,Grassland,Carnivore,Invertivore,Insessorial,15.6,NA,2.135332465,-1.303690153,LC,1002,1.18E+13,-56.8066262,-12.26276832,Neotropical,1,0,0.000755694,8.716212001,-0.778330517,0.035231361,1,-0.718676058,0.098810058,1.472853039,0.779302886
Syndactyla rufosuperciliata,Furnariidae,19.8,12.4,3.9,5.8,22.9,76.1,11.4,15,78.2,25.6,Forest,Carnivore,Invertivore,Insessorial,17.8,NA,1.340492764,-0.839641308,LC,235,2.62E+12,-53.31767898,-28.23710378,Neotropical,2,2.53E-06,0.000801185,33.83165885,-0.497657923,0.31948811,2,-0.390758021,0.307718608,1.978211989,0.647350286
Tachyphonus coronatus,Thraupidae,18.5,12.1,6.3,7.4,21.5,83.9,14.5,17.3,76.8,29.3,Forest,Omnivore,Invertivore,Insessorial,NA,NA,0.14720439,-1.067621808,LC,151,1.71E+12,-50.17435153,-23.23710584,Neotropical,93,0.005926414,0.001083067,893.4120015,6.838283933,0.208241201,24,6.7339382,-1.798359514,5.18838644,0.202874472
Tachyphonus cristatus,Thraupidae,15.9,11.1,5.6,6.9,18.2,76.2,14.2,19.2,70.4,18.8,Forest,Omnivore,Omnivore,Insessorial,NA,8.6,2.09226178,-1.820582512,NA,609,7.40E+12,-60.81485599,-3.318859984,Neotropical,12,0.000819061,0.000894681,129.437314,0.576481023,0.670087062,7,0.674711056,0.490386519,6.373481141,0.166082942
Tachyphonus luctuosus,Thraupidae,14,9.9,4.9,5.5,17.3,62.1,10.8,17.6,54,13,Forest,Carnivore,Invertivore,Insessorial,NA,NA,1.84430162,-1.806147472,NA,714,8.70E+12,-63.17343227,-3.894765265,Neotropical,7,0.000236269,0.000839474,67.55415748,-0.072049922,0.479960493,5,0.049477608,0.388606508,6.014125591,0.175806461
Tachyphonus rufus,Thraupidae,18.7,13.4,6.1,7.6,22.1,83,13.4,16.2,77.2,34.4,Shrubland,Omnivore,Invertivore,Insessorial,16.8,NA,1.540597667,-1.406055345,LC,607,7.28E+12,-53.17815524,-8.965281048,Neotropical,61,0.002129533,0.001010716,453.920663,3.578086192,0.804695953,10,3.812785393,-0.429705356,5.18838644,0.202874472
Tachyphonus surinamus,Thraupidae,16.4,11.9,5.3,5.5,18,79.9,16.3,20.2,70.1,19,Forest,Omnivore,Omnivore,Insessorial,NA,NA,1.555359045,-2.013930419,LC,443,5.43E+12,-63.57550438,-1.376072627,Neotropical,21,0.000204173,0.000825987,33.48683684,0.10655654,0.311202181,4,0.244498025,0.228933137,8.47084536,0.13351508
Tangara argyrofenges,Thraupidae,11.6,6.2,4.6,4.6,15.7,71.5,17.3,24.1,47.2,19,Forest,Omnivore,Omnivore,Insessorial,NA,7.4,0.433580376,-0.862809408,VU,15,1.78E+11,-65.76217906,-17.41616314,Neotropical,1,0,0.000711072,3.728241202,-0.962006634,-0.250376962,2,-0.936581396,-0.183099613,1.619638873,0.641878153
Tangara arthus,Thraupidae,12.5,7.3,4.6,5,18.3,80,17.4,23,59,22,Forest,Herbivore,Frugivore,Insessorial,NA,6.4,3.982542572,-1.432859791,LC,108,1.31E+12,-74.01663778,-2.13090246,Neotropical,45,0.000403364,0.00091914,261.8730898,1.866561751,0.709583464,10,2.21376418,-0.206305481,3.940360096,0.269585381
Tangara callophrys,Thraupidae,15.4,9.3,3.9,4.4,16.9,77,19.8,25.3,53.1,22.9,Forest,Herbivore,Frugivore,Insessorial,15.7,7,3.470472844,-1.936938418,LC,150,1.83E+12,-72.56694387,-5.60353,Neotropical,4,3.42E-06,0.000763923,18.91580781,-0.637265011,0.067966062,1,-0.55922186,0.081637319,3.04055497,0.350672021
Tangara cayana,Thraupidae,13,7.9,5,6,16.8,71.6,13,17.5,52,18,Forest,Herbivore,Frugivore,Insessorial,NA,8.3,1.146837051,-1.409963368,LC,587,7.04E+12,-47.56551034,-14.46577332,Neotropical,102,0.010137294,0.001109698,974.3938549,8.21231707,-0.628012543,29,7.417318603,-2.001792091,1.978854714,0.541620706
Tangara chilensis,Thraupidae,13,7,4.2,4.7,17.7,76.7,16.7,21.9,56.1,19.8,Forest,Herbivore,Frugivore,Insessorial,9.4,7.3,2.06210399,-1.866812566,LC,453,5.53E+12,-65.05579306,-4.174441475,Neotropical,35,0.000544036,0.000936514,216.0316126,1.551599754,0.852917949,7,1.835368312,0.189155202,4.544303572,0.234406068
Tangara chrysotis,Thraupidae,15.4,8,4.6,5.5,17.2,75.6,19.5,25.8,47.3,24,Forest,Herbivore,Frugivore,Insessorial,NA,7.5,3.200177105,-1.286557312,LC,37,4.49E+11,-77.33624153,-4.944524804,Neotropical,14,1.13E-05,0.000796384,72.32164085,-0.083087888,0.210117648,3,0.07030244,-0.005511231,5.319003354,0.201654645
Tangara cyanicollis,Thraupidae,12.3,7.6,4.5,4.9,17.4,66.1,14.7,21.9,46.5,17,Forest,Herbivore,Frugivore,Insessorial,NA,6.7,1.706663792,-1.506376477,LC,195,2.36E+12,-74.26653131,-1.88063765,Neotropical,48,0.00073062,0.000932856,258.2907946,2.04096686,0.704383367,10,2.343902663,-0.141702599,3.20925707,0.328037539
Tangara cyanocephala,Thraupidae,10.9,8,4,4.9,16.4,61.5,13.6,21.3,44.7,18,Forest,Herbivore,Frugivore,Insessorial,11.7,7.3,0.468128627,-1.057519612,LC,77,8.74E+11,-47.78816362,-24.10092106,Neotropical,47,0.000559503,0.000965797,422.9791535,2.666035965,0.960653662,6,3.104610906,-0.447625607,3.423173726,0.307826176
Tangara cyanoptera,Thraupidae,17.9,10,6.4,7.8,20.8,96.1,24,25,66.5,43.3,Forest,Herbivore,Frugivore,Insessorial,NA,7.4,2.133286064,-1.706854221,NT,48,5.85E+11,-64.36294455,4.690129,Neotropical,18,6.70E-05,0.000865763,159.6373341,0.582664681,0.616255614,1,0.830000534,0.120686554,4.915894151,0.215746389
Tangara cyanoventris,Thraupidae,12,7.7,4,4.7,18.1,67,12.7,19.1,48.4,16.5,Forest,Herbivore,Frugivore,Insessorial,NA,6.8,0.135362442,-0.999081604,LC,63,7.34E+11,-42.99756072,-18.86196968,Neotropical,6,4.46E-05,0.00083696,67.7619593,-0.141029344,0.513473729,1,0.011404362,0.3840509,2.514948383,0.418030759
Tangara desmaresti,Thraupidae,12.6,7.9,4.3,4.7,18.9,71,14.2,20,52.8,20.4,Forest,Herbivore,Frugivore,Insessorial,12.6,7.3,0.170760805,-1.034521808,LC,31,3.54E+11,-45.13732506,-22.11836463,Neotropical,25,0.001030896,0.000943966,280.5743157,1.637565358,0.855016198,7,1.843085917,0.15702607,2.488022768,0.428146829
Tangara dowii,Thraupidae,11.6,6.4,4.4,5.2,19.3,72,14.9,21.1,45.4,15,Forest,Omnivore,Omnivore,Insessorial,NA,7.4,0.282076745,-2.169238739,LC,8,97202750491,-82.87687354,9.315596721,Panamanian,13,1.63E-06,0.000726616,11.93703034,-0.575400002,-0.228011141,1,-0.50305832,-0.261242696,3.823803958,0.277747982
Tangara guttata,Thraupidae,13.9,7.8,4.1,4.9,18.6,67.2,14.9,22.1,48.1,18.4,Forest,Herbivore,Frugivore,Insessorial,NA,6.8,2.17361238,-1.869233448,LC,88,1.08E+12,-64.61677882,4.517937998,Neotropical,15,0.000247352,0.000920078,143.1014691,0.68765756,0.942371542,2,0.924024657,0.576615505,4.062084388,0.26237404
Tangara gyrola,Thraupidae,12.7,7.2,4.8,5.2,18.6,73.5,15.2,21.1,51.4,21,Forest,Herbivore,Frugivore,Insessorial,11.9,7.4,2.614101769,-1.845000889,LC,483,5.90E+12,-60.27592187,-1.760541455,Neotropical,68,0.001464641,0.00100683,410.3742083,3.46880399,0.884813187,10,3.819666958,-0.403669067,4.475367092,0.237714758
Tangara heinei,Thraupidae,10.7,6.6,4.5,4.6,17.6,74,18.6,25.1,48.3,20.2,Human Modified,Herbivore,Frugivore,Insessorial,13.3,7.5,5.619905636,-1.627378022,LC,43,5.26E+11,-76.1788297,2.974381123,Neotropical,20,0.000213808,0.000906796,153.7154326,0.793001712,0.832966811,4,1.044818965,0.388454917,1.619638873,0.641878153
Tangara icterocephala,Thraupidae,12.6,8.3,5.1,5.2,16.4,70.5,15.5,21.9,45,22,Forest,Herbivore,Frugivore,Insessorial,12.2,7.3,7.981649942,-2.01791764,LC,36,4.40E+11,-78.39350316,0.744972362,Neotropical,6,5.02E-05,0.000805185,24.50457469,-0.405439326,0.30872258,2,-0.298522123,0.313259735,3.052207656,0.349082412
Tangara inornata,Thraupidae,12.6,7.5,4.6,5.2,16.9,71.8,16.2,24.1,48.3,18,Forest,Omnivore,Frugivore,Insessorial,12.4,6.7,8.303482282,-2.327269235,LC,37,4.51E+11,-77.64293683,7.59174762,Panamanian,4,8.51E-08,0.000805208,9.923607068,-0.514082419,0.332924908,1,-0.410650501,0.386996817,4.612177142,0.232803368
Tangara labradorides,Thraupidae,11.6,7,4.6,5.1,16.6,65,13.5,21.5,47.8,15,Forest,Omnivore,Frugivore,Insessorial,NA,NA,6.815751717,-1.646165455,LC,31,3.80E+11,-75.93341616,3.607297981,Neotropical,26,0.000308152,0.000895824,155.2830032,0.924854162,0.703083138,5,1.168321713,0.232403105,7.005035148,0.164122474
Tangara larvata,Thraupidae,11.8,7.7,4.6,5.1,18.2,69.3,14,21.4,46.1,20,Forest,Omnivore,Frugivore,Insessorial,11.3,6.6,5.833402218,-1.98834803,LC,90,1.09E+12,-83.12782213,10.55401252,Panamanian,6,0.000307974,0.000885674,65.27679585,0.081042551,0.765876073,2,0.218381328,0.717768129,3.421100816,0.314121846
Tangara mexicana,Thraupidae,13,7.3,4.3,5,16.4,70.2,16.2,23.2,49.6,20.5,Forest,Omnivore,Omnivore,Insessorial,9.3,8.1,1.939680011,-1.8094694,LC,668,8.13E+12,-62.31336008,-4.663071253,Neotropical,32,0.001076279,0.000982713,328.1862474,2.12739554,1.048123063,4,2.394889676,0.169648714,4.706477965,0.226146552
Tangara nigrocincta,Thraupidae,12.3,6.7,4.7,4.7,15.3,68.3,14.6,21.3,47.5,17,Forest,Herbivore,Frugivore,Insessorial,13.6,7.5,2.426423137,-1.836954217,LC,353,4.30E+12,-66.42325863,-5.304687755,Neotropical,7,4.23E-07,0.000774782,38.40466351,-0.45605307,0.118997068,2,-0.351869063,0.051631538,3.885854117,0.278925607
Tangara nigroviridis,Thraupidae,12,6.1,4.3,4.4,16.3,69.5,16.9,24.6,49.4,17,Forest,Herbivore,Frugivore,Insessorial,NA,NA,4.204963608,-1.361114169,LC,97,1.18E+12,-73.73682158,-3.353207346,Neotropical,58,0.001857507,0.000992428,291.7526716,2.834681667,0.767716747,14,3.016275478,0.017626558,4.940006365,0.212713845
Tangara parzudakii,Thraupidae,16.3,8.1,5,6.1,17.5,86.1,20.7,24.1,57.9,28,Forest,Herbivore,Frugivore,Insessorial,NA,8.4,7.233379365,-1.421928564,LC,49,5.99E+11,-76.67352782,-3.65883826,Neotropical,17,9.82E-05,0.0008069,44.28717178,-0.047766692,0.238541602,3,0.090900753,0.117732477,4.152537862,0.268022502
Tangara preciosa,Thraupidae,14.8,8,4.8,5.1,19.9,77.8,16.4,21.1,56.2,22.8,Forest,Omnivore,Frugivore,Insessorial,NA,7.4,0.674228066,-0.843263759,LC,131,1.42E+12,-53.97779738,-28.71331031,Neotropical,19,0.000169399,0.000853647,107.242189,0.403579047,0.509079287,3,0.599595502,0.19826652,5.050553192,0.20884052
Tangara punctata,Thraupidae,12.3,6.8,4.1,4.4,17.1,61.9,12.4,20,45.7,15,Forest,Herbivore,Frugivore,Insessorial,10.6,6.4,1.373852248,-1.914520708,LC,272,3.33E+12,-56.89979302,0.023655802,Neotropical,25,8.05E-05,0.000842675,109.0080753,0.502399426,0.420503969,6,0.723871216,0.041565631,3.421905764,0.312109525
Tangara ruficervix,Thraupidae,13.7,7.6,4.1,4.4,16.5,74.1,17.7,24,46.9,19,Forest,Herbivore,Frugivore,Insessorial,NA,7,4.752026189,-1.343058348,LC,70,8.51E+11,-74.7372942,-5.11095123,Neotropical,22,0.000435392,0.000913654,157.988909,0.923946847,0.814118424,4,1.147375629,0.394441777,6.88203244,0.155151822
Tangara schrankii,Thraupidae,13.9,7.7,4.5,5,17.5,68.1,16.4,24.1,40.8,19,Forest,Herbivore,Frugivore,Insessorial,10,8.2,2.767985942,-1.961068395,LC,279,3.41E+12,-68.38691366,-5.401445795,Neotropical,37,0.000230437,0.000866106,148.4450488,1.051655476,0.460002138,6,1.314187779,-0.086075001,4.110039089,0.26174306
Tangara seledon,Thraupidae,11.8,7.7,5.1,5.2,15.9,64.2,14.4,22.4,47.5,18.7,Forest,Herbivore,Frugivore,Insessorial,12.1,7,0.468108841,-1.071265648,LC,95,1.08E+12,-47.22511846,-22.97155544,Neotropical,41,0.000482544,0.000941337,426.0946783,2.420844144,0.859852745,7,2.841769464,-0.543717035,2.936196787,0.36176852
Tangara vassorii,Thraupidae,12.1,5.9,4.8,4.6,17.1,74.3,17.2,22.8,53.2,18,Forest,Herbivore,Frugivore,Insessorial,NA,7.1,3.8699279,-1.20166946,LC,81,9.83E+11,-74.0269349,-4.63128129,Neotropical,41,0.000649002,0.00085079,70.7356297,0.908019918,0.24179781,16,1.053980168,0.014175019,6.32182987,0.169186759
Tangara velia,Thraupidae,14.6,8,3.8,4.6,16.5,72.9,16.9,23.2,51.4,21,Forest,Herbivore,Frugivore,Insessorial,14.5,7.9,2.130921032,-1.909808167,LC,505,6.16E+12,-64.53808964,-2.852362019,Neotropical,7,1.82E-05,0.00079387,33.82722591,-0.396963695,0.237135749,1,-0.284814111,0.194188165,3.01928011,0.356845385
Tangara viridicollis,Thraupidae,14.7,6.7,4.1,4.7,16.8,76.6,17.8,23.3,52.1,21,Forest,Omnivore,Omnivore,Insessorial,NA,7.8,1.036880483,-1.02141828,LC,32,3.88E+11,-77.82692433,-6.853097664,Neotropical,14,1.99E-05,0.000748607,27.11072032,-0.413367146,-0.097737744,1,-0.318408727,-0.176857616,2.93306251,0.355336507
Tangara vitriolina,Thraupidae,12.2,7.7,5.9,5.8,20.4,73.1,14.8,20.9,57.3,23,Shrubland,Omnivore,Frugivore,Insessorial,NA,NA,8.138539544,-1.908473822,LC,32,3.92E+11,-75.52755656,4.480240295,Panamanian,17,0.000133417,0.000894452,131.815167,0.582720754,0.791217845,3,0.821458643,0.416422129,1.405829515,0.76121282
Tangara xanthocephala,Thraupidae,14.5,7.4,3.9,4.8,17.5,74.1,17.8,23.9,49.7,19,Forest,Herbivore,Frugivore,Insessorial,NA,6.3,4.887159435,-1.361438537,LC,92,1.12E+12,-73.83460588,-4.569186586,Neotropical,59,0.001743095,0.000962802,291.3296802,2.726513518,0.597495589,14,2.910559001,-0.191928309,4.967754439,0.218875928
Tangara xanthogastra,Thraupidae,13.9,7.5,3.7,4.2,15.5,61.1,11.8,19.3,38.8,15,Forest,Omnivore,Invertivore,Insessorial,9.1,6.7,3.038815934,-1.986169398,LC,273,3.34E+12,-69.75516117,-3.605268482,Neotropical,15,0.000151445,0.000835017,105.1415426,0.223400887,0.419472842,3,0.397748131,0.132345756,3.368654397,0.316549432
Tauraco corythaix,Musophagidae,25.8,11.9,7,12.4,41.2,181.6,15.6,8.5,203.8,308,Forest,Herbivore,Frugivore,Insessorial,NA,16.2,0.072340293,-0.344775496,LC,35,3.75E+11,28.02319818,-29.93332242,Afrotropical,20,0.000567226,0.000842241,7.437242685,0.120715268,0.339702031,7,0.187555379,0.435752497,19.27046399,0.055221587
Tauraco hartlaubi,Musophagidae,24.6,11.3,8.3,11.4,38.3,169.4,12.9,7.7,181,224,Forest,Herbivore,Frugivore,Insessorial,NA,15,0.172897167,-0.866979503,LC,36,4.43E+11,36.30606484,-0.758665374,Afrotropical,5,2.62E-05,0.000680166,1.669909482,-0.979545586,-0.47969023,1,-0.971267741,-0.434650401,15.50669551,0.069634075
Tauraco livingstonii,Musophagidae,25.5,11.9,7.1,11.3,38.8,183,16,8.8,202.5,249,Forest,Herbivore,Frugivore,Insessorial,NA,16.1,0.250994254,-1.000861984,LC,120,1.42E+12,36.13226561,-15.81904586,Afrotropical,14,1.56E-05,0.000722913,2.560010077,-0.593431514,-0.261293868,1,-0.528378316,-0.268234074,13.29143865,0.082058095
Tauraco persa,Musophagidae,25.8,12.3,6.9,11.9,38.8,177.8,19,10.7,177.9,306,Forest,Herbivore,Frugivore,Insessorial,NA,15.1,1.215245473,-1.488024278,LC,320,3.91E+12,5.741878516,5.308105504,Afrotropical,2,0.000131127,0.000675137,1.344573594,-1.055234822,-0.516341687,2,-1.07800141,-0.428405771,22.41129768,0.049114112
Tauraco schalowi,Musophagidae,26.1,11.8,6.8,10.7,39.8,181,20,11,190.1,206.4,Forest,Herbivore,Frugivore,Insessorial,NA,15.7,0.073730367,-0.801312111,LC,210,2.53E+12,24.83618599,-11.99936562,Afrotropical,58,0.000964222,0.000827267,6.848513662,1.086985105,-0.088771422,1,1.171237088,-0.153764488,15.43573737,0.070361646
Tauraco schuetti,Musophagidae,22.1,10.6,6.4,10.5,39,166.4,13.5,8.2,184.2,235,Forest,Herbivore,Frugivore,Insessorial,NA,NA,0.316618043,-1.387678157,LC,210,2.58E+12,24.26750586,-0.900900702,Afrotropical,18,1.33E-05,0.000709197,2.462148074,-0.545319901,-0.374153405,1,-0.478966003,-0.411307551,23.49285178,0.045256496
Tchagra tchagra,Malaconotidae,26.9,16,5.7,7.6,29.1,79.3,4.6,5.8,86.8,50.3,Shrubland,Carnivore,Invertivore,Terrestrial,NA,NA,0.065877808,-0.323233085,LC,51,5.39E+11,26.98293057,-31.13438976,Afrotropical,2,7.42E-06,0.000683823,1.460451762,-1.045133935,-0.43285486,1,-1.038914355,-0.370726986,10.0090969,0.122980838
Terenotriccus erythrurus,Tityridae,9,5.3,3.5,2.5,14.8,47.6,7.6,16.2,38.1,7.4,Forest,Carnivore,Invertivore,Insessorial,8.4,NA,2.23280065,-1.864261729,LC,740,9.02E+12,-64.98357731,-2.095131821,Neotropical,2,2.29E-05,0.00076861,12.84367924,-0.686829762,0.10635641,2,-0.61744463,0.15869344,20.99089249,0.049021744
Terpsiphone viridis,Monarchidae,17.9,9.7,5.9,4.7,15.4,79.4,15.1,19,90.2,13.2,Woodland,Carnivore,Invertivore,Insessorial,8.8,NA,0.510113647,-1.021535244,LC,1413,1.70E+13,21.6108682,-2.700962547,Afrotropical,4,2.10E-05,0.000721542,2.362922274,-0.848555149,-0.207296783,5,-0.812239349,-0.14744815,3.524528036,0.356559835
Tersina viridis,Thraupidae,14.5,7.6,6.1,5.2,16.1,85.4,25.1,29.1,53.6,29,Forest,Herbivore,Frugivore,Insessorial,NA,12.8,2.321685116,-1.546666459,LC,879,1.05E+13,-59.71520064,-9.591434636,Neotropical,31,0.003278969,0.001026032,301.9220815,2.580384775,0.83510446,13,2.457490484,0.558067012,8.981276627,0.12105
Thamnophilus aethiops,Thamnophilidae,19.3,11.4,5.2,6.5,21.5,71.9,8.9,12.5,59.3,25.7,Forest,Carnivore,Invertivore,Insessorial,19.1,NA,1.840048162,-1.854129695,LC,464,5.66E+12,-62.14300838,-6.023435989,Neotropical,1,0,0.000730663,5.156214088,-0.883949813,-0.124986514,1,-0.843882654,-0.056837113,3.513952706,0.295870125
Thamnophilus caerulescens,Thamnophilidae,17.1,9.6,4.5,6,22.6,69.4,6.8,9.7,62.6,21.1,Forest,Carnivore,Invertivore,Insessorial,NA,NA,0.595487622,-0.926030406,LC,442,5.03E+12,-55.24677323,-23.10150513,Neotropical,1,0,0.000796498,24.27678202,-0.573068822,0.296435863,1,-0.476541646,0.320601203,4.751931285,0.218947179
Thamnophilus doliatus,Thamnophilidae,19.2,11.9,5.6,6.6,26.4,71.2,6.6,9,62.9,27,Woodland,Carnivore,Invertivore,Generalist,16.8,NA,1.70484258,-1.521651341,LC,1060,1.27E+13,-57.69400024,-8.036826905,Neotropical,1,0,0.000732789,5.493100549,-0.874862311,-0.111378872,1,-0.833114082,-0.043730781,6.864436601,0.150333812
Thlypopsis ruficeps,Thraupidae,15.1,7.3,3.3,3.7,20.9,61.1,11.2,18.5,53.1,11,Shrubland,Carnivore,Invertivore,Insessorial,NA,NA,0.313258075,-0.647033023,LC,45,5.27E+11,-67.91207368,-17.81631634,Neotropical,3,2.99E-07,0.000744493,14.10545996,-0.751798523,-0.049308707,2,-0.692091472,-0.019554569,3.056194388,0.418332976
Thlypopsis sordida,Thraupidae,12.9,8.6,3.5,4.6,18.4,65.3,10.4,15.8,54,17,Forest,Omnivore,Omnivore,Insessorial,NA,NA,1.097868674,-1.345271954,LC,701,8.35E+12,-54.57748074,-13.49920841,Neotropical,35,0.002589568,0.001042605,419.8130961,3.015408584,1.071342014,17,3.101497976,0.231261615,2.864109814,0.428578358
Thraupis abbas,Thraupidae,16.1,9.2,6.3,7.2,21.2,97.2,24.9,25.7,66.9,45,Forest,Omnivore,Omnivore,Insessorial,NA,10.2,1.045320547,-1.446704487,NA,85,1.00E+12,-90.43569037,17.08668711,Panamanian,10,0.000401688,0.000867615,46.65035575,0.067752909,0.603518822,4,0.176257981,0.606308655,4.258704328,0.254247066
Thraupis bonariensis,Thraupidae,NA,NA,NA,NA,NA,NA,NA,NA,NA,NA,NA,NA,NA,NA,NA,10.1,0.354610323,-0.470082963,NA,387,4.22E+12,-63.05817658,-27.74893986,Neotropical,25,0.001416983,0.000895389,127.4795599,1.007889198,0.4566368,8,1.030322532,0.333430152,9.687566634,0.107160439
Thraupis cyanocephala,Thraupidae,17,9.1,6,6.7,24,85.8,14.8,17.4,80.6,36,Forest,Herbivore,Frugivore,Insessorial,NA,9.1,3.251458622,-1.26999695,NA,100,1.21E+12,-74.38913162,-3.987845134,Neotropical,90,0.004717114,0.001025346,515.8389574,5.044639143,0.129583612,18,4.922469864,-0.909571574,7.06140121,0.150964357
Thraupis cyanoptera,Thraupidae,17.9,10,6.4,7.8,20.8,96.1,24,25,66.5,43.3,Forest,Herbivore,Frugivore,Insessorial,NA,10,0.376197339,-1.007641187,NA,50,5.64E+11,-45.51171895,-23.77033883,Neotropical,30,0.000388643,0.000903504,237.0448105,1.345752546,0.708732456,5,1.631959661,-0.035586471,4.882756189,0.223717465
Thraupis episcopus,Thraupidae,14.2,9.5,6.4,6.7,22.3,87.3,20.7,22.8,64,35,Forest,Omnivore,Omnivore,Insessorial,NA,10.2,2.479281815,-1.819665049,NA,799,9.73E+12,-67.61920043,0.875401141,Neotropical,79,0.004307299,0.001065579,490.7483534,4.75918062,0.549791018,21,4.698926546,-0.416312239,3.069707217,0.341194452
Thraupis ornata,Thraupidae,17.9,11.5,5.2,5.5,21.4,96.8,25.1,26.2,71.8,33,Forest,Herbivore,Frugivore,Insessorial,NA,9.9,0.331168644,-1.105395242,LC,63,7.27E+11,-43.33055201,-20.47576613,Neotropical,26,0.000145589,0.000883388,292.4005553,1.313452566,0.66052669,6,1.647448646,-0.299489857,2.637332842,0.405537088
Thraupis palmarum,Thraupidae,15,9.4,5.9,6.5,20.7,92.5,20.4,21.9,70.4,39,Forest,Omnivore,Omnivore,Insessorial,NA,9.3,2.201483631,-1.60704382,LC,1136,1.37E+13,-58.48291194,-7.036679257,Neotropical,133,0.012495826,0.001157475,1166.805847,10.25318868,-1.051768226,37,9.238445221,-2.713081372,2.655026185,0.402724932
Thraupis sayaca,Thraupidae,15.5,9.2,6.5,7.2,19.6,90.3,21.1,23.5,66,32.5,Forest,Herbivore,Omnivore,Insessorial,NA,9.3,0.727741794,-1.038092732,LC,655,7.58E+12,-52.46411609,-19.08960575,Neotropical,207,0.030571064,0.001236912,1662.603639,17.40868647,-5.090504779,49,13.57394798,-4.761753632,2.978861528,0.353410243
Tiaris bicolor,Thraupidae,10.6,6.3,4.2,5.7,16.3,52.7,7.7,14.7,38.5,9.8,Shrubland,Herbivore,Granivore,Terrestrial,NA,NA,0.201293564,-1.270349438,NA,105,1.24E+12,-69.69050389,19.73226609,Panamanian,4,5.32E-06,0.000726845,5.387399942,-0.821360333,-0.169813233,3,-0.776863057,-0.121901134,4.949568506,0.211534548
Tiaris olivaceus,Thraupidae,9.1,6.7,4.1,5.7,16.9,49.9,9.6,18.9,41.4,8.5,Human Modified,Herbivore,Granivore,Insessorial,11.9,NA,1.7510553,-1.499705582,LC,190,2.25E+12,-89.13025604,15.47733727,Panamanian,3,7.66E-05,0.000838674,31.3261479,-0.32738507,0.536323054,2,-0.206082117,0.55355453,5.274433085,0.198324267
Tinamus major,Tinamidae,38.5,11.4,5.2,5.9,64.4,241,51.3,20.9,83.2,1026.2,Forest,Herbivore,Omnivore,Terrestrial,NA,NA,2.377023449,-1.846150137,NT,751,9.14E+12,-67.14807429,-0.64382706,Neotropical,29,0.000145739,0.000836046,38.94510474,0.352158051,0.337580598,1,0.532102207,0.174847291,26.62518517,0.048313606
Tinamus solitarius,Tinamidae,37.9,11.4,5.8,6,73.1,261.5,35.1,13.7,156.2,1386.4,Forest,Herbivore,Omnivore,Terrestrial,NA,NA,0.339688611,-1.054563307,NT,125,1.42E+12,-47.95914656,-22.8198682,Neotropical,2,0,0.000736949,6.814518506,-0.829801371,-0.091145335,2,-0.781760077,-0.033179753,26.33389062,0.0459492
Tityra cayana,Tityridae,28.4,19.9,11.5,10.7,25,117.2,30.6,26.1,72.2,68.1,Forest,Herbivore,Frugivore,Insessorial,15,17.3,1.880548233,-1.565508809,LC,1085,1.30E+13,-57.01816299,-8.559474436,Neotropical,41,0.001451531,0.001016774,419.4046681,2.858329077,1.124193367,14,3.151212096,-0.017632681,11.1835004,0.092488726
Tityra inquisitor,Tityridae,26.3,18.5,11.6,9.2,21.6,105.7,28.1,26.5,65.6,43.1,Forest,Herbivore,Frugivore,Insessorial,NA,15.7,1.735929959,-1.541667558,LC,1113,1.34E+13,-59.93661106,-6.443976983,Neotropical,8,0.000106464,0.000829188,37.76119431,-0.210371022,0.436904232,5,-0.084698205,0.40443351,18.10387622,0.057103379
Tityra semifasciata,Tityridae,28,18.2,10.4,10.7,25.6,120.5,30.7,24.8,71.7,79.3,Forest,Herbivore,Frugivore,Insessorial,19.2,17.5,1.8761185,-1.662064753,LC,680,8.21E+12,-69.50699796,-0.942596445,Neotropical,46,0.002661516,0.000979627,208.7502307,2.352895168,0.581066265,11,2.303433397,0.35889931,11.1835004,0.092488726
Tockus alboterminatus,Bucerotidae,84.9,70.1,20.3,33.3,31.4,235.7,44.4,19.2,219,223.7,Forest,Omnivore,Omnivore,Insessorial,NA,NA,0.22562966,-0.890916475,LC,441,5.27E+12,29.84179736,-12.27835005,Afrotropical,24,5.36E-05,0.000734572,3.859900135,-0.288151579,-0.259220113,10,-0.194466492,-0.323876458,11.64233314,0.095200051
Tockus erythrorhynchus,Bucerotidae,75.9,64.1,14.4,22.1,38,172.4,32.2,18.7,186.5,138.6,Woodland,Carnivore,Invertivore,Terrestrial,NA,NA,0.813056099,-0.796522798,LC,1074,1.28E+13,22.60780621,1.950442595,Afrotropical,2,1.97E-05,0.00071537,1.775383272,-0.923913682,-0.233714783,1,-0.897379347,-0.160915353,8.379324988,0.134137734
Tockus fasciatus,Bucerotidae,NA,NA,NA,NA,NA,NA,NA,NA,NA,NA,NA,NA,NA,NA,NA,NA,0.627997336,-1.406973031,NA,542,6.63E+12,12.65994609,2.958645883,Afrotropical,3,0.000137113,0.000676508,1.387128893,-1.023832061,-0.515310934,2,-1.044035964,-0.432308785,11.25212169,0.108426751
Tockus nasutus,Bucerotidae,90.6,73.8,18.3,29.3,37.1,220.7,47.1,21.2,200.1,179.6,Shrubland,Carnivore,Invertivore,Insessorial,NA,NA,0.561162795,-0.899793216,LC,1014,1.22E+13,20.88414443,0.70899774,Afrotropical,5,2.92E-05,0.000719484,2.412241326,-0.829541008,-0.228706336,1,-0.793498358,-0.174290952,15.74271514,0.074474304
Todus mexicanus,Todidae,19.8,12.4,4.3,3,12.5,42.3,5.4,12.6,29.9,5.9,Forest,Carnivore,Invertivore,Insessorial,NA,NA,0.086861488,-1.411304698,LC,6,70253812344,-66.5,18.19097756,Panamanian,2,2.44E-05,0.00077341,11.50842042,-0.673137916,0.13673516,2,-0.601297861,0.195148381,29.63033133,0.034833079
Tolmomyias flaviventris,Tyrannidae,12.6,6.8,5.2,4,16.2,59.9,9.7,16.2,52.7,12.2,Forest,Carnivore,Invertivore,Insessorial,6.5,NA,1.812522603,-1.682683916,LC,867,1.05E+13,-58.75243149,-4.535624395,Neotropical,4,6.27E-05,0.000794212,34.46697363,-0.460424517,0.248498713,3,-0.363893273,0.233178448,6.902450493,0.168498492
Tolmomyias sulphurescens,Tyrannidae,13.4,7.4,5.4,4,18.6,63,10,15.7,55.5,14.3,Forest,Carnivore,Invertivore,Insessorial,9.7,NA,2.217507783,-1.565240917,LC,1247,1.50E+13,-60.86299578,-6.608048039,Neotropical,5,6.42E-05,0.000881536,107.6383709,0.139353986,0.800873835,5,0.337390119,0.564397828,6.489079228,0.194233037
Toxostoma redivivum,Mimidae,40.2,30.5,6.5,6.9,36.4,102.4,9.8,9.5,133,84.4,Shrubland,Omnivore,Invertivore,Generalist,24.4,11.2,0.070973355,-0.053634984,LC,38,3.80E+11,-119.8152053,36.14992247,Nearctic,26,0.000257303,0.000888051,30.13783472,0.462075873,0.66445064,1,0.645980824,0.590049753,8.449266276,0.121108149
Toxostoma rufum,Mimidae,30.1,19.3,5.4,6.3,34.2,102.5,14,13.9,121.8,68.8,Shrubland,Omnivore,Omnivore,Generalist,23.5,NA,0.320250029,0.288523125,LC,747,6.91E+12,-93.0421969,42.48331713,Nearctic,10,0.000159952,0.000814329,8.182307687,-0.306303604,0.316865082,3,-0.210674792,0.37607219,6.862771023,0.152462674
Trachyphonus purpuratus,Lybiidae,27,16.6,9.4,11.1,28.6,106.8,11.4,10.6,92.7,76.1,Forest,Carnivore,Invertivore,Insessorial,NA,NA,0.691121683,-1.442217395,LC,428,5.25E+12,15.60091861,1.425144964,Afrotropical,9,0.000146706,0.000762918,4.239778727,-0.539275536,-0.00280945,5,-0.48240123,0.058294689,16.97905287,0.068825814
Treron apicauda,Columbidae,21,10.5,5.4,6.9,23.8,163.6,57.6,35.3,172.3,217.2,Forest,Herbivore,Frugivore,Insessorial,NA,12.8,7.148264602,-1.07086799,LC,214,2.42E+12,97.02478618,23.43942965,Oriental,7,0.000854246,0.000887983,23.42123553,0.073255584,0.650979842,3,0.093211037,0.857259524,8.044257932,0.174857386
Treron australis,Columbidae,21.2,10.8,5.4,6.4,25,170.4,61.4,35.6,94,229,Forest,Herbivore,Frugivore,Insessorial,NA,12.5,1.045715724,-1.403142755,LC,73,8.49E+11,46.89415454,-19.22441182,Madagascan,17,0.000843427,0.000803173,2.948528266,-0.064794348,0.046573545,2,-0.086795466,0.22812776,3.866153522,0.286806942
Treron bicinctus,Columbidae,18.3,9.7,4.9,5.5,21.2,156.2,59.7,38.1,89.9,174,Forest,Herbivore,Frugivore,Insessorial,NA,11.5,4.570863289,-1.498050612,LC,349,4.08E+12,98.18280278,18.62411337,Oriental,10,0.000326595,0.000832754,13.88813281,-0.187442576,0.397235973,2,-0.106487747,0.480541512,8.590561355,0.15792604
Treron calvus,Columbidae,23,11.5,6,6.8,22.9,160.6,61.1,38.1,86.4,197.5,Forest,Herbivore,Frugivore,Insessorial,NA,12,0.449704411,-1.126413728,LC,1084,1.31E+13,19.94726066,-3.751152411,Afrotropical,7,0.000606094,0.000758117,3.045994444,-0.526821118,-0.124310224,6,-0.563803835,0.055978755,6.016812088,0.191733305
Treron capellei,Columbidae,31.4,18,8.6,10.3,23.1,193.8,64.8,33.5,112.4,401.3,Forest,Herbivore,Frugivore,Insessorial,NA,20.8,2.147150931,-2.379010584,VU,175,2.15E+12,114.4185862,0.834884279,Oriental,12,0.00014555,0.000781228,7.676932983,-0.384307983,0.09545911,1,-0.304467278,0.130632947,10.88351895,0.128959918
Treron curvirostra,Columbidae,19.4,11.9,5.9,7.4,19.9,135.9,47.5,34.9,73.9,134.5,Forest,Herbivore,Frugivore,Insessorial,NA,12.1,4.631758242,-1.77784932,LC,450,5.34E+12,102.9501731,12.2621152,Oriental,25,0.001684493,0.000915871,32.166943,0.810431729,0.527151242,6,0.74992529,0.782277924,9.193692616,0.149656864
Treron formosae,Columbidae,22,11.7,5.2,6.5,27.6,190.6,68.1,35.8,111.8,140,Forest,Herbivore,Frugivore,Insessorial,NA,11.9,0.622398517,-1.556464335,NT,24,2.69E+11,121.882287,23.10673335,Oriental,5,2.69E-06,0.000649305,1.438578589,-1.099985373,-0.671908802,2,-1.109426738,-0.640152124,6.473708814,0.206410506
Treron fulvicollis,Columbidae,19.2,9.6,4.5,5,19.1,143.4,47.6,33.3,79,167,Woodland,Herbivore,Frugivore,Insessorial,NA,10.1,2.18539483,-2.378359421,NT,191,2.35E+12,107.4691429,1.194576782,Oriental,1,0,0.000619725,1.644968902,-1.310453825,-0.835031816,1,-1.350983023,-0.786807391,8.095073875,0.179128427
Treron olax,Columbidae,17.9,9.9,4.1,4.7,17.1,118.8,40.7,34,64.4,77,Forest,Herbivore,Frugivore,Insessorial,NA,9.3,2.066437239,-2.367656197,LC,185,2.27E+12,108.2693093,0.581207161,Oriental,5,4.51E-05,0.000725313,4.176468825,-0.798845874,-0.194980671,1,-0.760695624,-0.141105166,7.141579746,0.203682823
Treron phoenicopterus,Columbidae,21,12.2,6.5,7.8,25.1,188.2,74.2,39.5,106.3,235,Forest,Herbivore,Frugivore,Insessorial,NA,12.8,3.028873082,-1.119477161,LC,516,5.89E+12,85.18130716,21.90193106,Oriental,9,0.000182832,0.000835863,13.55993754,-0.228414043,0.455942802,3,-0.121638783,0.51532514,5.701825938,0.238783357
Treron pompadora,Columbidae,20.1,10.6,4.9,6.1,23.3,155.8,61,38.9,85.2,187,Forest,Herbivore,Frugivore,Insessorial,NA,12.2,5.252022068,-1.629861911,NT,338,3.96E+12,98.41701392,20.04856557,Oriental,5,0.000694821,0.000880439,21.76544596,-0.039941385,0.651432624,3,-0.002192957,0.838121587,8.019528581,0.15935306
Treron sieboldii,Columbidae,22.7,11.3,5.1,5.6,23.3,182.6,68.6,37.6,118,245,Forest,Herbivore,Frugivore,Insessorial,NA,12,1.57157567,-0.646437091,LC,304,3.27E+12,112.0290361,25.48427323,Sino-Japanese,1,0,0.000684852,1.298932547,-1.068234085,-0.418199705,1,-1.062667908,-0.350392254,9.395506891,0.132864987
Treron sphenurus,Columbidae,20.3,10.4,5.1,5.3,22.3,170.7,62.9,37.1,117,210,Forest,Herbivore,Frugivore,Insessorial,NA,11,5.550182514,-1.080473756,LC,282,3.22E+12,96.73264502,23.77034538,Oriental,10,0.000692122,0.000890497,24.00534224,0.129904738,0.684431446,3,0.189769372,0.833361674,7.715316678,0.179202984
Treron waalia,Columbidae,20.4,10.9,6.2,7,24.6,179.4,66.2,37,106.2,254,Woodland,Herbivore,Frugivore,Insessorial,NA,13,0.524946577,-0.935197737,LC,595,7.18E+12,19.2115234,10.96398729,Afrotropical,2,1.42E-06,0.000696167,1.582262669,-0.99969251,-0.352494318,1,-0.983536638,-0.288622124,3.765824318,0.301015211
Tricholaema hirsuta,Lybiidae,25.4,19.3,11.7,12.1,22.2,88.8,15.1,17.2,49.7,55.2,Forest,Omnivore,Frugivore,Insessorial,NA,17.5,0.577977432,-1.45742521,LC,392,4.81E+12,15.12498257,0.987805696,Afrotropical,9,0.000189825,0.000765661,4.191846083,-0.521254484,0.005026273,5,-0.470387402,0.076785691,10.38829299,0.130651162
Tricholestes criniger,Pycnonotidae,15.7,10.2,4,4,15.4,73.2,11.1,15.3,63.4,17.1,Forest,Omnivore,Omnivore,Insessorial,7.6,10.8,2.266559995,-2.364026918,LC,177,2.17E+12,101.3206582,1.92748848,Oriental,5,0.000325308,0.000864872,21.27957148,-0.16774078,0.635101992,1,-0.073325435,0.735665694,24.32269706,0.04165417
Trichothraupis melanops,Thraupidae,16.4,9.7,5.3,6,19.8,81.1,15.6,19.2,75.7,22.6,Forest,Carnivore,Invertivore,Insessorial,NA,NA,0.52363011,-1.067820644,LC,284,3.28E+12,-49.19876927,-21.35541999,Neotropical,74,0.003439913,0.001030261,544.1852611,4.523682635,0.551438843,20,4.611625364,-0.762606167,7.393281385,0.143909979
Troglodytes aedon,Troglodytidae,15.9,9.8,3,3.1,20.1,51.4,6.7,12.9,41.1,10.9,Shrubland,Carnivore,Invertivore,Insessorial,9.7,NA,5.004547804,-0.586279213,LC,3081,3.28E+13,-80.52398889,11.7506349,Panamanian,5,0.001094067,0.000807014,32.1902269,-0.205552032,0.091508595,4,-0.288131606,0.313258553,4.866711523,0.220297911
Troglodytes solstitialis,Troglodytidae,16.2,9.3,3.1,3.1,18.8,48.2,6.6,13.4,38.3,11.4,Forest,Carnivore,Invertivore,Insessorial,NA,NA,4.151751325,-1.250222602,LC,112,1.35E+12,-72.51037776,-6.984841526,Neotropical,2,3.77E-07,0.000817529,31.91785594,-0.44345987,0.424577839,1,-0.3255218,0.423223182,5.829830251,0.186685401
Troglodytes troglodytes,Troglodytidae,13.8,8.1,2.5,2.7,17.6,48.5,7.6,15.7,30.5,9.7,Forest,Carnivore,Invertivore,Insessorial,NA,NA,1.65516717,0.425932941,LC,4499,3.83E+13,23.03135734,52.57580963,Palearctic,2,0,0.000707917,2.687302659,-0.952294592,-0.276968802,1,-0.926970111,-0.21370771,9.536589133,0.122942577
Trogon aurantiiventris,Trogonidae,20.3,11.2,8.2,9.1,13.4,121.2,46.3,38.4,132.7,65.4,Forest,Omnivore,Invertivore,Insessorial,NA,NA,0.631315861,-2.117941425,NA,9,1.09E+11,-83.16941005,9.468990729,Panamanian,14,2.58E-06,0.000766507,22.88361397,-0.363994753,0.020714298,1,-0.255275255,-0.043392391,5.838016308,0.178480692
Trogon citreolus,Trogonidae,20.6,12.4,8.2,10.1,15.5,136.4,48.4,35.5,139.6,79,Woodland,Omnivore,Omnivore,Insessorial,NA,16,0.334171797,-1.210100641,LC,36,4.20E+11,-101.3653393,19.10674694,Nearctic,5,3.08E-06,0.000747922,14.21237493,-0.688047621,-0.040784816,1,-0.621025432,-0.02284843,6.579971557,0.156642005
Trogon collaris,Trogonidae,20.3,11.2,8.2,9.1,13.4,121.2,46.3,38.4,132.7,65.4,Forest,Omnivore,Invertivore,Insessorial,NA,NA,2.618941604,-1.804362009,LC,722,8.76E+12,-68.93661581,-0.165714666,Neotropical,13,0.000352552,0.000869878,73.55316801,0.23349588,0.609961681,3,0.37427909,0.494590487,5.738383297,0.183881192
Trogon curucui,Trogonidae,19.7,12.2,8.8,9.4,12.4,122.5,44.3,36.1,129,54,Forest,Carnivore,Invertivore,Insessorial,NA,NA,1.560469472,-1.497096062,LC,695,8.38E+12,-57.61666356,-10.24433222,Neotropical,18,0.000370005,0.000901081,143.8362169,0.716812769,0.773943912,5,0.925496683,0.408454553,6.883658393,0.150545415
Trogon massena,Trogonidae,28.1,17.4,13.2,13.7,17.2,174,62.8,36.1,154.1,141,Forest,Herbivore,Frugivore,Insessorial,NA,23.8,6.137827335,-1.965087075,LC,84,1.01E+12,-85.34011531,12.32033621,Panamanian,3,1.29E-05,0.000768152,13.23260774,-0.664010961,0.099267125,1,-0.590262911,0.141434019,7.805109621,0.131404231
Trogon melanocephalus,Trogonidae,21,13.8,8.8,11.4,14.2,142.7,51.4,35.6,144,85.1,Forest,Omnivore,Omnivore,Insessorial,NA,17,1.104367541,-1.533277315,LC,72,8.49E+11,-89.21022861,16.65175187,Panamanian,17,0.000504224,0.000861214,50.03858857,0.249404023,0.494656705,6,0.354890713,0.46192399,6.642803385,0.15420825
Trogon melanurus,Trogonidae,24.8,15.5,10.2,13.1,14,153.5,54.1,35,150.1,114,Forest,Herbivore,Frugivore,Insessorial,NA,19.9,1.882547341,-1.902667356,LC,637,7.78E+12,-62.87375025,-3.682603774,Neotropical,4,2.30E-06,0.000763009,15.25995825,-0.653284062,0.062354097,1,-0.577537976,0.087491343,7.707607721,0.134088473
Trogon personatus,Trogonidae,18.9,11.7,8.5,8.9,14.3,125.7,46.9,37.5,157.8,63.4,Forest,Omnivore,Omnivore,Insessorial,NA,13,4.413267783,-1.458861403,LC,141,1.71E+12,-73.61178378,-3.983070065,Neotropical,3,5.04E-06,0.000695413,3.418386225,-0.970587966,-0.364531767,4,-0.952035993,-0.312604332,10.72453878,0.097904202
Trogon rufus,Trogonidae,19.9,11.7,8.9,9.8,13.1,113.1,42.8,37.9,130.9,53.8,Forest,Omnivore,Omnivore,Insessorial,NA,NA,2.817844279,-1.800272381,LC,683,8.24E+12,-64.3437636,-1.66278867,Neotropical,20,0.000450158,0.000862791,118.8587824,0.553822502,0.497939594,11,0.713241043,0.208428984,19.49329649,0.052926168
Trogon surrucura,Trogonidae,19.4,11.8,9.5,10,15.5,137.5,53.8,39.2,139.5,73.3,Forest,Carnivore,Invertivore,Insessorial,NA,NA,0.132461386,-1.05326163,LC,182,2.07E+12,-49.55030868,-22.18619216,Neotropical,15,9.28E-05,0.000874701,202.3316224,0.690496412,0.68696479,9,0.953064068,0.079481527,8.471062857,0.130504273
Trogon viridis,Trogonidae,25.2,15,10.1,11.7,14.2,146.1,50.6,34.6,158.4,89.7,Forest,Omnivore,Frugivore,Insessorial,NA,21.6,1.901789324,-1.769771989,LC,750,9.12E+12,-61.28893963,-3.887727133,Neotropical,48,0.000807765,0.000937771,272.0188109,2.12007847,0.718485929,6,2.419269203,-0.153785016,4.118799381,0.248152133
Turdoides affinis,Leiotrichidae,20.6,11.8,4.2,6.7,33.6,103.7,12.3,11.8,100.6,63.3,Shrubland,Omnivore,Invertivore,Generalist,NA,NA,4.399785797,-1.377655134,LC,91,1.09E+12,78.23389244,13.85331837,Oriental,4,0.000118405,0.000846127,5.719464898,-0.353651892,0.568129995,1,-0.245043706,0.674240711,3.768355352,0.330318284
Turdoides plebejus,Leiotrichidae,23.7,12.9,4.7,6.6,33.1,105.9,11,10.4,101.8,62.5,Woodland,Omnivore,Invertivore,Terrestrial,NA,NA,0.42033052,-1.130963734,LC,524,6.35E+12,11.76917974,9.320880182,Afrotropical,2,5.44E-06,0.000698911,1.624580921,-0.988556846,-0.335844629,1,-0.971171043,-0.270426508,2.814358956,0.448629639
Turdoides rufescens,Leiotrichidae,22.9,12.5,4.7,7.4,32.7,96.6,7.2,7.6,115.2,64.5,Forest,Carnivore,Invertivore,Insessorial,NA,NA,0.903000761,-2.064741809,NT,4,48907072629,80.25001956,6.689901332,Oriental,1,0,0.000576223,1.052462706,-1.47503843,-1.113458668,1,-1.546774434,-1.075616746,3.706826788,0.352821077
Turdoides sharpei,Leiotrichidae,23,12.6,4.4,6.4,36.2,112.2,10.2,9.2,108.7,79.3,Woodland,Carnivore,Invertivore,Insessorial,NA,NA,0.039961008,-0.961965184,LC,63,7.74E+11,32.45203606,-2.399951664,Afrotropical,1,0,0.000709197,1.476836497,-0.976646685,-0.26238059,1,-0.953693702,-0.188259204,3.68893748,0.419371098
Turdoides striata,Leiotrichidae,24.3,14.8,4.8,7.5,32.4,99,9.6,9.5,101.4,66,Woodland,Omnivore,Omnivore,Generalist,NA,NA,1.763282955,-0.994590515,LC,340,3.84E+12,78.28885571,23.39938475,Oriental,15,0.00044984,0.000848413,24.42545303,0.054639187,0.437709662,2,0.142724725,0.486056744,3.283431741,0.413681585
Turdus albicollis,Turdidae,22.7,11,4.8,6,29.6,110.3,23.7,21.3,88.7,54,Forest,Omnivore,Invertivore,Generalist,22.6,NA,2.585074345,-1.653555682,LC,800,9.60E+12,-64.18211443,-2.844354269,Neotropical,162,0.005609103,0.001066836,1188.628352,9.447530226,-0.264755398,31,9.723650166,-3.765288129,5.493671216,0.191554993
Turdus amaurochalinus,Turdidae,24.2,13,5,6.2,32.1,116.1,27.3,23.4,95.7,57.9,Forest,Omnivore,Invertivore,Insessorial,NA,10.8,1.237331591,-1.051119726,LC,803,9.29E+12,-54.02016637,-18.89478552,Neotropical,91,0.008622609,0.001130843,1005.925937,7.844291069,-0.080720055,35,7.329574624,-1.821430648,3.734143834,0.277619447
Turdus assimilis,Turdidae,24.7,13.4,4.9,6.3,30.1,120.5,28.6,23.6,96.8,70.2,Forest,Omnivore,Invertivore,Generalist,NA,NA,3.562572025,-1.452347818,LC,135,1.59E+12,-97.76066461,19.26080832,Nearctic,13,3.30E-05,0.000802899,37.30924478,-0.198504137,0.253216507,2,-0.064886412,0.165556764,5.493671216,0.191554993
Turdus chiguanco,Turdidae,28.9,17,5.8,7.4,38.8,136.2,31.4,23.1,120.1,93.3,Shrubland,Omnivore,Invertivore,Generalist,NA,11.2,0.590862994,-0.176908104,LC,194,2.18E+12,-68.9665101,-23.45430569,Neotropical,4,2.94E-05,0.000808271,22.65792346,-0.4540625,0.345961343,5,-0.347392498,0.365791194,5.256227736,0.198193295
Turdus chrysolaus,Turdidae,24.3,14.2,5,6.2,30.9,119.4,37.4,31.3,86.9,65.4,Forest,Omnivore,Invertivore,Insessorial,NA,NA,2.595345289,-0.517939723,LC,219,2.21E+12,138.3346242,41.30937794,Sino-Japanese,4,5.95E-05,0.000676051,1.5358895,-1.014289578,-0.507127799,3,-1.017790337,-0.44878215,2.74566975,0.38124273
Turdus falcklandii,Turdidae,27.1,16.7,6.4,7.6,38.9,134.9,37.4,27.7,102.9,93.9,Forest,Omnivore,Invertivore,Generalist,NA,11.5,0.750130735,0.060834372,LC,169,1.51E+12,-70.49889266,-43.89739596,Neotropical,20,0.001677407,0.000836526,13.99001479,0.325800261,0.05285232,4,0.187677779,0.376109546,8.443374548,0.123074426
Turdus feae,Turdidae,22.7,12.2,4.4,5.7,29.9,124.7,39.7,31.9,92.5,71,Forest,Omnivore,Omnivore,Generalist,NA,NA,6.771507421,-0.340258746,VU,66,6.84E+11,113.9919633,38.92808358,Palearctic,2,8.98E-07,0.000628137,1.402775924,-1.25463976,-0.787791845,1,-1.286812418,-0.742720863,2.19256294,0.480845809
Turdus flavipes,Turdidae,21.7,11,5,5.7,25.7,110.6,28.6,25.9,84.1,65.1,Forest,Omnivore,Frugivore,Insessorial,NA,11.5,0.751147786,-1.232964047,LC,147,1.71E+12,-47.00630279,-23.2836817,Neotropical,56,0.001305779,0.000992543,567.2961713,3.617944603,0.906406766,13,4.035358128,-0.857586807,5.768782022,0.183341035
Turdus fumigatus,Turdidae,24.2,13.8,5,6.7,31,113.5,23.9,21.1,90.8,75.7,Forest,Omnivore,Invertivore,Insessorial,23.3,11.7,1.67949857,-1.72195894,LC,439,5.34E+12,-57.8159728,-1.519698486,Neotropical,2,9.06E-09,0.000783011,26.52549818,-0.590814471,0.203719755,1,-0.500064225,0.210167725,3.839738835,0.272270696
Turdus fuscater,Turdidae,30.3,17,6.9,8.2,43.6,151.3,28.8,19,143,143,Forest,Omnivore,Invertivore,Generalist,NA,13.1,3.354657732,-1.221495602,LC,96,1.17E+12,-74.38521423,-2.818445622,Neotropical,17,0.000903189,0.000877216,47.29431683,0.37329067,0.507118205,8,0.415364973,0.577854879,2.764143714,0.379751542
Turdus grayi,Turdidae,21.4,13.6,5.7,6.5,33.6,118.1,26.1,21.4,101.9,79.5,Forest,Omnivore,Omnivore,Generalist,20.7,12.1,1.782783981,-1.476558215,LC,153,1.81E+12,-87.21536003,15.42735318,Panamanian,48,0.004126098,0.000927278,160.4988184,2.313111388,-0.097103517,11,1.937935533,0.141085836,2.794442815,0.378862802
Turdus hauxwelli,Turdidae,26.4,13.2,5.3,6.1,30.2,114.9,28.1,24.4,86.8,69,Forest,Omnivore,Invertivore,Insessorial,24.2,11.6,2.87559752,-1.844823943,LC,252,3.06E+12,-68.47343316,-7.791992005,Neotropical,7,7.02E-06,0.000794555,64.39361637,-0.292811612,0.244140555,1,-0.162626782,0.098729563,3.839738835,0.272270696
Turdus helleri,Turdidae,24.3,14,5.1,6.9,30,116,19.6,16.9,89.8,68.7,Forest,Carnivore,Invertivore,Terrestrial,NA,NA,0.003474105,-0.823725148,CR,2,24564539835,38.5,-3.812471516,Afrotropical,5,2.62E-05,0.000680166,1.669909482,-0.979545586,-0.47969023,1,-0.971267741,-0.434650401,6.463802371,0.162896539
Turdus hortulorum,Turdidae,23.3,12.6,4.9,6,31.3,115.8,32.9,28.4,83,66.7,Forest,Carnivore,Invertivore,Terrestrial,NA,NA,1.797038691,0.485029189,LC,556,5.07E+12,125.6237094,44.19759205,Palearctic,2,8.54E-05,0.000799264,10.17880883,-0.569806851,0.288458627,1,-0.491489067,0.372299213,3.526577351,0.299050288
Turdus ignobilis,Turdidae,21.2,12.5,6.1,6.6,34.6,110.4,22,19.4,88.2,63.8,Forest,Omnivore,Omnivore,Insessorial,NA,NA,2.001318711,-1.887407666,LC,362,4.42E+12,-68.42210394,-5.192578453,Neotropical,36,0.000779637,0.000929884,215.4277355,1.593148048,0.750972022,6,1.831228949,0.133893408,2.277157036,0.458100758
Turdus iliacus,Turdidae,22.7,12.2,4.4,5.5,28,116.3,37.7,32.3,78.3,61.2,Forest,Omnivore,Invertivore,Insessorial,NA,NA,2.698330337,0.922376862,NT,3858,2.70E+13,63.82371322,58.52207251,Palearctic,49,0.000379219,0.00089276,37.36112056,1.102319586,0.519962666,28,1.332161949,0.300473674,7.866801789,0.13363401
Turdus leucomelas,Turdidae,22.2,13.4,5.1,6,32.4,111.6,24.8,22.4,92.1,69.1,Forest,Herbivore,Frugivore,Insessorial,NA,NA,1.274447242,-1.420069445,LC,734,8.78E+12,-53.20286272,-8.841812945,Neotropical,130,0.017629962,0.00116159,1164.667398,11.13066336,-2.163738261,35,9.165313509,-2.639788784,5.393453122,0.194505901
Turdus merula,Turdidae,28.5,15.5,5.3,7.5,33.6,128.4,29.8,23.1,106.3,102.7,Forest,Omnivore,Omnivore,Generalist,NA,NA,1.22701294,0.171107025,LC,2790,2.49E+13,27.69777951,49.63903324,Palearctic,157,0.008180037,0.000967397,88.01588271,5.69141128,-1.451917466,97,4.853075343,-0.763001351,8.885738317,0.116686515
Turdus migratorius,Turdidae,23.4,12.5,5.6,6.8,32.7,127,36.9,29,95.7,78.5,Forest,Omnivore,Invertivore,Generalist,21.8,12.2,3.176702823,0.670256424,LC,2616,2.07E+13,-109.8356705,53.93831784,Nearctic,80,0.001632866,0.000913883,65.79716585,2.284274514,0.174247795,7,2.395617636,-0.052277799,3.240481744,0.323860186
Turdus nigrescens,Turdidae,23.8,14.6,6.3,7,36.1,139.9,34.3,25,123.6,96,Forest,Omnivore,Omnivore,Generalist,NA,NA,0.367234995,-2.179171256,LC,6,72859378811,-83.50099393,9.52389979,Panamanian,4,4.83E-06,0.000639613,2.719651932,-1.156501964,-0.728023851,1,-1.175241788,-0.696194774,4.776759805,0.219243366
Turdus nigriceps,Turdidae,23.1,12.9,4.9,5.5,30.1,106.9,24.1,22.6,80.2,52.7,Forest,Omnivore,Invertivore,Insessorial,NA,10.9,1.053250479,-1.098318023,LC,326,3.77E+12,-51.62346801,-20.71068624,Neotropical,40,0.001916556,0.000987033,343.9395452,2.551786316,0.83519195,13,2.697100606,0.043518927,3.554423704,0.297751194
Turdus obscurus,Turdidae,22,11.8,4.4,5.6,29.6,119.8,41.7,34.8,81.5,62.6,Forest,Omnivore,Invertivore,Insessorial,NA,11.1,5.325116376,0.447972805,LC,2015,1.74E+13,114.9928924,48.46585508,Palearctic,3,8.47E-05,0.000635681,1.609902804,-1.185292642,-0.764807545,2,-1.22475406,-0.705910739,2.148519121,0.489880314
Turdus olivaceus,Turdidae,26.9,15.1,5.1,7,32.7,120.2,26.1,21.7,93.8,67.3,Forest,Omnivore,Omnivore,Generalist,NA,NA,0.514563536,-0.74851246,LC,239,2.81E+12,37.27328449,3.673700606,Afrotropical,19,0.004196428,0.000941451,19.13162975,1.173716416,0.162906179,15,0.646693745,1.073492225,6.528027105,0.160887093
Turdus pallidus,Turdidae,24.5,14.1,4.8,6.2,31,125.6,41.4,33,89.2,72.1,Forest,Omnivore,Invertivore,Generalist,NA,NA,0.522784691,-0.04643048,LC,502,5.00E+12,124.2673026,37.00819403,Palearctic,8,8.61E-05,0.000676737,1.994714888,-0.905152845,-0.534326292,3,-0.902154821,-0.497423501,3.078420741,0.340244005
Turdus pelios,Turdidae,23.8,13.1,5.1,6.3,31.4,110.6,24.4,21.8,87.7,65.4,Woodland,Omnivore,Omnivore,Generalist,NA,NA,0.460951639,-1.207615435,LC,833,1.01E+13,17.48344454,4.025890259,Afrotropical,20,0.000263511,0.000770461,6.185951377,-0.207651211,-0.051237435,6,-0.136572149,-0.039894916,7.904973174,0.133038506
Turdus philomelos,Turdidae,23.1,11.9,5,5.7,31.8,116,35.7,30.7,81.7,67.7,Forest,Omnivore,Invertivore,Generalist,NA,NA,1.531042733,0.57972099,LC,2997,2.32E+13,42.82507453,54.28037594,Palearctic,109,0.002053515,0.000917677,63.08907443,3.092564559,-0.081860036,80,3.205218336,-0.393045151,13.83200364,0.075404385
Turdus pilaris,Turdidae,25.4,12.8,5.8,6.5,33.4,144.4,48,33.3,105.9,106,Forest,Carnivore,Invertivore,Generalist,NA,NA,2.541947755,0.898408593,LC,3500,2.46E+13,60.53663608,58.3215621,Palearctic,38,0.000429822,0.000894132,29.65775564,0.815285307,0.587692892,24,1.003545457,0.477092147,6.463687612,0.160666847
Turdus plebejus,Turdidae,28.4,13.9,4.9,6.6,32.5,135.3,35.8,26.4,97,86.3,Forest,Omnivore,Omnivore,Insessorial,NA,NA,1.361692733,-1.628414352,LC,28,3.35E+11,-89.61192422,14.74724929,Panamanian,55,0.001654166,0.000884051,126.8927375,1.758099265,0.138643111,2,1.808583516,-0.128354023,8.058937269,0.132419741
Turdus plumbeus,Turdidae,30.4,16.8,5.5,6.1,36.5,121.4,27,22.3,109.2,75.3,Woodland,Carnivore,Omnivore,Terrestrial,NA,NA,0.096974223,-1.270885891,LC,53,6.11E+11,-75.09478385,20.19397111,Panamanian,17,0.000190182,0.000850676,55.37054521,0.170332238,0.49802442,4,0.328801983,0.374039207,5.739337152,0.183429073
Turdus rufiventris,Turdidae,25.2,14.6,5.3,6.7,33.4,115.5,20.1,17.4,101.5,69.4,Forest,Omnivore,Invertivore,Generalist,NA,12,0.536568021,-0.951229519,LC,516,5.92E+12,-51.13867539,-20.62934148,Neotropical,165,0.018638985,0.001206395,1398.104536,13.15142719,-2.327744233,42,11.24392153,-3.55693627,4.54422675,0.229919834
Turdus serranus,Turdidae,26.9,14.6,6,6.7,34.4,124.7,23.1,18.4,112.3,84.9,Forest,Omnivore,Invertivore,Generalist,NA,10.9,3.215147557,-1.204954593,LC,109,1.32E+12,-72.72442757,-5.523296071,Neotropical,28,0.000787851,0.000909539,134.2561546,1.043114246,0.669864082,8,1.202768138,0.367031853,2.764143714,0.379751542
Turdus subalaris,Turdidae,19.7,10.9,4.9,5.2,27.7,107,29.9,28.5,83.4,49.5,Forest,Omnivore,Invertivore,Insessorial,NA,NA,NA,NA,LC,NA,NA,NA,NA,NA,11,4.64E-05,0.00084999,136.9930408,0.267924141,0.564665392,5,0.477692423,0.179894449,4.63499369,0.257303264
Turdus torquatus,Turdidae,26.1,13.9,5,6.6,32.8,141.6,44.7,31.6,109.6,109,Shrubland,Omnivore,Omnivore,Insessorial,NA,NA,0.207860135,0.240772722,LC,739,6.36E+12,11.18802401,41.20763177,Palearctic,13,8.38E-07,0.000709975,7.696458063,-0.652119264,-0.334357621,18,-0.593603894,-0.358590532,5.02091335,0.207355495
Turdus unicolor,Turdidae,23.1,12.9,4.7,5.7,30.3,120.5,35,29.1,81.7,64.2,Forest,Omnivore,Invertivore,Terrestrial,NA,10,7.413389067,-0.703806008,LC,100,1.10E+12,79.34891547,30.89842613,Sino-Japanese,1,0,0.000673879,1.498681084,-1.108563644,-0.488427252,1,-1.110691971,-0.424382502,4.089169808,0.256509809
Turdus viscivorus,Turdidae,26.4,14.5,5.7,6.9,32.7,153.7,53.9,35.1,111.8,117.4,Forest,Omnivore,Omnivore,Insessorial,NA,NA,0.983279889,0.606097949,LC,2503,1.97E+13,43.77510625,51.95017956,Palearctic,58,0.000610873,0.000900304,41.55193949,1.412619769,0.458444791,24,1.631341376,0.220799049,14.09621707,0.075100725
Turtur abyssinicus,Columbidae,16.4,7.8,2.2,2.7,17.9,105.4,32.9,30.9,77.8,62.7,Shrubland,Herbivore,Granivore,Terrestrial,NA,NA,0.314788178,-1.056687048,LC,464,5.60E+12,11.91787164,10.87668574,Afrotropical,1,0,0.000694796,1.397978074,-1.030735688,-0.354555204,1,-1.018054495,-0.284255238,8.736980109,0.128095687
Turtur tympanistria,Columbidae,17,8,2.9,3.5,21,112.9,28.4,25.2,83.6,70.6,Forest,Herbivore,Granivore,Terrestrial,NA,NA,0.623088977,-1.166796925,LC,833,1.01E+13,23.35590274,-5.215808958,Afrotropical,13,0.001254115,0.000830948,4.690120696,0.020332082,0.157346803,7,-0.06727274,0.459783764,9.348239147,0.128513768
Tyrannopsis sulphurea,Tyrannidae,21.1,13.8,8.2,6.3,20.4,106.2,17.2,16.2,75.8,53.6,Woodland,Carnivore,Invertivore,Insessorial,NA,NA,1.544161872,-1.911159718,LC,592,7.24E+12,-61.06309217,-2.983597475,Neotropical,1,0,0.000781525,17.77371085,-0.651078646,0.200585484,1,-0.56848359,0.241811659,7.530330211,0.141514261
Tyrannulus elatus,Tyrannidae,8.3,5,3.2,3.1,13.7,48.2,8.7,19.2,40.7,7,Shrubland,Omnivore,Invertivore,Insessorial,7.2,NA,2.443384123,-1.915616333,LC,634,7.75E+12,-65.22013878,-1.489770596,Neotropical,3,1.94E-06,0.00077261,26.65042578,-0.603874529,0.130315062,1,-0.518138858,0.127311177,16.37023408,0.063253353
Tyrannus albogularis,Tyrannidae,23.4,16.2,8.4,6.4,17.8,105.8,28.8,27.1,88.8,37.1,Shrubland,Carnivore,Invertivore,Insessorial,NA,NA,1.516555338,-1.721883766,LC,636,7.70E+12,-58.58961979,-7.645385605,Neotropical,2,4.75E-07,0.000775582,14.65796824,-0.658737659,0.156031086,1,-0.579363168,0.199354594,3.200064683,0.42051728
Tyrannus caudifasciatus,Tyrannidae,29.3,19.8,9.2,7.4,21.8,105.2,24.3,23.1,84.2,42.4,Forest,Carnivore,Invertivore,Insessorial,16.3,NA,0.120732304,-1.287050612,LC,61,7.04E+11,-75.4429489,20.05580449,Panamanian,2,8.22E-06,0.0008141,35.3692748,-0.443127109,0.400872278,3,-0.327320186,0.389009225,2.614070001,0.47680218
Tyrannus couchii,Tyrannidae,26,16.8,10.3,7.9,19.5,117,30.9,26.6,90.5,39,Forest,Carnivore,Invertivore,Insessorial,NA,NA,1.067427006,-1.003696494,LC,86,9.81E+11,-94.72164255,22.12381752,Nearctic,3,5.20E-06,0.000776953,8.888977523,-0.647274818,0.157330433,3,-0.568049109,0.214472454,2.335272412,0.501087914
Tyrannus dominicensis,Tyrannidae,30.6,21.6,11.5,8.8,18.5,116.6,35.2,30.1,89,46.5,Forest,Carnivore,Omnivore,Insessorial,14.6,NA,1.525669028,-1.552432512,LC,311,3.70E+12,-67.81573415,7.556380181,Neotropical,25,0.000541797,0.000926821,98.64840649,0.8665944,0.855041388,5,1.057747869,0.637871412,2.527373061,0.441514824
Tyrannus forficatus,Tyrannidae,22.4,13.9,7.6,6,18.6,121.2,45.1,37.5,214,39.3,Human Modified,Omnivore,Invertivore,Insessorial,NA,NA,1.003633395,-0.419775731,LC,320,3.39E+12,-96.52050395,28.58732111,Nearctic,16,6.72E-05,0.000824844,49.5750326,0.006492544,0.366798124,5,0.163624351,0.233292095,3.180710018,0.35620986
Tyrannus melancholicus,Tyrannidae,23.5,17.4,9.7,7.4,18.7,108.8,25.5,23.7,91.9,37.4,Human Modified,Carnivore,Invertivore,Insessorial,14.1,NA,3.007612386,-1.311171364,LC,1638,1.92E+13,-63.63952231,-8.804772123,Neotropical,89,0.01339398,0.001156789,910.6590863,8.445845817,-0.97783993,35,7.01825689,-1.310355622,2.314740215,0.478147108
Tyrannus savana,Tyrannidae,20.1,11.5,6.5,5.4,17.9,105.6,34.2,32,215,31.9,Grassland,Carnivore,Invertivore,Insessorial,NA,NA,3.605364365,-1.375265992,LC,1336,1.56E+13,-60.0355908,-13.13780036,Neotropical,17,0.00298522,0.001032661,246.268511,2.011957484,1.033180148,12,1.882267583,0.965556674,2.969931319,0.379578138
Tyrannus tyrannus,Tyrannidae,21.5,14.8,8.2,6.5,18.5,116.7,38.6,33.3,87.6,39.9,Woodland,Carnivore,Invertivore,Insessorial,16.2,NA,4.735443633,-0.270170158,LC,2044,2.01E+13,-90.8656391,35.37468705,Nearctic,22,0.001421583,0.000938365,65.94767972,0.885591781,0.749681876,9,0.89853846,0.860847579,6.865776862,0.156086554
Tyrannus verticalis,Tyrannidae,21.8,13.5,7.5,6.4,18.3,126.1,41.9,33.2,89.9,39.6,Shrubland,Carnivore,Invertivore,Insessorial,NA,NA,1.280391675,0.142617599,LC,778,7.60E+12,-107.4435354,38.65997838,Nearctic,13,0.000950504,0.000925084,41.15193578,0.439932112,0.828397122,4,0.493528497,0.969612132,3.196916907,0.353600468
Tyrannus vociferans,Tyrannidae,23.8,14.9,8.5,7,19.5,128.9,41.3,31.9,96.9,45.6,Forest,Carnivore,Invertivore,Insessorial,NA,NA,0.43231695,-0.206684358,LC,252,2.70E+12,-107.4231104,28.64484448,Nearctic,1,0,0.000736263,4.126792839,-0.866510049,-0.08914381,3,-0.822985313,-0.016035711,5.410393623,0.201890637
Urocissa caerulea,Corvidae,45.8,27.5,13.1,16.6,51.3,198.9,29.5,14.8,386.8,257,Forest,Omnivore,Omnivore,Insessorial,NA,20.6,1.352619068,-1.617186106,LC,8,90350670425,121.0019162,23.70631121,Oriental,4,8.54E-05,0.00069171,1.444568296,-0.951313052,-0.412747714,2,-0.948500879,-0.343825989,6.503253119,0.199896419
Urocissa erythrorhyncha,Corvidae,38.7,22.5,12.1,13,45.3,181.3,35,19.3,366.3,151.5,Forest,Carnivore,Omnivore,Insessorial,NA,NA,3.374911356,-0.657687881,LC,503,5.52E+12,108.3799066,26.82766448,Sino-Japanese,6,0.000285602,0.0008643,12.88817804,-0.180605092,0.633974103,1,-0.08087472,0.746379866,6.198721985,0.198181073
Urocolius indicus,Coliidae,14.2,9.1,6.8,7.2,20.7,94.6,29.9,32,210.4,52.7,Shrubland,Herbivore,Frugivore,Insessorial,NA,11.5,0.482440122,-0.467880174,LC,438,4.99E+12,24.33200809,-22.26933523,Afrotropical,1,0,0.000620731,1.181725304,-1.308265755,-0.828595541,1,-1.348315013,-0.778568709,50.8602781,0.020324213
Veniliornis frontalis,Picidae,20.1,15.2,5.6,6,17.3,93.2,17,18.2,61.4,36.7,Forest,Carnivore,Invertivore,Insessorial,NA,NA,0.325177829,-0.701276787,LC,24,2.75E+11,-64.66606389,-21.51382548,Neotropical,2,2.31E-08,0.000750436,9.31243102,-0.770922142,-0.004821482,2,-0.712037536,0.048787475,2.09365091,0.509940297
Veniliornis nigriceps,Picidae,24.3,16.9,6.2,6.9,19.4,97.8,18.2,18.6,68.9,44,Forest,Carnivore,Invertivore,Insessorial,NA,NA,1.994747683,-1.130005987,LC,54,6.54E+11,-74.08136121,-7.819389498,Neotropical,1,0,0.000719644,3.612792489,-0.930361471,-0.195511577,1,-0.898904333,-0.125427629,2.372828595,0.456790024
Vermivora peregrina,Parulidae,10.9,7.8,3.1,3.2,18.3,62.5,16.6,25.9,42.1,8.9,Forest,Carnivore,Invertivore,Insessorial,NA,NA,3.325389142,0.282683206,LC,1746,1.54E+13,-97.16168084,47.50912806,Nearctic,3,7.24E-05,0.000838812,27.12412744,-0.341901551,0.538144641,2,-0.221850099,0.56822422,5.926802502,0.176090797
Vermivora pinus,Parulidae,13,8.5,3,3.3,16.3,58.3,14.3,25.2,42.5,8.9,Shrubland,Carnivore,Invertivore,Insessorial,9.8,NA,1.317638394,-0.483378857,LC,535,5.56E+12,-86.81309675,34.22181454,Nearctic,1,0,0.000726845,2.976002025,-0.905610087,-0.14942617,1,-0.869359606,-0.075216382,4.301670415,0.241883987
Vireo altiloquus,Vireonidae,20.6,12,4.5,4.7,19.2,80.4,20.1,25,54.2,19,Woodland,Omnivore,Invertivore,Insessorial,11,NA,2.101518968,-1.810460758,LC,534,6.46E+12,-64.42648756,0.761761883,Neotropical,20,0.000217993,0.000854105,72.14081878,0.320226576,0.494552804,5,0.492515256,0.303276287,3.78508192,0.318672969
Vireo flavifrons,Vireonidae,15.1,8.5,4.3,4.9,19.3,76.3,25.8,33.8,48.4,18,Forest,Carnivore,Invertivore,Insessorial,11.5,NA,3.237743751,-0.512811307,LC,715,7.46E+12,-85.88788392,33.05333289,Nearctic,5,0.000190765,0.000846561,49.72377059,-0.164464093,0.548321573,3,-0.043899194,0.520189124,5.260880666,0.220639892
Vireo flavirostris,Vireonidae,NA,NA,NA,NA,NA,NA,NA,NA,NA,NA,NA,NA,NA,NA,NA,NA,NA,NA,NA,NA,NA,NA,NA,NA,2,8.16E-07,0.00078884,17.57855623,-0.599220851,0.24082127,2,-0.509009906,0.278410585,NA,NA
Vireo flavoviridis,Vireonidae,18.1,9.9,4.4,4.6,18.9,77.7,20.4,25.9,51.9,17.6,Woodland,Omnivore,Invertivore,Insessorial,10.8,NA,3.219671383,-1.548613404,LC,369,4.41E+12,-82.7991726,6.292833378,Panamanian,5,0.000161391,0.000850676,46.19120059,-0.166469363,0.581269785,3,-0.039366944,0.559252214,3.596933321,0.312607473
Vireo gilvus,Vireonidae,14.3,7.5,3.7,3.7,17.6,70.1,16.5,23.5,51.3,12.7,Forest,Carnivore,Invertivore,Insessorial,11.3,NA,1.348929311,0.347437994,LC,1360,1.24E+13,-104.1073175,44.69222497,Nearctic,9,0.000135149,0.000880622,17.02797798,-0.058150971,0.753174819,3,0.090952427,0.803126166,5.743017182,0.191362304
Vireo griseus,Vireonidae,13.7,7.4,3.9,4.1,19.5,61.6,11.1,17.9,48.9,11.4,Shrubland,Carnivore,Invertivore,Insessorial,10.3,NA,0.684341556,-0.477231752,LC,472,4.94E+12,-88.61770943,33.27831226,Nearctic,12,0.000422538,0.000864163,25.91688721,0.038442194,0.563870664,6,0.135492144,0.625236149,5.906840386,0.21665546
Vireo huttoni,Vireonidae,13.1,6.9,3.7,3.8,19.5,63.2,10.8,17,49.1,11.3,Forest,Carnivore,Invertivore,Insessorial,NA,NA,0.734779802,-0.460289922,LC,216,2.26E+12,-103.8061383,25.08770662,Nearctic,4,5.04E-05,0.000873421,14.51761355,-0.234312653,0.758167851,1,-0.08935508,0.827869349,6.507522938,0.174673658
Vireo latimeri,Vireonidae,14.3,7.7,4,3.9,19.7,56.6,7.3,12.9,44.7,12,Forest,Carnivore,Invertivore,Insessorial,NA,NA,0.114637237,-1.402895835,LC,4,46835874896,-67,18.19097756,Panamanian,3,5.12E-05,0.000828959,37.65089529,-0.346926091,0.479896105,3,-0.224641097,0.467920633,5.228233618,0.222401213
Vireo leucophrys,Vireonidae,14,7.8,3.8,3.9,17.6,64.9,12.3,18.9,49.7,12.3,Forest,Carnivore,Invertivore,Insessorial,NA,NA,2.991382712,-1.346094396,LC,153,1.84E+12,-73.83376125,-2.718984538,Neotropical,3,4.25E-05,0.00080187,14.62565681,-0.527842868,0.308417212,2,-0.434866926,0.362231544,4.583690122,0.263821344
Vireo olivaceus,Vireonidae,14,9.2,4.4,4.3,18.3,68,14.1,20.9,52.1,16.1,Forest,Omnivore,Invertivore,Insessorial,10.9,NA,6.899358838,-0.55626466,LC,2754,2.86E+13,-81.39042982,25.02264854,Nearctic,86,0.018701558,0.001191193,866.9139113,9.327330095,-1.935170663,40,6.917672171,-0.898447239,4.037235949,0.300660905
Vireo philadelphicus,Vireonidae,13.2,6.9,3.4,3.5,17,66.2,17,25.6,47.1,11.5,Woodland,Carnivore,Invertivore,Insessorial,9.9,NA,2.230872626,0.221917164,LC,938,8.45E+12,-94.65197932,45.62067678,Nearctic,9,0.000211823,0.000865534,78.81915926,0.109108086,0.639498547,4,0.264689382,0.500049331,5.114375444,0.221775442
Vireo solitarius,Vireonidae,13.7,7.5,4,4.4,18.6,75.3,22.1,29.3,51.4,15.3,Forest,Carnivore,Invertivore,Insessorial,11.2,NA,1.887670681,0.356774335,LC,1132,1.01E+13,-92.94340088,45.22003823,Nearctic,5,7.68E-05,0.000798556,11.14797409,-0.495652285,0.266664651,6,-0.407765675,0.325598496,3.222344424,0.356770256
Volatinia jacarina,Thraupidae,10.4,7.1,4.3,5.6,16.8,47.8,7.1,14.1,42.8,9.9,Human Modified,Herbivore,Granivore,Terrestrial,11.9,NA,2.476235723,-1.424376684,LC,1480,1.76E+13,-63.04985271,-6.966559011,Neotropical,11,1.64E-05,0.000821873,92.96756892,0.008031078,0.391345854,7,0.181039738,0.136062685,9.703522626,0.118023379
Willisornis poecilinotus,Thamnophilidae,20.5,10.6,4.5,4.4,23,65.4,10.7,16.3,42.8,18.4,Forest,Carnivore,Invertivore,Insessorial,NA,NA,1.993523289,-1.909945264,LC,493,6.02E+12,-64.54458985,-3.840545001,Neotropical,1,0,0.000730663,5.156214088,-0.883949813,-0.124986514,1,-0.843882654,-0.056837113,13.8841043,0.073134859
Wilsonia canadensis,Parulidae,13,7.2,4,3.6,19.2,62.5,16.5,25.9,52.7,10,Forest,Carnivore,Invertivore,Insessorial,11,NA,2.008748832,-0.114476453,LC,1161,1.12E+13,-86.73390038,39.06789161,Nearctic,10,0.000240417,0.000890566,86.21488386,0.258026057,0.78688234,5,0.43254556,0.630211584,5.995393635,0.17420681
Xanthotis flaviventer,Meliphagidae,29.2,17,4.6,5.7,26,97.8,12.4,12.8,76.6,40,Forest,Carnivore,Invertivore,Insessorial,12.8,NA,5.918407429,-2.238703438,LC,130,1.59E+12,140.4235604,-6.167501558,Oceanina,1,0,0.000457833,1.037653089,-1.917536273,-1.871190735,1,-2.073392021,-1.866838362,11.4818992,0.101330601
Xanthotis polygrammus,Meliphagidae,23,13.2,3.4,4.2,20.2,73.8,10.6,14.3,58.1,20,Forest,Carnivore,Invertivore,Insessorial,10.7,NA,4.607421277,-2.303213504,LC,93,1.14E+12,140.2587836,-5.233480986,Oceanina,1,0,0.000457833,1.037653089,-1.917536273,-1.871190735,1,-2.073392021,-1.866838362,12.09785443,0.100972061
Xenopipo unicolor,Pipridae,13.6,6.7,3.7,3.6,14.9,72.2,13.8,19.1,46.3,15.5,Forest,Herbivore,Frugivore,Insessorial,NA,10,2.605811375,-1.259523757,LC,29,3.53E+11,-75.81632591,-7.790211476,Neotropical,2,2.06E-06,0.000771536,10.40293697,-0.687996462,0.129765051,1,-0.613943764,0.186238252,10.31964476,0.109297819
Xolmis pyrope,Tyrannidae,23.6,11.8,5.1,4.5,27.2,107,23,21.5,84.4,35.3,Forest,Carnivore,Invertivore,Insessorial,13.3,NA,4.668813042,-0.180605331,LC,136,1.22E+12,-71.79638712,-44.57639276,Neotropical,5,3.92E-06,0.000628823,2.298327779,-1.173389658,-0.803276439,3,-1.197173946,-0.779860804,6.69286194,0.164542752
Xolmis velatus,Tyrannidae,24.7,14.8,6.3,5.7,26.9,117.7,40.9,34.8,76.2,28.7,Shrubland,Carnivore,Invertivore,Insessorial,NA,NA,0.558362082,-1.323713853,LC,368,4.38E+12,-51.64710235,-13.91344584,Neotropical,1,0,0.000778782,19.30096796,-0.65615132,0.183032748,1,-0.574731526,0.218478909,5.948494904,0.181942724
Yuhina brunneiceps,Zosteropidae,13.1,6.7,2.3,2.8,17.2,62.8,11.8,18.7,48.3,12.5,Forest,Omnivore,Omnivore,Insessorial,NA,NA,1.69494327,-1.530324128,LC,6,67771522113,121,23.69672703,Oriental,1,0,0.000550574,1.045362432,-1.570916192,-1.277616891,1,-1.660878218,-1.247017535,7.17564044,0.144805776
Yuhina flavicollis,Zosteropidae,12.8,6.3,3.1,3.3,19.3,62.8,10.3,16.5,52,16.9,Forest,Carnivore,Invertivore,Insessorial,NA,NA,7.396388924,-0.984284929,LC,131,1.46E+12,93.55139227,25.2760015,Oriental,1,0,0.00062832,1.209332183,-1.279809016,-0.780021022,1,-1.31445227,-0.727934665,6.101040962,0.176759976
Zenaida asiatica,Columbidae,24,14.4,4.2,4.5,24.8,160.8,57,35.2,116.2,153,Shrubland,Herbivore,Granivore,Generalist,NA,NA,0.671493753,-0.751804979,LC,481,5.38E+12,-101.6044393,24.98150979,Nearctic,1,0,0.000765638,9.992159426,-0.736841147,0.098879169,1,-0.66947549,0.161095138,11.48414853,0.088100464
Zenaida auriculata,Columbidae,19,11.3,3.7,4,21,136.2,45.2,32.7,92.9,110.2,Human Modified,Herbivore,Granivore,Terrestrial,NA,NA,2.191546977,-0.814026681,LC,1242,1.39E+13,-60.29828547,-22.15127523,Neotropical,5,1.83E-05,0.000851362,42.38580126,-0.203140228,0.617917211,2,-0.051148905,0.576290609,6.560394753,0.155690304
Zenaida aurita,Columbidae,22.1,8,2.8,4.5,22.9,149,50.1,33.6,96.4,156,Forest,Herbivore,Omnivore,Generalist,NA,NA,0.19733362,-1.255242109,LC,97,1.12E+12,-73.22758909,20.30819949,Panamanian,1,0,0.000765638,9.992159426,-0.736841147,0.098879169,1,-0.66947549,0.161095138,11.17725534,0.096006051
Zenaida galapagoensis,Columbidae,20.3,12.6,3.8,4,22.9,125.4,45.3,36.6,64.9,111,Woodland,Herbivore,Granivore,Generalist,NA,NA,0.025001279,-0.723192345,NT,9,1.11E+11,-90.5,-0.311996915,Neotropical,9,1.54E-05,0.000678908,2.833951029,-0.882165213,-0.510883393,2,-0.861525667,-0.498586555,7.154074497,0.144542267
Zenaida macroura,Columbidae,19.6,9.3,2.7,3.4,19.6,144.4,53.1,36.6,122.2,118.9,Human Modified,Herbivore,Granivore,Terrestrial,NA,NA,0.867203085,0.040543958,LC,1550,1.50E+13,-98.43575947,40.12586652,Nearctic,2,0,0.000706386,2.250448328,-0.959499885,-0.286772703,1,-0.935484849,-0.22251446,4.748519285,0.226564935
Zimmerius bolivianus,Tyrannidae,11.1,5.3,2.9,3.3,16.3,57.5,8.5,14.9,50.5,11,Forest,Carnivore,Invertivore,Insessorial,NA,NA,1.586751997,-0.974031211,LC,29,3.45E+11,-69.26201951,-14.82622573,Neotropical,3,6.92E-07,0.000773067,13.36761941,-0.647439431,0.1334863,2,-0.567877178,0.173840766,5.519112579,0.196929792
Zimmerius chrysops,Tyrannidae,9.2,5.5,3.8,3.3,17,52.8,6.4,13.1,45.7,10.4,Forest,Carnivore,Invertivore,Insessorial,NA,NA,5.807906609,-1.792808191,LC,67,8.20E+11,-75.02334026,4.059454561,Panamanian,2,0,0.000683869,4.176874576,-1.037116837,-0.43088122,1,-1.028123338,-0.379312121,4.237611977,0.258491293
Zimmerius viridiflavus,Tyrannidae,9.8,5.3,3.3,3.2,16.9,54.3,6.1,11.5,52.8,9.6,Forest,Carnivore,Invertivore,Insessorial,NA,NA,1.268869193,-1.254599323,LC,25,3.05E+11,-77.01233501,-7.210338666,Neotropical,8,2.14E-06,0.000745178,17.0661108,-0.613700246,-0.07731744,1,-0.539005457,-0.089315051,1.577656961,0.700593183
Zonotrichia albicollis,Passerellidae,13.6,8.4,5.1,6.3,23,72.8,14.3,19.7,70.4,24.4,Woodland,Herbivore,Omnivore,Terrestrial,18.4,NA,1.784205809,0.628519176,LC,1640,1.37E+13,-95.84328181,49.77304718,Nearctic,7,6.65E-05,0.00077181,5.121399387,-0.567874503,0.084991421,1,-0.494813033,0.140703886,3.300690685,0.327531426
Zonotrichia atricapilla,Passerellidae,15.4,8.8,4.7,6.3,24.2,78.2,18.1,22.9,76.2,32,Shrubland,Herbivore,Omnivore,Generalist,NA,NA,1.435952062,0.721390879,LC,580,3.89E+12,-140.9037084,59.36232111,Nearctic,4,0.000164147,0.000877536,14.0810148,-0.199500529,0.758868984,1,-0.07275581,0.856799494,2.332352847,0.462918138
Zonotrichia capensis,Passerellidae,13.6,8.7,5.3,6.5,23.8,63.9,11.4,16.8,59.4,20.3,Shrubland,Herbivore,Omnivore,Generalist,12,NA,2.873815928,-0.911811075,LC,1363,1.53E+13,-59.7226153,-22.11397171,Neotropical,57,0.00695153,0.001103183,592.1258325,5.179218611,0.335372975,29,4.651927788,-0.212307533,6.591097528,0.160869946
Zonotrichia leucophrys,Passerellidae,15.4,8.4,4.5,6,22.8,78.7,18.5,23.4,70.6,28,Shrubland,Omnivore,Omnivore,Generalist,16.4,NA,3.375097142,0.771063539,LC,2668,2.08E+13,-108.7899805,55.00419779,Nearctic,18,0.000358356,0.000889423,31.70274971,0.290846127,0.701637635,1,0.436586624,0.697541273,2.332352847,0.462918138
Zoothera citrina,Turdidae,21.7,13.2,4.7,5.9,31.1,118.2,33.3,29.6,73.4,53.3,Forest,Omnivore,Omnivore,Generalist,NA,NA,5.308065971,-1.238686414,LC,462,5.33E+12,79.06256184,16.84165833,Oriental,2,4.46E-07,0.000682109,2.070321891,-1.050756499,-0.442253432,1,-1.044162701,-0.384181883,9.411951849,0.116188303
Zoothera dauma,Turdidae,28.7,17.8,5.1,6.8,31.1,135.8,40.1,29.7,94.2,134.1,Forest,Carnivore,Invertivore,Generalist,NA,NA,1.742628087,0.159513916,LC,1487,1.36E+13,110.2549294,52.7326896,Palearctic,1,0,0.000646333,1.12299441,-1.212782094,-0.664730121,2,-1.234671161,-0.607258028,8.519542564,0.123219334
Zoothera gurneyi,Turdidae,22.8,13.3,5,6.5,33.9,108,26.2,24.1,81,57.9,Forest,Carnivore,Invertivore,Terrestrial,NA,NA,0.365706644,-0.763532508,LC,106,1.25E+12,35.7609244,-8.677747909,Afrotropical,1,0,0.000651705,1.210783088,-1.192408089,-0.630347363,1,-1.210436045,-0.571641036,9.133067537,0.117332072
Zoothera interpres,Turdidae,18.8,12.1,5.2,5.4,27.2,102.1,27.7,26.9,52.9,81.9,Forest,Carnivore,Invertivore,Generalist,NA,NA,4.177016631,-2.262326143,EN,123,1.51E+12,114.2417003,0.600109489,Oriental,2,1.22E-05,0.000692396,2.068957295,-1.010149501,-0.379071202,1,-0.99841557,-0.315424464,5.69682201,0.188424717
Zoothera naevia,Turdidae,23.7,15,4.5,6.1,31.1,121.6,40.3,33.4,85.2,77.5,Forest,Omnivore,Omnivore,Generalist,NA,NA,1.458617609,0.805321925,LC,688,4.55E+12,-136.3704899,60.11849776,Nearctic,25,0.00014443,0.000840275,24.55898178,0.218811804,0.39049557,1,0.384042429,0.301920561,13.99659546,0.07856267
Zoothera sibirica,Turdidae,22.4,13.2,5,5.8,28.5,119,42.7,35.9,87.8,75.5,Forest,Omnivore,Invertivore,Terrestrial,NA,NA,7.063699235,0.948468236,EN,1754,1.34E+13,118.909445,56.10224672,Palearctic,2,7.63E-07,0.000619839,1.56884806,-1.285113046,-0.840870788,1,-1.323072103,-0.798725123,15.02460796,0.077982251
Zosterops conspicillatus,Zosteropidae,11.7,6.9,2.5,3,18.6,55,10.4,18.8,41.5,7.9,Forest,Herbivore,Omnivore,Insessorial,NA,NA,0.000693138,-1.903379817,EX,2,23779401535,145.5,15.19047935,Oceanina,2,0,0.000516468,1.085824968,-1.673210727,-1.502307481,1,-1.784716046,-1.488034991,1.366059895,0.822528469
Zosterops erythropleurus,Zosteropidae,13.7,7.4,2.7,2.9,15.2,60.8,17.9,29.5,42,11,Forest,Carnivore,Invertivore,Insessorial,NA,NA,0.612588948,0.02095356,LC,630,6.38E+12,117.1308738,35.64356777,Sino-Japanese,2,6.85E-07,0.000628137,1.481148571,-1.254413244,-0.787743516,1,-1.286506949,-0.742977373,0.786365968,1.449477661
Zosterops everetti,Zosteropidae,13,8,3.2,3.1,15.4,53.6,10.4,19.8,38.3,10,Forest,Herbivore,Omnivore,Insessorial,NA,NA,4.417398905,-2.257893902,LC,109,1.33E+12,101.0627924,6.435212379,Oriental,4,5.54E-05,0.000705997,2.888760418,-0.898541032,-0.31453584,1,-0.87932685,-0.25306254,1.32408505,0.964061727
Zosterops japonicus,Zosteropidae,13.4,7.6,2.8,2.9,17.1,56.8,11.3,19.9,41.6,11.3,Forest,Omnivore,Omnivore,Insessorial,11.9,NA,2.082928322,-0.605532055,LC,505,5.47E+12,109.7832371,27.02472342,Sino-Japanese,55,0.02214617,0.001060459,92.69403738,6.070979506,-3.352326749,18,2.459892552,1.162613197,1.090471736,1.076707724
Zosterops lateralis,Zosteropidae,12.7,6.8,2.8,3.1,16.4,59,15.2,25.3,42.2,12.7,Shrubland,Omnivore,Omnivore,Insessorial,12.6,NA,0.718822205,-0.517539716,LC,437,4.59E+12,139.4851615,-31.07549113,Australian,63,0.013031326,0.000996543,74.97472834,4.295569094,-1.757693834,19,2.328147642,0.68997618,1.373090567,0.8028901
Zosterops nigrorum,Zosteropidae,13.2,7.4,3,2.8,15.3,52.4,8.9,17,37.8,7.3,Forest,Omnivore,Invertivore,Insessorial,NA,6.3,1.135338745,-2.052564285,LC,38,4.54E+11,122.0962025,13.823335,Oriental,9,2.98E-05,0.000716535,2.936624119,-0.738535608,-0.273321546,1,-0.693773188,-0.247439578,2.600753754,0.432510353
Zosterops novaeguineae,Zosteropidae,11.8,6.8,2.8,3,15.2,54.6,9.2,17.4,36.4,12.5,Forest,Omnivore,Omnivore,Insessorial,NA,NA,1.5117497,-2.047549965,LC,33,4.03E+11,147.0324828,-7.534696542,Oceanina,3,0.000118711,0.000743053,1.81323346,-0.777082276,-0.085256824,1,-0.746407641,0.011051806,2.127648865,0.758299267
Zosterops pallidus,Zosteropidae,11.9,5.9,2.6,2.8,16.7,56.6,11.7,20.7,46.5,11.1,Shrubland,Omnivore,Omnivore,Insessorial,NA,NA,0.54088009,-0.228596224,LC,182,1.98E+12,24.07398405,-28.53177074,Afrotropical,40,0.005876124,0.000954618,22.14675529,2.067795785,-0.265865306,11,1.2986931,0.880081016,1.439508785,0.785413337
Zosterops palpebrosus,Zosteropidae,12.7,6.9,2.9,2.8,14.9,51.8,10.7,20.7,35.3,8.6,Forest,Omnivore,Omnivore,Insessorial,10.6,NA,3.954234672,-1.318222799,LC,785,9.10E+12,91.71677322,17.92592215,Oriental,13,0.002301213,0.0009193,16.94843795,0.584709802,0.486794764,6,0.37346863,1.010174425,1.812926191,0.622412495
Zosterops senegalensis,Zosteropidae,12.5,7,3,2.8,15.7,57.1,10.9,19.2,39.3,10.9,Woodland,Carnivore,Invertivore,Insessorial,9.1,NA,0.434336284,-1.049928453,LC,921,1.11E+13,19.68711987,-1.367968172,Afrotropical,35,0.005419203,0.000949909,15.99559657,1.820128302,-0.161017216,7,1.115277303,0.933393813,1.158174919,1.006717943
Zosterops silvanus,Zosteropidae,13.4,7.3,3.1,3.3,15.9,57.2,10.1,17.7,46,11,Forest,Omnivore,Invertivore,Insessorial,NA,NA,NA,NA,EN,NA,NA,NA,NA,NA,3,2.28E-06,0.000675137,1.529748358,-1.053277876,-0.493690164,1,-1.04958041,-0.441942631,NA,NA
