visita;censo;COMMUNITY;habitat;Start_T;End_T;Delta_T_minutes;Plant sp;N open flowers;N observed flowers;Pollinator;Family;Functional group;N ind;N visit flowers;Method;Island
1;1;Pine forest 1;Pine forest 1;19/04/2022 14:45;19/04/2022 14:55;10;Cistus monspeliensis;43;33;Melanostoma scalare;Syrphidae;HO;1;1;obs;Cabrera
1;1;Pine forest 1;Pine forest 1;19/04/2022 14:45;19/04/2022 14:55;10;Cistus monspeliensis;43;33;Phyto melanocephala;Rhinophoridae;DI;1;1;obs;Cabrera
1;1;Pine forest 1;Pine forest 1;19/04/2022 14:45;19/04/2022 14:55;10;Cistus monspeliensis;43;33;Lydella nigrescens;Tachinidae;DI;1;1;obs;Cabrera
1;1;Pine forest 1;Pine forest 1;19/04/2022 14:45;19/04/2022 14:55;10;Cistus monspeliensis;43;33;Phyto melanocephala;Rhinophoridae;DI;1;1;obs;Cabrera
1;2;Pine forest 1;Pine forest 1;19/04/2022 15:00;19/04/2022 15:10;10;Cistus monspeliensis;75;40;Phyto melanocephala;Rhinophoridae;DI;1;1;obs;Cabrera
1;3;Pine forest 1;Pine forest 1;19/04/2022 15:22;19/04/2022 15:32;10;Cistus monspeliensis;55;27;Phyto melanocephala;Rhinophoridae;DI;1;1;obs;Cabrera
1;4;Pine forest 1;Pine forest 1;19/04/2022 15:33;19/04/2022 15:43;10;Cistus monspeliensis;26;24;Anaspis sp.;Scraptiidae;CO;2;2;obs;Cabrera
1;5;Dune system 1;Dune system 1;19/04/2022 18:05;19/04/2022 18:15;10;Daucus carota L. subsp. Majoricus;1;1;Spilostethus pandurus;Lygaeidae;OT;1;2;obs;Cabrera
1;6;Dune system 1;Dune system 1;19/04/2022 18:00;19/04/2022 18:10;10;Daucus carota L. subsp. Majoricus;2;2;Camponotus sp;Formicidae;OT;2;3;obs;Cabrera
1;7;Rocky coastal 2;Pine forest 2;20/04/2022 12:29;20/04/2022 12:39;10;Cistus monspeliensis;31;29;Hydrellia sp;Ephydridae;DI;1;2;obs;Cabrera
1;7;Rocky coastal 2;Pine forest 2;20/04/2022 12:29;20/04/2022 12:39;10;Cistus monspeliensis;31;29;Vanessa cardui;Nymphalidae;LE;1;2;obs;Cabrera
1;7;Rocky coastal 2;Pine forest 2;20/04/2022 12:29;20/04/2022 12:39;10;Cistus monspeliensis;31;29;Episyrphus balteatus;Syrphidae;HO;1;3;obs;Cabrera
1;7;Rocky coastal 2;Pine forest 2;20/04/2022 12:29;20/04/2022 12:39;10;Cistus monspeliensis;31;29;Lydella thompsoni;Tachinidae;DI;1;3;obs;Cabrera
1;8;Rocky coastal 2;Pine forest 2;20/04/2022 12:39;20/04/2022 12:49;10;Cistus monspeliensis;42;33;Podarcis lilfordi;Lacertidae;VE;1;2;obs;Cabrera
1;8;Rocky coastal 2;Pine forest 2;20/04/2022 12:39;20/04/2022 12:49;10;Cistus monspeliensis;42;33;Podarcis lilfordi;Lacertidae;VE;1;2;obs;Cabrera
1;9;Rocky coastal 2;Pine forest 2;20/04/2022 14:10;20/04/2022 14:20;10;Cistus monspeliensis;150;64;Podarcis lilfordi;Lacertidae;VE;1;2;obs;Cabrera
1;9;Rocky coastal 2;Pine forest 2;20/04/2022 14:10;20/04/2022 14:20;10;Cistus monspeliensis;150;64;Podarcis lilfordi;Lacertidae;VE;1;3;obs;Cabrera
1;10;Rocky coastal 2;Pine forest 2;20/04/2022 13:43;20/04/2022 13:53;10;Cistus monspeliensis;85;40;Episyrphus balteatus;Syrphidae;HO;1;2;obs;Cabrera
1;10;Rocky coastal 2;Pine forest 2;20/04/2022 13:43;20/04/2022 13:53;10;Cistus monspeliensis;85;40;Podarcis lilfordi;Lacertidae;VE;1;2;obs;Cabrera
1;11;Rocky coastal 2;Pine forest 2;20/04/2022 13:53;20/04/2022 14:03;10;Cistus monspeliensis;59;59;Lydella nigrescens;Tachinidae;DI;5;7;obs;Cabrera
1;12;Rocky coastal 2;Pine forest 2;20/04/2022 14:03;20/04/2022 14:13;10;Cistus monspeliensis;50;50;Lydella nigrescens;Tachinidae;DI;6;6;obs;Cabrera
1;13;Rocky coastal 2;Rocky coastal 2;20/04/2022 14:31;20/04/2022 14:41;10;Teucrium capitatum;30;30;Lasioglossum sp.;Halictidae;BE;1;1;obs;Cabrera
1;14;Rocky coastal 2;Rocky coastal 2;20/04/2022 14:41;20/04/2022 14:51;10;Teucrium capitatum;42;42;Lasioglossum sp.;Halictidae;BE;1;1;obs;Cabrera
1;15;Rocky coastal 2;Rocky coastal 2;20/04/2022 14:41;20/04/2022 14:51;10;Teucrium capitatum;9;9;Lasioglossum sp.;Halictidae;BE;1;3;obs;Cabrera
1;16;Rocky coastal 2;Rocky coastal 2;20/04/2022 14:54;20/04/2022 15:04;10;Teucrium capitatum;9;9;Meligethes sp.;Nitidulidae;CO;1;1;obs;Cabrera
1;17;Pine forest 2;Rocky coastal 2;20/04/2022 15:27;20/04/2022 15:47;20;Teucrium capitatum;6;6;Meligethes sp.;Nitidulidae;CO;1;1;obs;Cabrera
1;17;Pine forest 2;Rocky coastal 2;20/04/2022 15:27;20/04/2022 15:47;20;Teucrium capitatum;6;6;Meligethes sp.;Nitidulidae;CO;2;2;obs;Cabrera
1;17;Pine forest 2;Rocky coastal 2;20/04/2022 15:27;20/04/2022 15:47;20;Teucrium capitatum;6;6;Meligethes sp.;Nitidulidae;CO;3;3;obs;Cabrera
1;17;Pine forest 2;Rocky coastal 2;20/04/2022 15:27;20/04/2022 15:47;20;Teucrium capitatum;6;6;Meligethes sp.;Nitidulidae;CO;1;1;obs;Cabrera
1;17;Pine forest 2;Rocky coastal 2;20/04/2022 15:27;20/04/2022 15:47;20;Teucrium capitatum;6;6;Meligethes sp.;Nitidulidae;CO;1;1;obs;Cabrera
1;18;Pine forest 2;Rocky coastal 2;20/04/2022 15:40;20/04/2022 16:00;20;Teucrium capitatum;26;26;Tapinoma nigerrinum;Formicidae;OT;1;1;obs;Cabrera
1;18;Pine forest 2;Rocky coastal 2;20/04/2022 15:40;20/04/2022 16:00;20;Teucrium capitatum;26;26;Meligethes sp.;Nitidulidae;CO;2;2;obs;Cabrera
1;18;Pine forest 2;Rocky coastal 2;20/04/2022 15:40;20/04/2022 16:00;20;Teucrium capitatum;26;26;Meligethes sp.;Nitidulidae;CO;1;1;obs;Cabrera
1;18;Pine forest 2;Rocky coastal 2;20/04/2022 15:40;20/04/2022 16:00;20;Teucrium capitatum;26;26;Meligethes sp.;Nitidulidae;CO;1;1;obs;Cabrera
1;18;Pine forest 2;Rocky coastal 2;20/04/2022 15:40;20/04/2022 16:00;20;Teucrium capitatum;26;26;Meligethes sp.;Nitidulidae;CO;1;1;obs;Cabrera
1;18;Pine forest 2;Rocky coastal 2;20/04/2022 15:40;20/04/2022 16:00;20;Teucrium capitatum;26;26;Tapinoma nigerrinum;Formicidae;OT;2;2;obs;Cabrera
1;19;Pine forest 2;Pine forest 2;20/04/2022 16:10;20/04/2022 16:20;10;Cistus monspeliensis;15;15;Meligethes sp.;Nitidulidae;CO;1;1;obs;Cabrera
1;19;Pine forest 2;Pine forest 2;20/04/2022 16:10;20/04/2022 16:20;10;Cistus monspeliensis;15;15;Meligethes sp.;Nitidulidae;CO;1;1;obs;Cabrera
1;19;Pine forest 2;Pine forest 2;20/04/2022 16:10;20/04/2022 16:20;10;Cistus monspeliensis;15;15;Meligethes sp.;Nitidulidae;CO;1;1;obs;Cabrera
1;19;Pine forest 2;Pine forest 2;20/04/2022 16:10;20/04/2022 16:20;10;Cistus monspeliensis;15;15;Meligethes sp.;Nitidulidae;CO;1;1;obs;Cabrera
1;20;Pine forest 2;Rocky coastal 2;20/04/2022 15:52;20/04/2022 16:02;10;Teucrium capitatum;26;26;Meligethes sp.;Nitidulidae;CO;1;1;obs;Cabrera
1;21;Pine forest 2;Rocky coastal 2;20/04/2022 16:02;20/04/2022 16:12;10;Teucrium capitatum;28;28;Stictopleurus abutilon;Rhopalidae;OT;1;1;obs;Cabrera
1;21;Pine forest 2;Rocky coastal 2;20/04/2022 16:02;20/04/2022 16:12;10;Teucrium capitatum;28;28;Tapinoma nigerrinum;Formicidae;OT;2;2;obs;Cabrera
1;22;Pine forest 2;Rocky coastal 2;20/04/2022 16:12;20/04/2022 16:22;10;Teucrium capitatum;9;9;Meligethes sp.;Nitidulidae;CO;7;7;obs;Cabrera
1;23;Pine forest 2;Pine forest 2;20/04/2022 16:12;20/04/2022 16:22;10;Cistus monspeliensis;22;22;Tapinoma nigerrinum;Formicidae;OT;3;3;obs;Cabrera
1;23;Pine forest 2;Pine forest 2;20/04/2022 16:12;20/04/2022 16:22;10;Cistus monspeliensis;22;22;Lydella nigrescens;Tachinidae;DI;2;3;obs;Cabrera
1;23;Pine forest 2;Pine forest 2;20/04/2022 16:12;20/04/2022 16:22;10;Cistus monspeliensis;22;22;Meligethes sp.;Nitidulidae;CO;3;3;obs;Cabrera
1;24;Dune system 2;Dune system 2;20/04/2022 16:35;20/04/2022 17:15;40;Asteriscus aquaticus;9;9;Monomorium sp;Formicidae;OT;1;1;obs;Cabrera
1;24;Dune system 2;Dune system 2;20/04/2022 16:35;20/04/2022 17:15;40;Asteriscus aquaticus;9;9;Monomorium sp;Formicidae;OT;1;1;obs;Cabrera
1;25;Dune system 2;Pine forest 2;20/04/2022 17:00;20/04/2022 17:50;50;Cistus monspeliensis;22;20;Meligethes sp.;Nitidulidae;CO;1;1;obs;Cabrera
1;25;Dune system 2;Pine forest 2;20/04/2022 17:00;20/04/2022 17:50;50;Cistus monspeliensis;22;20;Meligethes sp.;Nitidulidae;CO;1;1;obs;Cabrera
2;26;Rocky coastal 2;Pine forest 2;27/04/2022 16:10;27/04/2022 16:20;10;Cistus monspeliensis;150;70;Phyto melanocephala;Rhinophoridae;DI;1;5;obs;Cabrera
2;26;Rocky coastal 2;Pine forest 2;27/04/2022 16:10;27/04/2022 16:20;10;Cistus monspeliensis;150;70;Anthomyia confusanea;Anthomyiidae;DI;1;11;obs;Cabrera
2;26;Rocky coastal 2;Pine forest 2;27/04/2022 16:10;27/04/2022 16:20;10;Cistus monspeliensis;150;70;Eupeodes corollae;Syrphidae;HO;1;6;obs;Cabrera
2;27;Rocky coastal 2;Pine forest 2;27/04/2022 16:20;27/04/2022 16:30;10;Cistus monspeliensis;120;60;Eupeodes corollae;Syrphidae;HO;1;2;obs;Cabrera
2;27;Rocky coastal 2;Pine forest 2;27/04/2022 16:20;27/04/2022 16:30;10;Cistus monspeliensis;120;60;Eupeodes corollae;Syrphidae;HO;1;8;obs;Cabrera
2;27;Rocky coastal 2;Pine forest 2;27/04/2022 16:20;27/04/2022 16:30;10;Cistus monspeliensis;120;60;Eupeodes corollae;Syrphidae;HO;1;3;obs;Cabrera
2;27;Rocky coastal 2;Pine forest 2;27/04/2022 16:20;27/04/2022 16:30;10;Cistus monspeliensis;120;60;Phyto melanocephala;Rhinophoridae;DI;1;1;obs;Cabrera
2;27;Rocky coastal 2;Pine forest 2;27/04/2022 16:20;27/04/2022 16:30;10;Cistus monspeliensis;120;60;Phyto melanocephala;Rhinophoridae;DI;1;1;obs;Cabrera
2;28;Rocky coastal 2;Pine forest 2;27/04/2022 16:30;27/04/2022 16:40;10;Cistus monspeliensis;70;60;Phyto melanocephala;Rhinophoridae;DI;1;2;obs;Cabrera
2;28;Rocky coastal 2;Pine forest 2;27/04/2022 16:30;27/04/2022 16:40;10;Cistus monspeliensis;70;60;Eupeodes corollae;Syrphidae;HO;1;5;obs;Cabrera
2;28;Rocky coastal 2;Pine forest 2;27/04/2022 16:30;27/04/2022 16:40;10;Cistus monspeliensis;70;60;Eupeodes corollae;Syrphidae;HO;1;3;obs;Cabrera
2;28;Rocky coastal 2;Pine forest 2;27/04/2022 16:30;27/04/2022 16:40;10;Cistus monspeliensis;70;60;Eupeodes corollae;Syrphidae;HO;1;4;obs;Cabrera
2;28;Rocky coastal 2;Pine forest 2;27/04/2022 16:30;27/04/2022 16:40;10;Cistus monspeliensis;70;60;Eupeodes corollae;Syrphidae;HO;1;2;obs;Cabrera
2;29;Rocky coastal 2;Pine forest 2;27/04/2022 16:40;27/04/2022 16:50;10;Cistus monspeliensis;140;80;Eupeodes corollae;Syrphidae;HO;1;3;obs;Cabrera
2;29;Rocky coastal 2;Pine forest 2;27/04/2022 16:40;27/04/2022 16:50;10;Cistus monspeliensis;140;80;Anthomyia confusanea;Anthomyiidae;DI;1;1;obs;Cabrera
2;29;Rocky coastal 2;Pine forest 2;27/04/2022 16:40;27/04/2022 16:50;10;Cistus monspeliensis;140;80;Eupeodes corollae;Syrphidae;HO;1;4;obs;Cabrera
2;29;Rocky coastal 2;Pine forest 2;27/04/2022 16:40;27/04/2022 16:50;10;Cistus monspeliensis;140;80;Phyto melanocephala;Rhinophoridae;DI;1;1;obs;Cabrera
2;29;Rocky coastal 2;Pine forest 2;27/04/2022 16:40;27/04/2022 16:50;10;Cistus monspeliensis;140;80;Phyto melanocephala;Rhinophoridae;DI;1;1;obs;Cabrera
2;29;Rocky coastal 2;Pine forest 2;27/04/2022 16:40;27/04/2022 16:50;10;Cistus monspeliensis;140;80;Eupeodes corollae;Syrphidae;HO;1;2;obs;Cabrera
2;29;Rocky coastal 2;Pine forest 2;27/04/2022 16:40;27/04/2022 16:50;10;Cistus monspeliensis;140;80;Eupeodes corollae;Syrphidae;HO;1;3;obs;Cabrera
2;29;Rocky coastal 2;Pine forest 2;27/04/2022 16:40;27/04/2022 16:50;10;Cistus monspeliensis;140;80;Anthomyia confusanea;Anthomyiidae;DI;1;1;obs;Cabrera
2;29;Rocky coastal 2;Pine forest 2;27/04/2022 16:40;27/04/2022 16:50;10;Cistus monspeliensis;140;80;Phyto melanocephala;Rhinophoridae;DI;1;1;obs;Cabrera
2;30;Rocky coastal 2;Rocky coastal 2;27/04/2022 16:40;27/04/2022 16:50;10;Teucrium capitatum;4;4;Anaspis sp.;Scraptiidae;CO;1;1;obs;Cabrera
2;30;Rocky coastal 2;Rocky coastal 2;27/04/2022 16:40;27/04/2022 16:50;10;Teucrium capitatum;4;4;Anaspis sp.;Scraptiidae;CO;1;1;obs;Cabrera
2;30;Rocky coastal 2;Rocky coastal 2;27/04/2022 16:40;27/04/2022 16:50;10;Teucrium capitatum;4;4;Anaspis sp.;Scraptiidae;CO;1;1;obs;Cabrera
2;31;Rocky coastal 2;Pine forest 2;27/04/2022 16:50;27/04/2022 17:00;10;Cistus monspeliensis;180;60;Eupeodes corollae;Syrphidae;HO;1;1;obs;Cabrera
2;31;Rocky coastal 2;Pine forest 2;27/04/2022 16:50;27/04/2022 17:00;10;Cistus monspeliensis;180;60;Eupeodes corollae;Syrphidae;HO;1;3;obs;Cabrera
2;31;Rocky coastal 2;Pine forest 2;27/04/2022 16:50;27/04/2022 17:00;10;Cistus monspeliensis;180;60;Eupeodes corollae;Syrphidae;HO;1;1;obs;Cabrera
2;31;Rocky coastal 2;Pine forest 2;27/04/2022 16:50;27/04/2022 17:00;10;Cistus monspeliensis;180;60;Eupeodes corollae;Syrphidae;HO;1;5;obs;Cabrera
2;31;Rocky coastal 2;Pine forest 2;27/04/2022 16:50;27/04/2022 17:00;10;Cistus monspeliensis;180;60;Eupeodes corollae;Syrphidae;HO;1;1;obs;Cabrera
2;31;Rocky coastal 2;Pine forest 2;27/04/2022 16:50;27/04/2022 17:00;10;Cistus monspeliensis;180;60;Eupeodes corollae;Syrphidae;HO;1;2;obs;Cabrera
2;31;Rocky coastal 2;Pine forest 2;27/04/2022 16:50;27/04/2022 17:00;10;Cistus monspeliensis;180;60;Eupeodes corollae;Syrphidae;HO;1;3;obs;Cabrera
2;31;Rocky coastal 2;Pine forest 2;27/04/2022 16:50;27/04/2022 17:00;10;Cistus monspeliensis;180;60;Eupeodes corollae;Syrphidae;HO;1;3;obs;Cabrera
2;31;Rocky coastal 2;Pine forest 2;27/04/2022 16:50;27/04/2022 17:00;10;Cistus monspeliensis;180;60;Eupeodes corollae;Syrphidae;HO;1;1;obs;Cabrera
2;31;Rocky coastal 2;Pine forest 2;27/04/2022 16:50;27/04/2022 17:00;10;Cistus monspeliensis;180;60;Episyrphus balteatus;Syrphidae;HO;1;2;obs;Cabrera
2;31;Rocky coastal 2;Pine forest 2;27/04/2022 16:50;27/04/2022 17:00;10;Cistus monspeliensis;180;60;Phyto melanocephala;Rhinophoridae;DI;1;1;obs;Cabrera
2;32;Rocky coastal 2;Pine forest 2;27/04/2022 17:00;27/04/2022 17:10;10;Cistus monspeliensis;140;60;Episyrphus balteatus;Syrphidae;HO;1;2;obs;Cabrera
2;32;Rocky coastal 2;Pine forest 2;27/04/2022 17:00;27/04/2022 17:10;10;Cistus monspeliensis;140;60;Episyrphus balteatus;Syrphidae;HO;1;1;obs;Cabrera
2;32;Rocky coastal 2;Pine forest 2;27/04/2022 17:00;27/04/2022 17:10;10;Cistus monspeliensis;140;60;Eupeodes corollae;Syrphidae;HO;1;3;obs;Cabrera
2;32;Rocky coastal 2;Pine forest 2;27/04/2022 17:00;27/04/2022 17:10;10;Cistus monspeliensis;140;60;Eupeodes corollae;Syrphidae;HO;1;2;obs;Cabrera
2;32;Rocky coastal 2;Pine forest 2;27/04/2022 17:00;27/04/2022 17:10;10;Cistus monspeliensis;140;60;Episyrphus balteatus;Syrphidae;HO;1;1;obs;Cabrera
2;32;Rocky coastal 2;Pine forest 2;27/04/2022 17:00;27/04/2022 17:10;10;Cistus monspeliensis;140;60;Podarcis lilfordi;Lacertidae;VE;1;1;obs;Cabrera
2;32;Rocky coastal 2;Pine forest 2;27/04/2022 17:00;27/04/2022 17:10;10;Cistus monspeliensis;140;60;Phyto melanocephala;Rhinophoridae;DI;1;1;obs;Cabrera
2;32;Rocky coastal 2;Pine forest 2;27/04/2022 17:00;27/04/2022 17:10;10;Cistus monspeliensis;140;60;Monomorium sp;Formicidae;OT;9;10;obs;Cabrera
2;33;Rocky coastal 2;Pine forest 2;27/04/2022 17:10;27/04/2022 17:20;10;Cistus monspeliensis;140;60;Eupeodes corollae;Syrphidae;HO;1;8;obs;Cabrera
2;33;Rocky coastal 2;Pine forest 2;27/04/2022 17:10;27/04/2022 17:20;10;Cistus monspeliensis;140;60;Eupeodes corollae;Syrphidae;HO;1;3;obs;Cabrera
2;33;Rocky coastal 2;Pine forest 2;27/04/2022 17:10;27/04/2022 17:20;10;Cistus monspeliensis;140;60;Episyrphus balteatus;Syrphidae;HO;1;2;obs;Cabrera
2;33;Rocky coastal 2;Pine forest 2;27/04/2022 17:10;27/04/2022 17:20;10;Cistus monspeliensis;140;60;Episyrphus balteatus;Syrphidae;HO;1;2;obs;Cabrera
2;33;Rocky coastal 2;Pine forest 2;27/04/2022 17:10;27/04/2022 17:20;10;Cistus monspeliensis;140;60;Eupeodes corollae;Syrphidae;HO;1;3;obs;Cabrera
2;33;Rocky coastal 2;Pine forest 2;27/04/2022 17:10;27/04/2022 17:20;10;Cistus monspeliensis;140;60;Eupeodes corollae;Syrphidae;HO;1;3;obs;Cabrera
2;33;Rocky coastal 2;Pine forest 2;27/04/2022 17:10;27/04/2022 17:20;10;Cistus monspeliensis;140;60;Eupeodes corollae;Syrphidae;HO;1;4;obs;Cabrera
2;33;Rocky coastal 2;Pine forest 2;27/04/2022 17:10;27/04/2022 17:20;10;Cistus monspeliensis;140;60;Eupeodes corollae;Syrphidae;HO;1;1;obs;Cabrera
2;33;Rocky coastal 2;Pine forest 2;27/04/2022 17:10;27/04/2022 17:20;10;Cistus monspeliensis;140;60;Podarcis lilfordi;Lacertidae;VE;1;1;obs;Cabrera
2;33;Rocky coastal 2;Pine forest 2;27/04/2022 17:10;27/04/2022 17:20;10;Cistus monspeliensis;140;60;Eupeodes corollae;Syrphidae;HO;1;1;obs;Cabrera
2;34;Rocky coastal 2;Rocky coastal 2;27/04/2022 17:00;27/04/2022 17:10;10;Teucrium capitatum;3;3;Anaspis sp.;Scraptiidae;CO;1;1;obs;Cabrera
2;34;Rocky coastal 2;Rocky coastal 2;27/04/2022 17:00;27/04/2022 17:10;10;Teucrium capitatum;3;3;Anaspis sp.;Scraptiidae;CO;1;1;obs;Cabrera
2;34;Rocky coastal 2;Rocky coastal 2;27/04/2022 17:00;27/04/2022 17:10;10;Teucrium capitatum;3;3;Anaspis sp.;Scraptiidae;CO;1;1;obs;Cabrera
2;35;Rocky coastal 2;Pine forest 2;27/04/2022 17:10;27/04/2022 17:20;10;Cistus monspeliensis;200;65;Lydella thompsoni;Tachinidae;DI;1;1;obs;Cabrera
2;35;Rocky coastal 2;Pine forest 2;27/04/2022 17:10;27/04/2022 17:20;10;Cistus monspeliensis;200;65;Lydella thompsoni;Tachinidae;DI;1;1;obs;Cabrera
2;35;Rocky coastal 2;Pine forest 2;27/04/2022 17:10;27/04/2022 17:20;10;Cistus monspeliensis;200;65;Eupeodes corollae;Syrphidae;HO;1;3;obs;Cabrera
2;35;Rocky coastal 2;Pine forest 2;27/04/2022 17:10;27/04/2022 17:20;10;Cistus monspeliensis;200;65;Eupeodes corollae;Syrphidae;HO;1;2;obs;Cabrera
2;35;Rocky coastal 2;Pine forest 2;27/04/2022 17:10;27/04/2022 17:20;10;Cistus monspeliensis;200;65;Episyrphus balteatus;Syrphidae;HO;1;2;obs;Cabrera
2;35;Rocky coastal 2;Pine forest 2;27/04/2022 17:10;27/04/2022 17:20;10;Cistus monspeliensis;200;65;Meligethes sp.;Nitidulidae;CO;1;1;obs;Cabrera
2;35;Rocky coastal 2;Pine forest 2;27/04/2022 17:10;27/04/2022 17:20;10;Cistus monspeliensis;200;65;Meligethes sp.;Nitidulidae;CO;1;1;obs;Cabrera
2;35;Rocky coastal 2;Pine forest 2;27/04/2022 17:10;27/04/2022 17:20;10;Cistus monspeliensis;200;65;Spilostethus pandurus;Lygaeidae;OT;1;1;obs;Cabrera
2;35;Rocky coastal 2;Pine forest 2;27/04/2022 17:10;27/04/2022 17:20;10;Cistus monspeliensis;200;65;Episyrphus balteatus;Syrphidae;HO;1;1;obs;Cabrera
2;35;Rocky coastal 2;Pine forest 2;27/04/2022 17:10;27/04/2022 17:20;10;Cistus monspeliensis;200;65;Eupeodes corollae;Syrphidae;HO;1;1;obs;Cabrera
2;35;Rocky coastal 2;Pine forest 2;27/04/2022 17:10;27/04/2022 17:20;10;Cistus monspeliensis;200;65;Monomorium sp;Formicidae;OT;8;9;obs;Cabrera
2;36;Rocky coastal 2;Rocky coastal 2;28/04/2022 10:30;28/04/2022 10:40;10;Teucrium capitatum;11;11;Anaspis sp.;Scraptiidae;CO;1;1;obs;Cabrera
2;36;Rocky coastal 2;Rocky coastal 2;28/04/2022 10:30;28/04/2022 10:40;10;Teucrium capitatum;11;11;Anaspis sp.;Scraptiidae;CO;1;1;obs;Cabrera
2;36;Rocky coastal 2;Rocky coastal 2;28/04/2022 10:30;28/04/2022 10:40;10;Teucrium capitatum;11;11;Anaspis sp.;Scraptiidae;CO;1;1;obs;Cabrera
2;36;Rocky coastal 2;Rocky coastal 2;28/04/2022 10:30;28/04/2022 10:40;10;Teucrium capitatum;11;11;Anaspis sp.;Scraptiidae;CO;1;1;obs;Cabrera
2;36;Rocky coastal 2;Rocky coastal 2;28/04/2022 10:30;28/04/2022 10:40;10;Teucrium capitatum;11;11;Anthomyia confusanea;Anthomyiidae;DI;1;2;obs;Cabrera
2;37;Rocky coastal 2;Pine forest 2;28/04/2022 10:30;28/04/2022 10:50;20;Cistus monspeliensis;180;55;Phyto melanocephala;Rhinophoridae;DI;4;4;obs;Cabrera
2;37;Rocky coastal 2;Pine forest 2;28/04/2022 10:30;28/04/2022 10:50;20;Cistus monspeliensis;180;55;Eupeodes corollae;Syrphidae;HO;1;3;obs;Cabrera
2;37;Rocky coastal 2;Pine forest 2;28/04/2022 10:30;28/04/2022 10:50;20;Cistus monspeliensis;180;55;Eupeodes corollae;Syrphidae;HO;1;3;obs;Cabrera
2;37;Rocky coastal 2;Pine forest 2;28/04/2022 10:30;28/04/2022 10:50;20;Cistus monspeliensis;180;55;Eupeodes corollae;Syrphidae;HO;1;5;obs;Cabrera
2;37;Rocky coastal 2;Pine forest 2;28/04/2022 10:30;28/04/2022 10:50;20;Cistus monspeliensis;180;55;Eupeodes corollae;Syrphidae;HO;1;2;obs;Cabrera
2;37;Rocky coastal 2;Pine forest 2;28/04/2022 10:30;28/04/2022 10:50;20;Cistus monspeliensis;180;55;Monomorium sp;Formicidae;OT;8;8;obs;Cabrera
2;37;Rocky coastal 2;Pine forest 2;28/04/2022 10:30;28/04/2022 10:50;20;Cistus monspeliensis;180;55;Episyrphus balteatus;Syrphidae;HO;1;2;obs;Cabrera
2;37;Rocky coastal 2;Pine forest 2;28/04/2022 10:30;28/04/2022 10:50;20;Cistus monspeliensis;180;55;Eupeodes corollae;Syrphidae;HO;1;1;obs;Cabrera
2;37;Rocky coastal 2;Pine forest 2;28/04/2022 10:30;28/04/2022 10:50;20;Cistus monspeliensis;180;55;Episyrphus balteatus;Syrphidae;HO;1;1;obs;Cabrera
2;37;Rocky coastal 2;Pine forest 2;28/04/2022 10:30;28/04/2022 10:50;20;Cistus monspeliensis;180;55;Episyrphus balteatus;Syrphidae;HO;1;3;obs;Cabrera
2;37;Rocky coastal 2;Pine forest 2;28/04/2022 10:30;28/04/2022 10:50;20;Cistus monspeliensis;180;55;Eupeodes corollae;Syrphidae;HO;1;4;obs;Cabrera
2;37;Rocky coastal 2;Pine forest 2;28/04/2022 10:30;28/04/2022 10:50;20;Cistus monspeliensis;180;55;Vanessa atalanta;Nymphalidae;LE;1;1;obs;Cabrera
2;37;Rocky coastal 2;Pine forest 2;28/04/2022 10:30;28/04/2022 10:50;20;Cistus monspeliensis;180;55;Pyrellia vivida;Muscidae;DI;1;2;obs;Cabrera
2;37;Rocky coastal 2;Pine forest 2;28/04/2022 10:30;28/04/2022 10:50;20;Cistus monspeliensis;180;55;Meliscaeva auricollis;Syrphidae;HO;1;1;obs;Cabrera
2;37;Rocky coastal 2;Pine forest 2;28/04/2022 10:30;28/04/2022 10:50;20;Cistus monspeliensis;180;55;Podarcis lilfordi;Lacertidae;VE;1;1;obs;Cabrera
2;37a;Rocky coastal 2;Rocky coastal 2;28/04/2022 10:30;28/04/2022 10:50;20;Teucrium capitatum;5;5;Anaspis sp.;Scraptiidae;CO;1;1;obs;Cabrera
2;37a;Rocky coastal 2;Rocky coastal 2;28/04/2022 10:30;28/04/2022 10:50;20;Teucrium capitatum;5;5;Anaspis sp.;Scraptiidae;CO;1;1;obs;Cabrera
2;37a;Rocky coastal 2;Rocky coastal 2;28/04/2022 10:30;28/04/2022 10:50;20;Teucrium capitatum;5;5;Eupeodes corollae;Syrphidae;HO;1;4;obs;Cabrera
2;38;Rocky coastal 2;Rocky coastal 2;28/04/2022 11:00;28/04/2022 11:20;20;Teucrium capitatum;22;22;Anaspis sp.;Scraptiidae;CO;6;7;obs;Cabrera
2;38;Rocky coastal 2;Rocky coastal 2;28/04/2022 11:00;28/04/2022 11:20;20;Teucrium capitatum;22;22;Eupeodes corollae;Syrphidae;HO;1;9;obs;Cabrera
2;38;Rocky coastal 2;Rocky coastal 2;28/04/2022 11:00;28/04/2022 11:20;20;Teucrium capitatum;22;22;Meliscaeva auricollis;Syrphidae;HO;1;3;obs;Cabrera
2;39;Rocky coastal 2;Rocky coastal 2;28/04/2022 11:20;28/04/2022 11:50;30;Teucrium capitatum;19;19;Anaspis sp.;Scraptiidae;CO;9;11;obs;Cabrera
2;39;Rocky coastal 2;Rocky coastal 2;28/04/2022 11:20;28/04/2022 11:50;30;Teucrium capitatum;19;19;Meliscaeva auricollis;Syrphidae;HO;1;5;obs;Cabrera
2;39;Rocky coastal 2;Rocky coastal 2;28/04/2022 11:20;28/04/2022 11:50;30;Teucrium capitatum;19;19;Eupeodes corollae;Syrphidae;HO;1;4;obs;Cabrera
2;40;Rocky coastal 1;Rocky coastal 1;29/04/2022 10:15;29/04/2022 10:25;10;Astragalus balearicus;45;45;Eupeodes corollae;Syrphidae;HO;1;4;obs;Cabrera
2;40;Rocky coastal 1;Rocky coastal 1;29/04/2022 10:15;29/04/2022 10:25;10;Astragalus balearicus;45;45;Podarcis lilfordi;Lacertidae;VE;1;1;obs;Cabrera
2;41;Rocky coastal 1;Rocky coastal 1;29/04/2022 10:15;29/04/2022 10:25;10;Teucrium capitatum;35;35;Lydella nigrescens;Tachinidae;DI;1;1;obs;Cabrera
2;42;Rocky coastal 1;Rocky coastal 1;29/04/2022 10:25;29/04/2022 10:35;10;Daucus carota L. subsp. Majoricus;8;8;Meliscaeva auricollis;Syrphidae;HO;1;2;obs;Cabrera
2;42;Rocky coastal 1;Rocky coastal 1;29/04/2022 10:25;29/04/2022 10:35;10;Daucus carota L. subsp. Majoricus;8;8;Vanessa atalanta;Nymphalidae;LE;1;1;obs;Cabrera
2;42;Rocky coastal 1;Rocky coastal 1;29/04/2022 10:25;29/04/2022 10:35;10;Daucus carota L. subsp. Majoricus;8;8;Podarcis lilfordi;Lacertidae;VE;1;1;obs;Cabrera
2;42;Rocky coastal 1;Rocky coastal 1;29/04/2022 10:25;29/04/2022 10:35;10;Daucus carota L. subsp. Majoricus;8;8;Podarcis lilfordi;Lacertidae;VE;1;1;obs;Cabrera
2;43;Rocky coastal 1;Rocky coastal 1;29/04/2022 10:35;29/04/2022 10:45;10;Teucrium capitatum;6;6;Meliscaeva auricollis;Syrphidae;HO;1;1;obs;Cabrera
2;44;Rocky coastal 1;Rocky coastal 1;29/04/2022 10:45;29/04/2022 10:55;10;Daucus carota L. subsp. Majoricus;3;3;Eupeodes corollae;Syrphidae;HO;1;1;obs;Cabrera
2;45;Rocky coastal 1;Rocky coastal 1;29/04/2022 10:55;29/04/2022 11:05;10;Teucrium capitatum;15;15;Spilostethus pandurus;Lygaeidae;OT;1;1;obs;Cabrera
2;45;Rocky coastal 1;Rocky coastal 1;29/04/2022 10:55;29/04/2022 11:05;10;Teucrium capitatum;15;15;Eupeodes corollae;Syrphidae;HO;1;4;obs;Cabrera
2;46;Rocky coastal 1;Rocky coastal 1;29/04/2022 11:05;29/04/2022 11:15;10;Daucus carota L. subsp. Majoricus;16;16;Meliscaeva auricollis;Syrphidae;HO;1;1;obs;Cabrera
2;46;Rocky coastal 1;Rocky coastal 1;29/04/2022 11:05;29/04/2022 11:15;10;Daucus carota L. subsp. Majoricus;16;16;Eupeodes corollae;Syrphidae;HO;1;3;obs;Cabrera
2;46;Rocky coastal 1;Rocky coastal 1;29/04/2022 11:05;29/04/2022 11:15;10;Daucus carota L. subsp. Majoricus;16;16;Eupeodes corollae;Syrphidae;HO;1;1;obs;Cabrera
2;46;Rocky coastal 1;Rocky coastal 1;29/04/2022 11:05;29/04/2022 11:15;10;Daucus carota L. subsp. Majoricus;16;16;Vanessa atalanta;Nymphalidae;LE;1;1;obs;Cabrera
2;47;Rocky coastal 1;Rocky coastal 1;29/04/2022 11:15;29/04/2022 11:25;10;Astragalus balearicus;20;20;Podarcis lilfordi;Lacertidae;VE;1;1;obs;Cabrera
2;47;Rocky coastal 1;Rocky coastal 1;29/04/2022 11:15;29/04/2022 11:25;10;Astragalus balearicus;20;20;Eupeodes corollae;Syrphidae;HO;1;1;obs;Cabrera
2;47;Rocky coastal 1;Rocky coastal 1;29/04/2022 11:15;29/04/2022 11:25;10;Astragalus balearicus;20;20;Podarcis lilfordi;Lacertidae;VE;1;2;obs;Cabrera
2;47;Rocky coastal 1;Rocky coastal 1;29/04/2022 11:15;29/04/2022 11:25;10;Astragalus balearicus;20;20;Podarcis lilfordi;Lacertidae;VE;1;2;obs;Cabrera
2;48;Rocky coastal 1;Rocky coastal 1;29/04/2022 10:17;29/04/2022 10:27;10;Daucus carota L. subsp. Majoricus;7;7;Eumenes dubius;Eumenidae;WA;1;1;obs;Cabrera
2;48;Rocky coastal 1;Rocky coastal 1;29/04/2022 10:17;29/04/2022 10:27;10;Daucus carota L. subsp. Majoricus;7;7;Eupeodes corollae;Syrphidae;HO;1;1;obs;Cabrera
2;48;Rocky coastal 1;Rocky coastal 1;29/04/2022 10:17;29/04/2022 10:27;10;Daucus carota L. subsp. Majoricus;7;7;Eupeodes corollae;Syrphidae;HO;1;4;obs;Cabrera
2;48;Rocky coastal 1;Rocky coastal 1;29/04/2022 10:17;29/04/2022 10:27;10;Daucus carota L. subsp. Majoricus;7;7;Meliscaeva auricollis;Syrphidae;HO;1;1;obs;Cabrera
2;48;Rocky coastal 1;Rocky coastal 1;29/04/2022 10:17;29/04/2022 10:27;10;Daucus carota L. subsp. Majoricus;7;7;Eupeodes corollae;Syrphidae;HO;1;2;obs;Cabrera
2;48;Rocky coastal 1;Rocky coastal 1;29/04/2022 10:17;29/04/2022 10:27;10;Daucus carota L. subsp. Majoricus;7;7;Unknown insect;unknown family;unkown fg;1;1;obs;Cabrera
2;48;Rocky coastal 1;Rocky coastal 1;29/04/2022 10:17;29/04/2022 10:27;10;Daucus carota L. subsp. Majoricus;7;7;Crematogaster sp.;Formicidae;OT;1;1;obs;Cabrera
2;48;Rocky coastal 1;Rocky coastal 1;29/04/2022 10:17;29/04/2022 10:27;10;Daucus carota L. subsp. Majoricus;7;7;Lydella nigrescens;Tachinidae;DI;1;1;obs;Cabrera
2;48;Rocky coastal 1;Rocky coastal 1;29/04/2022 10:17;29/04/2022 10:27;10;Daucus carota L. subsp. Majoricus;7;7;Lydella nigrescens;Tachinidae;DI;1;3;obs;Cabrera
2;48;Rocky coastal 1;Rocky coastal 1;29/04/2022 10:17;29/04/2022 10:27;10;Daucus carota L. subsp. Majoricus;7;7;Lydella nigrescens;Tachinidae;DI;1;3;obs;Cabrera
2;48;Rocky coastal 1;Rocky coastal 1;29/04/2022 10:17;29/04/2022 10:27;10;Daucus carota L. subsp. Majoricus;7;7;Ancistrocerus ebusianus;Eumenidae;WA;1;1;obs;Cabrera
2;49;Rocky coastal 1;Rocky coastal 1;29/04/2022 10:27;29/04/2022 10:37;10;Daucus carota L. subsp. Majoricus;5;5;Eupeodes corollae;Syrphidae;HO;1;1;obs;Cabrera
2;49;Rocky coastal 1;Rocky coastal 1;29/04/2022 10:27;29/04/2022 10:37;10;Daucus carota L. subsp. Majoricus;5;5;Eupeodes corollae;Syrphidae;HO;1;1;obs;Cabrera
2;49;Rocky coastal 1;Rocky coastal 1;29/04/2022 10:27;29/04/2022 10:37;10;Daucus carota L. subsp. Majoricus;5;5;Lydella nigrescens;Tachinidae;DI;1;2;obs;Cabrera
2;50;Rocky coastal 1;Rocky coastal 1;29/04/2022 10:37;29/04/2022 10:47;10;Daucus carota L. subsp. Majoricus;4;4;Hydrellia sp;Ephydridae;DI;1;1;obs;Cabrera
2;50;Rocky coastal 1;Rocky coastal 1;29/04/2022 10:37;29/04/2022 10:47;10;Daucus carota L. subsp. Majoricus;4;4;Eupeodes corollae;Syrphidae;HO;1;1;obs;Cabrera
2;50;Rocky coastal 1;Rocky coastal 1;29/04/2022 10:37;29/04/2022 10:47;10;Daucus carota L. subsp. Majoricus;4;4;Eupeodes corollae;Syrphidae;HO;1;1;obs;Cabrera
2;50;Rocky coastal 1;Rocky coastal 1;29/04/2022 10:37;29/04/2022 10:47;10;Daucus carota L. subsp. Majoricus;4;4;Lydella nigrescens;Tachinidae;DI;1;2;obs;Cabrera
2;51;Rocky coastal 1;Rocky coastal 1;29/04/2022 10:47;29/04/2022 10:57;10;Daucus carota L. subsp. Majoricus;8;8;Eupeodes corollae;Syrphidae;HO;1;1;obs;Cabrera
2;51;Rocky coastal 1;Rocky coastal 1;29/04/2022 10:47;29/04/2022 10:57;10;Daucus carota L. subsp. Majoricus;8;8;Eupeodes corollae;Syrphidae;HO;1;1;obs;Cabrera
2;51;Rocky coastal 1;Rocky coastal 1;29/04/2022 10:47;29/04/2022 10:57;10;Daucus carota L. subsp. Majoricus;8;8;Eupeodes corollae;Syrphidae;HO;1;3;obs;Cabrera
2;51;Rocky coastal 1;Rocky coastal 1;29/04/2022 10:47;29/04/2022 10:57;10;Daucus carota L. subsp. Majoricus;8;8;Eupeodes corollae;Syrphidae;HO;1;4;obs;Cabrera
2;51;Rocky coastal 1;Rocky coastal 1;29/04/2022 10:47;29/04/2022 10:57;10;Daucus carota L. subsp. Majoricus;8;8;Eupeodes corollae;Syrphidae;HO;1;2;obs;Cabrera
2;52;Rocky coastal 1;Rocky coastal 1;29/04/2022 10:57;29/04/2022 11:07;10;Daucus carota L. subsp. Majoricus;7;7;Eupeodes corollae;Syrphidae;HO;1;1;obs;Cabrera
2;52;Rocky coastal 1;Rocky coastal 1;29/04/2022 10:57;29/04/2022 11:07;10;Daucus carota L. subsp. Majoricus;7;7;Eupeodes corollae;Syrphidae;HO;1;1;obs;Cabrera
2;52;Rocky coastal 1;Rocky coastal 1;29/04/2022 10:57;29/04/2022 11:07;10;Daucus carota L. subsp. Majoricus;7;7;Eupeodes corollae;Syrphidae;HO;1;2;obs;Cabrera
2;52;Rocky coastal 1;Rocky coastal 1;29/04/2022 10:57;29/04/2022 11:07;10;Daucus carota L. subsp. Majoricus;7;7;Eupeodes corollae;Syrphidae;HO;1;3;obs;Cabrera
2;53;Rocky coastal 1;Rocky coastal 1;29/04/2022 11:14;29/04/2022 11:24;10;Daucus carota L. subsp. Majoricus;10;10;Lydella nigrescens;Tachinidae;DI;1;2;obs;Cabrera
2;53;Rocky coastal 1;Rocky coastal 1;29/04/2022 11:14;29/04/2022 11:24;10;Daucus carota L. subsp. Majoricus;10;10;Eupeodes corollae;Syrphidae;HO;1;2;obs;Cabrera
2;53;Rocky coastal 1;Rocky coastal 1;29/04/2022 11:14;29/04/2022 11:24;10;Daucus carota L. subsp. Majoricus;10;10;Melanostoma scalare;Syrphidae;HO;1;1;obs;Cabrera
2;53;Rocky coastal 1;Rocky coastal 1;29/04/2022 11:14;29/04/2022 11:24;10;Daucus carota L. subsp. Majoricus;10;10;Dasytes nigroaeneus;Dasytidae;CO;1;1;obs;Cabrera
2;54;Rocky coastal 1;Rocky coastal 1;29/04/2022 11:24;29/04/2022 11:34;10;Daucus carota L. subsp. Majoricus;5;5;Eupeodes corollae;Syrphidae;HO;1;1;obs;Cabrera
2;54;Rocky coastal 1;Rocky coastal 1;29/04/2022 11:24;29/04/2022 11:34;10;Daucus carota L. subsp. Majoricus;5;5;Eupeodes corollae;Syrphidae;HO;1;3;obs;Cabrera
2;54;Rocky coastal 1;Rocky coastal 1;29/04/2022 11:24;29/04/2022 11:34;10;Daucus carota L. subsp. Majoricus;5;5;Eupeodes corollae;Syrphidae;HO;1;2;obs;Cabrera
2;55;Rocky coastal 1;Rocky coastal 1;29/04/2022 11:34;29/04/2022 11:44;10;Daucus carota L. subsp. Majoricus;7;7;Melanostoma scalare;Syrphidae;HO;1;1;obs;Cabrera
2;55;Rocky coastal 1;Rocky coastal 1;29/04/2022 11:34;29/04/2022 11:44;10;Daucus carota L. subsp. Majoricus;7;7;Eristalis tenax;Syrphidae;HO;1;1;obs;Cabrera
2;55;Rocky coastal 1;Rocky coastal 1;29/04/2022 11:34;29/04/2022 11:44;10;Daucus carota L. subsp. Majoricus;7;7;Anthomyia confusanea;Anthomyiidae;DI;1;2;obs;Cabrera
2;55;Rocky coastal 1;Rocky coastal 1;29/04/2022 11:34;29/04/2022 11:44;10;Daucus carota L. subsp. Majoricus;7;7;Melanostoma scalare;Syrphidae;HO;1;1;obs;Cabrera
2;55;Rocky coastal 1;Rocky coastal 1;29/04/2022 11:34;29/04/2022 11:44;10;Daucus carota L. subsp. Majoricus;7;7;Melanostoma scalare;Syrphidae;HO;1;1;obs;Cabrera
3;56;Dune system 1;Dune system 1;17/05/2022 13:50;17/05/2022 14:00;10;Daucus carota L. subsp. Majoricus;11;11;Episyrphus balteatus;Syrphidae;HO;1;3;obs;Cabrera
3;56;Dune system 1;Dune system 1;17/05/2022 13:50;17/05/2022 14:00;10;Daucus carota L. subsp. Majoricus;11;11;Episyrphus balteatus;Syrphidae;HO;1;2;obs;Cabrera
3;56;Dune system 1;Dune system 1;17/05/2022 13:50;17/05/2022 14:00;10;Daucus carota L. subsp. Majoricus;11;11;Episyrphus balteatus;Syrphidae;HO;1;3;obs;Cabrera
3;56;Dune system 1;Dune system 1;17/05/2022 13:50;17/05/2022 14:00;10;Daucus carota L. subsp. Majoricus;11;11;Episyrphus balteatus;Syrphidae;HO;1;4;obs;Cabrera
3;56;Dune system 1;Dune system 1;17/05/2022 13:50;17/05/2022 14:00;10;Daucus carota L. subsp. Majoricus;11;11;Episyrphus balteatus;Syrphidae;HO;1;1;obs;Cabrera
3;56;Dune system 1;Dune system 1;17/05/2022 13:50;17/05/2022 14:00;10;Daucus carota L. subsp. Majoricus;11;11;Episyrphus balteatus;Syrphidae;HO;1;2;obs;Cabrera
3;56;Dune system 1;Dune system 1;17/05/2022 13:50;17/05/2022 14:00;10;Daucus carota L. subsp. Majoricus;11;11;Lasioglossum sp.;Halictidae;BE;1;5;obs;Cabrera
3;56;Dune system 1;Dune system 1;17/05/2022 13:50;17/05/2022 14:00;10;Daucus carota L. subsp. Majoricus;11;11;Lasioglossum sp.;Halictidae;BE;1;4;obs;Cabrera
3;56;Dune system 1;Dune system 1;17/05/2022 13:50;17/05/2022 14:00;10;Daucus carota L. subsp. Majoricus;11;11;Lasioglossum sp.;Halictidae;BE;1;6;obs;Cabrera
3;56;Dune system 1;Dune system 1;17/05/2022 13:50;17/05/2022 14:00;10;Daucus carota L. subsp. Majoricus;11;11;Lasioglossum sp.;Halictidae;BE;1;3;obs;Cabrera
3;56;Dune system 1;Dune system 1;17/05/2022 13:50;17/05/2022 14:00;10;Daucus carota L. subsp. Majoricus;11;11;Lasioglossum sp.;Halictidae;BE;1;2;obs;Cabrera
3;56;Dune system 1;Dune system 1;17/05/2022 13:50;17/05/2022 14:00;10;Daucus carota L. subsp. Majoricus;11;11;Podarcis lilfordi;Lacertidae;VE;1;2;obs;Cabrera
3;57;Dune system 1;Dune system 1;17/05/2022 14:00;17/05/2022 14:10;10;Daucus carota L. subsp. Majoricus;16;16;Podarcis lilfordi;Lacertidae;VE;1;2;obs;Cabrera
3;57;Dune system 1;Dune system 1;17/05/2022 14:00;17/05/2022 14:10;10;Daucus carota L. subsp. Majoricus;16;16;Episyrphus balteatus;Syrphidae;HO;1;3;obs;Cabrera
3;57;Dune system 1;Dune system 1;17/05/2022 14:00;17/05/2022 14:10;10;Daucus carota L. subsp. Majoricus;16;16;Eupeodes corollae;Syrphidae;HO;1;2;obs;Cabrera
3;57;Dune system 1;Dune system 1;17/05/2022 14:00;17/05/2022 14:10;10;Daucus carota L. subsp. Majoricus;16;16;Eupeodes corollae;Syrphidae;HO;1;1;obs;Cabrera
3;57;Dune system 1;Dune system 1;17/05/2022 14:00;17/05/2022 14:10;10;Daucus carota L. subsp. Majoricus;16;16;Lasioglossum sp.;Halictidae;BE;1;4;obs;Cabrera
3;57;Dune system 1;Dune system 1;17/05/2022 14:00;17/05/2022 14:10;10;Daucus carota L. subsp. Majoricus;16;16;Lasioglossum sp.;Halictidae;BE;1;3;obs;Cabrera
3;57;Dune system 1;Dune system 1;17/05/2022 14:00;17/05/2022 14:10;10;Daucus carota L. subsp. Majoricus;16;16;Podarcis lilfordi;Lacertidae;VE;1;1;obs;Cabrera
3;57;Dune system 1;Dune system 1;17/05/2022 14:00;17/05/2022 14:10;10;Daucus carota L. subsp. Majoricus;16;16;Podarcis lilfordi;Lacertidae;VE;1;1;obs;Cabrera
3;57;Dune system 1;Dune system 1;17/05/2022 14:00;17/05/2022 14:10;10;Daucus carota L. subsp. Majoricus;16;16;Podarcis lilfordi;Lacertidae;VE;1;3;obs;Cabrera
3;57;Dune system 1;Dune system 1;17/05/2022 14:00;17/05/2022 14:10;10;Daucus carota L. subsp. Majoricus;16;16;Podarcis lilfordi;Lacertidae;VE;1;2;obs;Cabrera
3;58;Dune system 1;Dune system 1;17/05/2022 14:10;17/05/2022 14:20;10;Daucus carota L. subsp. Majoricus;12;12;Podarcis lilfordi;Lacertidae;VE;1;3;obs;Cabrera
3;58;Dune system 1;Dune system 1;17/05/2022 14:10;17/05/2022 14:20;10;Daucus carota L. subsp. Majoricus;12;12;Episyrphus balteatus;Syrphidae;HO;1;1;obs;Cabrera
3;58;Dune system 1;Dune system 1;17/05/2022 14:10;17/05/2022 14:20;10;Daucus carota L. subsp. Majoricus;12;12;Episyrphus balteatus;Syrphidae;HO;1;3;obs;Cabrera
3;58;Dune system 1;Dune system 1;17/05/2022 14:10;17/05/2022 14:20;10;Daucus carota L. subsp. Majoricus;12;12;Eupeodes corollae;Syrphidae;HO;1;2;obs;Cabrera
3;58;Dune system 1;Dune system 1;17/05/2022 14:10;17/05/2022 14:20;10;Daucus carota L. subsp. Majoricus;12;12;Episyrphus balteatus;Syrphidae;HO;1;4;obs;Cabrera
3;58;Dune system 1;Dune system 1;17/05/2022 14:10;17/05/2022 14:20;10;Daucus carota L. subsp. Majoricus;12;12;Podarcis lilfordi;Lacertidae;VE;1;2;obs;Cabrera
3;58;Dune system 1;Dune system 1;17/05/2022 14:10;17/05/2022 14:20;10;Daucus carota L. subsp. Majoricus;12;12;Podarcis lilfordi;Lacertidae;VE;1;1;obs;Cabrera
3;58;Dune system 1;Dune system 1;17/05/2022 14:10;17/05/2022 14:20;10;Daucus carota L. subsp. Majoricus;12;12;Podarcis lilfordi;Lacertidae;VE;1;1;obs;Cabrera
3;58;Dune system 1;Dune system 1;17/05/2022 14:10;17/05/2022 14:20;10;Daucus carota L. subsp. Majoricus;12;12;Podarcis lilfordi;Lacertidae;VE;1;1;obs;Cabrera
3;58;Dune system 1;Dune system 1;17/05/2022 14:10;17/05/2022 14:20;10;Daucus carota L. subsp. Majoricus;12;12;Podarcis lilfordi;Lacertidae;VE;1;2;obs;Cabrera
3;59;Dune system 1;Dune system 1;17/05/2022 14:30;17/05/2022 14:40;10;Limonium sp.;4;4;Eupeodes corollae;Syrphidae;HO;1;2;obs;Cabrera
3;60;Dune system 1;Dune system 1;17/05/2022 14:40;17/05/2022 14:50;10;Daucus carota L. subsp. Majoricus;11;11;Podarcis lilfordi;Lacertidae;VE;1;1;obs;Cabrera
3;60;Dune system 1;Dune system 1;17/05/2022 14:40;17/05/2022 14:50;10;Daucus carota L. subsp. Majoricus;11;11;Podarcis lilfordi;Lacertidae;VE;1;1;obs;Cabrera
3;60;Dune system 1;Dune system 1;17/05/2022 14:40;17/05/2022 14:50;10;Daucus carota L. subsp. Majoricus;11;11;Episyrphus balteatus;Syrphidae;HO;1;2;obs;Cabrera
3;60;Dune system 1;Dune system 1;17/05/2022 14:40;17/05/2022 14:50;10;Daucus carota L. subsp. Majoricus;11;11;Eupeodes corollae;Syrphidae;HO;1;3;obs;Cabrera
3;60;Dune system 1;Dune system 1;17/05/2022 14:40;17/05/2022 14:50;10;Daucus carota L. subsp. Majoricus;11;11;Lasioglossum sp.;Halictidae;BE;1;4;obs;Cabrera
3;60;Dune system 1;Dune system 1;17/05/2022 14:40;17/05/2022 14:50;10;Daucus carota L. subsp. Majoricus;11;11;Lydella thompsoni;Tachinidae;DI;1;2;obs;Cabrera
3;60;Dune system 1;Dune system 1;17/05/2022 14:40;17/05/2022 14:50;10;Daucus carota L. subsp. Majoricus;11;11;Anthomyia confusanea;Anthomyiidae;DI;1;1;obs;Cabrera
3;60;Dune system 1;Dune system 1;17/05/2022 14:40;17/05/2022 14:50;10;Daucus carota L. subsp. Majoricus;11;11;Episyrphus balteatus;Syrphidae;HO;1;3;obs;Cabrera
3;60;Dune system 1;Dune system 1;17/05/2022 14:40;17/05/2022 14:50;10;Daucus carota L. subsp. Majoricus;11;11;Episyrphus balteatus;Syrphidae;HO;1;5;obs;Cabrera
3;60;Dune system 1;Dune system 1;17/05/2022 14:40;17/05/2022 14:50;10;Daucus carota L. subsp. Majoricus;11;11;Episyrphus balteatus;Syrphidae;HO;1;6;obs;Cabrera
3;61;Dune system 1;Dune system 1;17/05/2022 14:00;17/05/2022 14:10;10;Teucrium capitatum;8;8;Eupeodes corollae;Syrphidae;HO;1;4;obs;Cabrera
3;61;Dune system 1;Dune system 1;17/05/2022 14:00;17/05/2022 14:10;10;Teucrium capitatum;8;8;Eupeodes corollae;Syrphidae;HO;1;3;obs;Cabrera
3;61;Dune system 1;Dune system 1;17/05/2022 14:00;17/05/2022 14:10;10;Teucrium capitatum;8;8;Eupeodes corollae;Syrphidae;HO;1;2;obs;Cabrera
3;62;Dune system 1;Dune system 1;17/05/2022 14:28;17/05/2022 14:38;10;Cakile maritima;35;35;Lydella nigrescens;Tachinidae;DI;1;3;obs;Cabrera
3;62;Dune system 1;Dune system 1;17/05/2022 14:28;17/05/2022 14:38;10;Cakile maritima;35;35;Eupeodes corollae;Syrphidae;HO;1;3;obs;Cabrera
3;62;Dune system 1;Dune system 1;17/05/2022 14:28;17/05/2022 14:38;10;Cakile maritima;35;35;Exoprosopa cf. bowdeni;Bombyliidae;DI;1;1;obs;Cabrera
3;63;Dune system 1;Dune system 1;17/05/2022 14:40;17/05/2022 14:50;10;Cakile maritima;150;65;Eupeodes corollae;Syrphidae;HO;1;5;obs;Cabrera
3;63;Dune system 1;Dune system 1;17/05/2022 14:40;17/05/2022 14:50;10;Cakile maritima;150;65;Eupeodes corollae;Syrphidae;HO;1;2;obs;Cabrera
3;63;Dune system 1;Dune system 1;17/05/2022 14:40;17/05/2022 14:50;10;Cakile maritima;150;65;Eupeodes corollae;Syrphidae;HO;1;2;obs;Cabrera
3;63;Dune system 1;Dune system 1;17/05/2022 14:40;17/05/2022 14:50;10;Cakile maritima;150;65;Pyrellia vivida;Muscidae;DI;1;2;obs;Cabrera
3;63;Dune system 1;Dune system 1;17/05/2022 14:40;17/05/2022 14:50;10;Cakile maritima;150;65;Pyrellia vivida;Muscidae;DI;1;3;obs;Cabrera
3;63;Dune system 1;Dune system 1;17/05/2022 14:40;17/05/2022 14:50;10;Cakile maritima;150;65;Pyrellia vivida;Muscidae;DI;1;2;obs;Cabrera
3;64;Dune system 1;Dune system 1;17/05/2022 14:52;17/05/2022 15:02;10;Cakile maritima;80;80;Eupeodes corollae;Syrphidae;HO;1;4;obs;Cabrera
3;64;Dune system 1;Dune system 1;17/05/2022 14:52;17/05/2022 15:02;10;Cakile maritima;80;80;Exoprosopa cf. bowdeni;Bombyliidae;DI;1;1;obs;Cabrera
3;64;Dune system 1;Dune system 1;17/05/2022 14:52;17/05/2022 15:02;10;Cakile maritima;80;80;Eupeodes corollae;Syrphidae;HO;1;2;obs;Cabrera
3;64;Dune system 1;Dune system 1;17/05/2022 14:52;17/05/2022 15:02;10;Cakile maritima;80;80;Lydella nigrescens;Tachinidae;DI;1;2;obs;Cabrera
3;64;Dune system 1;Dune system 1;17/05/2022 14:52;17/05/2022 15:02;10;Cakile maritima;80;80;Eupeodes corollae;Syrphidae;HO;1;3;obs;Cabrera
3;64;Dune system 1;Dune system 1;17/05/2022 14:52;17/05/2022 15:02;10;Cakile maritima;80;80;Eupeodes corollae;Syrphidae;HO;1;1;obs;Cabrera
3;65;Dune system 1;Dune system 1;17/05/2022 15:04;17/05/2022 15:14;10;Cakile maritima;150;65;Eupeodes corollae;Syrphidae;HO;1;2;obs;Cabrera
3;65;Dune system 1;Dune system 1;17/05/2022 15:04;17/05/2022 15:14;10;Cakile maritima;150;65;Lydella nigrescens;Tachinidae;DI;1;1;obs;Cabrera
3;65;Dune system 1;Dune system 1;17/05/2022 15:04;17/05/2022 15:14;10;Cakile maritima;150;65;Lydella nigrescens;Tachinidae;DI;1;1;obs;Cabrera
3;65;Dune system 1;Dune system 1;17/05/2022 15:04;17/05/2022 15:14;10;Cakile maritima;150;65;Lydella nigrescens;Tachinidae;DI;1;1;obs;Cabrera
3;66;Rocky coastal 2;Rocky coastal 2;17/05/2022 17:17;17/05/2022 17:27;10;Teucrium capitatum;12;12;Eupeodes corollae;Syrphidae;HO;1;6;obs;Cabrera
3;66;Rocky coastal 2;Rocky coastal 2;17/05/2022 17:17;17/05/2022 17:27;10;Teucrium capitatum;12;12;Eupeodes corollae;Syrphidae;HO;1;4;obs;Cabrera
3;66;Rocky coastal 2;Rocky coastal 2;17/05/2022 17:17;17/05/2022 17:27;10;Teucrium capitatum;12;12;Eupeodes corollae;Syrphidae;HO;1;1;obs;Cabrera
3;67;Rocky coastal 2;Dune system 2;17/05/2022 17:00;17/05/2022 17:10;10;Cakile maritima;32;32;Spilostethus pandurus;Lygaeidae;OT;9;9;obs;Cabrera
3;67;Rocky coastal 2;Dune system 2;17/05/2022 17:00;17/05/2022 17:10;10;Cakile maritima;32;32;Eupeodes corollae;Syrphidae;HO;1;4;obs;Cabrera
3;67;Rocky coastal 2;Dune system 2;17/05/2022 17:00;17/05/2022 17:10;10;Cakile maritima;32;32;Eupeodes corollae;Syrphidae;HO;1;2;obs;Cabrera
3;67;Rocky coastal 2;Dune system 2;17/05/2022 17:00;17/05/2022 17:10;10;Cakile maritima;32;32;Eupeodes corollae;Syrphidae;HO;1;2;obs;Cabrera
3;67;Rocky coastal 2;Dune system 2;17/05/2022 17:00;17/05/2022 17:10;10;Cakile maritima;32;32;Eupeodes corollae;Syrphidae;HO;1;7;obs;Cabrera
3;67;Rocky coastal 2;Dune system 2;17/05/2022 17:00;17/05/2022 17:10;10;Cakile maritima;32;32;Episyrphus balteatus;Syrphidae;HO;1;1;obs;Cabrera
3;68;Rocky coastal 2;Pine forest 2;17/05/2022 17:30;17/05/2022 17:40;10;Cistus monspeliensis;16;16;Eupeodes corollae;Syrphidae;HO;1;1;obs;Cabrera
3;68;Rocky coastal 2;Pine forest 2;17/05/2022 17:30;17/05/2022 17:40;10;Cistus monspeliensis;16;16;Episyrphus balteatus;Syrphidae;HO;1;1;obs;Cabrera
3;69;Dune system 2;Dune system 2;18/05/2022 15:30;18/05/2022 15:40;10;Cakile maritima;40;40;Ancistrocerus ebusianus;Eumenidae;WA;1;7;obs;Cabrera
3;69;Dune system 2;Dune system 2;18/05/2022 15:30;18/05/2022 15:40;10;Cakile maritima;40;40;Ancistrocerus ebusianus;Eumenidae;WA;1;8;obs;Cabrera
3;69;Dune system 2;Dune system 2;18/05/2022 15:30;18/05/2022 15:40;10;Cakile maritima;40;40;Lasioglossum sp.;Halictidae;BE;1;4;obs;Cabrera
3;70;Dune system 2;Dune system 2;18/05/2022 15:40;18/05/2022 15:50;10;Cakile maritima;25;25;Lasioglossum sp.;Halictidae;BE;1;3;obs;Cabrera
3;70;Dune system 2;Dune system 2;18/05/2022 15:40;18/05/2022 15:50;10;Cakile maritima;25;25;Sphaeroceridae sp;Sphaeroceridae;DI;1;2;obs;Cabrera
3;70;Dune system 2;Dune system 2;18/05/2022 15:40;18/05/2022 15:50;10;Cakile maritima;25;25;Sphaeroceridae sp;Sphaeroceridae;DI;1;3;obs;Cabrera
3;70;Dune system 2;Dune system 2;18/05/2022 15:40;18/05/2022 15:50;10;Cakile maritima;25;25;Spilostethus pandurus;Lygaeidae;OT;1;2;obs;Cabrera
3;70;Dune system 2;Dune system 2;18/05/2022 15:40;18/05/2022 15:50;10;Cakile maritima;25;25;Sphaeroceridae sp;Sphaeroceridae;DI;1;2;obs;Cabrera
3;70;Dune system 2;Dune system 2;18/05/2022 15:40;18/05/2022 15:50;10;Cakile maritima;25;25;Sphaeroceridae sp;Sphaeroceridae;DI;1;2;obs;Cabrera
3;70;Dune system 2;Dune system 2;18/05/2022 15:40;18/05/2022 15:50;10;Cakile maritima;25;25;Ancistrocerus ebusianus;Eumenidae;WA;1;3;obs;Cabrera
3;70;Dune system 2;Dune system 2;18/05/2022 15:40;18/05/2022 15:50;10;Cakile maritima;25;25;Eupeodes corollae;Syrphidae;HO;1;7;obs;Cabrera
3;70;Dune system 2;Dune system 2;18/05/2022 15:40;18/05/2022 15:50;10;Cakile maritima;25;25;Lasioglossum sp.;Halictidae;BE;1;4;obs;Cabrera
3;71;Dune system 2;Dune system 2;18/05/2022 16:00;18/05/2022 16:10;10;Cakile maritima;28;28;Ancistrocerus ebusianus;Eumenidae;WA;1;5;obs;Cabrera
3;71;Dune system 2;Dune system 2;18/05/2022 16:00;18/05/2022 16:10;10;Cakile maritima;28;28;Lasioglossum sp.;Halictidae;BE;1;3;obs;Cabrera
3;71;Dune system 2;Dune system 2;18/05/2022 16:00;18/05/2022 16:10;10;Cakile maritima;28;28;Eupeodes corollae;Syrphidae;HO;1;3;obs;Cabrera
3;71;Dune system 2;Dune system 2;18/05/2022 16:00;18/05/2022 16:10;10;Cakile maritima;28;28;Lasioglossum sp.;Halictidae;BE;1;2;obs;Cabrera
3;71;Dune system 2;Dune system 2;18/05/2022 16:00;18/05/2022 16:10;10;Cakile maritima;28;28;Sarcophaga sp.;Sarcophagidae;DI;1;4;obs;Cabrera
3;71;Dune system 2;Dune system 2;18/05/2022 16:00;18/05/2022 16:10;10;Cakile maritima;28;28;Spilostethus pandurus;Lygaeidae;OT;1;1;obs;Cabrera
3;71;Dune system 2;Dune system 2;18/05/2022 16:00;18/05/2022 16:10;10;Cakile maritima;28;28;Sphaeroceridae sp;Sphaeroceridae;DI;1;3;obs;Cabrera
3;71;Dune system 2;Dune system 2;18/05/2022 16:00;18/05/2022 16:10;10;Cakile maritima;28;28;Ancistrocerus ebusianus;Eumenidae;WA;1;4;obs;Cabrera
3;72;Dune system 2;Dune system 2;18/05/2022 16:10;18/05/2022 16:20;10;Teucrium capitatum;19;19;Vanessa atalanta;Nymphalidae;LE;1;1;obs;Cabrera
3;72;Dune system 2;Dune system 2;18/05/2022 16:10;18/05/2022 16:20;10;Teucrium capitatum;19;19;Spilostethus pandurus;Lygaeidae;OT;1;1;obs;Cabrera
3;72;Dune system 2;Dune system 2;18/05/2022 16:10;18/05/2022 16:20;10;Teucrium capitatum;19;19;Exoprosopa cf. bowdeni;Bombyliidae;DI;1;2;obs;Cabrera
3;72;Dune system 2;Dune system 2;18/05/2022 16:10;18/05/2022 16:20;10;Teucrium capitatum;19;19;Exoprosopa cf. bowdeni;Bombyliidae;DI;1;3;obs;Cabrera
3;73;Dune system 2;Dune system 2;18/05/2022 16:20;18/05/2022 16:30;10;Teucrium capitatum;13;13;Exoprosopa cf. bowdeni;Bombyliidae;DI;1;2;obs;Cabrera
3;73;Dune system 2;Dune system 2;18/05/2022 16:20;18/05/2022 16:30;10;Teucrium capitatum;13;13;Exoprosopa cf. bowdeni;Bombyliidae;DI;1;1;obs;Cabrera
3;73;Dune system 2;Dune system 2;18/05/2022 16:20;18/05/2022 16:30;10;Teucrium capitatum;13;13;Lasioglossum sp.;Halictidae;BE;1;2;obs;Cabrera
3;74;Dune system 2;Dune system 2;18/05/2022 16:40;18/05/2022 16:50;10;Cakile maritima;105;65;Spilostethus pandurus;Lygaeidae;OT;1;1;obs;Cabrera
3;74;Dune system 2;Dune system 2;18/05/2022 16:40;18/05/2022 16:50;10;Cakile maritima;105;65;Eupeodes corollae;Syrphidae;HO;1;3;obs;Cabrera
3;74;Dune system 2;Dune system 2;18/05/2022 16:40;18/05/2022 16:50;10;Cakile maritima;105;65;Eupeodes corollae;Syrphidae;HO;1;4;obs;Cabrera
3;74;Dune system 2;Dune system 2;18/05/2022 16:40;18/05/2022 16:50;10;Cakile maritima;105;65;Eupeodes corollae;Syrphidae;HO;1;3;obs;Cabrera
3;74;Dune system 2;Dune system 2;18/05/2022 16:40;18/05/2022 16:50;10;Cakile maritima;105;65;Lasioglossum sp.;Halictidae;BE;1;2;obs;Cabrera
3;74;Dune system 2;Dune system 2;18/05/2022 16:40;18/05/2022 16:50;10;Cakile maritima;105;65;Eupeodes corollae;Syrphidae;HO;1;2;obs;Cabrera
3;74;Dune system 2;Dune system 2;18/05/2022 16:40;18/05/2022 16:50;10;Cakile maritima;105;65;Ancistrocerus ebusianus;Eumenidae;WA;1;3;obs;Cabrera
3;74;Dune system 2;Dune system 2;18/05/2022 16:40;18/05/2022 16:50;10;Cakile maritima;105;65;Exoprosopa cf. bowdeni;Bombyliidae;DI;1;1;obs;Cabrera
3;75;Dune system 2;Dune system 2;18/05/2022 15:00;18/05/2022 15:10;10;Cakile maritima;74;74;Ancistrocerus ebusianus;Eumenidae;WA;1;2;obs;Cabrera
3;75;Dune system 2;Dune system 2;18/05/2022 15:00;18/05/2022 15:10;10;Cakile maritima;74;74;Ancistrocerus ebusianus;Eumenidae;WA;1;2;obs;Cabrera
3;75;Dune system 2;Dune system 2;18/05/2022 15:00;18/05/2022 15:10;10;Cakile maritima;74;74;Lasioglossum sp.;Halictidae;BE;1;3;obs;Cabrera
3;75;Dune system 2;Dune system 2;18/05/2022 15:00;18/05/2022 15:10;10;Cakile maritima;74;74;Ancistrocerus ebusianus;Eumenidae;WA;1;4;obs;Cabrera
3;75;Dune system 2;Dune system 2;18/05/2022 15:00;18/05/2022 15:10;10;Cakile maritima;74;74;Hydrellia sp;Ephydridae;DI;1;1;obs;Cabrera
3;75;Dune system 2;Dune system 2;18/05/2022 15:00;18/05/2022 15:10;10;Cakile maritima;74;74;Eupeodes corollae;Syrphidae;HO;1;2;obs;Cabrera
3;75;Dune system 2;Dune system 2;18/05/2022 15:00;18/05/2022 15:10;10;Cakile maritima;74;74;Lasioglossum sp.;Halictidae;BE;1;2;obs;Cabrera
3;76;Dune system 2;Dune system 2;18/05/2022 15:10;18/05/2022 15:20;10;Cakile maritima;70;70;Lasioglossum sp.;Halictidae;BE;1;1;obs;Cabrera
3;76;Dune system 2;Dune system 2;18/05/2022 15:10;18/05/2022 15:20;10;Cakile maritima;70;70;Megaselia sp.;Phoridae;DI;1;2;obs;Cabrera
3;76;Dune system 2;Dune system 2;18/05/2022 15:10;18/05/2022 15:20;10;Cakile maritima;70;70;Megaselia sp.;Phoridae;DI;1;1;obs;Cabrera
3;76;Dune system 2;Dune system 2;18/05/2022 15:10;18/05/2022 15:20;10;Cakile maritima;70;70;Megaselia sp.;Phoridae;DI;1;1;obs;Cabrera
3;76;Dune system 2;Dune system 2;18/05/2022 15:10;18/05/2022 15:20;10;Cakile maritima;70;70;Sphaeroceridae sp;Sphaeroceridae;DI;1;1;obs;Cabrera
3;76;Dune system 2;Dune system 2;18/05/2022 15:10;18/05/2022 15:20;10;Cakile maritima;70;70;Eupeodes corollae;Syrphidae;HO;1;1;obs;Cabrera
3;76;Dune system 2;Dune system 2;18/05/2022 15:10;18/05/2022 15:20;10;Cakile maritima;70;70;Lasioglossum sp.;Halictidae;BE;1;2;obs;Cabrera
3;77;Dune system 2;Dune system 2;18/05/2022 15:20;18/05/2022 15:30;10;Cakile maritima;73;73;Ancistrocerus ebusianus;Eumenidae;WA;1;1;obs;Cabrera
3;77;Dune system 2;Dune system 2;18/05/2022 15:20;18/05/2022 15:30;10;Cakile maritima;73;73;Ancistrocerus ebusianus;Eumenidae;WA;1;2;obs;Cabrera
3;77;Dune system 2;Dune system 2;18/05/2022 15:20;18/05/2022 15:30;10;Cakile maritima;73;73;Eupeodes corollae;Syrphidae;HO;1;8;obs;Cabrera
3;77;Dune system 2;Dune system 2;18/05/2022 15:20;18/05/2022 15:30;10;Cakile maritima;73;73;Lasioglossum sp.;Halictidae;BE;1;2;obs;Cabrera
3;77;Dune system 2;Dune system 2;18/05/2022 15:20;18/05/2022 15:30;10;Cakile maritima;73;73;Megaselia sp.;Phoridae;DI;1;2;obs;Cabrera
3;77;Dune system 2;Dune system 2;18/05/2022 15:20;18/05/2022 15:30;10;Cakile maritima;73;73;Eupeodes corollae;Syrphidae;HO;1;3;obs;Cabrera
3;77;Dune system 2;Dune system 2;18/05/2022 15:20;18/05/2022 15:30;10;Cakile maritima;73;73;Megaselia sp.;Phoridae;DI;4;16;obs;Cabrera
3;77;Dune system 2;Dune system 2;18/05/2022 15:20;18/05/2022 15:30;10;Cakile maritima;73;73;Eupeodes corollae;Syrphidae;HO;1;3;obs;Cabrera
3;78;Dune system 2;Dune system 2;18/05/2022 16:00;18/05/2022 16:10;10;Cakile maritima;90;60;Megaselia sp.;Phoridae;DI;1;1;obs;Cabrera
3;78;Dune system 2;Dune system 2;18/05/2022 16:00;18/05/2022 16:10;10;Cakile maritima;90;60;Megaselia sp.;Phoridae;DI;1;1;obs;Cabrera
3;78;Dune system 2;Dune system 2;18/05/2022 16:00;18/05/2022 16:10;10;Cakile maritima;90;60;Megaselia sp.;Phoridae;DI;1;1;obs;Cabrera
3;78;Dune system 2;Dune system 2;18/05/2022 16:00;18/05/2022 16:10;10;Cakile maritima;90;60;Megaselia sp.;Phoridae;DI;1;1;obs;Cabrera
3;78;Dune system 2;Dune system 2;18/05/2022 16:00;18/05/2022 16:10;10;Cakile maritima;90;60;Lasioglossum sp.;Halictidae;BE;1;1;obs;Cabrera
3;78;Dune system 2;Dune system 2;18/05/2022 16:00;18/05/2022 16:10;10;Cakile maritima;90;60;Ancistrocerus ebusianus;Eumenidae;WA;1;2;obs;Cabrera
3;78;Dune system 2;Dune system 2;18/05/2022 16:00;18/05/2022 16:10;10;Cakile maritima;90;60;Sphaeroceridae sp;Sphaeroceridae;DI;1;1;obs;Cabrera
3;78;Dune system 2;Dune system 2;18/05/2022 16:00;18/05/2022 16:10;10;Cakile maritima;90;60;Ancistrocerus ebusianus;Eumenidae;WA;1;4;obs;Cabrera
3;78;Dune system 2;Dune system 2;18/05/2022 16:00;18/05/2022 16:10;10;Cakile maritima;90;60;Lasioglossum sp.;Halictidae;BE;1;1;obs;Cabrera
3;79;Dune system 2;Dune system 2;18/05/2022 16:10;18/05/2022 16:20;10;Teucrium capitatum;30;30;Exoprosopa cf. bowdeni;Bombyliidae;DI;1;2;obs;Cabrera
3;79;Dune system 2;Dune system 2;18/05/2022 16:10;18/05/2022 16:20;10;Teucrium capitatum;30;30;Exoprosopa cf. bowdeni;Bombyliidae;DI;1;1;obs;Cabrera
3;80;Dune system 2;Dune system 2;18/05/2022 16:20;18/05/2022 16:30;10;Teucrium capitatum;11;11;Exoprosopa cf. bowdeni;Bombyliidae;DI;1;2;obs;Cabrera
3;80;Dune system 2;Dune system 2;18/05/2022 16:20;18/05/2022 16:30;10;Teucrium capitatum;11;11;Exoprosopa cf. bowdeni;Bombyliidae;DI;1;2;obs;Cabrera
3;81;Dune system 2;Dune system 2;18/05/2022 16:30;18/05/2022 16:40;10;Teucrium capitatum;22;22;Exoprosopa cf. bowdeni;Bombyliidae;DI;1;3;obs;Cabrera
3;81;Dune system 2;Dune system 2;18/05/2022 16:30;18/05/2022 16:40;10;Teucrium capitatum;22;22;Megaselia sp.;Phoridae;DI;1;1;obs;Cabrera
3;82;Dune system 2;Dune system 2;18/05/2022 16:40;18/05/2022 16:50;10;Teucrium capitatum;20;20;Megaselia sp.;Phoridae;DI;1;1;obs;Cabrera
3;83;Dune system 2;Dune system 2;18/05/2022 16:40;18/05/2022 17:00;20;Asteriscus aquaticus;21;21;Monomorium sp;Formicidae;OT;1;1;obs;Cabrera
3;83;Dune system 2;Dune system 2;18/05/2022 16:40;18/05/2022 17:00;20;Asteriscus aquaticus;21;21;Megaselia sp.;Phoridae;DI;1;1;obs;Cabrera
3;83;Dune system 2;Dune system 2;18/05/2022 16:40;18/05/2022 17:00;20;Asteriscus aquaticus;21;21;Megaselia sp.;Phoridae;DI;1;1;obs;Cabrera
3;83a;Pine forest 2;Rocky coastal 2;18/05/2022 16:40;18/05/2022 17:00;20;Helichrysum stoechas;25;25;Anaspis sp.;Scraptiidae;CO;1;1;obs;Cabrera
3;84;Pine forest 2;Rocky coastal 2;18/05/2022 10:20;18/05/2022 10:30;10;Helichrysum stoechas;23;23;Monomorium sp;Formicidae;OT;1;1;obs;Cabrera
3;85;Pine forest 2;Rocky coastal 2;18/05/2022 10:30;18/05/2022 10:40;10;Helichrysum stoechas;39;39;Eupeodes corollae;Syrphidae;HO;1;2;obs;Cabrera
3;85;Pine forest 2;Rocky coastal 2;18/05/2022 10:30;18/05/2022 10:40;10;Helichrysum stoechas;39;39;Anaspis sp.;Scraptiidae;CO;1;1;obs;Cabrera
3;85;Pine forest 2;Rocky coastal 2;18/05/2022 10:30;18/05/2022 10:40;10;Helichrysum stoechas;39;39;Tachysphex obscuripennis;Sphecidae;WA;1;1;obs;Cabrera
3;85;Pine forest 2;Rocky coastal 2;18/05/2022 10:30;18/05/2022 10:40;10;Helichrysum stoechas;39;39;Tapinoma nigerrinum;Formicidae;OT;1;1;obs;Cabrera
3;85;Pine forest 2;Rocky coastal 2;18/05/2022 10:30;18/05/2022 10:40;10;Helichrysum stoechas;39;39;Tapinoma nigerrinum;Formicidae;OT;1;1;obs;Cabrera
3;85;Pine forest 2;Rocky coastal 2;18/05/2022 10:30;18/05/2022 10:40;10;Helichrysum stoechas;39;39;Tapinoma nigerrinum;Formicidae;OT;1;1;obs;Cabrera
3;85;Pine forest 2;Rocky coastal 2;18/05/2022 10:30;18/05/2022 10:40;10;Helichrysum stoechas;39;39;Anaspis sp.;Scraptiidae;CO;1;1;obs;Cabrera
3;86a;Pine forest 2;Rocky coastal 2;18/05/2022 10:40;18/05/2022 10:50;10;Helichrysum stoechas;35;35;Tapinoma nigerrinum;Formicidae;OT;1;1;obs;Cabrera
3;86a;Pine forest 2;Rocky coastal 2;18/05/2022 10:40;18/05/2022 10:50;10;Helichrysum stoechas;35;35;Tapinoma nigerrinum;Formicidae;OT;1;1;obs;Cabrera
3;86a;Pine forest 2;Rocky coastal 2;18/05/2022 10:40;18/05/2022 10:50;10;Helichrysum stoechas;35;35;Anaspis sp.;Scraptiidae;CO;1;1;obs;Cabrera
3;86b;Pine forest 2;Rocky coastal 2;18/05/2022 10:40;18/05/2022 10:50;10;Helichrysum stoechas;90;60;Pyrellia vivida;Muscidae;DI;1;1;obs;Cabrera
3;86b;Pine forest 2;Rocky coastal 2;18/05/2022 10:40;18/05/2022 10:50;10;Helichrysum stoechas;90;60;Tapinoma nigerrinum;Formicidae;OT;1;1;obs;Cabrera
3;86b;Pine forest 2;Rocky coastal 2;18/05/2022 10:40;18/05/2022 10:50;10;Helichrysum stoechas;90;60;Pyrellia vivida;Muscidae;DI;1;1;obs;Cabrera
3;86b;Pine forest 2;Rocky coastal 2;18/05/2022 10:40;18/05/2022 10:50;10;Helichrysum stoechas;90;60;Eupeodes corollae;Syrphidae;HO;1;3;obs;Cabrera
3;86b;Pine forest 2;Rocky coastal 2;18/05/2022 10:40;18/05/2022 10:50;10;Helichrysum stoechas;90;60;Tachysphex obscuripennis;Sphecidae;WA;1;1;obs;Cabrera
3;86b;Pine forest 2;Rocky coastal 2;18/05/2022 10:40;18/05/2022 10:50;10;Helichrysum stoechas;90;60;Tapinoma nigerrinum;Formicidae;OT;1;1;obs;Cabrera
3;86b;Pine forest 2;Rocky coastal 2;18/05/2022 10:40;18/05/2022 10:50;10;Helichrysum stoechas;90;60;Anaspis sp.;Scraptiidae;CO;1;1;obs;Cabrera
3;86c;Pine forest 2;Rocky coastal 2;18/05/2022 10:40;18/05/2022 10:50;10;Helichrysum stoechas;42;42;Eupeodes corollae;Syrphidae;HO;1;2;obs;Cabrera
3;87;Pine forest 2;Rocky coastal 2;18/05/2022 11:40;18/05/2022 11:50;10;Teucrium capitatum;7;7;Eupeodes corollae;Syrphidae;HO;1;2;obs;Cabrera
3;87;Pine forest 2;Rocky coastal 2;18/05/2022 11:40;18/05/2022 11:50;10;Teucrium capitatum;7;7;Exoprosopa cf. bowdeni;Bombyliidae;DI;1;3;obs;Cabrera
3;87;Pine forest 2;Rocky coastal 2;18/05/2022 11:40;18/05/2022 11:50;10;Teucrium capitatum;7;7;Eupeodes corollae;Syrphidae;HO;1;1;obs;Cabrera
3;87;Pine forest 2;Rocky coastal 2;18/05/2022 11:40;18/05/2022 11:50;10;Teucrium capitatum;7;7;Pyrellia vivida;Muscidae;DI;1;1;obs;Cabrera
3;88;Pine forest 2;Rocky coastal 2;18/05/2022 11:50;18/05/2022 12:00;10;Teucrium capitatum;21;21;Exoprosopa cf. bowdeni;Bombyliidae;DI;1;3;obs;Cabrera
3;88;Pine forest 2;Rocky coastal 2;18/05/2022 11:50;18/05/2022 12:00;10;Teucrium capitatum;21;21;Eupeodes corollae;Syrphidae;HO;1;1;obs;Cabrera
3;89;Pine forest 2;Rocky coastal 2;18/05/2022 12:00;18/05/2022 12:10;10;Teucrium capitatum;13;13;Eupeodes corollae;Syrphidae;HO;1;3;obs;Cabrera
3;90;Pine forest 2;Rocky coastal 2;18/05/2022 12:10;18/05/2022 12:20;10;Teucrium capitatum;15;15;Exoprosopa cf. bowdeni;Bombyliidae;DI;1;5;obs;Cabrera
3;90;Pine forest 2;Rocky coastal 2;18/05/2022 12:10;18/05/2022 12:20;10;Teucrium capitatum;15;15;Eupeodes corollae;Syrphidae;HO;1;3;obs;Cabrera
3;90;Pine forest 2;Rocky coastal 2;18/05/2022 12:10;18/05/2022 12:20;10;Teucrium capitatum;15;15;Eupeodes corollae;Syrphidae;HO;1;1;obs;Cabrera
3;91;Pine forest 2;Rocky coastal 2;18/05/2022 12:20;18/05/2022 12:30;10;Teucrium capitatum;18;18;Eupeodes corollae;Syrphidae;HO;1;3;obs;Cabrera
3;91;Pine forest 2;Rocky coastal 2;18/05/2022 12:20;18/05/2022 12:30;10;Teucrium capitatum;18;18;Eupeodes corollae;Syrphidae;HO;1;1;obs;Cabrera
3;91;Pine forest 2;Rocky coastal 2;18/05/2022 12:20;18/05/2022 12:30;10;Teucrium capitatum;18;18;Eupeodes corollae;Syrphidae;HO;1;3;obs;Cabrera
3;92;Pine forest 2;Rocky coastal 2;18/05/2022 12:30;18/05/2022 12:40;10;Teucrium capitatum;9;9;Eupeodes corollae;Syrphidae;HO;1;1;obs;Cabrera
3;92;Pine forest 2;Rocky coastal 2;18/05/2022 12:30;18/05/2022 12:40;10;Teucrium capitatum;9;9;Eupeodes corollae;Syrphidae;HO;1;4;obs;Cabrera
3;92;Pine forest 2;Rocky coastal 2;18/05/2022 12:30;18/05/2022 12:40;10;Teucrium capitatum;9;9;Exoprosopa cf. bowdeni;Bombyliidae;DI;1;1;obs;Cabrera
3;93;Pine forest 2;Rocky coastal 2;18/05/2022 12:40;18/05/2022 12:50;10;Teucrium capitatum;12;12;Vanessa cardui;Nymphalidae;LE;1;1;obs;Cabrera
3;93;Pine forest 2;Rocky coastal 2;18/05/2022 12:40;18/05/2022 12:50;10;Teucrium capitatum;12;12;Vanessa cardui;Nymphalidae;LE;1;1;obs;Cabrera
3;93;Pine forest 2;Rocky coastal 2;18/05/2022 12:40;18/05/2022 12:50;10;Teucrium capitatum;12;12;Eupeodes corollae;Syrphidae;HO;1;1;obs;Cabrera
3;93;Pine forest 2;Rocky coastal 2;18/05/2022 12:40;18/05/2022 12:50;10;Teucrium capitatum;12;12;Eupeodes corollae;Syrphidae;HO;1;1;obs;Cabrera
3;93;Pine forest 2;Rocky coastal 2;18/05/2022 12:40;18/05/2022 12:50;10;Teucrium capitatum;12;12;Hylaeus imparilis;Colletidae;BE;1;3;obs;Cabrera
3;93;Pine forest 2;Rocky coastal 2;18/05/2022 12:40;18/05/2022 12:50;10;Teucrium capitatum;12;12;Phthiria cf pulicularia;Bombyliidae;DI;1;3;obs;Cabrera
3;94;Pine forest 2;Rocky coastal 2;18/05/2022 12:50;18/05/2022 13:00;10;Teucrium capitatum;23;23;Spilostethus pandurus;Lygaeidae;OT;1;2;obs;Cabrera
3;94;Pine forest 2;Rocky coastal 2;18/05/2022 12:50;18/05/2022 13:00;10;Teucrium capitatum;23;23;Episyrphus balteatus;Syrphidae;HO;1;1;obs;Cabrera
3;94;Pine forest 2;Rocky coastal 2;18/05/2022 12:50;18/05/2022 13:00;10;Teucrium capitatum;23;23;Phthiria cf pulicularia;Bombyliidae;DI;1;1;obs;Cabrera
3;95;Pine forest 2;Rocky coastal 2;18/05/2022 13:00;18/05/2022 13:10;10;Teucrium capitatum;7;7;Exoprosopa cf. bowdeni;Bombyliidae;DI;1;1;obs;Cabrera
3;95;Pine forest 2;Rocky coastal 2;18/05/2022 13:00;18/05/2022 13:10;10;Teucrium capitatum;7;7;Hylaeus imparilis;Colletidae;BE;1;1;obs;Cabrera
3;96;Pine forest 2;Rocky coastal 2;18/05/2022 13:10;18/05/2022 13:20;10;Teucrium capitatum;14;14;Episyrphus balteatus;Syrphidae;HO;1;1;obs;Cabrera
3;96;Pine forest 2;Rocky coastal 2;18/05/2022 13:10;18/05/2022 13:20;10;Teucrium capitatum;14;14;Phthiria cf pulicularia;Bombyliidae;DI;1;2;obs;Cabrera
3;97;Pine forest 2;Rocky coastal 2;18/05/2022 10:50;18/05/2022 11:00;10;Teucrium capitatum;22;22;Vanessa cardui;Nymphalidae;LE;1;1;obs;Cabrera
3;97;Pine forest 2;Rocky coastal 2;18/05/2022 10:50;18/05/2022 11:00;10;Teucrium capitatum;22;22;Eupeodes corollae;Syrphidae;HO;1;3;obs;Cabrera
3;97;Pine forest 2;Rocky coastal 2;18/05/2022 10:50;18/05/2022 11:00;10;Teucrium capitatum;22;22;Exoprosopa cf. bowdeni;Bombyliidae;DI;1;2;obs;Cabrera
3;98;Pine forest 2;Rocky coastal 2;18/05/2022 11:00;18/05/2022 11:10;10;Teucrium capitatum;37;37;Lydella thompsoni;Tachinidae;DI;1;4;obs;Cabrera
3;98;Pine forest 2;Rocky coastal 2;18/05/2022 11:00;18/05/2022 11:10;10;Teucrium capitatum;37;37;Centrocoris sp;Coreidae;OT;1;1;obs;Cabrera
3;98;Pine forest 2;Rocky coastal 2;18/05/2022 11:00;18/05/2022 11:10;10;Teucrium capitatum;37;37;Exoprosopa cf. bowdeni;Bombyliidae;DI;1;2;obs;Cabrera
3;98;Pine forest 2;Rocky coastal 2;18/05/2022 11:00;18/05/2022 11:10;10;Teucrium capitatum;37;37;Eupeodes corollae;Syrphidae;HO;1;2;obs;Cabrera
3;98;Pine forest 2;Rocky coastal 2;18/05/2022 11:00;18/05/2022 11:10;10;Teucrium capitatum;37;37;Exoprosopa cf. bowdeni;Bombyliidae;DI;1;3;obs;Cabrera
3;99;Pine forest 2;Rocky coastal 2;18/05/2022 11:10;18/05/2022 11:20;10;Teucrium capitatum;28;28;Eupeodes corollae;Syrphidae;HO;1;5;obs;Cabrera
3;99;Pine forest 2;Rocky coastal 2;18/05/2022 11:10;18/05/2022 11:20;10;Teucrium capitatum;28;28;Eupeodes corollae;Syrphidae;HO;1;4;obs;Cabrera
3;99;Pine forest 2;Rocky coastal 2;18/05/2022 11:10;18/05/2022 11:20;10;Teucrium capitatum;28;28;Exoprosopa cf. bowdeni;Bombyliidae;DI;1;3;obs;Cabrera
3;99;Pine forest 2;Rocky coastal 2;18/05/2022 11:10;18/05/2022 11:20;10;Teucrium capitatum;28;28;Exoprosopa cf. bowdeni;Bombyliidae;DI;1;1;obs;Cabrera
3;99;Pine forest 2;Rocky coastal 2;18/05/2022 11:10;18/05/2022 11:20;10;Teucrium capitatum;28;28;Lydella thompsoni;Tachinidae;DI;1;2;obs;Cabrera
3;100;Pine forest 2;Rocky coastal 2;18/05/2022 11:30;18/05/2022 11:40;10;Teucrium capitatum;19;19;Eupeodes corollae;Syrphidae;HO;1;4;obs;Cabrera
3;100;Pine forest 2;Rocky coastal 2;18/05/2022 11:30;18/05/2022 11:40;10;Teucrium capitatum;19;19;Exoprosopa cf. bowdeni;Bombyliidae;DI;1;2;obs;Cabrera
3;100;Pine forest 2;Rocky coastal 2;18/05/2022 11:30;18/05/2022 11:40;10;Teucrium capitatum;19;19;Exoprosopa cf. bowdeni;Bombyliidae;DI;1;3;obs;Cabrera
3;101;Pine forest 2;Rocky coastal 2;18/05/2022 11:40;18/05/2022 11:50;10;Teucrium capitatum;11;11;Exoprosopa cf. bowdeni;Bombyliidae;DI;1;4;obs;Cabrera
3;101;Pine forest 2;Rocky coastal 2;18/05/2022 11:40;18/05/2022 11:50;10;Teucrium capitatum;11;11;Lydella thompsoni;Tachinidae;DI;1;2;obs;Cabrera
3;102;Pine forest 2;Pine forest 2;18/05/2022 11:00;18/05/2022 12:00;60;Blackstonia perfoliata;4;4;Eupeodes corollae;Syrphidae;HO;1;1;obs;Cabrera
3;102;Pine forest 2;Pine forest 2;18/05/2022 11:00;18/05/2022 12:00;60;Blackstonia perfoliata;4;4;Eupeodes corollae;Syrphidae;HO;1;3;obs;Cabrera
3;103;Pine forest 2;Rocky coastal 2;18/05/2022 12:00;18/05/2022 12:10;10;Teucrium capitatum;32;32;Eupeodes corollae;Syrphidae;HO;1;4;obs;Cabrera
3;103;Pine forest 2;Rocky coastal 2;18/05/2022 12:00;18/05/2022 12:10;10;Teucrium capitatum;32;32;Exoprosopa cf. bowdeni;Bombyliidae;DI;1;3;obs;Cabrera
3;103;Pine forest 2;Rocky coastal 2;18/05/2022 12:00;18/05/2022 12:10;10;Teucrium capitatum;32;32;Exoprosopa cf. bowdeni;Bombyliidae;DI;1;2;obs;Cabrera
3;103;Pine forest 2;Rocky coastal 2;18/05/2022 12:00;18/05/2022 12:10;10;Teucrium capitatum;32;32;Exoprosopa cf. bowdeni;Bombyliidae;DI;1;2;obs;Cabrera
3;103;Pine forest 2;Rocky coastal 2;18/05/2022 12:00;18/05/2022 12:10;10;Teucrium capitatum;32;32;Eupeodes corollae;Syrphidae;HO;1;1;obs;Cabrera
3;103;Pine forest 2;Rocky coastal 2;18/05/2022 12:00;18/05/2022 12:10;10;Teucrium capitatum;32;32;Lydella thompsoni;Tachinidae;DI;1;1;obs;Cabrera
3;103;Pine forest 2;Rocky coastal 2;18/05/2022 12:00;18/05/2022 12:10;10;Teucrium capitatum;32;32;Lydella thompsoni;Tachinidae;DI;1;1;obs;Cabrera
3;103;Pine forest 2;Rocky coastal 2;18/05/2022 12:00;18/05/2022 12:10;10;Teucrium capitatum;32;32;Eupeodes corollae;Syrphidae;HO;1;1;obs;Cabrera
3;104;Pine forest 2;Rocky coastal 2;18/05/2022 12:10;18/05/2022 12:20;10;Teucrium capitatum;43;40;Exoprosopa cf. bowdeni;Bombyliidae;DI;1;1;obs;Cabrera
3;104;Pine forest 2;Rocky coastal 2;18/05/2022 12:10;18/05/2022 12:20;10;Teucrium capitatum;43;40;Exoprosopa cf. bowdeni;Bombyliidae;DI;1;1;obs;Cabrera
3;104;Pine forest 2;Rocky coastal 2;18/05/2022 12:10;18/05/2022 12:20;10;Teucrium capitatum;43;40;Eupeodes corollae;Syrphidae;HO;1;3;obs;Cabrera
3;104;Pine forest 2;Rocky coastal 2;18/05/2022 12:10;18/05/2022 12:20;10;Teucrium capitatum;43;40;Exoprosopa cf. bowdeni;Bombyliidae;DI;1;2;obs;Cabrera
3;104;Pine forest 2;Rocky coastal 2;18/05/2022 12:10;18/05/2022 12:20;10;Teucrium capitatum;43;40;Eupeodes corollae;Syrphidae;HO;1;2;obs;Cabrera
3;104;Pine forest 2;Rocky coastal 2;18/05/2022 12:10;18/05/2022 12:20;10;Teucrium capitatum;43;40;Vanessa cardui;Nymphalidae;LE;1;1;obs;Cabrera
3;104;Pine forest 2;Rocky coastal 2;18/05/2022 12:10;18/05/2022 12:20;10;Teucrium capitatum;43;40;Exoprosopa cf. bowdeni;Bombyliidae;DI;1;1;obs;Cabrera
3;105;Pine forest 2;Rocky coastal 2;18/05/2022 12:20;18/05/2022 12:30;10;Teucrium capitatum;9;9;Eupeodes corollae;Syrphidae;HO;1;2;obs;Cabrera
3;105;Pine forest 2;Rocky coastal 2;18/05/2022 12:20;18/05/2022 12:30;10;Teucrium capitatum;9;9;Lydella thompsoni;Tachinidae;DI;1;1;obs;Cabrera
3;105;Pine forest 2;Rocky coastal 2;18/05/2022 12:20;18/05/2022 12:30;10;Teucrium capitatum;9;9;Eupeodes corollae;Syrphidae;HO;1;1;obs;Cabrera
3;106;Pine forest 2;Rocky coastal 2;18/05/2022 12:40;18/05/2022 12:50;10;Teucrium capitatum;17;17;Exoprosopa cf. bowdeni;Bombyliidae;DI;1;2;obs;Cabrera
3;106;Pine forest 2;Rocky coastal 2;18/05/2022 12:40;18/05/2022 12:50;10;Teucrium capitatum;17;17;Exoprosopa cf. bowdeni;Bombyliidae;DI;1;2;obs;Cabrera
3;106;Pine forest 2;Rocky coastal 2;18/05/2022 12:40;18/05/2022 12:50;10;Teucrium capitatum;17;17;Vanessa cardui;Nymphalidae;LE;1;1;obs;Cabrera
3;106;Pine forest 2;Rocky coastal 2;18/05/2022 12:40;18/05/2022 12:50;10;Teucrium capitatum;17;17;Eupeodes corollae;Syrphidae;HO;1;4;obs;Cabrera
3;107;Pine forest 2;Rocky coastal 2;18/05/2022 12:50;18/05/2022 13:00;10;Teucrium capitatum;38;33;Eupeodes corollae;Syrphidae;HO;1;5;obs;Cabrera
3;107;Pine forest 2;Rocky coastal 2;18/05/2022 12:50;18/05/2022 13:00;10;Teucrium capitatum;38;33;Ancistrocerus ebusianus;Eumenidae;WA;1;2;obs;Cabrera
3;107;Pine forest 2;Rocky coastal 2;18/05/2022 12:50;18/05/2022 13:00;10;Teucrium capitatum;38;33;Exoprosopa cf. bowdeni;Bombyliidae;DI;1;1;obs;Cabrera
3;107;Pine forest 2;Rocky coastal 2;18/05/2022 12:50;18/05/2022 13:00;10;Teucrium capitatum;38;33;Vanessa cardui;Nymphalidae;LE;1;3;obs;Cabrera
3;107;Pine forest 2;Rocky coastal 2;18/05/2022 12:50;18/05/2022 13:00;10;Teucrium capitatum;38;33;Eupeodes corollae;Syrphidae;HO;1;3;obs;Cabrera
3;107;Pine forest 2;Rocky coastal 2;18/05/2022 12:50;18/05/2022 13:00;10;Teucrium capitatum;38;33;Eupeodes corollae;Syrphidae;HO;1;3;obs;Cabrera
3;107;Pine forest 2;Rocky coastal 2;18/05/2022 12:50;18/05/2022 13:00;10;Teucrium capitatum;38;33;Exoprosopa cf. bowdeni;Bombyliidae;DI;1;3;obs;Cabrera
3;107;Pine forest 2;Rocky coastal 2;18/05/2022 12:50;18/05/2022 13:00;10;Teucrium capitatum;38;33;Lydella thompsoni;Tachinidae;DI;1;7;obs;Cabrera
3;108;Pine forest 2;Rocky coastal 2;18/05/2022 13:00;18/05/2022 13:10;10;Teucrium capitatum;19;19;Exoprosopa cf. bowdeni;Bombyliidae;DI;1;3;obs;Cabrera
3;108;Pine forest 2;Rocky coastal 2;18/05/2022 13:00;18/05/2022 13:10;10;Teucrium capitatum;19;19;Ancistrocerus ebusianus;Eumenidae;WA;1;5;obs;Cabrera
3;108;Pine forest 2;Rocky coastal 2;18/05/2022 13:00;18/05/2022 13:10;10;Teucrium capitatum;19;19;Exoprosopa cf. bowdeni;Bombyliidae;DI;1;3;obs;Cabrera
3;108;Pine forest 2;Rocky coastal 2;18/05/2022 13:00;18/05/2022 13:10;10;Teucrium capitatum;19;19;Vanessa cardui;Nymphalidae;LE;1;1;obs;Cabrera
3;108;Pine forest 2;Rocky coastal 2;18/05/2022 13:00;18/05/2022 13:10;10;Teucrium capitatum;19;19;Eupeodes corollae;Syrphidae;HO;1;1;obs;Cabrera
3;108;Pine forest 2;Rocky coastal 2;18/05/2022 13:00;18/05/2022 13:10;10;Teucrium capitatum;19;19;Eupeodes corollae;Syrphidae;HO;1;2;obs;Cabrera
3;109;Rocky coastal 1;Rocky coastal 1;19/05/2022 10:15;19/05/2022 10:25;10;Daucus carota L. subsp. Majoricus;8;8;Eupeodes corollae;Syrphidae;HO;1;2;obs;Cabrera
3;109;Rocky coastal 1;Rocky coastal 1;19/05/2022 10:15;19/05/2022 10:25;10;Daucus carota L. subsp. Majoricus;8;8;Lasioglossum sp.;Halictidae;BE;1;3;obs;Cabrera
3;109;Rocky coastal 1;Rocky coastal 1;19/05/2022 10:15;19/05/2022 10:25;10;Daucus carota L. subsp. Majoricus;8;8;Lasioglossum sp.;Halictidae;BE;1;1;obs;Cabrera
3;109;Rocky coastal 1;Rocky coastal 1;19/05/2022 10:15;19/05/2022 10:25;10;Daucus carota L. subsp. Majoricus;8;8;Lasioglossum sp.;Halictidae;BE;1;1;obs;Cabrera
3;109;Rocky coastal 1;Rocky coastal 1;19/05/2022 10:15;19/05/2022 10:25;10;Daucus carota L. subsp. Majoricus;8;8;Lasioglossum sp.;Halictidae;BE;1;1;obs;Cabrera
3;110;Rocky coastal 1;Rocky coastal 1;19/05/2022 10:25;19/05/2022 10:35;10;Daucus carota L. subsp. Majoricus;7;7;Megaselia sp.;Phoridae;DI;1;1;obs;Cabrera
3;110;Rocky coastal 1;Rocky coastal 1;19/05/2022 10:25;19/05/2022 10:35;10;Daucus carota L. subsp. Majoricus;7;7;Megaselia sp.;Phoridae;DI;1;2;obs;Cabrera
3;110;Rocky coastal 1;Rocky coastal 1;19/05/2022 10:25;19/05/2022 10:35;10;Daucus carota L. subsp. Majoricus;7;7;Eupeodes corollae;Syrphidae;HO;1;2;obs;Cabrera
3;110;Rocky coastal 1;Rocky coastal 1;19/05/2022 10:25;19/05/2022 10:35;10;Daucus carota L. subsp. Majoricus;7;7;Exoprosopa cf. bowdeni;Bombyliidae;DI;1;1;obs;Cabrera
3;110;Rocky coastal 1;Rocky coastal 1;19/05/2022 10:25;19/05/2022 10:35;10;Daucus carota L. subsp. Majoricus;7;7;Eristalis similis;Syrphidae;HO;1;1;obs;Cabrera
3;111;Rocky coastal 1;Rocky coastal 1;19/05/2022 10:35;19/05/2022 10:45;10;Daucus carota L. subsp. Majoricus;9;9;Eupeodes corollae;Syrphidae;HO;1;1;obs;Cabrera
3;111;Rocky coastal 1;Rocky coastal 1;19/05/2022 10:35;19/05/2022 10:45;10;Daucus carota L. subsp. Majoricus;9;9;Hylaeus imparilis;Colletidae;BE;1;2;obs;Cabrera
3;111;Rocky coastal 1;Rocky coastal 1;19/05/2022 10:35;19/05/2022 10:45;10;Daucus carota L. subsp. Majoricus;9;9;Lasioglossum sp.;Halictidae;BE;1;1;obs;Cabrera
3;111;Rocky coastal 1;Rocky coastal 1;19/05/2022 10:35;19/05/2022 10:45;10;Daucus carota L. subsp. Majoricus;9;9;Exoprosopa cf. bowdeni;Bombyliidae;DI;1;1;obs;Cabrera
3;112;Rocky coastal 1;Rocky coastal 1;19/05/2022 10:45;19/05/2022 10:55;10;Teucrium capitatum;75;75;Cheilosia latifrons;Syrphidae;HO;1;1;obs;Cabrera
3;112;Rocky coastal 1;Rocky coastal 1;19/05/2022 10:45;19/05/2022 10:55;10;Teucrium capitatum;75;75;Cheilosia latifrons;Syrphidae;HO;1;1;obs;Cabrera
3;112;Rocky coastal 1;Rocky coastal 1;19/05/2022 10:45;19/05/2022 10:55;10;Teucrium capitatum;75;75;Lasioglossum sp.;Halictidae;BE;1;1;obs;Cabrera
3;112;Rocky coastal 1;Rocky coastal 1;19/05/2022 10:45;19/05/2022 10:55;10;Teucrium capitatum;75;75;Lasioglossum sp.;Halictidae;BE;1;1;obs;Cabrera
3;112;Rocky coastal 1;Rocky coastal 1;19/05/2022 10:45;19/05/2022 10:55;10;Teucrium capitatum;75;75;Exoprosopa cf. bowdeni;Bombyliidae;DI;1;3;obs;Cabrera
3;113;Rocky coastal 1;Rocky coastal 1;19/05/2022 10:55;19/05/2022 11:05;10;Teucrium capitatum;45;45;Lasioglossum sp.;Halictidae;BE;1;1;obs;Cabrera
3;113;Rocky coastal 1;Rocky coastal 1;19/05/2022 10:55;19/05/2022 11:05;10;Teucrium capitatum;45;45;Cheilosia latifrons;Syrphidae;HO;1;2;obs;Cabrera
3;113;Rocky coastal 1;Rocky coastal 1;19/05/2022 10:55;19/05/2022 11:05;10;Teucrium capitatum;45;45;Phthiria cf pulicularia;Bombyliidae;DI;1;1;obs;Cabrera
3;113;Rocky coastal 1;Rocky coastal 1;19/05/2022 10:55;19/05/2022 11:05;10;Teucrium capitatum;45;45;Lasioglossum sp.;Halictidae;BE;1;1;obs;Cabrera
3;113;Rocky coastal 1;Rocky coastal 1;19/05/2022 10:55;19/05/2022 11:05;10;Teucrium capitatum;45;45;Lasioglossum sp.;Halictidae;BE;1;3;obs;Cabrera
3;113;Rocky coastal 1;Rocky coastal 1;19/05/2022 10:55;19/05/2022 11:05;10;Teucrium capitatum;45;45;Lasioglossum sp.;Halictidae;BE;1;1;obs;Cabrera
3;113;Rocky coastal 1;Rocky coastal 1;19/05/2022 10:55;19/05/2022 11:05;10;Teucrium capitatum;45;45;Lasioglossum sp.;Halictidae;BE;1;1;obs;Cabrera
3;114;Rocky coastal 1;Rocky coastal 1;19/05/2022 11:05;19/05/2022 11:15;10;Teucrium capitatum;17;17;Cheilosia latifrons;Syrphidae;HO;1;1;obs;Cabrera
3;114;Rocky coastal 1;Rocky coastal 1;19/05/2022 11:05;19/05/2022 11:15;10;Teucrium capitatum;17;17;Phthiria cf pulicularia;Bombyliidae;DI;1;2;obs;Cabrera
3;114;Rocky coastal 1;Rocky coastal 1;19/05/2022 11:05;19/05/2022 11:15;10;Teucrium capitatum;17;17;Eupeodes corollae;Syrphidae;HO;1;2;obs;Cabrera
3;114;Rocky coastal 1;Rocky coastal 1;19/05/2022 11:05;19/05/2022 11:15;10;Teucrium capitatum;17;17;Exoprosopa cf. bowdeni;Bombyliidae;DI;1;1;obs;Cabrera
3;114;Rocky coastal 1;Rocky coastal 1;19/05/2022 11:05;19/05/2022 11:15;10;Teucrium capitatum;17;17;Cheilosia latifrons;Syrphidae;HO;1;1;obs;Cabrera
3;114;Rocky coastal 1;Rocky coastal 1;19/05/2022 11:05;19/05/2022 11:15;10;Teucrium capitatum;17;17;Cheilosia latifrons;Syrphidae;HO;1;1;obs;Cabrera
3;114;Rocky coastal 1;Rocky coastal 1;19/05/2022 11:05;19/05/2022 11:15;10;Teucrium capitatum;17;17;Cheilosia latifrons;Syrphidae;HO;1;1;obs;Cabrera
3;114;Rocky coastal 1;Rocky coastal 1;19/05/2022 11:05;19/05/2022 11:15;10;Teucrium capitatum;17;17;Hylaeus imparilis;Colletidae;BE;1;1;obs;Cabrera
3;114;Rocky coastal 1;Rocky coastal 1;19/05/2022 11:05;19/05/2022 11:15;10;Teucrium capitatum;17;17;Eristalis similis;Syrphidae;HO;1;1;obs;Cabrera
3;114;Rocky coastal 1;Rocky coastal 1;19/05/2022 11:05;19/05/2022 11:15;10;Teucrium capitatum;17;17;Hylaeus imparilis;Colletidae;BE;1;1;obs;Cabrera
3;114;Rocky coastal 1;Rocky coastal 1;19/05/2022 11:05;19/05/2022 11:15;10;Teucrium capitatum;17;17;Lasioglossum sp.;Halictidae;BE;1;1;obs;Cabrera
3;114;Rocky coastal 1;Rocky coastal 1;19/05/2022 11:05;19/05/2022 11:15;10;Teucrium capitatum;17;17;Lasioglossum sp.;Halictidae;BE;1;1;obs;Cabrera
3;115;Rocky coastal 1;Rocky coastal 1;19/05/2022 11:15;19/05/2022 11:25;10;Teucrium capitatum;90;60;Vanessa cardui;Nymphalidae;LE;1;1;obs;Cabrera
3;115;Rocky coastal 1;Rocky coastal 1;19/05/2022 11:15;19/05/2022 11:25;10;Teucrium capitatum;90;60;Autographa gamma;Noctuidae;LE;1;1;obs;Cabrera
3;115;Rocky coastal 1;Rocky coastal 1;19/05/2022 11:15;19/05/2022 11:25;10;Teucrium capitatum;90;60;Autographa gamma;Noctuidae;LE;1;2;obs;Cabrera
3;115;Rocky coastal 1;Rocky coastal 1;19/05/2022 11:15;19/05/2022 11:25;10;Teucrium capitatum;90;60;Vanessa cardui;Nymphalidae;LE;1;1;obs;Cabrera
3;116;Rocky coastal 1;Rocky coastal 1;19/05/2022 11:25;19/05/2022 11:35;10;Teucrium capitatum;35;35;Episyrphus balteatus;Syrphidae;HO;1;1;obs;Cabrera
3;116;Rocky coastal 1;Rocky coastal 1;19/05/2022 11:25;19/05/2022 11:35;10;Teucrium capitatum;35;35;Cheilosia latifrons;Syrphidae;HO;1;1;obs;Cabrera
3;117;Rocky coastal 1;Rocky coastal 1;19/05/2022 11:35;19/05/2022 11:45;10;Teucrium capitatum;45;45;Colias crocea;Pieridae;LE;1;1;obs;Cabrera
3;117;Rocky coastal 1;Rocky coastal 1;19/05/2022 11:35;19/05/2022 11:45;10;Teucrium capitatum;45;45;Vanessa atalanta;Nymphalidae;LE;1;4;obs;Cabrera
3;118;Rocky coastal 1;Rocky coastal 1;19/05/2022 11:45;19/05/2022 11:55;10;Daucus carota L. subsp. Majoricus;5;5;Eupeodes corollae;Syrphidae;HO;1;3;obs;Cabrera
3;118;Rocky coastal 1;Rocky coastal 1;19/05/2022 11:45;19/05/2022 11:55;10;Daucus carota L. subsp. Majoricus;5;5;Lasioglossum sp.;Halictidae;BE;1;2;obs;Cabrera
3;119;Rocky coastal 1;Rocky coastal 1;19/05/2022 11:45;19/05/2022 11:55;10;Teucrium capitatum;25;25;Vanessa atalanta;Nymphalidae;LE;1;1;obs;Cabrera
3;119;Rocky coastal 1;Rocky coastal 1;19/05/2022 11:45;19/05/2022 11:55;10;Teucrium capitatum;25;25;Vanessa cardui;Nymphalidae;LE;1;1;obs;Cabrera
3;120;Rocky coastal 1;Rocky coastal 1;19/05/2022 11:45;19/05/2022 11:55;10;Daucus carota L. subsp. Majoricus;8;8;Podarcis lilfordi;Lacertidae;VE;1;1;obs;Cabrera
3;120;Rocky coastal 1;Rocky coastal 1;19/05/2022 11:45;19/05/2022 11:55;10;Daucus carota L. subsp. Majoricus;8;8;Podarcis lilfordi;Lacertidae;VE;1;1;obs;Cabrera
3;121;Rocky coastal 1;Rocky coastal 1;19/05/2022 12:00;19/05/2022 12:10;10;Daucus carota L. subsp. Majoricus;1;1;Sphenella marginata;Tephritidae;DI;1;1;obs;Cabrera
3;122;Rocky coastal 1;Rocky coastal 1;19/05/2022 12:10;19/05/2022 12:20;10;Daucus carota L. subsp. Majoricus;3;3;Episyrphus balteatus;Syrphidae;HO;1;3;obs;Cabrera
3;122;Rocky coastal 1;Rocky coastal 1;19/05/2022 12:10;19/05/2022 12:20;10;Daucus carota L. subsp. Majoricus;3;3;Cheilosia latifrons;Syrphidae;HO;1;1;obs;Cabrera
3;123;Rocky coastal 1;Rocky coastal 1;19/05/2022 12:20;19/05/2022 12:30;10;Daucus carota L. subsp. Majoricus;7;7;Episyrphus balteatus;Syrphidae;HO;1;2;obs;Cabrera
3;123;Rocky coastal 1;Rocky coastal 1;19/05/2022 12:20;19/05/2022 12:30;10;Daucus carota L. subsp. Majoricus;7;7;Eristalis similis;Syrphidae;HO;1;1;obs;Cabrera
3;123;Rocky coastal 1;Rocky coastal 1;19/05/2022 12:20;19/05/2022 12:30;10;Daucus carota L. subsp. Majoricus;7;7;Agromyzidae sp;Agromyzidae;DI;1;1;obs;Cabrera
3;123;Rocky coastal 1;Rocky coastal 1;19/05/2022 12:20;19/05/2022 12:30;10;Daucus carota L. subsp. Majoricus;7;7;Eupeodes corollae;Syrphidae;HO;1;3;obs;Cabrera
3;123;Rocky coastal 1;Rocky coastal 1;19/05/2022 12:20;19/05/2022 12:30;10;Daucus carota L. subsp. Majoricus;7;7;Agromyzidae sp;Agromyzidae;DI;1;1;obs;Cabrera
3;124;Rocky coastal 1;Rocky coastal 1;19/05/2022 12:30;19/05/2022 12:40;10;Daucus carota L. subsp. Majoricus;11;11;Exoprosopa cf. bowdeni;Bombyliidae;DI;1;2;obs;Cabrera
3;124;Rocky coastal 1;Rocky coastal 1;19/05/2022 12:30;19/05/2022 12:40;10;Daucus carota L. subsp. Majoricus;11;11;Cheilosia latifrons;Syrphidae;HO;1;1;obs;Cabrera
3;124;Rocky coastal 1;Rocky coastal 1;19/05/2022 12:30;19/05/2022 12:40;10;Daucus carota L. subsp. Majoricus;11;11;Eupeodes corollae;Syrphidae;HO;1;2;obs;Cabrera
3;125;Rocky coastal 1;Rocky coastal 1;19/05/2022 12:40;19/05/2022 12:50;10;Daucus carota L. subsp. Majoricus;18;18;Eristalis similis;Syrphidae;HO;1;1;obs;Cabrera
3;125;Rocky coastal 1;Rocky coastal 1;19/05/2022 12:40;19/05/2022 12:50;10;Daucus carota L. subsp. Majoricus;18;18;Eupeodes corollae;Syrphidae;HO;1;1;obs;Cabrera
3;125;Rocky coastal 1;Rocky coastal 1;19/05/2022 12:40;19/05/2022 12:50;10;Daucus carota L. subsp. Majoricus;18;18;Episyrphus balteatus;Syrphidae;HO;1;2;obs;Cabrera
3;125;Rocky coastal 1;Rocky coastal 1;19/05/2022 12:40;19/05/2022 12:50;10;Daucus carota L. subsp. Majoricus;18;18;Lasioglossum sp.;Halictidae;BE;1;3;obs;Cabrera
3;125;Rocky coastal 1;Rocky coastal 1;19/05/2022 12:40;19/05/2022 12:50;10;Daucus carota L. subsp. Majoricus;18;18;Eupeodes corollae;Syrphidae;HO;1;1;obs;Cabrera
3;125;Rocky coastal 1;Rocky coastal 1;19/05/2022 12:40;19/05/2022 12:50;10;Daucus carota L. subsp. Majoricus;18;18;Eupeodes corollae;Syrphidae;HO;1;3;obs;Cabrera
3;126;Rocky coastal 1;Rocky coastal 1;19/05/2022 12:50;19/05/2022 13:00;10;Daucus carota L. subsp. Majoricus;12;12;Episyrphus balteatus;Syrphidae;HO;1;2;obs;Cabrera
3;126;Rocky coastal 1;Rocky coastal 1;19/05/2022 12:50;19/05/2022 13:00;10;Daucus carota L. subsp. Majoricus;12;12;Eupeodes corollae;Syrphidae;HO;1;2;obs;Cabrera
3;126;Rocky coastal 1;Rocky coastal 1;19/05/2022 12:50;19/05/2022 13:00;10;Daucus carota L. subsp. Majoricus;12;12;Agromyzidae sp;Agromyzidae;DI;1;1;obs;Cabrera
3;126;Rocky coastal 1;Rocky coastal 1;19/05/2022 12:50;19/05/2022 13:00;10;Daucus carota L. subsp. Majoricus;12;12;Lasioglossum sp.;Halictidae;BE;1;1;obs;Cabrera
3;126;Rocky coastal 1;Rocky coastal 1;19/05/2022 12:50;19/05/2022 13:00;10;Daucus carota L. subsp. Majoricus;12;12;Lasioglossum sp.;Halictidae;BE;1;3;obs;Cabrera
3;126;Rocky coastal 1;Rocky coastal 1;19/05/2022 12:50;19/05/2022 13:00;10;Daucus carota L. subsp. Majoricus;12;12;Lasioglossum sp.;Halictidae;BE;1;1;obs;Cabrera
3;127;Rocky coastal 1;Rocky coastal 1;19/05/2022 13:00;19/05/2022 13:10;10;Daucus carota L. subsp. Majoricus;7;7;Eupeodes corollae;Syrphidae;HO;1;4;obs;Cabrera
3;127;Rocky coastal 1;Rocky coastal 1;19/05/2022 13:00;19/05/2022 13:10;10;Daucus carota L. subsp. Majoricus;7;7;Eristalis similis;Syrphidae;HO;1;1;obs;Cabrera
3;127;Rocky coastal 1;Rocky coastal 1;19/05/2022 13:00;19/05/2022 13:10;10;Daucus carota L. subsp. Majoricus;7;7;Episyrphus balteatus;Syrphidae;HO;1;1;obs;Cabrera
3;127;Rocky coastal 1;Rocky coastal 1;19/05/2022 13:00;19/05/2022 13:10;10;Daucus carota L. subsp. Majoricus;7;7;Lasioglossum sp.;Halictidae;BE;1;2;obs;Cabrera
3;128;Rocky coastal 1;Rocky coastal 1;19/05/2022 13:00;19/05/2022 13:10;10;Daucus carota L. subsp. Majoricus;4;4;Eupeodes corollae;Syrphidae;HO;1;2;obs;Cabrera
3;128;Rocky coastal 1;Rocky coastal 1;19/05/2022 13:00;19/05/2022 13:10;10;Daucus carota L. subsp. Majoricus;4;4;Cheilosia latifrons;Syrphidae;HO;1;1;obs;Cabrera
3;129;Rocky coastal 1;Rocky coastal 1;19/05/2022 13:10;19/05/2022 13:20;10;Daucus carota L. subsp. Majoricus;4;4;Eupeodes corollae;Syrphidae;HO;1;1;obs;Cabrera
3;129;Rocky coastal 1;Rocky coastal 1;19/05/2022 13:10;19/05/2022 13:20;10;Daucus carota L. subsp. Majoricus;4;4;Lasioglossum sp.;Halictidae;BE;1;2;obs;Cabrera
3;130;Rocky coastal 1;Rocky coastal 1;19/05/2022 13:20;19/05/2022 13:30;10;Teucrium capitatum;35;35;Exoprosopa cf. bowdeni;Bombyliidae;DI;1;1;obs;Cabrera
3;130;Rocky coastal 1;Rocky coastal 1;19/05/2022 13:20;19/05/2022 13:30;10;Teucrium capitatum;35;35;Lasioglossum sp.;Halictidae;BE;1;2;obs;Cabrera
3;130;Rocky coastal 1;Rocky coastal 1;19/05/2022 13:20;19/05/2022 13:30;10;Teucrium capitatum;35;35;Lasioglossum sp.;Halictidae;BE;1;1;obs;Cabrera
3;131;Rocky coastal 1;Rocky coastal 1;19/05/2022 13:30;19/05/2022 13:40;10;Daucus carota L. subsp. Majoricus;5;5;Eupeodes corollae;Syrphidae;HO;1;1;obs;Cabrera
3;131;Rocky coastal 1;Rocky coastal 1;19/05/2022 13:30;19/05/2022 13:40;10;Daucus carota L. subsp. Majoricus;5;5;Cheilosia latifrons;Syrphidae;HO;1;1;obs;Cabrera
3;131;Rocky coastal 1;Rocky coastal 1;19/05/2022 13:30;19/05/2022 13:40;10;Daucus carota L. subsp. Majoricus;5;5;Exoprosopa cf. bowdeni;Bombyliidae;DI;1;1;obs;Cabrera
3;132;Rocky coastal 1;Rocky coastal 1;19/05/2022 13:40;19/05/2022 13:50;10;Teucrium capitatum;30;30;Macroglossum stellatarum;Sphingidae;LE;1;1;obs;Cabrera
3;132;Rocky coastal 1;Rocky coastal 1;19/05/2022 13:40;19/05/2022 13:50;10;Teucrium capitatum;30;30;Lasioglossum sp.;Halictidae;BE;1;1;obs;Cabrera
3;132;Rocky coastal 1;Rocky coastal 1;19/05/2022 13:40;19/05/2022 13:50;10;Teucrium capitatum;30;30;Lasioglossum sp.;Halictidae;BE;1;3;obs;Cabrera
3;132;Rocky coastal 1;Rocky coastal 1;19/05/2022 13:40;19/05/2022 13:50;10;Teucrium capitatum;30;30;Exoprosopa cf. bowdeni;Bombyliidae;DI;1;2;obs;Cabrera
3;133;Rocky coastal 1;Rocky coastal 1;19/05/2022 13:50;19/05/2022 14:00;10;Teucrium capitatum;20;20;Lasioglossum sp.;Halictidae;BE;1;2;obs;Cabrera
3;133;Rocky coastal 1;Rocky coastal 1;19/05/2022 13:50;19/05/2022 14:00;10;Teucrium capitatum;20;20;Lasioglossum sp.;Halictidae;BE;1;1;obs;Cabrera
3;133;Rocky coastal 1;Rocky coastal 1;19/05/2022 13:50;19/05/2022 14:00;10;Teucrium capitatum;20;20;Lasioglossum sp.;Halictidae;BE;1;1;obs;Cabrera
3;133;Rocky coastal 1;Rocky coastal 1;19/05/2022 13:50;19/05/2022 14:00;10;Teucrium capitatum;20;20;Exoprosopa cf. bowdeni;Bombyliidae;DI;1;1;obs;Cabrera
3;133;Rocky coastal 1;Rocky coastal 1;19/05/2022 13:50;19/05/2022 14:00;10;Teucrium capitatum;20;20;Exoprosopa cf. bowdeni;Bombyliidae;DI;1;1;obs;Cabrera
3;133;Rocky coastal 1;Rocky coastal 1;19/05/2022 13:50;19/05/2022 14:00;10;Teucrium capitatum;20;20;Exoprosopa cf. bowdeni;Bombyliidae;DI;1;1;obs;Cabrera
3;134;Rocky coastal 1;Rocky coastal 1;19/05/2022 14:00;19/05/2022 14:10;10;Daucus carota L. subsp. Majoricus;4;4;Cheilosia latifrons;Syrphidae;HO;1;1;obs;Cabrera
3;134;Rocky coastal 1;Rocky coastal 1;19/05/2022 14:00;19/05/2022 14:10;10;Daucus carota L. subsp. Majoricus;4;4;Lasioglossum sp.;Halictidae;BE;1;1;obs;Cabrera
3;134;Rocky coastal 1;Rocky coastal 1;19/05/2022 14:00;19/05/2022 14:10;10;Daucus carota L. subsp. Majoricus;4;4;Podarcis lilfordi;Lacertidae;VE;1;1;obs;Cabrera
3;135;Rocky coastal 1;Rocky coastal 1;19/05/2022 11:00;19/05/2022 11:10;10;Daucus carota L. subsp. Majoricus;17;17;Podarcis lilfordi;Lacertidae;VE;1;1;obs;Cabrera
3;135;Rocky coastal 1;Rocky coastal 1;19/05/2022 11:00;19/05/2022 11:10;10;Daucus carota L. subsp. Majoricus;17;17;Podarcis lilfordi;Lacertidae;VE;1;1;obs;Cabrera
3;135;Rocky coastal 1;Rocky coastal 1;19/05/2022 11:00;19/05/2022 11:10;10;Daucus carota L. subsp. Majoricus;17;17;Podarcis lilfordi;Lacertidae;VE;1;2;obs;Cabrera
3;135;Rocky coastal 1;Rocky coastal 1;19/05/2022 11:00;19/05/2022 11:10;10;Daucus carota L. subsp. Majoricus;17;17;Episyrphus balteatus;Syrphidae;HO;1;3;obs;Cabrera
3;135;Rocky coastal 1;Rocky coastal 1;19/05/2022 11:00;19/05/2022 11:10;10;Daucus carota L. subsp. Majoricus;17;17;Lasioglossum sp.;Halictidae;BE;1;3;obs;Cabrera
3;135;Rocky coastal 1;Rocky coastal 1;19/05/2022 11:00;19/05/2022 11:10;10;Daucus carota L. subsp. Majoricus;17;17;Lasioglossum sp.;Halictidae;BE;1;2;obs;Cabrera
3;136;Rocky coastal 1;Rocky coastal 1;19/05/2022 11:10;19/05/2022 11:20;10;Daucus carota L. subsp. Majoricus;13;13;Chrysopa viridana;Chrysopidae;OT;1;1;obs;Cabrera
3;136;Rocky coastal 1;Rocky coastal 1;19/05/2022 11:10;19/05/2022 11:20;10;Daucus carota L. subsp. Majoricus;13;13;Exoprosopa cf. bowdeni;Bombyliidae;DI;1;1;obs;Cabrera
3;136;Rocky coastal 1;Rocky coastal 1;19/05/2022 11:10;19/05/2022 11:20;10;Daucus carota L. subsp. Majoricus;13;13;Eristalis similis;Syrphidae;HO;1;2;obs;Cabrera
3;136;Rocky coastal 1;Rocky coastal 1;19/05/2022 11:10;19/05/2022 11:20;10;Daucus carota L. subsp. Majoricus;13;13;Eristalis similis;Syrphidae;HO;1;1;obs;Cabrera
3;136;Rocky coastal 1;Rocky coastal 1;19/05/2022 11:10;19/05/2022 11:20;10;Daucus carota L. subsp. Majoricus;13;13;Cheilosia latifrons;Syrphidae;HO;1;4;obs;Cabrera
3;137;Rocky coastal 1;Rocky coastal 1;19/05/2022 11:20;19/05/2022 11:30;10;Daucus carota L. subsp. Majoricus;12;12;Cheilosia latifrons;Syrphidae;HO;1;2;obs;Cabrera
3;137;Rocky coastal 1;Rocky coastal 1;19/05/2022 11:20;19/05/2022 11:30;10;Daucus carota L. subsp. Majoricus;12;12;Lasioglossum sp.;Halictidae;BE;1;1;obs;Cabrera
3;137;Rocky coastal 1;Rocky coastal 1;19/05/2022 11:20;19/05/2022 11:30;10;Daucus carota L. subsp. Majoricus;12;12;Eupeodes corollae;Syrphidae;HO;1;2;obs;Cabrera
3;137;Rocky coastal 1;Rocky coastal 1;19/05/2022 11:20;19/05/2022 11:30;10;Daucus carota L. subsp. Majoricus;12;12;Episyrphus balteatus;Syrphidae;HO;1;2;obs;Cabrera
3;137;Rocky coastal 1;Rocky coastal 1;19/05/2022 11:20;19/05/2022 11:30;10;Daucus carota L. subsp. Majoricus;12;12;Cheilosia latifrons;Syrphidae;HO;1;1;obs;Cabrera
3;138;Rocky coastal 1;Rocky coastal 1;19/05/2022 11:40;19/05/2022 11:50;10;Teucrium capitatum;41;41;Vanessa atalanta;Nymphalidae;LE;1;1;obs;Cabrera
3;138;Rocky coastal 1;Rocky coastal 1;19/05/2022 11:40;19/05/2022 11:50;10;Teucrium capitatum;41;41;Vanessa atalanta;Nymphalidae;LE;1;1;obs;Cabrera
3;138;Rocky coastal 1;Rocky coastal 1;19/05/2022 11:40;19/05/2022 11:50;10;Teucrium capitatum;41;41;Vanessa cardui;Nymphalidae;LE;1;1;obs;Cabrera
3;138;Rocky coastal 1;Rocky coastal 1;19/05/2022 11:40;19/05/2022 11:50;10;Teucrium capitatum;41;41;Exoprosopa cf. bowdeni;Bombyliidae;DI;1;1;obs;Cabrera
3;138;Rocky coastal 1;Rocky coastal 1;19/05/2022 11:40;19/05/2022 11:50;10;Teucrium capitatum;41;41;Eupeodes corollae;Syrphidae;HO;1;1;obs;Cabrera
3;138;Rocky coastal 1;Rocky coastal 1;19/05/2022 11:40;19/05/2022 11:50;10;Teucrium capitatum;41;41;Colias crocea;Pieridae;LE;1;1;obs;Cabrera
3;139;Rocky coastal 1;Rocky coastal 1;19/05/2022 11:50;19/05/2022 12:00;10;Teucrium capitatum;38;38;Colias crocea;Pieridae;LE;1;2;obs;Cabrera
3;139;Rocky coastal 1;Rocky coastal 1;19/05/2022 11:50;19/05/2022 12:00;10;Teucrium capitatum;38;38;Vanessa cardui;Nymphalidae;LE;1;1;obs;Cabrera
3;139;Rocky coastal 1;Rocky coastal 1;19/05/2022 11:50;19/05/2022 12:00;10;Teucrium capitatum;38;38;Eupeodes corollae;Syrphidae;HO;1;3;obs;Cabrera
3;139;Rocky coastal 1;Rocky coastal 1;19/05/2022 11:50;19/05/2022 12:00;10;Teucrium capitatum;38;38;Eupeodes corollae;Syrphidae;HO;1;1;obs;Cabrera
3;139;Rocky coastal 1;Rocky coastal 1;19/05/2022 11:50;19/05/2022 12:00;10;Teucrium capitatum;38;38;Exoprosopa cf. bowdeni;Bombyliidae;DI;1;1;obs;Cabrera
3;140;Rocky coastal 1;Rocky coastal 1;19/05/2022 12:50;19/05/2022 13:00;10;Teucrium capitatum;18;18;Vanessa cardui;Nymphalidae;LE;1;1;obs;Cabrera
3;140;Rocky coastal 1;Rocky coastal 1;19/05/2022 12:50;19/05/2022 13:00;10;Teucrium capitatum;18;18;Eupeodes corollae;Syrphidae;HO;1;2;obs;Cabrera
3;141;Rocky coastal 1;Rocky coastal 1;19/05/2022 13:00;19/05/2022 13:10;10;Daucus carota L. subsp. Majoricus;15;15;Podarcis lilfordi;Lacertidae;VE;1;1;obs;Cabrera
3;141;Rocky coastal 1;Rocky coastal 1;19/05/2022 13:00;19/05/2022 13:10;10;Daucus carota L. subsp. Majoricus;15;15;Podarcis lilfordi;Lacertidae;VE;1;2;obs;Cabrera
3;141;Rocky coastal 1;Rocky coastal 1;19/05/2022 13:00;19/05/2022 13:10;10;Daucus carota L. subsp. Majoricus;15;15;Eupeodes corollae;Syrphidae;HO;1;3;obs;Cabrera
3;142;Rocky coastal 1;Rocky coastal 1;19/05/2022 13:10;19/05/2022 13:20;10;Daucus carota L. subsp. Majoricus;10;10;Ancistrocerus ebusianus;Eumenidae;WA;1;2;obs;Cabrera
3;142;Rocky coastal 1;Rocky coastal 1;19/05/2022 13:10;19/05/2022 13:20;10;Daucus carota L. subsp. Majoricus;10;10;Lasioglossum sp.;Halictidae;BE;1;1;obs;Cabrera
3;143;Rocky coastal 1;Rocky coastal 1;19/05/2022 13:20;19/05/2022 13:30;10;Helichrysum stoechas;120;65;Eupeodes corollae;Syrphidae;HO;1;5;obs;Cabrera
3;143;Rocky coastal 1;Rocky coastal 1;19/05/2022 13:20;19/05/2022 13:30;10;Helichrysum stoechas;120;65;Eupeodes corollae;Syrphidae;HO;1;7;obs;Cabrera
3;144;Rocky coastal 1;Rocky coastal 1;19/05/2022 13:30;19/05/2022 13:40;10;Helichrysum stoechas;90;60;Lasioglossum sp.;Halictidae;BE;1;4;obs;Cabrera
3;144;Rocky coastal 1;Rocky coastal 1;19/05/2022 13:30;19/05/2022 13:40;10;Helichrysum stoechas;90;60;Eupeodes corollae;Syrphidae;HO;1;2;obs;Cabrera
3;145;Pine forest 1;Dune system 1;19/05/2022 16:00;19/05/2022 16:10;10;Asteriscus aquaticus;35;35;Dasytes nigroaeneus;Dasytidae;CO;1;1;obs;Cabrera
3;145;Pine forest 1;Dune system 1;19/05/2022 16:00;19/05/2022 16:10;10;Asteriscus aquaticus;35;35;Tapinoma nigerrinum;Formicidae;OT;1;1;obs;Cabrera
3;145;Pine forest 1;Dune system 1;19/05/2022 16:00;19/05/2022 16:10;10;Asteriscus aquaticus;35;35;Tapinoma nigerrinum;Formicidae;OT;1;1;obs;Cabrera
4;146;Rocky coastal 2;Dune system 2;31/05/2022 13:20;31/05/2022 13:30;10;Cakile maritima;26;26;Ancistrocerus ebusianus;Eumenidae;WA;1;7;obs;Cabrera
4;146;Rocky coastal 2;Dune system 2;31/05/2022 13:20;31/05/2022 13:30;10;Cakile maritima;26;26;Dasytes nigroaeneus;Dasytidae;CO;1;2;obs;Cabrera
4;146;Rocky coastal 2;Dune system 2;31/05/2022 13:20;31/05/2022 13:30;10;Cakile maritima;26;26;Ancistrocerus ebusianus;Eumenidae;WA;1;3;obs;Cabrera
4;146;Rocky coastal 2;Dune system 2;31/05/2022 13:20;31/05/2022 13:30;10;Cakile maritima;26;26;Lydella thompsoni;Tachinidae;DI;1;6;obs;Cabrera
4;146;Rocky coastal 2;Dune system 2;31/05/2022 13:20;31/05/2022 13:30;10;Cakile maritima;26;26;Lydella nigrescens;Tachinidae;DI;1;3;obs;Cabrera
4;146;Rocky coastal 2;Dune system 2;31/05/2022 13:20;31/05/2022 13:30;10;Cakile maritima;26;26;Tapinoma nigerrinum;Formicidae;OT;1;2;obs;Cabrera
4;146;Rocky coastal 2;Dune system 2;31/05/2022 13:20;31/05/2022 13:30;10;Cakile maritima;26;26;Anaspis sp.;Scraptiidae;CO;1;2;obs;Cabrera
4;147;Rocky coastal 2;Dune system 2;31/05/2022 13:40;31/05/2022 13:50;10;Cakile maritima;24;24;Tachysphex obscuripennis;Sphecidae;WA;1;3;obs;Cabrera
4;147;Rocky coastal 2;Dune system 2;31/05/2022 13:40;31/05/2022 13:50;10;Cakile maritima;24;24;Eupeodes corollae;Syrphidae;HO;1;1;obs;Cabrera
4;147;Rocky coastal 2;Dune system 2;31/05/2022 13:40;31/05/2022 13:50;10;Cakile maritima;24;24;Eupeodes corollae;Syrphidae;HO;1;1;obs;Cabrera
4;147;Rocky coastal 2;Dune system 2;31/05/2022 13:40;31/05/2022 13:50;10;Cakile maritima;24;24;Eupeodes corollae;Syrphidae;HO;1;1;obs;Cabrera
4;147;Rocky coastal 2;Dune system 2;31/05/2022 13:40;31/05/2022 13:50;10;Cakile maritima;24;24;Lydella thompsoni;Tachinidae;DI;1;1;obs;Cabrera
4;147;Rocky coastal 2;Dune system 2;31/05/2022 13:40;31/05/2022 13:50;10;Cakile maritima;24;24;Lydella thompsoni;Tachinidae;DI;1;1;obs;Cabrera
4;148;Rocky coastal 2;Dune system 2;31/05/2022 13:50;31/05/2022 14:00;10;Cakile maritima;5;5;Ancistrocerus ebusianus;Eumenidae;WA;1;2;obs;Cabrera
4;148;Rocky coastal 2;Dune system 2;31/05/2022 13:50;31/05/2022 14:00;10;Cakile maritima;5;5;Dasytes nigroaeneus;Dasytidae;CO;1;1;obs;Cabrera
4;148;Rocky coastal 2;Dune system 2;31/05/2022 13:50;31/05/2022 14:00;10;Cakile maritima;5;5;Dasytes nigroaeneus;Dasytidae;CO;1;1;obs;Cabrera
4;148;Rocky coastal 2;Dune system 2;31/05/2022 13:50;31/05/2022 14:00;10;Cakile maritima;5;5;Dasytes nigroaeneus;Dasytidae;CO;1;1;obs;Cabrera
4;148;Rocky coastal 2;Dune system 2;31/05/2022 13:50;31/05/2022 14:00;10;Cakile maritima;5;5;Dasytes nigroaeneus;Dasytidae;CO;1;1;obs;Cabrera
4;149;Rocky coastal 2;Dune system 2;31/05/2022 14:00;31/05/2022 14:10;10;Cakile maritima;7;7;Exoprosopa cf. bowdeni;Bombyliidae;DI;1;1;obs;Cabrera
4;149;Rocky coastal 2;Dune system 2;31/05/2022 14:00;31/05/2022 14:10;10;Cakile maritima;7;7;Ancistrocerus ebusianus;Eumenidae;WA;1;1;obs;Cabrera
4;149;Rocky coastal 2;Dune system 2;31/05/2022 14:00;31/05/2022 14:10;10;Cakile maritima;7;7;Monomorium sp;Formicidae;OT;1;2;obs;Cabrera
4;149;Rocky coastal 2;Dune system 2;31/05/2022 14:00;31/05/2022 14:10;10;Cakile maritima;7;7;Tapinoma nigerrinum;Formicidae;OT;1;1;obs;Cabrera
4;149;Rocky coastal 2;Dune system 2;31/05/2022 14:00;31/05/2022 14:10;10;Cakile maritima;7;7;Tapinoma nigerrinum;Formicidae;OT;1;2;obs;Cabrera
4;149;Rocky coastal 2;Dune system 2;31/05/2022 14:00;31/05/2022 14:10;10;Cakile maritima;7;7;Exoprosopa cf. bowdeni;Bombyliidae;DI;1;1;obs;Cabrera
4;149;Rocky coastal 2;Dune system 2;31/05/2022 14:00;31/05/2022 14:10;10;Cakile maritima;7;7;Anaspis sp.;Scraptiidae;CO;1;1;obs;Cabrera
4;150;Rocky coastal 2;Dune system 2;31/05/2022 14:10;31/05/2022 14:20;10;Cakile maritima;10;10;Dasytes nigroaeneus;Dasytidae;CO;1;2;obs;Cabrera
4;150;Rocky coastal 2;Dune system 2;31/05/2022 14:10;31/05/2022 14:20;10;Cakile maritima;10;10;Dasytes nigroaeneus;Dasytidae;CO;1;1;obs;Cabrera
4;151;Rocky coastal 2;Dune system 2;31/05/2022 14:20;31/05/2022 14:30;10;Cakile maritima;7;7;Dasytes nigroaeneus;Dasytidae;CO;1;1;obs;Cabrera
4;151;Rocky coastal 2;Dune system 2;31/05/2022 14:20;31/05/2022 14:30;10;Cakile maritima;7;7;Exoprosopa cf. bowdeni;Bombyliidae;DI;1;1;obs;Cabrera
4;151;Rocky coastal 2;Dune system 2;31/05/2022 14:20;31/05/2022 14:30;10;Cakile maritima;7;7;Monomorium sp;Formicidae;OT;1;1;obs;Cabrera
4;151;Rocky coastal 2;Dune system 2;31/05/2022 14:20;31/05/2022 14:30;10;Cakile maritima;7;7;Lydella nigrescens;Tachinidae;DI;1;1;obs;Cabrera
4;151;Rocky coastal 2;Dune system 2;31/05/2022 14:20;31/05/2022 14:30;10;Cakile maritima;7;7;Lydella nigrescens;Tachinidae;DI;1;1;obs;Cabrera
4;151;Rocky coastal 2;Dune system 2;31/05/2022 14:20;31/05/2022 14:30;10;Cakile maritima;7;7;Tapinoma nigerrinum;Formicidae;OT;1;1;obs;Cabrera
4;151;Rocky coastal 2;Dune system 2;31/05/2022 14:20;31/05/2022 14:30;10;Cakile maritima;7;7;Monomorium sp;Formicidae;OT;1;1;obs;Cabrera
4;152;Rocky coastal 2;Dune system 2;31/05/2022 14:40;31/05/2022 14:50;10;Cakile maritima;6;6;Hylaeus imparilis;Colletidae;BE;1;1;obs;Cabrera
4;152;Rocky coastal 2;Dune system 2;31/05/2022 14:40;31/05/2022 14:50;10;Cakile maritima;6;6;Lydella nigrescens;Tachinidae;DI;1;2;obs;Cabrera
4;153;Rocky coastal 2;Rocky coastal 2;31/05/2022 14:50;31/05/2022 15:00;10;Teucrium capitatum;21;21;Dasytes nigroaeneus;Dasytidae;CO;1;1;obs;Cabrera
4;153;Rocky coastal 2;Rocky coastal 2;31/05/2022 14:50;31/05/2022 15:00;10;Teucrium capitatum;21;21;Exoprosopa cf. bowdeni;Bombyliidae;DI;1;1;obs;Cabrera
4;153;Rocky coastal 2;Rocky coastal 2;31/05/2022 14:50;31/05/2022 15:00;10;Teucrium capitatum;21;21;Monomorium sp;Formicidae;OT;1;1;obs;Cabrera
4;153;Rocky coastal 2;Rocky coastal 2;31/05/2022 14:50;31/05/2022 15:00;10;Teucrium capitatum;21;21;Tapinoma nigerrinum;Formicidae;OT;1;3;obs;Cabrera
4;154;Rocky coastal 2;Rocky coastal 2;31/05/2022 15:00;31/05/2022 15:10;10;Teucrium capitatum;8;8;Dasytes nigroaeneus;Dasytidae;CO;1;1;obs;Cabrera
4;154;Rocky coastal 2;Rocky coastal 2;31/05/2022 15:00;31/05/2022 15:10;10;Teucrium capitatum;8;8;Monomorium sp;Formicidae;OT;1;1;obs;Cabrera
4;155;Rocky coastal 2;Rocky coastal 2;31/05/2022 15:10;31/05/2022 15:20;10;Teucrium capitatum;3;3;Dasytes nigroaeneus;Dasytidae;CO;1;1;obs;Cabrera
4;155;Rocky coastal 2;Rocky coastal 2;31/05/2022 15:10;31/05/2022 15:20;10;Teucrium capitatum;3;3;Monomorium sp;Formicidae;OT;1;1;obs;Cabrera
4;155;Rocky coastal 2;Rocky coastal 2;31/05/2022 15:10;31/05/2022 15:20;10;Teucrium capitatum;3;3;Exoprosopa cf. bowdeni;Bombyliidae;DI;1;1;obs;Cabrera
4;156;Rocky coastal 2;Rocky coastal 2;31/05/2022 15:20;31/05/2022 15:30;10;Teucrium capitatum;150;110;Phthiria cf pulicularia;Bombyliidae;DI;5;7;obs;Cabrera
4;156;Rocky coastal 2;Rocky coastal 2;31/05/2022 15:20;31/05/2022 15:30;10;Teucrium capitatum;150;110;Lasioglossum sp.;Halictidae;BE;2;4;obs;Cabrera
4;156;Rocky coastal 2;Rocky coastal 2;31/05/2022 15:20;31/05/2022 15:30;10;Teucrium capitatum;150;110;Exoprosopa cf. bowdeni;Bombyliidae;DI;1;2;obs;Cabrera
4;157;Rocky coastal 2;Rocky coastal 2;31/05/2022 15:30;31/05/2022 15:40;10;Teucrium capitatum;130;95;Lydella nigrescens;Tachinidae;DI;1;4;obs;Cabrera
4;157;Rocky coastal 2;Rocky coastal 2;31/05/2022 15:30;31/05/2022 15:40;10;Teucrium capitatum;130;95;Lydella nigrescens;Tachinidae;DI;2;5;obs;Cabrera
4;157;Rocky coastal 2;Rocky coastal 2;31/05/2022 15:30;31/05/2022 15:40;10;Teucrium capitatum;130;95;Exoprosopa cf. bowdeni;Bombyliidae;DI;2;2;obs;Cabrera
4;157;Rocky coastal 2;Rocky coastal 2;31/05/2022 15:30;31/05/2022 15:40;10;Teucrium capitatum;130;95;Lydella nigrescens;Tachinidae;DI;2;7;obs;Cabrera
4;157;Rocky coastal 2;Rocky coastal 2;31/05/2022 15:30;31/05/2022 15:40;10;Teucrium capitatum;130;95;Lasioglossum sp.;Halictidae;BE;3;5;obs;Cabrera
4;158;Rocky coastal 2;Rocky coastal 2;31/05/2022 15:50;31/05/2022 16:00;10;Teucrium capitatum;110;87;Lasioglossum sp.;Halictidae;BE;3;8;obs;Cabrera
4;158;Rocky coastal 2;Rocky coastal 2;31/05/2022 15:50;31/05/2022 16:00;10;Teucrium capitatum;110;87;Phthiria cf pulicularia;Bombyliidae;DI;1;1;obs;Cabrera
4;159;Rocky coastal 2;Dune system 2;31/05/2022 14:00;31/05/2022 14:10;10;Limonium sp.;95;95;Lasioglossum sp.;Halictidae;BE;1;4;obs;Cabrera
4;159;Rocky coastal 2;Dune system 2;31/05/2022 14:00;31/05/2022 14:10;10;Limonium sp.;95;95;Lasioglossum sp.;Halictidae;BE;1;2;obs;Cabrera
4;159;Rocky coastal 2;Dune system 2;31/05/2022 14:00;31/05/2022 14:10;10;Limonium sp.;95;95;Lasioglossum sp.;Halictidae;BE;1;1;obs;Cabrera
4;160;Rocky coastal 2;Dune system 2;31/05/2022 14:10;31/05/2022 14:20;10;Limonium sp.;90;60;Lasioglossum sp.;Halictidae;BE;1;1;obs;Cabrera
4;160;Rocky coastal 2;Dune system 2;31/05/2022 14:10;31/05/2022 14:20;10;Limonium sp.;90;60;Lasioglossum sp.;Halictidae;BE;1;1;obs;Cabrera
4;160;Rocky coastal 2;Dune system 2;31/05/2022 14:10;31/05/2022 14:20;10;Limonium sp.;90;60;Lasioglossum sp.;Halictidae;BE;1;2;obs;Cabrera
4;160;Rocky coastal 2;Dune system 2;31/05/2022 14:10;31/05/2022 14:20;10;Limonium sp.;90;60;Lasioglossum sp.;Halictidae;BE;1;1;obs;Cabrera
4;161;Rocky coastal 2;Dune system 2;31/05/2022 14:20;31/05/2022 14:30;10;Limonium sp.;23;23;Lasioglossum sp.;Halictidae;BE;1;1;obs;Cabrera
4;161;Rocky coastal 2;Dune system 2;31/05/2022 14:20;31/05/2022 14:30;10;Limonium sp.;23;23;Lasioglossum sp.;Halictidae;BE;1;2;obs;Cabrera
4;162;Rocky coastal 2;Rocky coastal 2;31/05/2022 14:30;31/05/2022 14:40;10;Teucrium capitatum;72;72;Exoprosopa cf. bowdeni;Bombyliidae;DI;1;4;obs;Cabrera
4;162;Rocky coastal 2;Rocky coastal 2;31/05/2022 14:30;31/05/2022 14:40;10;Teucrium capitatum;72;72;Exoprosopa cf. bowdeni;Bombyliidae;DI;1;3;obs;Cabrera
4;162;Rocky coastal 2;Rocky coastal 2;31/05/2022 14:30;31/05/2022 14:40;10;Teucrium capitatum;72;72;Lasioglossum sp.;Halictidae;BE;1;2;obs;Cabrera
4;162;Rocky coastal 2;Rocky coastal 2;31/05/2022 14:30;31/05/2022 14:40;10;Teucrium capitatum;72;72;Lasioglossum sp.;Halictidae;BE;1;1;obs;Cabrera
4;162;Rocky coastal 2;Rocky coastal 2;31/05/2022 14:30;31/05/2022 14:40;10;Teucrium capitatum;72;72;Lasioglossum sp.;Halictidae;BE;1;2;obs;Cabrera
4;162;Rocky coastal 2;Rocky coastal 2;31/05/2022 14:30;31/05/2022 14:40;10;Teucrium capitatum;72;72;Lasioglossum sp.;Halictidae;BE;1;1;obs;Cabrera
4;162;Rocky coastal 2;Rocky coastal 2;31/05/2022 14:30;31/05/2022 14:40;10;Teucrium capitatum;72;72;Exoprosopa cf. bowdeni;Bombyliidae;DI;1;2;obs;Cabrera
4;163;Pine forest 2;Rocky coastal 2;31/05/2022 17:20;31/05/2022 17:30;10;Teucrium capitatum;98;98;Exoprosopa cf. bowdeni;Bombyliidae;DI;1;2;obs;Cabrera
4;163;Pine forest 2;Rocky coastal 2;31/05/2022 17:20;31/05/2022 17:30;10;Teucrium capitatum;98;98;Exoprosopa cf. bowdeni;Bombyliidae;DI;1;2;obs;Cabrera
4;163;Pine forest 2;Rocky coastal 2;31/05/2022 17:20;31/05/2022 17:30;10;Teucrium capitatum;98;98;Exoprosopa cf. bowdeni;Bombyliidae;DI;1;1;obs;Cabrera
4;164;Pine forest 2;Rocky coastal 2;31/05/2022 17:30;31/05/2022 17:40;10;Teucrium capitatum;85;85;Lasioglossum sp.;Halictidae;BE;1;1;obs;Cabrera
4;164;Pine forest 2;Rocky coastal 2;31/05/2022 17:30;31/05/2022 17:40;10;Teucrium capitatum;85;85;Lasioglossum sp.;Halictidae;BE;1;2;obs;Cabrera
4;164;Pine forest 2;Rocky coastal 2;31/05/2022 17:30;31/05/2022 17:40;10;Teucrium capitatum;85;85;Exoprosopa cf. bowdeni;Bombyliidae;DI;1;1;obs;Cabrera
4;164;Pine forest 2;Rocky coastal 2;31/05/2022 17:30;31/05/2022 17:40;10;Teucrium capitatum;85;85;Lasioglossum sp.;Halictidae;BE;1;3;obs;Cabrera
4;165;Pine forest 2;Rocky coastal 2;31/05/2022 17:40;31/05/2022 17:50;10;Teucrium capitatum;92;92;Exoprosopa cf. bowdeni;Bombyliidae;DI;1;3;obs;Cabrera
4;165;Pine forest 2;Rocky coastal 2;31/05/2022 17:40;31/05/2022 17:50;10;Teucrium capitatum;92;92;Lasioglossum sp.;Halictidae;BE;1;4;obs;Cabrera
4;165;Pine forest 2;Rocky coastal 2;31/05/2022 17:40;31/05/2022 17:50;10;Teucrium capitatum;92;92;Lasioglossum sp.;Halictidae;BE;1;5;obs;Cabrera
4;165;Pine forest 2;Rocky coastal 2;31/05/2022 17:40;31/05/2022 17:50;10;Teucrium capitatum;92;92;Lydella sp.;Tachinidae;DI;1;3;obs;Cabrera
4;166;Pine forest 2;Rocky coastal 2;31/05/2022 17:20;31/05/2022 17:30;10;Teucrium capitatum;60;60;Lasioglossum sp.;Halictidae;BE;1;1;obs;Cabrera
4;166;Pine forest 2;Rocky coastal 2;31/05/2022 17:20;31/05/2022 17:30;10;Teucrium capitatum;60;60;Exoprosopa cf. bowdeni;Bombyliidae;DI;1;1;obs;Cabrera
4;166;Pine forest 2;Rocky coastal 2;31/05/2022 17:20;31/05/2022 17:30;10;Teucrium capitatum;60;60;Phthiria cf pulicularia;Bombyliidae;DI;1;1;obs;Cabrera
4;167;Pine forest 2;Rocky coastal 2;31/05/2022 17:39;31/05/2022 17:49;10;Teucrium capitatum;130;95;Lasioglossum sp.;Halictidae;BE;1;1;obs;Cabrera
4;167;Pine forest 2;Rocky coastal 2;31/05/2022 17:39;31/05/2022 17:49;10;Teucrium capitatum;130;95;Exoprosopa cf. bowdeni;Bombyliidae;DI;2;4;obs;Cabrera
4;168;Pine forest 2;Rocky coastal 2;31/05/2022 17:49;31/05/2022 17:59;10;Teucrium capitatum;65;65;Exoprosopa cf. bowdeni;Bombyliidae;DI;1;1;obs;Cabrera
4;169;Pine forest 2;Rocky coastal 2;31/05/2022 18:04;31/05/2022 18:14;10;Teucrium capitatum;130;95;Lydella sp.;Tachinidae;DI;1;2;obs;Cabrera
4;169;Pine forest 2;Rocky coastal 2;31/05/2022 18:04;31/05/2022 18:14;10;Teucrium capitatum;130;95;Exoprosopa cf. bowdeni;Bombyliidae;DI;1;1;obs;Cabrera
4;169;Pine forest 2;Rocky coastal 2;31/05/2022 18:04;31/05/2022 18:14;10;Teucrium capitatum;130;95;Exoprosopa cf. bowdeni;Bombyliidae;DI;1;6;obs;Cabrera
4;169;Pine forest 2;Rocky coastal 2;31/05/2022 18:04;31/05/2022 18:14;10;Teucrium capitatum;130;95;Exoprosopa cf. bowdeni;Bombyliidae;DI;1;3;obs;Cabrera
4;169;Pine forest 2;Rocky coastal 2;31/05/2022 18:04;31/05/2022 18:14;10;Teucrium capitatum;130;95;Lasioglossum sp.;Halictidae;BE;1;10;obs;Cabrera
4;170;Pine forest 2;Rocky coastal 2;31/05/2022 17:20;31/05/2022 17:30;10;Helichrysum stoechas;140;100;Lydella thompsoni;Tachinidae;DI;1;6;obs;Cabrera
4;170;Pine forest 2;Rocky coastal 2;31/05/2022 17:20;31/05/2022 17:30;10;Helichrysum stoechas;140;100;Lydella thompsoni;Tachinidae;DI;1;2;obs;Cabrera
4;170;Pine forest 2;Rocky coastal 2;31/05/2022 17:20;31/05/2022 17:30;10;Helichrysum stoechas;140;100;Lydella nigrescens;Tachinidae;DI;1;3;obs;Cabrera
4;170;Pine forest 2;Rocky coastal 2;31/05/2022 17:20;31/05/2022 17:30;10;Helichrysum stoechas;140;100;Tachysphex obscuripennis;Sphecidae;WA;1;1;obs;Cabrera
4;170;Pine forest 2;Rocky coastal 2;31/05/2022 17:20;31/05/2022 17:30;10;Helichrysum stoechas;140;100;Tachysphex obscuripennis;Sphecidae;WA;1;2;obs;Cabrera
4;171;Pine forest 2;Rocky coastal 2;31/05/2022 17:30;31/05/2022 17:40;10;Helichrysum stoechas;18;18;Lydella thompsoni;Tachinidae;DI;1;1;obs;Cabrera
4;171;Pine forest 2;Rocky coastal 2;31/05/2022 17:30;31/05/2022 17:40;10;Helichrysum stoechas;18;18;Tachysphex obscuripennis;Sphecidae;WA;1;1;obs;Cabrera
4;172;Pine forest 2;Rocky coastal 2;31/05/2022 17:40;31/05/2022 17:50;10;Helichrysum stoechas;35;35;Ancistrocerus ebusianus;Eumenidae;WA;1;16;obs;Cabrera
4;172;Pine forest 2;Rocky coastal 2;31/05/2022 17:40;31/05/2022 17:50;10;Helichrysum stoechas;35;35;Lydella thompsoni;Tachinidae;DI;1;2;obs;Cabrera
4;173;Pine forest 2;Rocky coastal 2;31/05/2022 17:50;31/05/2022 18:00;10;Helichrysum stoechas;27;27;Dasytes nigroaeneus;Dasytidae;CO;1;1;obs;Cabrera
4;173;Pine forest 2;Rocky coastal 2;31/05/2022 17:50;31/05/2022 18:00;10;Helichrysum stoechas;27;27;Dasytes nigroaeneus;Dasytidae;CO;1;1;obs;Cabrera
4;174;Pine forest 2;Rocky coastal 2;31/05/2022 18:00;31/05/2022 18:10;10;Helichrysum stoechas;21;21;Lydella thompsoni;Tachinidae;DI;1;1;obs;Cabrera
4;174;Pine forest 2;Rocky coastal 2;31/05/2022 18:00;31/05/2022 18:10;10;Helichrysum stoechas;21;21;Hylaeus imparilis;Colletidae;BE;1;1;obs;Cabrera
4;175;Dune system 2;Dune system 2;01/06/2022 11:00;01/06/2022 11:10;10;Cakile maritima;68;68;Ancistrocerus ebusianus;Eumenidae;WA;1;9;obs;Cabrera
4;175;Dune system 2;Dune system 2;01/06/2022 11:00;01/06/2022 11:10;10;Cakile maritima;68;68;Autographa gamma;Noctuidae;LE;1;13;obs;Cabrera
4;175;Dune system 2;Dune system 2;01/06/2022 11:00;01/06/2022 11:10;10;Cakile maritima;68;68;Ancistrocerus ebusianus;Eumenidae;WA;1;5;obs;Cabrera
4;175;Dune system 2;Dune system 2;01/06/2022 11:00;01/06/2022 11:10;10;Cakile maritima;68;68;Eupeodes corollae;Syrphidae;HO;1;4;obs;Cabrera
4;175;Dune system 2;Dune system 2;01/06/2022 11:00;01/06/2022 11:10;10;Cakile maritima;68;68;Lasioglossum sp.;Halictidae;BE;1;3;obs;Cabrera
4;175;Dune system 2;Dune system 2;01/06/2022 11:00;01/06/2022 11:10;10;Cakile maritima;68;68;Ancistrocerus ebusianus;Eumenidae;WA;1;4;obs;Cabrera
4;175;Dune system 2;Dune system 2;01/06/2022 11:00;01/06/2022 11:10;10;Cakile maritima;68;68;Autographa gamma;Noctuidae;LE;1;4;obs;Cabrera
4;175;Dune system 2;Dune system 2;01/06/2022 11:00;01/06/2022 11:10;10;Cakile maritima;68;68;Lasioglossum sp.;Halictidae;BE;1;3;obs;Cabrera
4;176;Dune system 2;Dune system 2;01/06/2022 11:10;01/06/2022 11:20;10;Cakile maritima;35;35;Lasioglossum sp.;Halictidae;BE;1;5;obs;Cabrera
4;176;Dune system 2;Dune system 2;01/06/2022 11:10;01/06/2022 11:20;10;Cakile maritima;35;35;Lasioglossum sp.;Halictidae;BE;1;6;obs;Cabrera
4;176;Dune system 2;Dune system 2;01/06/2022 11:10;01/06/2022 11:20;10;Cakile maritima;35;35;Lasioglossum sp.;Halictidae;BE;1;5;obs;Cabrera
4;176;Dune system 2;Dune system 2;01/06/2022 11:10;01/06/2022 11:20;10;Cakile maritima;35;35;Lucilia silvarum;Calliphoridae;DI;1;7;obs;Cabrera
4;176;Dune system 2;Dune system 2;01/06/2022 11:10;01/06/2022 11:20;10;Cakile maritima;35;35;Lasioglossum sp.;Halictidae;BE;1;2;obs;Cabrera
4;176;Dune system 2;Dune system 2;01/06/2022 11:10;01/06/2022 11:20;10;Cakile maritima;35;35;Ancistrocerus ebusianus;Eumenidae;WA;1;5;obs;Cabrera
4;176;Dune system 2;Dune system 2;01/06/2022 11:10;01/06/2022 11:20;10;Cakile maritima;35;35;Lasioglossum sp.;Halictidae;BE;1;2;obs;Cabrera
4;176;Dune system 2;Dune system 2;01/06/2022 11:10;01/06/2022 11:20;10;Cakile maritima;35;35;Colias crocea;Pieridae;LE;1;4;obs;Cabrera
4;177;Dune system 2;Dune system 2;01/06/2022 11:20;01/06/2022 11:30;10;Cakile maritima;5;5;Lasioglossum sp.;Halictidae;BE;1;3;obs;Cabrera
4;177;Dune system 2;Dune system 2;01/06/2022 11:20;01/06/2022 11:30;10;Cakile maritima;5;5;Ancistrocerus ebusianus;Eumenidae;WA;1;4;obs;Cabrera
4;177;Dune system 2;Dune system 2;01/06/2022 11:20;01/06/2022 11:30;10;Cakile maritima;5;5;Eupeodes corollae;Syrphidae;HO;1;3;obs;Cabrera
4;177;Dune system 2;Dune system 2;01/06/2022 11:20;01/06/2022 11:30;10;Cakile maritima;5;5;Eupeodes corollae;Syrphidae;HO;1;15;obs;Cabrera
4;177;Dune system 2;Dune system 2;01/06/2022 11:20;01/06/2022 11:30;10;Cakile maritima;5;5;Eupeodes corollae;Syrphidae;HO;1;5;obs;Cabrera
4;177;Dune system 2;Dune system 2;01/06/2022 11:20;01/06/2022 11:30;10;Cakile maritima;5;5;Lucilia silvarum;Calliphoridae;DI;1;16;obs;Cabrera
4;178;Dune system 2;Dune system 2;01/06/2022 11:30;01/06/2022 11:40;10;Cakile maritima;15;15;Eupeodes corollae;Syrphidae;HO;1;2;obs;Cabrera
4;178;Dune system 2;Dune system 2;01/06/2022 11:30;01/06/2022 11:40;10;Cakile maritima;15;15;Colias crocea;Pieridae;LE;1;2;obs;Cabrera
4;178;Dune system 2;Dune system 2;01/06/2022 11:30;01/06/2022 11:40;10;Cakile maritima;15;15;Lucilia silvarum;Calliphoridae;DI;1;3;obs;Cabrera
4;178;Dune system 2;Dune system 2;01/06/2022 11:30;01/06/2022 11:40;10;Cakile maritima;15;15;Lasioglossum sp.;Halictidae;BE;1;2;obs;Cabrera
4;178;Dune system 2;Dune system 2;01/06/2022 11:30;01/06/2022 11:40;10;Cakile maritima;15;15;Lasioglossum sp.;Halictidae;BE;1;4;obs;Cabrera
4;178;Dune system 2;Dune system 2;01/06/2022 11:30;01/06/2022 11:40;10;Cakile maritima;15;15;Lasioglossum sp.;Halictidae;BE;1;1;obs;Cabrera
4;178;Dune system 2;Dune system 2;01/06/2022 11:30;01/06/2022 11:40;10;Cakile maritima;15;15;Eupeodes corollae;Syrphidae;HO;1;1;obs;Cabrera
4;179;Dune system 2;Dune system 2;01/06/2022 11:50;01/06/2022 12:00;10;Cakile maritima;7;7;Lasioglossum sp.;Halictidae;BE;1;2;obs;Cabrera
4;179;Dune system 2;Dune system 2;01/06/2022 11:50;01/06/2022 12:00;10;Cakile maritima;7;7;Lasioglossum sp.;Halictidae;BE;1;2;obs;Cabrera
4;179;Dune system 2;Dune system 2;01/06/2022 11:50;01/06/2022 12:00;10;Cakile maritima;7;7;Lasioglossum sp.;Halictidae;BE;1;1;obs;Cabrera
4;179;Dune system 2;Dune system 2;01/06/2022 11:50;01/06/2022 12:00;10;Cakile maritima;7;7;Eupeodes corollae;Syrphidae;HO;1;1;obs;Cabrera
4;179;Dune system 2;Dune system 2;01/06/2022 11:50;01/06/2022 12:00;10;Cakile maritima;7;7;Lasioglossum sp.;Halictidae;BE;1;2;obs;Cabrera
4;180;Dune system 2;Dune system 2;01/06/2022 12:00;01/06/2022 12:10;10;Cakile maritima;72;72;Ancistrocerus ebusianus;Eumenidae;WA;1;6;obs;Cabrera
4;180;Dune system 2;Dune system 2;01/06/2022 12:00;01/06/2022 12:10;10;Cakile maritima;72;72;Lasioglossum sp.;Halictidae;BE;1;4;obs;Cabrera
4;180;Dune system 2;Dune system 2;01/06/2022 12:00;01/06/2022 12:10;10;Cakile maritima;72;72;Lasioglossum sp.;Halictidae;BE;1;2;obs;Cabrera
4;180;Dune system 2;Dune system 2;01/06/2022 12:00;01/06/2022 12:10;10;Cakile maritima;72;72;Autographa gamma;Noctuidae;LE;1;7;obs;Cabrera
4;180;Dune system 2;Dune system 2;01/06/2022 12:00;01/06/2022 12:10;10;Cakile maritima;72;72;Lasioglossum sp.;Halictidae;BE;1;2;obs;Cabrera
4;181;Dune system 2;Dune system 2;01/06/2022 12:10;01/06/2022 12:20;10;Cakile maritima;43;43;Eupeodes corollae;Syrphidae;HO;1;3;obs;Cabrera
4;181;Dune system 2;Dune system 2;01/06/2022 12:10;01/06/2022 12:20;10;Cakile maritima;43;43;Lasioglossum sp.;Halictidae;BE;1;3;obs;Cabrera
4;181;Dune system 2;Dune system 2;01/06/2022 12:10;01/06/2022 12:20;10;Cakile maritima;43;43;Ancistrocerus ebusianus;Eumenidae;WA;1;5;obs;Cabrera
4;181;Dune system 2;Dune system 2;01/06/2022 12:10;01/06/2022 12:20;10;Cakile maritima;43;43;Autographa gamma;Noctuidae;LE;1;6;obs;Cabrera
4;182;Dune system 2;Dune system 2;01/06/2022 12:30;01/06/2022 12:40;10;Limonium sp.;23;23;Eupeodes corollae;Syrphidae;HO;1;3;obs;Cabrera
4;182;Dune system 2;Dune system 2;01/06/2022 12:30;01/06/2022 12:40;10;Limonium sp.;23;23;Eupeodes corollae;Syrphidae;HO;1;5;obs;Cabrera
4;183;Dune system 2;Dune system 2;01/06/2022 12:40;01/06/2022 12:50;10;Cakile maritima;62;62;Ancistrocerus ebusianus;Eumenidae;WA;1;7;obs;Cabrera
4;183;Dune system 2;Dune system 2;01/06/2022 12:40;01/06/2022 12:50;10;Cakile maritima;62;62;Autographa gamma;Noctuidae;LE;1;6;obs;Cabrera
4;183;Dune system 2;Dune system 2;01/06/2022 12:40;01/06/2022 12:50;10;Cakile maritima;62;62;Eupeodes corollae;Syrphidae;HO;1;4;obs;Cabrera
4;183;Dune system 2;Dune system 2;01/06/2022 12:40;01/06/2022 12:50;10;Cakile maritima;62;62;Autographa gamma;Noctuidae;LE;1;8;obs;Cabrera
4;183;Dune system 2;Dune system 2;01/06/2022 12:40;01/06/2022 12:50;10;Cakile maritima;62;62;Eupeodes corollae;Syrphidae;HO;1;3;obs;Cabrera
4;183;Dune system 2;Dune system 2;01/06/2022 12:40;01/06/2022 12:50;10;Cakile maritima;62;62;Lasioglossum sp.;Halictidae;BE;1;3;obs;Cabrera
4;183;Dune system 2;Dune system 2;01/06/2022 12:40;01/06/2022 12:50;10;Cakile maritima;62;62;Ancistrocerus ebusianus;Eumenidae;WA;1;7;obs;Cabrera
4;183;Dune system 2;Dune system 2;01/06/2022 12:40;01/06/2022 12:50;10;Cakile maritima;62;62;Lasioglossum sp.;Halictidae;BE;1;2;obs;Cabrera
4;183;Dune system 2;Dune system 2;01/06/2022 12:40;01/06/2022 12:50;10;Cakile maritima;62;62;Lasioglossum sp.;Halictidae;BE;1;1;obs;Cabrera
4;183;Dune system 2;Dune system 2;01/06/2022 12:40;01/06/2022 12:50;10;Cakile maritima;62;62;Lasioglossum sp.;Halictidae;BE;1;1;obs;Cabrera
4;184;Dune system 1;Dune system 1;02/06/2022 10:00;02/06/2022 10:10;10;Cakile maritima;25;25;Exoprosopa cf. bowdeni;Bombyliidae;DI;1;12;obs;Cabrera
4;184;Dune system 1;Dune system 1;02/06/2022 10:00;02/06/2022 10:10;10;Cakile maritima;25;25;Tapinoma nigerrinum;Formicidae;OT;1;2;obs;Cabrera
4;184;Dune system 1;Dune system 1;02/06/2022 10:00;02/06/2022 10:10;10;Cakile maritima;25;25;Lasioglossum sp.;Halictidae;BE;1;1;obs;Cabrera
4;184;Dune system 1;Dune system 1;02/06/2022 10:00;02/06/2022 10:10;10;Cakile maritima;25;25;Lasioglossum sp.;Halictidae;BE;1;1;obs;Cabrera
4;184;Dune system 1;Dune system 1;02/06/2022 10:00;02/06/2022 10:10;10;Cakile maritima;25;25;Lasioglossum sp.;Halictidae;BE;1;3;obs;Cabrera
4;184;Dune system 1;Dune system 1;02/06/2022 10:00;02/06/2022 10:10;10;Cakile maritima;25;25;Lasioglossum sp.;Halictidae;BE;1;3;obs;Cabrera
4;184;Dune system 1;Dune system 1;02/06/2022 10:00;02/06/2022 10:10;10;Cakile maritima;25;25;Lasioglossum sp.;Halictidae;BE;1;5;obs;Cabrera
4;184;Dune system 1;Dune system 1;02/06/2022 10:00;02/06/2022 10:10;10;Cakile maritima;25;25;Lasioglossum sp.;Halictidae;BE;1;3;obs;Cabrera
4;184;Dune system 1;Dune system 1;02/06/2022 10:00;02/06/2022 10:10;10;Cakile maritima;25;25;Lasioglossum sp.;Halictidae;BE;1;2;obs;Cabrera
4;185;Dune system 1;Dune system 1;02/06/2022 10:10;02/06/2022 10:20;10;Cakile maritima;20;20;Lasioglossum sp.;Halictidae;BE;1;2;obs;Cabrera
4;185;Dune system 1;Dune system 1;02/06/2022 10:10;02/06/2022 10:20;10;Cakile maritima;20;20;Eupeodes corollae;Syrphidae;HO;1;4;obs;Cabrera
4;185;Dune system 1;Dune system 1;02/06/2022 10:10;02/06/2022 10:20;10;Cakile maritima;20;20;Exoprosopa cf. bowdeni;Bombyliidae;DI;1;3;obs;Cabrera
4;185;Dune system 1;Dune system 1;02/06/2022 10:10;02/06/2022 10:20;10;Cakile maritima;20;20;Lasioglossum sp.;Halictidae;BE;1;19;obs;Cabrera
4;185;Dune system 1;Dune system 1;02/06/2022 10:10;02/06/2022 10:20;10;Cakile maritima;20;20;Lasioglossum sp.;Halictidae;BE;1;2;obs;Cabrera
4;185;Dune system 1;Dune system 1;02/06/2022 10:10;02/06/2022 10:20;10;Cakile maritima;20;20;Lasioglossum sp.;Halictidae;BE;1;3;obs;Cabrera
4;185;Dune system 1;Dune system 1;02/06/2022 10:10;02/06/2022 10:20;10;Cakile maritima;20;20;Lasioglossum sp.;Halictidae;BE;1;1;obs;Cabrera
4;186;Dune system 1;Dune system 1;02/06/2022 10:20;02/06/2022 10:30;10;Cakile maritima;13;13;Lasioglossum sp.;Halictidae;BE;1;3;obs;Cabrera
4;186;Dune system 1;Dune system 1;02/06/2022 10:20;02/06/2022 10:30;10;Cakile maritima;13;13;Eupeodes corollae;Syrphidae;HO;1;1;obs;Cabrera
4;186;Dune system 1;Dune system 1;02/06/2022 10:20;02/06/2022 10:30;10;Cakile maritima;13;13;Exoprosopa cf. bowdeni;Bombyliidae;DI;1;1;obs;Cabrera
4;186;Dune system 1;Dune system 1;02/06/2022 10:20;02/06/2022 10:30;10;Cakile maritima;13;13;Lasioglossum sp.;Halictidae;BE;1;5;obs;Cabrera
4;186;Dune system 1;Dune system 1;02/06/2022 10:20;02/06/2022 10:30;10;Cakile maritima;13;13;Lasioglossum sp.;Halictidae;BE;1;3;obs;Cabrera
4;187;Dune system 1;Dune system 1;02/06/2022 10:30;02/06/2022 10:40;10;Teucrium capitatum;26;26;Lasioglossum sp.;Halictidae;BE;1;3;obs;Cabrera
4;187;Dune system 1;Dune system 1;02/06/2022 10:30;02/06/2022 10:40;10;Teucrium capitatum;26;26;Vanessa cardui;Nymphalidae;LE;1;2;obs;Cabrera
4;188;Dune system 1;Dune system 1;02/06/2022 10:40;02/06/2022 10:50;10;Teucrium capitatum;18;18;Lasioglossum sp.;Halictidae;BE;1;2;obs;Cabrera
4;188;Dune system 1;Dune system 1;02/06/2022 10:40;02/06/2022 10:50;10;Teucrium capitatum;18;18;Eupeodes corollae;Syrphidae;HO;1;1;obs;Cabrera
4;188;Dune system 1;Dune system 1;02/06/2022 10:40;02/06/2022 10:50;10;Teucrium capitatum;18;18;Cheilosia latifrons;Syrphidae;HO;1;1;obs;Cabrera
4;189;Dune system 1;Dune system 1;02/06/2022 10:50;02/06/2022 11:00;10;Teucrium capitatum;13;13;Eupeodes corollae;Syrphidae;HO;1;1;obs;Cabrera
4;189;Dune system 1;Dune system 1;02/06/2022 10:50;02/06/2022 11:00;10;Teucrium capitatum;13;13;Lasioglossum sp.;Halictidae;BE;1;2;obs;Cabrera
4;190;Dune system 1;Dune system 1;02/06/2022 11:00;02/06/2022 11:10;10;Teucrium capitatum;25;25;Eupeodes corollae;Syrphidae;HO;1;1;obs;Cabrera
4;191;Dune system 1;Rocky coastal 1;02/06/2022 11:00;02/06/2022 11:30;30;Helichrysum stoechas;23;23;Lasioglossum sp.;Halictidae;BE;1;1;obs;Cabrera
4;191;Dune system 1;Rocky coastal 1;02/06/2022 11:00;02/06/2022 11:30;30;Helichrysum stoechas;23;23;Autographa gamma;Noctuidae;LE;1;1;obs;Cabrera
4;191;Dune system 1;Rocky coastal 1;02/06/2022 11:00;02/06/2022 11:30;30;Helichrysum stoechas;23;23;Ancistrocerus ebusianus;Eumenidae;WA;1;4;obs;Cabrera
4;191;Dune system 1;Rocky coastal 1;02/06/2022 11:00;02/06/2022 11:30;30;Helichrysum stoechas;23;23;Phthiria cf pulicularia;Bombyliidae;DI;1;2;obs;Cabrera
4;191;Dune system 1;Rocky coastal 1;02/06/2022 11:00;02/06/2022 11:30;30;Helichrysum stoechas;23;23;Lasioglossum sp.;Halictidae;BE;1;1;obs;Cabrera
4;191;Dune system 1;Rocky coastal 1;02/06/2022 11:00;02/06/2022 11:30;30;Helichrysum stoechas;23;23;Ancistrocerus ebusianus;Eumenidae;WA;1;9;obs;Cabrera
4;191;Dune system 1;Rocky coastal 1;02/06/2022 11:00;02/06/2022 11:30;30;Helichrysum stoechas;23;23;Ancistrocerus ebusianus;Eumenidae;WA;1;3;obs;Cabrera
4;191;Dune system 1;Rocky coastal 1;02/06/2022 11:00;02/06/2022 11:30;30;Helichrysum stoechas;23;23;Phthiria cf pulicularia;Bombyliidae;DI;1;2;obs;Cabrera
4;191;Dune system 1;Rocky coastal 1;02/06/2022 11:00;02/06/2022 11:30;30;Helichrysum stoechas;23;23;Phthiria cf pulicularia;Bombyliidae;DI;1;1;obs;Cabrera
4;191;Dune system 1;Rocky coastal 1;02/06/2022 11:00;02/06/2022 11:30;30;Helichrysum stoechas;23;23;Phthiria cf pulicularia;Bombyliidae;DI;1;1;obs;Cabrera
4;191;Dune system 1;Rocky coastal 1;02/06/2022 11:00;02/06/2022 11:30;30;Helichrysum stoechas;23;23;Phthiria cf pulicularia;Bombyliidae;DI;1;1;obs;Cabrera
4;192;Dune system 1;Rocky coastal 1;02/06/2022 11:10;02/06/2022 11:40;30;Helichrysum stoechas;100;55;Vanessa cardui;Nymphalidae;LE;1;1;obs;Cabrera
4;192;Dune system 1;Rocky coastal 1;02/06/2022 11:10;02/06/2022 11:40;30;Helichrysum stoechas;100;55;Eupeodes corollae;Syrphidae;HO;1;1;obs;Cabrera
4;192;Dune system 1;Rocky coastal 1;02/06/2022 11:10;02/06/2022 11:40;30;Helichrysum stoechas;100;55;Eupeodes corollae;Syrphidae;HO;1;2;obs;Cabrera
4;192;Dune system 1;Rocky coastal 1;02/06/2022 11:10;02/06/2022 11:40;30;Helichrysum stoechas;100;55;Eupeodes corollae;Syrphidae;HO;1;1;obs;Cabrera
4;192;Dune system 1;Rocky coastal 1;02/06/2022 11:10;02/06/2022 11:40;30;Helichrysum stoechas;100;55;Exoprosopa cf. bowdeni;Bombyliidae;DI;1;1;obs;Cabrera
4;193;Dune system 1;Rocky coastal 1;02/06/2022 11:20;02/06/2022 11:50;30;Helichrysum stoechas;50;50;Exoprosopa cf. bowdeni;Bombyliidae;DI;1;3;obs;Cabrera
4;193;Dune system 1;Rocky coastal 1;02/06/2022 11:20;02/06/2022 11:50;30;Helichrysum stoechas;50;50;Exoprosopa cf. bowdeni;Bombyliidae;DI;1;1;obs;Cabrera
4;193;Dune system 1;Rocky coastal 1;02/06/2022 11:20;02/06/2022 11:50;30;Helichrysum stoechas;50;50;Exoprosopa cf. bowdeni;Bombyliidae;DI;1;1;obs;Cabrera
4;193;Dune system 1;Rocky coastal 1;02/06/2022 11:20;02/06/2022 11:50;30;Helichrysum stoechas;50;50;Eupeodes corollae;Syrphidae;HO;1;2;obs;Cabrera
4;194;Dune system 1;Dune system 1;02/06/2022 12:00;02/06/2022 12:10;10;Daucus carota L. subsp. Majoricus;27;27;Phthiria cf pulicularia;Bombyliidae;DI;1;1;obs;Cabrera
4;194;Dune system 1;Dune system 1;02/06/2022 12:00;02/06/2022 12:10;10;Daucus carota L. subsp. Majoricus;27;27;Phthiria cf pulicularia;Bombyliidae;DI;1;2;obs;Cabrera
4;194;Dune system 1;Dune system 1;02/06/2022 12:00;02/06/2022 12:10;10;Daucus carota L. subsp. Majoricus;27;27;Phthiria cf pulicularia;Bombyliidae;DI;1;2;obs;Cabrera
4;194;Dune system 1;Dune system 1;02/06/2022 12:00;02/06/2022 12:10;10;Daucus carota L. subsp. Majoricus;27;27;Lasioglossum sp.;Halictidae;BE;1;1;obs;Cabrera
4;194;Dune system 1;Dune system 1;02/06/2022 12:00;02/06/2022 12:10;10;Daucus carota L. subsp. Majoricus;27;27;Lasioglossum sp.;Halictidae;BE;1;2;obs;Cabrera
4;194;Dune system 1;Dune system 1;02/06/2022 12:00;02/06/2022 12:10;10;Daucus carota L. subsp. Majoricus;27;27;Lasioglossum sp.;Halictidae;BE;1;2;obs;Cabrera
4;194;Dune system 1;Dune system 1;02/06/2022 12:00;02/06/2022 12:10;10;Daucus carota L. subsp. Majoricus;27;27;Lasioglossum sp.;Halictidae;BE;1;2;obs;Cabrera
4;194;Dune system 1;Dune system 1;02/06/2022 12:00;02/06/2022 12:10;10;Daucus carota L. subsp. Majoricus;27;27;Lasioglossum sp.;Halictidae;BE;1;1;obs;Cabrera
4;194;Dune system 1;Dune system 1;02/06/2022 12:00;02/06/2022 12:10;10;Daucus carota L. subsp. Majoricus;27;27;Eupeodes corollae;Syrphidae;HO;1;1;obs;Cabrera
4;195;Dune system 1;Dune system 1;02/06/2022 12:10;02/06/2022 12:20;10;Daucus carota L. subsp. Majoricus;9;9;Eupeodes corollae;Syrphidae;HO;1;1;obs;Cabrera
4;195;Dune system 1;Dune system 1;02/06/2022 12:10;02/06/2022 12:20;10;Daucus carota L. subsp. Majoricus;9;9;Eupeodes corollae;Syrphidae;HO;1;3;obs;Cabrera
4;195;Dune system 1;Dune system 1;02/06/2022 12:10;02/06/2022 12:20;10;Daucus carota L. subsp. Majoricus;9;9;Eupeodes corollae;Syrphidae;HO;1;1;obs;Cabrera
4;195;Dune system 1;Dune system 1;02/06/2022 12:10;02/06/2022 12:20;10;Daucus carota L. subsp. Majoricus;9;9;Lasioglossum sp.;Halictidae;BE;1;1;obs;Cabrera
4;195;Dune system 1;Dune system 1;02/06/2022 12:10;02/06/2022 12:20;10;Daucus carota L. subsp. Majoricus;9;9;Lasioglossum sp.;Halictidae;BE;1;2;obs;Cabrera
4;195;Dune system 1;Dune system 1;02/06/2022 12:10;02/06/2022 12:20;10;Daucus carota L. subsp. Majoricus;9;9;Lasioglossum sp.;Halictidae;BE;1;1;obs;Cabrera
4;195;Dune system 1;Dune system 1;02/06/2022 12:10;02/06/2022 12:20;10;Daucus carota L. subsp. Majoricus;9;9;Lasioglossum sp.;Halictidae;BE;1;1;obs;Cabrera
4;196;Dune system 1;Dune system 1;02/06/2022 12:20;02/06/2022 12:30;10;Daucus carota L. subsp. Majoricus;8;8;Lasioglossum sp.;Halictidae;BE;1;1;obs;Cabrera
4;196;Dune system 1;Dune system 1;02/06/2022 12:20;02/06/2022 12:30;10;Daucus carota L. subsp. Majoricus;8;8;Lasioglossum sp.;Halictidae;BE;1;2;obs;Cabrera
4;196;Dune system 1;Dune system 1;02/06/2022 12:20;02/06/2022 12:30;10;Daucus carota L. subsp. Majoricus;8;8;Lasioglossum sp.;Halictidae;BE;1;1;obs;Cabrera
4;196;Dune system 1;Dune system 1;02/06/2022 12:20;02/06/2022 12:30;10;Daucus carota L. subsp. Majoricus;8;8;Eupeodes corollae;Syrphidae;HO;1;3;obs;Cabrera
4;196;Dune system 1;Dune system 1;02/06/2022 12:20;02/06/2022 12:30;10;Daucus carota L. subsp. Majoricus;8;8;Lasioglossum sp.;Halictidae;BE;1;2;obs;Cabrera
4;197;Rocky coastal 1;Rocky coastal 1;02/06/2022 12:10;02/06/2022 12:20;10;Daucus carota L. subsp. Majoricus;15;15;Lydella nigrescens;Tachinidae;DI;1;1;obs;Cabrera
4;197;Rocky coastal 1;Rocky coastal 1;02/06/2022 12:10;02/06/2022 12:20;10;Daucus carota L. subsp. Majoricus;15;15;Eupeodes corollae;Syrphidae;HO;1;2;obs;Cabrera
4;197;Rocky coastal 1;Rocky coastal 1;02/06/2022 12:10;02/06/2022 12:20;10;Daucus carota L. subsp. Majoricus;15;15;Lasioglossum sp.;Halictidae;BE;1;3;obs;Cabrera
4;197;Rocky coastal 1;Rocky coastal 1;02/06/2022 12:10;02/06/2022 12:20;10;Daucus carota L. subsp. Majoricus;15;15;Camponotus sp;Formicidae;OT;1;1;obs;Cabrera
4;197;Rocky coastal 1;Rocky coastal 1;02/06/2022 12:10;02/06/2022 12:20;10;Daucus carota L. subsp. Majoricus;15;15;Eupeodes corollae;Syrphidae;HO;1;2;obs;Cabrera
4;198;Rocky coastal 1;Rocky coastal 1;02/06/2022 12:20;02/06/2022 12:30;10;Daucus carota L. subsp. Majoricus;9;9;Eristalis similis;Syrphidae;HO;1;2;obs;Cabrera
4;198;Rocky coastal 1;Rocky coastal 1;02/06/2022 12:20;02/06/2022 12:30;10;Daucus carota L. subsp. Majoricus;9;9;Eristalis similis;Syrphidae;HO;1;2;obs;Cabrera
4;198;Rocky coastal 1;Rocky coastal 1;02/06/2022 12:20;02/06/2022 12:30;10;Daucus carota L. subsp. Majoricus;9;9;Pyrellia vivida;Muscidae;DI;1;1;obs;Cabrera
4;198;Rocky coastal 1;Rocky coastal 1;02/06/2022 12:20;02/06/2022 12:30;10;Daucus carota L. subsp. Majoricus;9;9;Lasioglossum sp.;Halictidae;BE;1;1;obs;Cabrera
4;199;Rocky coastal 1;Rocky coastal 1;02/06/2022 12:30;02/06/2022 12:40;10;Dorycnium fulgurans;105;65;Lasioglossum sp.;Halictidae;BE;1;1;obs;Cabrera
4;199;Rocky coastal 1;Rocky coastal 1;02/06/2022 12:30;02/06/2022 12:40;10;Dorycnium fulgurans;105;65;Lasioglossum sp.;Halictidae;BE;1;2;obs;Cabrera
4;199;Rocky coastal 1;Rocky coastal 1;02/06/2022 12:30;02/06/2022 12:40;10;Dorycnium fulgurans;105;65;Lasioglossum sp.;Halictidae;BE;1;1;obs;Cabrera
4;199;Rocky coastal 1;Rocky coastal 1;02/06/2022 12:30;02/06/2022 12:40;10;Dorycnium fulgurans;105;65;Lasioglossum sp.;Halictidae;BE;1;1;obs;Cabrera
4;199;Rocky coastal 1;Rocky coastal 1;02/06/2022 12:30;02/06/2022 12:40;10;Dorycnium fulgurans;105;65;Lasioglossum sp.;Halictidae;BE;1;1;obs;Cabrera
4;200;Rocky coastal 1;Rocky coastal 1;02/06/2022 12:40;02/06/2022 12:50;10;Dorycnium fulgurans;260;133;Lasioglossum sp.;Halictidae;BE;1;1;obs;Cabrera
4;200;Rocky coastal 1;Rocky coastal 1;02/06/2022 12:40;02/06/2022 12:50;10;Dorycnium fulgurans;260;133;Eupeodes corollae;Syrphidae;HO;1;2;obs;Cabrera
4;200;Rocky coastal 1;Rocky coastal 1;02/06/2022 12:40;02/06/2022 12:50;10;Dorycnium fulgurans;260;133;Lasioglossum sp.;Halictidae;BE;1;1;obs;Cabrera
4;200;Rocky coastal 1;Rocky coastal 1;02/06/2022 12:40;02/06/2022 12:50;10;Dorycnium fulgurans;260;133;Lasioglossum sp.;Halictidae;BE;1;3;obs;Cabrera
4;201;Rocky coastal 1;Rocky coastal 1;02/06/2022 12:50;02/06/2022 13:00;10;Dorycnium fulgurans;180;95;Lasioglossum sp.;Halictidae;BE;2;4;obs;Cabrera
4;201;Rocky coastal 1;Rocky coastal 1;02/06/2022 12:50;02/06/2022 13:00;10;Dorycnium fulgurans;180;95;Podarcis lilfordi;Lacertidae;VE;1;2;obs;Cabrera
4;201;Rocky coastal 1;Rocky coastal 1;02/06/2022 12:50;02/06/2022 13:00;10;Dorycnium fulgurans;180;95;Eupeodes corollae;Syrphidae;HO;1;3;obs;Cabrera
4;201;Rocky coastal 1;Rocky coastal 1;02/06/2022 12:50;02/06/2022 13:00;10;Dorycnium fulgurans;180;95;Eupeodes corollae;Syrphidae;HO;1;8;obs;Cabrera
4;202;Rocky coastal 1;Dune system 1;02/06/2022 13:00;02/06/2022 13:10;10;Limonium sp.;32;32;Eupeodes corollae;Syrphidae;HO;1;5;obs;Cabrera
4;202;Rocky coastal 1;Dune system 1;02/06/2022 13:00;02/06/2022 13:10;10;Limonium sp.;32;32;Colias crocea;Pieridae;LE;1;4;obs;Cabrera
4;202;Rocky coastal 1;Dune system 1;02/06/2022 13:00;02/06/2022 13:10;10;Limonium sp.;32;32;Lasioglossum sp.;Halictidae;BE;1;2;obs;Cabrera
4;203;Rocky coastal 1;Dune system 1;02/06/2022 13:10;02/06/2022 13:20;10;Limonium sp.;33;33;Lasioglossum sp.;Halictidae;BE;1;2;obs;Cabrera
4;203;Rocky coastal 1;Dune system 1;02/06/2022 13:10;02/06/2022 13:20;10;Limonium sp.;33;33;Lasioglossum sp.;Halictidae;BE;1;1;obs;Cabrera
4;203;Rocky coastal 1;Dune system 1;02/06/2022 13:10;02/06/2022 13:20;10;Limonium sp.;33;33;Colias crocea;Pieridae;LE;1;1;obs;Cabrera
4;203;Rocky coastal 1;Dune system 1;02/06/2022 13:10;02/06/2022 13:20;10;Limonium sp.;33;33;Macroglossum stellatarum;Sphingidae;LE;1;2;obs;Cabrera
4;203;Rocky coastal 1;Dune system 1;02/06/2022 13:10;02/06/2022 13:20;10;Limonium sp.;33;33;Lasioglossum sp.;Halictidae;BE;1;1;obs;Cabrera
4;204;Rocky coastal 1;Dune system 1;02/06/2022 13:20;02/06/2022 13:30;10;Limonium sp.;12;12;Lasioglossum sp.;Halictidae;BE;1;1;obs;Cabrera
4;204;Rocky coastal 1;Dune system 1;02/06/2022 13:20;02/06/2022 13:30;10;Limonium sp.;12;12;Lasioglossum sp.;Halictidae;BE;1;2;obs;Cabrera
4;204;Rocky coastal 1;Dune system 1;02/06/2022 13:20;02/06/2022 13:30;10;Limonium sp.;12;12;Autographa gamma;Noctuidae;LE;1;2;obs;Cabrera
4;205;Rocky coastal 1;Rocky coastal 1;02/06/2022 13:30;02/06/2022 13:40;10;Helichrysum stoechas;120;65;Lasioglossum sp.;Halictidae;BE;1;3;obs;Cabrera
4;205;Rocky coastal 1;Rocky coastal 1;02/06/2022 13:30;02/06/2022 13:40;10;Helichrysum stoechas;120;65;Lasioglossum sp.;Halictidae;BE;1;5;obs;Cabrera
4;205;Rocky coastal 1;Rocky coastal 1;02/06/2022 13:30;02/06/2022 13:40;10;Helichrysum stoechas;120;65;Lasioglossum sp.;Halictidae;BE;1;2;obs;Cabrera
4;205;Rocky coastal 1;Rocky coastal 1;02/06/2022 13:30;02/06/2022 13:40;10;Helichrysum stoechas;120;65;Lasioglossum sp.;Halictidae;BE;1;2;obs;Cabrera
4;205;Rocky coastal 1;Rocky coastal 1;02/06/2022 13:30;02/06/2022 13:40;10;Helichrysum stoechas;120;65;Lasioglossum sp.;Halictidae;BE;1;3;obs;Cabrera
4;206;Rocky coastal 1;Rocky coastal 1;02/06/2022 13:40;02/06/2022 13:50;10;Helichrysum stoechas;100;75;Lasioglossum sp.;Halictidae;BE;1;1;obs;Cabrera
4;206;Rocky coastal 1;Rocky coastal 1;02/06/2022 13:40;02/06/2022 13:50;10;Helichrysum stoechas;100;75;Lasioglossum sp.;Halictidae;BE;1;1;obs;Cabrera
4;206;Rocky coastal 1;Rocky coastal 1;02/06/2022 13:40;02/06/2022 13:50;10;Helichrysum stoechas;100;75;Macroglossum stellatarum;Sphingidae;LE;1;2;obs;Cabrera
4;206;Rocky coastal 1;Rocky coastal 1;02/06/2022 13:40;02/06/2022 13:50;10;Helichrysum stoechas;100;75;Lasioglossum sp.;Halictidae;BE;1;1;obs;Cabrera
4;207;Rocky coastal 1;Rocky coastal 1;02/06/2022 10:30;02/06/2022 10:40;10;Helichrysum stoechas;90;60;Lasioglossum sp.;Halictidae;BE;1;5;obs;Cabrera
4;207;Rocky coastal 1;Rocky coastal 1;02/06/2022 10:30;02/06/2022 10:40;10;Helichrysum stoechas;90;60;Lasioglossum sp.;Halictidae;BE;1;3;obs;Cabrera
4;207;Rocky coastal 1;Rocky coastal 1;02/06/2022 10:30;02/06/2022 10:40;10;Helichrysum stoechas;90;60;Vanessa cardui;Nymphalidae;LE;1;1;obs;Cabrera
4;207;Rocky coastal 1;Rocky coastal 1;02/06/2022 10:30;02/06/2022 10:40;10;Helichrysum stoechas;90;60;Lasioglossum sp.;Halictidae;BE;1;4;obs;Cabrera
4;207;Rocky coastal 1;Rocky coastal 1;02/06/2022 10:30;02/06/2022 10:40;10;Helichrysum stoechas;90;60;Lasioglossum sp.;Halictidae;BE;1;2;obs;Cabrera
4;207;Rocky coastal 1;Rocky coastal 1;02/06/2022 10:30;02/06/2022 10:40;10;Helichrysum stoechas;90;60;Macroglossum stellatarum;Sphingidae;LE;1;3;obs;Cabrera
4;208;Rocky coastal 1;Rocky coastal 1;02/06/2022 10:40;02/06/2022 10:50;10;Helichrysum stoechas;220;125;Lasioglossum sp.;Halictidae;BE;1;5;obs;Cabrera
4;208;Rocky coastal 1;Rocky coastal 1;02/06/2022 10:40;02/06/2022 10:50;10;Helichrysum stoechas;220;125;Lasioglossum sp.;Halictidae;BE;1;8;obs;Cabrera
4;208;Rocky coastal 1;Rocky coastal 1;02/06/2022 10:40;02/06/2022 10:50;10;Helichrysum stoechas;220;125;Macroglossum stellatarum;Sphingidae;LE;1;2;obs;Cabrera
4;208;Rocky coastal 1;Rocky coastal 1;02/06/2022 10:40;02/06/2022 10:50;10;Helichrysum stoechas;220;125;Lasioglossum sp.;Halictidae;BE;1;8;obs;Cabrera
4;208;Rocky coastal 1;Rocky coastal 1;02/06/2022 10:40;02/06/2022 10:50;10;Helichrysum stoechas;220;125;Podarcis lilfordi;Lacertidae;VE;1;2;obs;Cabrera
4;208;Rocky coastal 1;Rocky coastal 1;02/06/2022 10:40;02/06/2022 10:50;10;Helichrysum stoechas;220;125;Eupeodes corollae;Syrphidae;HO;1;1;obs;Cabrera
4;208;Rocky coastal 1;Rocky coastal 1;02/06/2022 10:40;02/06/2022 10:50;10;Helichrysum stoechas;220;125;Ancistrocerus ebusianus;Eumenidae;WA;1;18;obs;Cabrera
4;209;Rocky coastal 1;Rocky coastal 1;02/06/2022 10:50;02/06/2022 11:00;10;Helichrysum stoechas;102;102;Lasioglossum sp.;Halictidae;BE;5;15;obs;Cabrera
4;209;Rocky coastal 1;Rocky coastal 1;02/06/2022 10:50;02/06/2022 11:00;10;Helichrysum stoechas;102;102;Stictopleurus abutilon;Rhopalidae;OT;1;3;obs;Cabrera
4;209;Rocky coastal 1;Rocky coastal 1;02/06/2022 10:50;02/06/2022 11:00;10;Helichrysum stoechas;102;102;Lasioglossum sp.;Halictidae;BE;4;12;obs;Cabrera
4;209;Rocky coastal 1;Rocky coastal 1;02/06/2022 10:50;02/06/2022 11:00;10;Helichrysum stoechas;102;102;Podarcis lilfordi;Lacertidae;VE;1;1;obs;Cabrera
4;210;Rocky coastal 1;Rocky coastal 1;02/06/2022 12:00;02/06/2022 12:10;10;Dorycnium fulgurans;80;80;Ancistrocerus ebusianus;Eumenidae;WA;1;2;obs;Cabrera
4;210;Rocky coastal 1;Rocky coastal 1;02/06/2022 12:00;02/06/2022 12:10;10;Dorycnium fulgurans;80;80;Lasioglossum sp.;Halictidae;BE;1;5;obs;Cabrera
4;210;Rocky coastal 1;Rocky coastal 1;02/06/2022 12:00;02/06/2022 12:10;10;Dorycnium fulgurans;80;80;Lasioglossum sp.;Halictidae;BE;3;3;obs;Cabrera
4;210;Rocky coastal 1;Rocky coastal 1;02/06/2022 12:00;02/06/2022 12:10;10;Dorycnium fulgurans;80;80;Lasioglossum sp.;Halictidae;BE;1;3;obs;Cabrera
4;211;Rocky coastal 1;Rocky coastal 1;02/06/2022 12:00;02/06/2022 12:10;10;Daucus carota L. subsp. Majoricus;12;12;Camponotus sp;Formicidae;OT;1;2;obs;Cabrera
4;211;Rocky coastal 1;Rocky coastal 1;02/06/2022 12:00;02/06/2022 12:10;10;Daucus carota L. subsp. Majoricus;12;12;Lasioglossum sp.;Halictidae;BE;3;3;obs;Cabrera
4;211;Rocky coastal 1;Rocky coastal 1;02/06/2022 12:00;02/06/2022 12:10;10;Daucus carota L. subsp. Majoricus;12;12;Eupeodes corollae;Syrphidae;HO;2;2;obs;Cabrera
4;211;Rocky coastal 1;Rocky coastal 1;02/06/2022 12:00;02/06/2022 12:10;10;Daucus carota L. subsp. Majoricus;12;12;Lasioglossum sp.;Halictidae;BE;1;2;obs;Cabrera
4;212;Rocky coastal 1;Rocky coastal 1;02/06/2022 10:36;02/06/2022 10:46;10;Dorycnium fulgurans;450;100;Hydrellia sp;Ephydridae;DI;11;21;obs;Cabrera
4;213;Rocky coastal 1;Rocky coastal 1;02/06/2022 10:46;02/06/2022 10:56;10;Daucus carota L. subsp. Majoricus;8;8;Ancistrocerus ebusianus;Eumenidae;WA;1;1;obs;Cabrera
4;214;Rocky coastal 1;Rocky coastal 1;02/06/2022 10:56;02/06/2022 11:06;10;Dorycnium fulgurans;13;13;Eupeodes corollae;Syrphidae;HO;1;1;obs;Cabrera
4;215;Rocky coastal 1;Rocky coastal 1;02/06/2022 11:06;02/06/2022 11:16;10;Daucus carota L. subsp. Majoricus;18;18;Exoprosopa cf. bowdeni;Bombyliidae;DI;3;3;obs;Cabrera
4;215;Rocky coastal 1;Rocky coastal 1;02/06/2022 11:06;02/06/2022 11:16;10;Daucus carota L. subsp. Majoricus;18;18;Macroglossum stellatarum;Sphingidae;LE;8;8;obs;Cabrera
4;215;Rocky coastal 1;Rocky coastal 1;02/06/2022 11:06;02/06/2022 11:16;10;Daucus carota L. subsp. Majoricus;18;18;Pyrellia vivida;Muscidae;DI;2;2;obs;Cabrera
4;215;Rocky coastal 1;Rocky coastal 1;02/06/2022 11:06;02/06/2022 11:16;10;Daucus carota L. subsp. Majoricus;18;18;Hydrellia sp;Ephydridae;DI;1;1;obs;Cabrera
4;215;Rocky coastal 1;Rocky coastal 1;02/06/2022 11:06;02/06/2022 11:16;10;Daucus carota L. subsp. Majoricus;18;18;Lasioglossum sp.;Halictidae;BE;2;2;obs;Cabrera
4;215;Rocky coastal 1;Rocky coastal 1;02/06/2022 11:06;02/06/2022 11:16;10;Daucus carota L. subsp. Majoricus;18;18;Hydrellia sp;Ephydridae;DI;1;1;obs;Cabrera
4;215;Rocky coastal 1;Rocky coastal 1;02/06/2022 11:06;02/06/2022 11:16;10;Daucus carota L. subsp. Majoricus;18;18;Ancistrocerus ebusianus;Eumenidae;WA;1;1;obs;Cabrera
4;215;Rocky coastal 1;Rocky coastal 1;02/06/2022 11:06;02/06/2022 11:16;10;Daucus carota L. subsp. Majoricus;18;18;Podarcis lilfordi;Lacertidae;VE;3;3;obs;Cabrera
4;216;Rocky coastal 1;Rocky coastal 1;02/06/2022 11:16;02/06/2022 11:26;10;Dorycnium fulgurans;80;80;Hydrellia sp;Ephydridae;DI;8;16;obs;Cabrera
4;216;Rocky coastal 1;Rocky coastal 1;02/06/2022 11:16;02/06/2022 11:26;10;Dorycnium fulgurans;80;80;Lasioglossum sp.;Halictidae;BE;6;12;obs;Cabrera
4;217;Rocky coastal 1;Rocky coastal 1;02/06/2022 11:26;02/06/2022 11:36;10;Daucus carota L. subsp. Majoricus;8;8;Lasioglossum sp.;Halictidae;BE;1;1;obs;Cabrera
4;217;Rocky coastal 1;Rocky coastal 1;02/06/2022 11:26;02/06/2022 11:36;10;Daucus carota L. subsp. Majoricus;8;8;Lasioglossum sp.;Halictidae;BE;1;4;obs;Cabrera
4;217;Rocky coastal 1;Rocky coastal 1;02/06/2022 11:26;02/06/2022 11:36;10;Daucus carota L. subsp. Majoricus;8;8;Lasioglossum sp.;Halictidae;BE;7;14;obs;Cabrera
4;217;Rocky coastal 1;Rocky coastal 1;02/06/2022 11:26;02/06/2022 11:36;10;Daucus carota L. subsp. Majoricus;8;8;Lasioglossum sp.;Halictidae;BE;3;4;obs;Cabrera
4;218;Rocky coastal 1;Rocky coastal 1;02/06/2022 11:36;02/06/2022 11:46;10;Dorycnium fulgurans;25;25;Hydrellia sp;Ephydridae;DI;7;13;obs;Cabrera
4;218;Rocky coastal 1;Rocky coastal 1;02/06/2022 11:36;02/06/2022 11:46;10;Dorycnium fulgurans;25;25;Lasioglossum sp.;Halictidae;BE;5;10;obs;Cabrera
4;218;Rocky coastal 1;Rocky coastal 1;02/06/2022 11:36;02/06/2022 11:46;10;Dorycnium fulgurans;25;25;Podarcis lilfordi;Lacertidae;VE;1;8;obs;Cabrera
4;219;Rocky coastal 1;Rocky coastal 1;02/06/2022 11:46;02/06/2022 11:56;10;Dorycnium fulgurans;280;130;Lasioglossum sp.;Halictidae;BE;4;8;obs;Cabrera
4;220;Rocky coastal 1;Rocky coastal 1;02/06/2022 12:00;02/06/2022 12:10;10;Daucus carota L. subsp. Majoricus;11;11;Lasioglossum sp.;Halictidae;BE;1;1;obs;Cabrera
4;220;Rocky coastal 1;Rocky coastal 1;02/06/2022 12:00;02/06/2022 12:10;10;Daucus carota L. subsp. Majoricus;11;11;Eupeodes corollae;Syrphidae;HO;1;1;obs;Cabrera
4;220;Rocky coastal 1;Rocky coastal 1;02/06/2022 12:00;02/06/2022 12:10;10;Daucus carota L. subsp. Majoricus;11;11;Podarcis lilfordi;Lacertidae;VE;3;5;obs;Cabrera
4;220;Rocky coastal 1;Rocky coastal 1;02/06/2022 12:00;02/06/2022 12:10;10;Daucus carota L. subsp. Majoricus;11;11;Hydrellia sp;Ephydridae;DI;2;2;obs;Cabrera
4;220;Rocky coastal 1;Rocky coastal 1;02/06/2022 12:00;02/06/2022 12:10;10;Daucus carota L. subsp. Majoricus;11;11;Melanostoma scalare;Syrphidae;HO;1;1;obs;Cabrera
4;221;Rocky coastal 1;Rocky coastal 1;02/06/2022 12:10;02/06/2022 12:20;10;Teucrium capitatum;350;142;Eupeodes corollae;Syrphidae;HO;5;7;obs;Cabrera
4;221;Rocky coastal 1;Rocky coastal 1;02/06/2022 12:10;02/06/2022 12:20;10;Teucrium capitatum;350;142;Exoprosopa cf. bowdeni;Bombyliidae;DI;2;10;obs;Cabrera
4;221;Rocky coastal 1;Rocky coastal 1;02/06/2022 12:10;02/06/2022 12:20;10;Teucrium capitatum;350;142;Podarcis lilfordi;Lacertidae;VE;1;3;obs;Cabrera
4;222;Rocky coastal 1;Rocky coastal 1;02/06/2022 12:20;02/06/2022 12:30;10;Teucrium capitatum;200;135;Colias crocea;Pieridae;LE;4;5;obs;Cabrera
4;222;Rocky coastal 1;Rocky coastal 1;02/06/2022 12:20;02/06/2022 12:30;10;Teucrium capitatum;200;135;Podarcis lilfordi;Lacertidae;VE;1;5;obs;Cabrera
4;222;Rocky coastal 1;Rocky coastal 1;02/06/2022 12:20;02/06/2022 12:30;10;Teucrium capitatum;200;135;Podarcis lilfordi;Lacertidae;VE;1;7;obs;Cabrera
4;222;Rocky coastal 1;Rocky coastal 1;02/06/2022 12:20;02/06/2022 12:30;10;Teucrium capitatum;200;135;Podarcis lilfordi;Lacertidae;VE;1;8;obs;Cabrera
4;222;Rocky coastal 1;Rocky coastal 1;02/06/2022 12:20;02/06/2022 12:30;10;Teucrium capitatum;200;135;Ancistrocerus ebusianus;Eumenidae;WA;1;7;obs;Cabrera
4;222;Rocky coastal 1;Rocky coastal 1;02/06/2022 12:20;02/06/2022 12:30;10;Teucrium capitatum;200;135;Macroglossum stellatarum;Sphingidae;LE;1;25;obs;Cabrera
4;223;Rocky coastal 1;Rocky coastal 1;02/06/2022 12:30;02/06/2022 12:40;10;Teucrium capitatum;170;130;Lasioglossum sp.;Halictidae;BE;3;12;obs;Cabrera
4;224;Rocky coastal 1;Rocky coastal 1;02/06/2022 12:51;02/06/2022 13:01;10;Teucrium capitatum;54;54;Exoprosopa cf. bowdeni;Bombyliidae;DI;1;7;obs;Cabrera
4;224;Rocky coastal 1;Rocky coastal 1;02/06/2022 12:51;02/06/2022 13:01;10;Teucrium capitatum;54;54;Vanessa atalanta;Nymphalidae;LE;1;3;obs;Cabrera
4;224;Rocky coastal 1;Rocky coastal 1;02/06/2022 12:51;02/06/2022 13:01;10;Teucrium capitatum;54;54;Lasioglossum sp.;Halictidae;BE;1;5;obs;Cabrera
4;225;Rocky coastal 1;Dune system 1;02/06/2022 13:25;02/06/2022 13:35;10;Limonium sp.;75;50;Lasioglossum sp.;Halictidae;BE;7;14;obs;Cabrera
4;226;Rocky coastal 1;Dune system 1;02/06/2022 13:35;02/06/2022 13:45;10;Limonium sp.;98;70;Ancistrocerus ebusianus;Eumenidae;WA;1;1;obs;Cabrera
5;227;Rocky coastal 2;Dune system 2;14/06/2022 12:15;14/06/2022 12:25;10;Cakile maritima;46;46;Lasiommata megera;Nymphalidae;LE;1;1;obs;Cabrera
5;227;Rocky coastal 2;Dune system 2;14/06/2022 12:15;14/06/2022 12:25;10;Cakile maritima;46;46;Exoprosopa cf. bowdeni;Bombyliidae;DI;1;4;obs;Cabrera
5;227;Rocky coastal 2;Dune system 2;14/06/2022 12:15;14/06/2022 12:25;10;Cakile maritima;46;46;Ancistrocerus ebusianus;Eumenidae;WA;1;10;obs;Cabrera
5;227;Rocky coastal 2;Dune system 2;14/06/2022 12:15;14/06/2022 12:25;10;Cakile maritima;46;46;Podarcis lilfordi;Lacertidae;VE;1;1;obs;Cabrera
5;227;Rocky coastal 2;Dune system 2;14/06/2022 12:15;14/06/2022 12:25;10;Cakile maritima;46;46;Lasiommata megera;Nymphalidae;LE;1;1;obs;Cabrera
5;228;Rocky coastal 2;Dune system 2;14/06/2022 12:30;14/06/2022 12:40;10;Cakile maritima;26;26;Exoprosopa cf. bowdeni;Bombyliidae;DI;1;7;obs;Cabrera
5;228;Rocky coastal 2;Dune system 2;14/06/2022 12:30;14/06/2022 12:40;10;Cakile maritima;26;26;Exoprosopa cf. bowdeni;Bombyliidae;DI;1;6;obs;Cabrera
5;228;Rocky coastal 2;Dune system 2;14/06/2022 12:30;14/06/2022 12:40;10;Cakile maritima;26;26;Exoprosopa cf. bowdeni;Bombyliidae;DI;1;7;obs;Cabrera
5;228;Rocky coastal 2;Dune system 2;14/06/2022 12:30;14/06/2022 12:40;10;Cakile maritima;26;26;Ancistrocerus ebusianus;Eumenidae;WA;1;2;obs;Cabrera
5;229;Rocky coastal 2;Dune system 2;14/06/2022 12:47;14/06/2022 12:57;10;Limonium sp.;240;77;Eumenes dubius;Eumenidae;WA;1;1;obs;Cabrera
5;229;Rocky coastal 2;Dune system 2;14/06/2022 12:47;14/06/2022 12:57;10;Limonium sp.;240;77;Lasioglossum sp.;Halictidae;BE;6;12;obs;Cabrera
5;230;Rocky coastal 2;Dune system 2;14/06/2022 13:04;14/06/2022 13:14;10;Limonium sp.;80;80;Lasioglossum sp.;Halictidae;BE;2;6;obs;Cabrera
5;231;Rocky coastal 2;Dune system 2;14/06/2022 13:17;14/06/2022 13:27;10;Cakile maritima;46;46;Lasioglossum sp.;Halictidae;BE;2;10;obs;Cabrera
5;231;Rocky coastal 2;Dune system 2;14/06/2022 13:17;14/06/2022 13:27;10;Cakile maritima;46;46;Lasiommata megera;Nymphalidae;LE;2;4;obs;Cabrera
5;231;Rocky coastal 2;Dune system 2;14/06/2022 13:17;14/06/2022 13:27;10;Cakile maritima;46;46;Exoprosopa cf. bowdeni;Bombyliidae;DI;1;1;obs;Cabrera
5;232;Rocky coastal 2;Dune system 2;14/06/2022 13:40;14/06/2022 13:50;10;Cakile maritima;26;26;Podarcis lilfordi;Lacertidae;VE;2;20;obs;Cabrera
5;232;Rocky coastal 2;Dune system 2;14/06/2022 13:40;14/06/2022 13:50;10;Cakile maritima;26;26;Lasiommata megera;Nymphalidae;LE;2;5;obs;Cabrera
5;233;Rocky coastal 2;Dune system 2;14/06/2022 13:50;14/06/2022 14:00;10;Cakile maritima;26;26;Vanessa cardui;Nymphalidae;LE;1;2;obs;Cabrera
5;233;Rocky coastal 2;Dune system 2;14/06/2022 13:50;14/06/2022 14:00;10;Cakile maritima;26;26;Lasioglossum sp.;Halictidae;BE;1;5;obs;Cabrera
5;234;Rocky coastal 2;Dune system 2;14/06/2022 14:00;14/06/2022 14:10;10;Cakile maritima;46;46;Lasiommata megera;Nymphalidae;LE;1;3;obs;Cabrera
5;234;Rocky coastal 2;Dune system 2;14/06/2022 14:00;14/06/2022 14:10;10;Cakile maritima;46;46;Exoprosopa cf. bowdeni;Bombyliidae;DI;2;6;obs;Cabrera
5;235;Rocky coastal 2;Dune system 2;14/06/2022 14:10;14/06/2022 14:20;10;Cakile maritima;46;46;Lasioglossum sp.;Halictidae;BE;3;3;obs;Cabrera
5;235;Rocky coastal 2;Dune system 2;14/06/2022 14:10;14/06/2022 14:20;10;Cakile maritima;46;46;Podarcis lilfordi;Lacertidae;VE;1;2;obs;Cabrera
5;235;Rocky coastal 2;Dune system 2;14/06/2022 14:10;14/06/2022 14:20;10;Cakile maritima;46;46;Ancistrocerus ebusianus;Eumenidae;WA;1;4;obs;Cabrera
5;236;Rocky coastal 2;Dune system 2;14/06/2022 12:46;14/06/2022 12:56;10;Limonium sp.;38;38;Exoprosopa cf. bowdeni;Bombyliidae;DI;1;2;obs;Cabrera
5;236;Rocky coastal 2;Dune system 2;14/06/2022 12:46;14/06/2022 12:56;10;Limonium sp.;38;38;Exoprosopa cf. bowdeni;Bombyliidae;DI;1;1;obs;Cabrera
5;236;Rocky coastal 2;Dune system 2;14/06/2022 12:46;14/06/2022 12:56;10;Limonium sp.;38;38;Exoprosopa cf. bowdeni;Bombyliidae;DI;1;1;obs;Cabrera
5;236;Rocky coastal 2;Dune system 2;14/06/2022 12:46;14/06/2022 12:56;10;Limonium sp.;38;38;Lasioglossum sp.;Halictidae;BE;1;1;obs;Cabrera
5;236;Rocky coastal 2;Dune system 2;14/06/2022 12:46;14/06/2022 12:56;10;Limonium sp.;38;38;Lasioglossum sp.;Halictidae;BE;1;2;obs;Cabrera
5;237;Rocky coastal 2;Dune system 2;14/06/2022 12:56;14/06/2022 13:06;10;Limonium sp.;42;42;Lasioglossum sp.;Halictidae;BE;1;1;obs;Cabrera
5;237;Rocky coastal 2;Dune system 2;14/06/2022 12:56;14/06/2022 13:06;10;Limonium sp.;42;42;Lasioglossum sp.;Halictidae;BE;1;2;obs;Cabrera
5;237;Rocky coastal 2;Dune system 2;14/06/2022 12:56;14/06/2022 13:06;10;Limonium sp.;42;42;Lasioglossum sp.;Halictidae;BE;1;3;obs;Cabrera
5;237;Rocky coastal 2;Dune system 2;14/06/2022 12:56;14/06/2022 13:06;10;Limonium sp.;42;42;Lasioglossum sp.;Halictidae;BE;1;2;obs;Cabrera
5;237;Rocky coastal 2;Dune system 2;14/06/2022 12:56;14/06/2022 13:06;10;Limonium sp.;42;42;Lasioglossum sp.;Halictidae;BE;1;5;obs;Cabrera
5;237;Rocky coastal 2;Dune system 2;14/06/2022 12:56;14/06/2022 13:06;10;Limonium sp.;42;42;Exoprosopa cf. bowdeni;Bombyliidae;DI;1;1;obs;Cabrera
5;237;Rocky coastal 2;Dune system 2;14/06/2022 12:56;14/06/2022 13:06;10;Limonium sp.;42;42;Lasioglossum sp.;Halictidae;BE;1;2;obs;Cabrera
5;237;Rocky coastal 2;Dune system 2;14/06/2022 12:56;14/06/2022 13:06;10;Limonium sp.;42;42;Lasioglossum sp.;Halictidae;BE;1;3;obs;Cabrera
5;237;Rocky coastal 2;Dune system 2;14/06/2022 12:56;14/06/2022 13:06;10;Limonium sp.;42;42;Lasioglossum sp.;Halictidae;BE;1;5;obs;Cabrera
5;238;Rocky coastal 2;Dune system 2;14/06/2022 13:06;14/06/2022 13:16;10;Limonium sp.;63;63;Lasioglossum sp.;Halictidae;BE;1;4;obs;Cabrera
5;238;Rocky coastal 2;Dune system 2;14/06/2022 13:06;14/06/2022 13:16;10;Limonium sp.;63;63;Lasioglossum sp.;Halictidae;BE;1;5;obs;Cabrera
5;238;Rocky coastal 2;Dune system 2;14/06/2022 13:06;14/06/2022 13:16;10;Limonium sp.;63;63;Lasioglossum sp.;Halictidae;BE;1;4;obs;Cabrera
5;238;Rocky coastal 2;Dune system 2;14/06/2022 13:06;14/06/2022 13:16;10;Limonium sp.;63;63;Lasioglossum sp.;Halictidae;BE;1;3;obs;Cabrera
5;239;Rocky coastal 2;Dune system 2;14/06/2022 13:06;14/06/2022 13:16;10;Limonium sp.;127;97;Lasioglossum sp.;Halictidae;BE;1;3;obs;Cabrera
5;239;Rocky coastal 2;Dune system 2;14/06/2022 13:06;14/06/2022 13:16;10;Limonium sp.;127;97;Lasioglossum sp.;Halictidae;BE;1;3;obs;Cabrera
5;239;Rocky coastal 2;Dune system 2;14/06/2022 13:06;14/06/2022 13:16;10;Limonium sp.;127;97;Lasioglossum sp.;Halictidae;BE;1;2;obs;Cabrera
5;239;Rocky coastal 2;Dune system 2;14/06/2022 13:06;14/06/2022 13:16;10;Limonium sp.;127;97;Lasioglossum sp.;Halictidae;BE;1;2;obs;Cabrera
5;239;Rocky coastal 2;Dune system 2;14/06/2022 13:06;14/06/2022 13:16;10;Limonium sp.;127;97;Lasioglossum sp.;Halictidae;BE;1;1;obs;Cabrera
5;239;Rocky coastal 2;Dune system 2;14/06/2022 13:06;14/06/2022 13:16;10;Limonium sp.;127;97;Lasioglossum sp.;Halictidae;BE;1;2;obs;Cabrera
5;239;Rocky coastal 2;Dune system 2;14/06/2022 13:06;14/06/2022 13:16;10;Limonium sp.;127;97;Lasioglossum sp.;Halictidae;BE;1;4;obs;Cabrera
5;239;Rocky coastal 2;Dune system 2;14/06/2022 13:06;14/06/2022 13:16;10;Limonium sp.;127;97;Lasioglossum sp.;Halictidae;BE;1;2;obs;Cabrera
5;240;Rocky coastal 2;Dune system 2;14/06/2022 13:16;14/06/2022 13:26;10;Limonium sp.;138;88;Lasioglossum sp.;Halictidae;BE;1;2;obs;Cabrera
5;240;Rocky coastal 2;Dune system 2;14/06/2022 13:16;14/06/2022 13:26;10;Limonium sp.;138;88;Lasioglossum sp.;Halictidae;BE;1;2;obs;Cabrera
5;240;Rocky coastal 2;Dune system 2;14/06/2022 13:16;14/06/2022 13:26;10;Limonium sp.;138;88;Lasioglossum sp.;Halictidae;BE;1;2;obs;Cabrera
5;240;Rocky coastal 2;Dune system 2;14/06/2022 13:16;14/06/2022 13:26;10;Limonium sp.;138;88;Lasioglossum sp.;Halictidae;BE;1;3;obs;Cabrera
5;240;Rocky coastal 2;Dune system 2;14/06/2022 13:16;14/06/2022 13:26;10;Limonium sp.;138;88;Lasioglossum sp.;Halictidae;BE;1;2;obs;Cabrera
5;240;Rocky coastal 2;Dune system 2;14/06/2022 13:16;14/06/2022 13:26;10;Limonium sp.;138;88;Lasioglossum sp.;Halictidae;BE;1;3;obs;Cabrera
5;241;Rocky coastal 2;Dune system 2;14/06/2022 13:16;14/06/2022 13:56;40;Limonium sp.;52;52;Lasioglossum sp.;Halictidae;BE;1;1;obs;Cabrera
5;241;Rocky coastal 2;Dune system 2;14/06/2022 13:16;14/06/2022 13:56;40;Limonium sp.;52;52;Lasioglossum sp.;Halictidae;BE;1;1;obs;Cabrera
5;241;Rocky coastal 2;Dune system 2;14/06/2022 13:16;14/06/2022 13:56;40;Limonium sp.;52;52;Lasioglossum sp.;Halictidae;BE;1;3;obs;Cabrera
5;241;Rocky coastal 2;Dune system 2;14/06/2022 13:16;14/06/2022 13:56;40;Limonium sp.;52;52;Lasioglossum sp.;Halictidae;BE;1;2;obs;Cabrera
5;241;Rocky coastal 2;Dune system 2;14/06/2022 13:16;14/06/2022 13:56;40;Limonium sp.;52;52;Lasioglossum sp.;Halictidae;BE;1;4;obs;Cabrera
5;241;Rocky coastal 2;Dune system 2;14/06/2022 13:16;14/06/2022 13:56;40;Limonium sp.;52;52;Lasioglossum sp.;Halictidae;BE;1;3;obs;Cabrera
5;241;Rocky coastal 2;Dune system 2;14/06/2022 13:16;14/06/2022 13:56;40;Limonium sp.;52;52;Lasioglossum sp.;Halictidae;BE;1;2;obs;Cabrera
5;241;Rocky coastal 2;Dune system 2;14/06/2022 13:16;14/06/2022 13:56;40;Limonium sp.;52;52;Lasioglossum sp.;Halictidae;BE;1;3;obs;Cabrera
5;241;Rocky coastal 2;Dune system 2;14/06/2022 13:16;14/06/2022 13:56;40;Limonium sp.;52;52;Lasioglossum sp.;Halictidae;BE;1;2;obs;Cabrera
5;242;Rocky coastal 2;Rocky coastal 2;14/06/2022 13:16;14/06/2022 13:26;10;Teucrium capitatum;6;6;Exoprosopa cf. bowdeni;Bombyliidae;DI;1;1;obs;Cabrera
5;243;Rocky coastal 2;Dune system 2;14/06/2022 12:46;14/06/2022 13:26;40;Limonium sp.;172;92;Lasioglossum sp.;Halictidae;BE;1;3;obs;Cabrera
5;243;Rocky coastal 2;Dune system 2;14/06/2022 12:46;14/06/2022 13:26;40;Limonium sp.;172;92;Lasioglossum sp.;Halictidae;BE;1;5;obs;Cabrera
5;243;Rocky coastal 2;Dune system 2;14/06/2022 12:46;14/06/2022 13:26;40;Limonium sp.;172;92;Lasioglossum sp.;Halictidae;BE;1;3;obs;Cabrera
5;243;Rocky coastal 2;Dune system 2;14/06/2022 12:46;14/06/2022 13:26;40;Limonium sp.;172;92;Lasioglossum sp.;Halictidae;BE;1;2;obs;Cabrera
5;243;Rocky coastal 2;Dune system 2;14/06/2022 12:46;14/06/2022 13:26;40;Limonium sp.;172;92;Lasioglossum sp.;Halictidae;BE;1;3;obs;Cabrera
5;243;Rocky coastal 2;Dune system 2;14/06/2022 12:46;14/06/2022 13:26;40;Limonium sp.;172;92;Lasioglossum sp.;Halictidae;BE;1;4;obs;Cabrera
5;243;Rocky coastal 2;Dune system 2;14/06/2022 12:46;14/06/2022 13:26;40;Limonium sp.;172;92;Lasioglossum sp.;Halictidae;BE;1;2;obs;Cabrera
5;243;Rocky coastal 2;Dune system 2;14/06/2022 12:46;14/06/2022 13:26;40;Limonium sp.;172;92;Lasioglossum sp.;Halictidae;BE;1;3;obs;Cabrera
5;243;Rocky coastal 2;Dune system 2;14/06/2022 12:46;14/06/2022 13:26;40;Limonium sp.;172;92;Exoprosopa cf. bowdeni;Bombyliidae;DI;1;1;obs;Cabrera
5;244;Rocky coastal 2;Rocky coastal 2;14/06/2022 13:45;14/06/2022 13:55;10;Sedum sediforme;7;7;Lasioglossum sp.;Halictidae;BE;1;6;obs;Cabrera
5;244;Rocky coastal 2;Rocky coastal 2;14/06/2022 13:45;14/06/2022 13:55;10;Sedum sediforme;7;7;Lasioglossum sp.;Halictidae;BE;1;3;obs;Cabrera
5;245;Rocky coastal 2;Rocky coastal 2;14/06/2022 13:45;14/06/2022 13:55;10;Sedum sediforme;5;5;Lasioglossum sp.;Halictidae;BE;1;2;obs;Cabrera
5;245;Rocky coastal 2;Rocky coastal 2;14/06/2022 13:45;14/06/2022 13:55;10;Sedum sediforme;5;5;Lasioglossum sp.;Halictidae;BE;1;5;obs;Cabrera
5;245;Rocky coastal 2;Rocky coastal 2;14/06/2022 13:45;14/06/2022 13:55;10;Sedum sediforme;5;5;Lasioglossum sp.;Halictidae;BE;1;4;obs;Cabrera
5;246;Rocky coastal 2;Rocky coastal 2;14/06/2022 13:45;14/06/2022 13:55;10;Sedum sediforme;4;4;Lasioglossum sp.;Halictidae;BE;1;3;obs;Cabrera
5;246;Rocky coastal 2;Rocky coastal 2;14/06/2022 13:45;14/06/2022 13:55;10;Sedum sediforme;4;4;Lasioglossum sp.;Halictidae;BE;1;4;obs;Cabrera
5;247;Rocky coastal 2;Rocky coastal 2;14/06/2022 13:55;14/06/2022 14:05;10;Sedum sediforme;10;10;Lasioglossum sp.;Halictidae;BE;1;2;obs;Cabrera
5;247;Rocky coastal 2;Rocky coastal 2;14/06/2022 13:55;14/06/2022 14:05;10;Sedum sediforme;10;10;Lasioglossum sp.;Halictidae;BE;1;4;obs;Cabrera
5;247;Rocky coastal 2;Rocky coastal 2;14/06/2022 13:55;14/06/2022 14:05;10;Sedum sediforme;10;10;Lasioglossum sp.;Halictidae;BE;1;2;obs;Cabrera
5;247;Rocky coastal 2;Rocky coastal 2;14/06/2022 13:55;14/06/2022 14:05;10;Sedum sediforme;10;10;Lasioglossum sp.;Halictidae;BE;1;2;obs;Cabrera
5;248;Rocky coastal 2;Rocky coastal 2;14/06/2022 13:55;14/06/2022 14:05;10;Sedum sediforme;5;5;Lasioglossum sp.;Halictidae;BE;1;3;obs;Cabrera
5;248;Rocky coastal 2;Rocky coastal 2;14/06/2022 13:55;14/06/2022 14:05;10;Sedum sediforme;5;5;Lasioglossum sp.;Halictidae;BE;1;3;obs;Cabrera
5;249;Rocky coastal 2;Rocky coastal 2;14/06/2022 13:55;14/06/2022 14:05;10;Sedum sediforme;3;3;Lasioglossum sp.;Halictidae;BE;1;3;obs;Cabrera
5;250;Rocky coastal 2;Rocky coastal 2;14/06/2022 14:05;14/06/2022 14:15;10;Sedum sediforme;6;6;Lasioglossum sp.;Halictidae;BE;1;4;obs;Cabrera
5;250;Rocky coastal 2;Rocky coastal 2;14/06/2022 14:05;14/06/2022 14:15;10;Sedum sediforme;6;6;Lasioglossum sp.;Halictidae;BE;1;5;obs;Cabrera
5;250;Rocky coastal 2;Rocky coastal 2;14/06/2022 14:05;14/06/2022 14:15;10;Sedum sediforme;6;6;Lasioglossum sp.;Halictidae;BE;1;2;obs;Cabrera
5;251;Rocky coastal 2;Rocky coastal 2;14/06/2022 14:05;14/06/2022 14:15;10;Sedum sediforme;3;3;Spilostethus pandurus;Lygaeidae;OT;1;2;obs;Cabrera
5;251;Rocky coastal 2;Rocky coastal 2;14/06/2022 14:05;14/06/2022 14:15;10;Sedum sediforme;3;3;Lasioglossum sp.;Halictidae;BE;1;1;obs;Cabrera
5;251;Rocky coastal 2;Rocky coastal 2;14/06/2022 14:05;14/06/2022 14:15;10;Sedum sediforme;3;3;Lasioglossum sp.;Halictidae;BE;1;1;obs;Cabrera
5;252;Dune system 1;Dune system 1;14/06/2022 15:50;14/06/2022 16:00;10;Sedum sediforme;1;1;Dasytes nigroaeneus;Dasytidae;CO;1;1;obs;Cabrera
5;253;Dune system 1;Dune system 1;14/06/2022 16:00;14/06/2022 16:10;10;Sedum sediforme;6;6;Lasioglossum sp.;Halictidae;BE;1;3;obs;Cabrera
5;253;Dune system 1;Dune system 1;14/06/2022 16:00;14/06/2022 16:10;10;Sedum sediforme;6;6;Lasioglossum sp.;Halictidae;BE;1;2;obs;Cabrera
5;254;Dune system 1;Dune system 1;14/06/2022 16:10;14/06/2022 16:20;10;Sedum sediforme;4;4;Lasioglossum sp.;Halictidae;BE;1;3;obs;Cabrera
5;255;Dune system 1;Dune system 1;14/06/2022 16:20;14/06/2022 16:30;10;Sedum sediforme;7;7;Lasioglossum sp.;Halictidae;BE;1;2;obs;Cabrera
5;255;Dune system 1;Dune system 1;14/06/2022 16:20;14/06/2022 16:30;10;Sedum sediforme;7;7;Lasioglossum sp.;Halictidae;BE;2;2;obs;Cabrera
5;255;Dune system 1;Dune system 1;14/06/2022 16:20;14/06/2022 16:30;10;Sedum sediforme;7;7;Lasioglossum sp.;Halictidae;BE;1;1;obs;Cabrera
5;255;Dune system 1;Dune system 1;14/06/2022 16:20;14/06/2022 16:30;10;Sedum sediforme;7;7;Lasioglossum sp.;Halictidae;BE;2;3;obs;Cabrera
5;255;Dune system 1;Dune system 1;14/06/2022 16:20;14/06/2022 16:30;10;Sedum sediforme;7;7;Lasioglossum sp.;Halictidae;BE;1;2;obs;Cabrera
5;256;Dune system 1;Dune system 1;14/06/2022 16:00;14/06/2022 16:10;10;Sedum sediforme;5;5;Lasioglossum sp.;Halictidae;BE;1;5;obs;Cabrera
5;256;Dune system 1;Dune system 1;14/06/2022 16:00;14/06/2022 16:10;10;Sedum sediforme;5;5;Lasioglossum sp.;Halictidae;BE;1;2;obs;Cabrera
5;257;Dune system 1;Dune system 1;14/06/2022 16:00;14/06/2022 16:20;20;Sedum sediforme;4;4;Lasioglossum sp.;Halictidae;BE;3;3;obs;Cabrera
5;257;Dune system 1;Dune system 1;14/06/2022 16:00;14/06/2022 16:20;20;Sedum sediforme;4;4;Lasioglossum sp.;Halictidae;BE;1;2;obs;Cabrera
5;258;Dune system 1;Dune system 1;14/06/2022 16:10;14/06/2022 16:20;10;Sedum sediforme;9;9;Dasytes nigroaeneus;Dasytidae;CO;1;3;obs;Cabrera
5;258;Dune system 1;Dune system 1;14/06/2022 16:10;14/06/2022 16:20;10;Sedum sediforme;9;9;Dasytes nigroaeneus;Dasytidae;CO;1;2;obs;Cabrera
5;258;Dune system 1;Dune system 1;14/06/2022 16:10;14/06/2022 16:20;10;Sedum sediforme;9;9;Dasytes nigroaeneus;Dasytidae;CO;1;4;obs;Cabrera
5;258;Dune system 1;Dune system 1;14/06/2022 16:10;14/06/2022 16:20;10;Sedum sediforme;9;9;Lasioglossum sp.;Halictidae;BE;1;3;obs;Cabrera
5;259;Dune system 1;Dune system 1;14/06/2022 16:20;14/06/2022 16:30;10;Sedum sediforme;15;15;Dasytes nigroaeneus;Dasytidae;CO;1;1;obs;Cabrera
5;259;Dune system 1;Dune system 1;14/06/2022 16:20;14/06/2022 16:30;10;Sedum sediforme;15;15;Lasioglossum sp.;Halictidae;BE;1;3;obs;Cabrera
5;259;Dune system 1;Dune system 1;14/06/2022 16:20;14/06/2022 16:30;10;Sedum sediforme;15;15;Lasioglossum sp.;Halictidae;BE;1;2;obs;Cabrera
5;259;Dune system 1;Dune system 1;14/06/2022 16:20;14/06/2022 16:30;10;Sedum sediforme;15;15;Lasioglossum sp.;Halictidae;BE;1;2;obs;Cabrera
5;259;Dune system 1;Dune system 1;14/06/2022 16:20;14/06/2022 16:30;10;Sedum sediforme;15;15;Anthomyia confusanea;Anthomyiidae;DI;1;5;obs;Cabrera
5;259;Dune system 1;Dune system 1;14/06/2022 16:20;14/06/2022 16:30;10;Sedum sediforme;15;15;Lasioglossum sp.;Halictidae;BE;1;3;obs;Cabrera
5;259;Dune system 1;Dune system 1;14/06/2022 16:20;14/06/2022 16:30;10;Sedum sediforme;15;15;Lasioglossum sp.;Halictidae;BE;1;3;obs;Cabrera
5;259;Dune system 1;Dune system 1;14/06/2022 16:20;14/06/2022 16:30;10;Sedum sediforme;15;15;Lasioglossum sp.;Halictidae;BE;1;3;obs;Cabrera
5;259;Dune system 1;Dune system 1;14/06/2022 16:20;14/06/2022 16:30;10;Sedum sediforme;15;15;Dasytes nigroaeneus;Dasytidae;CO;1;3;obs;Cabrera
5;259;Dune system 1;Dune system 1;14/06/2022 16:20;14/06/2022 16:30;10;Sedum sediforme;15;15;Dasytes nigroaeneus;Dasytidae;CO;1;2;obs;Cabrera
5;259;Dune system 1;Dune system 1;14/06/2022 16:20;14/06/2022 16:30;10;Sedum sediforme;15;15;Dasytes nigroaeneus;Dasytidae;CO;1;2;obs;Cabrera
5;259;Dune system 1;Dune system 1;14/06/2022 16:20;14/06/2022 16:30;10;Sedum sediforme;15;15;Dasytes nigroaeneus;Dasytidae;CO;1;1;obs;Cabrera
5;259;Dune system 1;Dune system 1;14/06/2022 16:20;14/06/2022 16:30;10;Sedum sediforme;15;15;Dasytes nigroaeneus;Dasytidae;CO;1;1;obs;Cabrera
5;259;Dune system 1;Dune system 1;14/06/2022 16:20;14/06/2022 16:30;10;Sedum sediforme;15;15;Dasytes nigroaeneus;Dasytidae;CO;1;2;obs;Cabrera
5;259;Dune system 1;Dune system 1;14/06/2022 16:20;14/06/2022 16:30;10;Sedum sediforme;15;15;Dasytes nigroaeneus;Dasytidae;CO;1;3;obs;Cabrera
5;260;Dune system 2;Dune system 2;15/06/2022 11:34;15/06/2022 11:44;10;Cakile maritima;10;10;Lasioglossum sp.;Halictidae;BE;1;6;obs;Cabrera
5;260;Dune system 2;Dune system 2;15/06/2022 11:34;15/06/2022 11:44;10;Cakile maritima;10;10;Ancistrocerus ebusianus;Eumenidae;WA;1;2;obs;Cabrera
5;260;Dune system 2;Dune system 2;15/06/2022 11:34;15/06/2022 11:44;10;Cakile maritima;10;10;Lasiommata megera;Nymphalidae;LE;1;1;obs;Cabrera
5;260;Dune system 2;Dune system 2;15/06/2022 11:34;15/06/2022 11:44;10;Cakile maritima;10;10;Lasioglossum sp.;Halictidae;BE;1;3;obs;Cabrera
5;260;Dune system 2;Dune system 2;15/06/2022 11:34;15/06/2022 11:44;10;Cakile maritima;10;10;Lasioglossum sp.;Halictidae;BE;1;7;obs;Cabrera
5;260;Dune system 2;Dune system 2;15/06/2022 11:34;15/06/2022 11:44;10;Cakile maritima;10;10;Lasioglossum sp.;Halictidae;BE;1;6;obs;Cabrera
5;260;Dune system 2;Dune system 2;15/06/2022 11:34;15/06/2022 11:44;10;Cakile maritima;10;10;Lasioglossum sp.;Halictidae;BE;1;5;obs;Cabrera
5;261;Dune system 2;Dune system 2;15/06/2022 11:47;15/06/2022 11:57;10;Cakile maritima;28;28;Lasioglossum sp.;Halictidae;BE;1;9;obs;Cabrera
5;261;Dune system 2;Dune system 2;15/06/2022 11:47;15/06/2022 11:57;10;Cakile maritima;28;28;Lasioglossum sp.;Halictidae;BE;1;9;obs;Cabrera
5;261;Dune system 2;Dune system 2;15/06/2022 11:47;15/06/2022 11:57;10;Cakile maritima;28;28;Lasioglossum sp.;Halictidae;BE;1;11;obs;Cabrera
5;261;Dune system 2;Dune system 2;15/06/2022 11:47;15/06/2022 11:57;10;Cakile maritima;28;28;Lasioglossum sp.;Halictidae;BE;1;8;obs;Cabrera
5;262;Dune system 2;Dune system 2;15/06/2022 12:10;15/06/2022 12:50;40;Limonium sp.;140;63;Lasioglossum sp.;Halictidae;BE;1;9;obs;Cabrera
5;262;Dune system 2;Dune system 2;15/06/2022 12:10;15/06/2022 12:50;40;Limonium sp.;140;63;Lasioglossum sp.;Halictidae;BE;1;6;obs;Cabrera
5;262;Dune system 2;Dune system 2;15/06/2022 12:10;15/06/2022 12:50;40;Limonium sp.;140;63;Lasioglossum sp.;Halictidae;BE;1;5;obs;Cabrera
5;262;Dune system 2;Dune system 2;15/06/2022 12:10;15/06/2022 12:50;40;Limonium sp.;140;63;Lasioglossum sp.;Halictidae;BE;1;2;obs;Cabrera
5;262;Dune system 2;Dune system 2;15/06/2022 12:10;15/06/2022 12:50;40;Limonium sp.;140;63;Lasioglossum sp.;Halictidae;BE;1;5;obs;Cabrera
5;262;Dune system 2;Dune system 2;15/06/2022 12:10;15/06/2022 12:50;40;Limonium sp.;140;63;Lasioglossum sp.;Halictidae;BE;1;6;obs;Cabrera
5;262;Dune system 2;Dune system 2;15/06/2022 12:10;15/06/2022 12:50;40;Limonium sp.;140;63;Lasioglossum sp.;Halictidae;BE;1;4;obs;Cabrera
5;262;Dune system 2;Dune system 2;15/06/2022 12:10;15/06/2022 12:50;40;Limonium sp.;140;63;Lasioglossum sp.;Halictidae;BE;1;5;obs;Cabrera
5;262;Dune system 2;Dune system 2;15/06/2022 12:10;15/06/2022 12:50;40;Limonium sp.;140;63;Exoprosopa cf. bowdeni;Bombyliidae;DI;1;1;obs;Cabrera
5;263;Dune system 2;Dune system 2;15/06/2022 12:36;15/06/2022 13:06;30;Limonium sp.;90;60;Lasioglossum sp.;Halictidae;BE;1;4;obs;Cabrera
5;263;Dune system 2;Dune system 2;15/06/2022 12:36;15/06/2022 13:06;30;Limonium sp.;90;60;Lasioglossum sp.;Halictidae;BE;1;5;obs;Cabrera
5;263;Dune system 2;Dune system 2;15/06/2022 12:36;15/06/2022 13:06;30;Limonium sp.;90;60;Exoprosopa cf. bowdeni;Bombyliidae;DI;1;8;obs;Cabrera
5;263;Dune system 2;Dune system 2;15/06/2022 12:36;15/06/2022 13:06;30;Limonium sp.;90;60;Lasioglossum sp.;Halictidae;BE;1;2;obs;Cabrera
5;264;Dune system 2;Dune system 2;15/06/2022 13:07;15/06/2022 13:17;10;Cakile maritima;10;10;Pieris rapae;Pieridae;LE;1;1;obs;Cabrera
5;264;Dune system 2;Dune system 2;15/06/2022 13:07;15/06/2022 13:17;10;Cakile maritima;10;10;Ancistrocerus ebusianus;Eumenidae;WA;1;1;obs;Cabrera
5;264;Dune system 2;Dune system 2;15/06/2022 13:07;15/06/2022 13:17;10;Cakile maritima;10;10;Exoprosopa cf. bowdeni;Bombyliidae;DI;1;1;obs;Cabrera
5;264;Dune system 2;Dune system 2;15/06/2022 13:07;15/06/2022 13:17;10;Cakile maritima;10;10;Lasioglossum sp.;Halictidae;BE;1;2;obs;Cabrera
5;264;Dune system 2;Dune system 2;15/06/2022 13:07;15/06/2022 13:17;10;Cakile maritima;10;10;Ancistrocerus ebusianus;Eumenidae;WA;1;3;obs;Cabrera
5;264;Dune system 2;Dune system 2;15/06/2022 13:07;15/06/2022 13:17;10;Cakile maritima;10;10;Exoprosopa cf. bowdeni;Bombyliidae;DI;1;2;obs;Cabrera
5;264;Dune system 2;Dune system 2;15/06/2022 13:07;15/06/2022 13:17;10;Cakile maritima;10;10;Exoprosopa cf. bowdeni;Bombyliidae;DI;1;1;obs;Cabrera
5;265;Dune system 2;Dune system 2;15/06/2022 15:21;15/06/2022 15:31;10;Cakile maritima;20;20;Lasioglossum sp.;Halictidae;BE;1;2;obs;Cabrera
5;265;Dune system 2;Dune system 2;15/06/2022 15:21;15/06/2022 15:31;10;Cakile maritima;20;20;Ancistrocerus ebusianus;Eumenidae;WA;1;1;obs;Cabrera
5;265;Dune system 2;Dune system 2;15/06/2022 15:21;15/06/2022 15:31;10;Cakile maritima;20;20;Exoprosopa cf. bowdeni;Bombyliidae;DI;1;5;obs;Cabrera
5;265;Dune system 2;Dune system 2;15/06/2022 15:21;15/06/2022 15:31;10;Cakile maritima;20;20;Vanessa cardui;Nymphalidae;LE;1;1;obs;Cabrera
5;265;Dune system 2;Dune system 2;15/06/2022 15:21;15/06/2022 15:31;10;Cakile maritima;20;20;Ancistrocerus ebusianus;Eumenidae;WA;1;2;obs;Cabrera
5;265;Dune system 2;Dune system 2;15/06/2022 15:21;15/06/2022 15:31;10;Cakile maritima;20;20;Exoprosopa cf. bowdeni;Bombyliidae;DI;1;3;obs;Cabrera
5;266;Dune system 2;Dune system 2;15/06/2022 12:05;15/06/2022 12:15;10;Cakile maritima;19;19;Eumenes dubius;Eumenidae;WA;1;2;obs;Cabrera
5;266;Dune system 2;Dune system 2;15/06/2022 12:05;15/06/2022 12:15;10;Cakile maritima;19;19;Ancistrocerus ebusianus;Eumenidae;WA;1;1;obs;Cabrera
5;266;Dune system 2;Dune system 2;15/06/2022 12:05;15/06/2022 12:15;10;Cakile maritima;19;19;Ancistrocerus ebusianus;Eumenidae;WA;1;2;obs;Cabrera
5;266;Dune system 2;Dune system 2;15/06/2022 12:05;15/06/2022 12:15;10;Cakile maritima;19;19;Eupeodes corollae;Syrphidae;HO;1;1;obs;Cabrera
5;266;Dune system 2;Dune system 2;15/06/2022 12:05;15/06/2022 12:15;10;Cakile maritima;19;19;Eumenes dubius;Eumenidae;WA;1;1;obs;Cabrera
5;266;Dune system 2;Dune system 2;15/06/2022 12:05;15/06/2022 12:15;10;Cakile maritima;19;19;Ancistrocerus ebusianus;Eumenidae;WA;1;1;obs;Cabrera
5;266;Dune system 2;Dune system 2;15/06/2022 12:05;15/06/2022 12:15;10;Cakile maritima;19;19;Lasioglossum sp.;Halictidae;BE;1;2;obs;Cabrera
5;266;Dune system 2;Dune system 2;15/06/2022 12:05;15/06/2022 12:15;10;Cakile maritima;19;19;Lasioglossum sp.;Halictidae;BE;1;1;obs;Cabrera
5;267;Dune system 2;Dune system 2;15/06/2022 12:15;15/06/2022 12:25;10;Cakile maritima;15;15;Lasioglossum sp.;Halictidae;BE;1;1;obs;Cabrera
5;267;Dune system 2;Dune system 2;15/06/2022 12:15;15/06/2022 12:25;10;Cakile maritima;15;15;Lasioglossum sp.;Halictidae;BE;1;1;obs;Cabrera
5;267;Dune system 2;Dune system 2;15/06/2022 12:15;15/06/2022 12:25;10;Cakile maritima;15;15;Lasioglossum sp.;Halictidae;BE;1;2;obs;Cabrera
5;267;Dune system 2;Dune system 2;15/06/2022 12:15;15/06/2022 12:25;10;Cakile maritima;15;15;Exoprosopa cf. bowdeni;Bombyliidae;DI;1;2;obs;Cabrera
5;267;Dune system 2;Dune system 2;15/06/2022 12:15;15/06/2022 12:25;10;Cakile maritima;15;15;Ancistrocerus ebusianus;Eumenidae;WA;1;1;obs;Cabrera
5;267;Dune system 2;Dune system 2;15/06/2022 12:15;15/06/2022 12:25;10;Cakile maritima;15;15;Anthomyia confusanea;Anthomyiidae;DI;1;1;obs;Cabrera
5;268;Dune system 2;Dune system 2;15/06/2022 12:25;15/06/2022 12:35;10;Cakile maritima;27;27;Lasioglossum sp.;Halictidae;BE;1;1;obs;Cabrera
5;268;Dune system 2;Dune system 2;15/06/2022 12:25;15/06/2022 12:35;10;Cakile maritima;27;27;Lasioglossum sp.;Halictidae;BE;1;3;obs;Cabrera
5;268;Dune system 2;Dune system 2;15/06/2022 12:25;15/06/2022 12:35;10;Cakile maritima;27;27;Lasioglossum sp.;Halictidae;BE;1;2;obs;Cabrera
5;268;Dune system 2;Dune system 2;15/06/2022 12:25;15/06/2022 12:35;10;Cakile maritima;27;27;Exoprosopa cf. bowdeni;Bombyliidae;DI;1;1;obs;Cabrera
5;268;Dune system 2;Dune system 2;15/06/2022 12:25;15/06/2022 12:35;10;Cakile maritima;27;27;Exoprosopa cf. bowdeni;Bombyliidae;DI;1;7;obs;Cabrera
5;268;Dune system 2;Dune system 2;15/06/2022 12:25;15/06/2022 12:35;10;Cakile maritima;27;27;Lasioglossum sp.;Halictidae;BE;1;4;obs;Cabrera
5;268;Dune system 2;Dune system 2;15/06/2022 12:25;15/06/2022 12:35;10;Cakile maritima;27;27;Lasioglossum sp.;Halictidae;BE;1;2;obs;Cabrera
5;269;Dune system 2;Dune system 2;15/06/2022 12:35;15/06/2022 12:45;10;Cakile maritima;7;7;Lasioglossum sp.;Halictidae;BE;1;2;obs;Cabrera
5;269;Dune system 2;Dune system 2;15/06/2022 12:35;15/06/2022 12:45;10;Cakile maritima;7;7;Exoprosopa cf. bowdeni;Bombyliidae;DI;1;3;obs;Cabrera
5;269;Dune system 2;Dune system 2;15/06/2022 12:35;15/06/2022 12:45;10;Cakile maritima;7;7;Eumenes dubius;Eumenidae;WA;1;1;obs;Cabrera
5;270;Dune system 2;Dune system 2;15/06/2022 12:50;15/06/2022 13:00;10;Cakile maritima;9;9;Exoprosopa cf. bowdeni;Bombyliidae;DI;1;1;obs;Cabrera
5;270;Dune system 2;Dune system 2;15/06/2022 12:50;15/06/2022 13:00;10;Cakile maritima;9;9;Exoprosopa cf. bowdeni;Bombyliidae;DI;1;3;obs;Cabrera
5;270;Dune system 2;Dune system 2;15/06/2022 12:50;15/06/2022 13:00;10;Cakile maritima;9;9;Eumenes dubius;Eumenidae;WA;1;1;obs;Cabrera
5;270;Dune system 2;Dune system 2;15/06/2022 12:50;15/06/2022 13:00;10;Cakile maritima;9;9;Lasioglossum sp.;Halictidae;BE;1;3;obs;Cabrera
5;271;Dune system 2;Dune system 2;15/06/2022 12:50;15/06/2022 13:00;10;Cakile maritima;6;6;Lasioglossum sp.;Halictidae;BE;1;1;obs;Cabrera
5;271;Dune system 2;Dune system 2;15/06/2022 12:50;15/06/2022 13:00;10;Cakile maritima;6;6;Exoprosopa cf. bowdeni;Bombyliidae;DI;1;2;obs;Cabrera
5;271;Dune system 2;Dune system 2;15/06/2022 12:50;15/06/2022 13:00;10;Cakile maritima;6;6;Eumenes dubius;Eumenidae;WA;1;1;obs;Cabrera
5;271;Dune system 2;Dune system 2;15/06/2022 12:50;15/06/2022 13:00;10;Cakile maritima;6;6;Exoprosopa cf. bowdeni;Bombyliidae;DI;1;2;obs;Cabrera
5;271;Dune system 2;Dune system 2;15/06/2022 12:50;15/06/2022 13:00;10;Cakile maritima;6;6;Ancistrocerus ebusianus;Eumenidae;WA;1;3;obs;Cabrera
5;272;Dune system 2;Dune system 2;15/06/2022 12:30;15/06/2022 13:10;40;Limonium sp.;31;31;Lasioglossum sp.;Halictidae;BE;1;2;obs;Cabrera
5;272;Dune system 2;Dune system 2;15/06/2022 12:30;15/06/2022 13:10;40;Limonium sp.;31;31;Lasioglossum sp.;Halictidae;BE;1;2;obs;Cabrera
5;272;Dune system 2;Dune system 2;15/06/2022 12:30;15/06/2022 13:10;40;Limonium sp.;31;31;Lasioglossum sp.;Halictidae;BE;1;2;obs;Cabrera
5;272;Dune system 2;Dune system 2;15/06/2022 12:30;15/06/2022 13:10;40;Limonium sp.;31;31;Lasioglossum sp.;Halictidae;BE;1;2;obs;Cabrera
5;272;Dune system 2;Dune system 2;15/06/2022 12:30;15/06/2022 13:10;40;Limonium sp.;31;31;Lasioglossum sp.;Halictidae;BE;1;3;obs;Cabrera
5;272;Dune system 2;Dune system 2;15/06/2022 12:30;15/06/2022 13:10;40;Limonium sp.;31;31;Lasioglossum sp.;Halictidae;BE;1;3;obs;Cabrera
5;272;Dune system 2;Dune system 2;15/06/2022 12:30;15/06/2022 13:10;40;Limonium sp.;31;31;Lasioglossum sp.;Halictidae;BE;1;2;obs;Cabrera
5;272;Dune system 2;Dune system 2;15/06/2022 12:30;15/06/2022 13:10;40;Limonium sp.;31;31;Lasioglossum sp.;Halictidae;BE;1;3;obs;Cabrera
5;272;Dune system 2;Dune system 2;15/06/2022 12:30;15/06/2022 13:10;40;Limonium sp.;31;31;Lasioglossum sp.;Halictidae;BE;1;2;obs;Cabrera
5;272;Dune system 2;Dune system 2;15/06/2022 12:30;15/06/2022 13:10;40;Limonium sp.;31;31;Lasioglossum sp.;Halictidae;BE;1;3;obs;Cabrera
5;272;Dune system 2;Dune system 2;15/06/2022 12:30;15/06/2022 13:10;40;Limonium sp.;31;31;Lasioglossum sp.;Halictidae;BE;1;2;obs;Cabrera
5;272;Dune system 2;Dune system 2;15/06/2022 12:30;15/06/2022 13:10;40;Limonium sp.;31;31;Exoprosopa cf. bowdeni;Bombyliidae;DI;1;1;obs;Cabrera
5;272;Dune system 2;Dune system 2;15/06/2022 12:30;15/06/2022 13:10;40;Limonium sp.;31;31;Lasioglossum sp.;Halictidae;BE;1;1;obs;Cabrera
5;272;Dune system 2;Dune system 2;15/06/2022 12:30;15/06/2022 13:10;40;Limonium sp.;31;31;Lasioglossum sp.;Halictidae;BE;1;3;obs;Cabrera
5;272;Dune system 2;Dune system 2;15/06/2022 12:30;15/06/2022 13:10;40;Limonium sp.;31;31;Lasioglossum sp.;Halictidae;BE;1;1;obs;Cabrera
5;272;Dune system 2;Dune system 2;15/06/2022 12:30;15/06/2022 13:10;40;Limonium sp.;31;31;Lasioglossum sp.;Halictidae;BE;1;2;obs;Cabrera
5;272;Dune system 2;Dune system 2;15/06/2022 12:30;15/06/2022 13:10;40;Limonium sp.;31;31;Lasioglossum sp.;Halictidae;BE;1;1;obs;Cabrera
5;272;Dune system 2;Dune system 2;15/06/2022 12:30;15/06/2022 13:10;40;Limonium sp.;31;31;Lasioglossum sp.;Halictidae;BE;1;1;obs;Cabrera
5;272;Dune system 2;Dune system 2;15/06/2022 12:30;15/06/2022 13:10;40;Limonium sp.;31;31;Clairvillia pninae;Tachinidae;DI;1;20;obs;Cabrera
5;273;Dune system 2;Dune system 2;15/06/2022 13:15;15/06/2022 13:55;40;Limonium sp.;15;15;Clairvillia pninae;Tachinidae;DI;1;5;obs;Cabrera
5;273;Dune system 2;Dune system 2;15/06/2022 13:15;15/06/2022 13:55;40;Limonium sp.;15;15;Lasioglossum sp.;Halictidae;BE;1;2;obs;Cabrera
5;273;Dune system 2;Dune system 2;15/06/2022 13:15;15/06/2022 13:55;40;Limonium sp.;15;15;Lasioglossum sp.;Halictidae;BE;1;1;obs;Cabrera
5;273;Dune system 2;Dune system 2;15/06/2022 13:15;15/06/2022 13:55;40;Limonium sp.;15;15;Lasioglossum sp.;Halictidae;BE;1;3;obs;Cabrera
5;273;Dune system 2;Dune system 2;15/06/2022 13:15;15/06/2022 13:55;40;Limonium sp.;15;15;Lasioglossum sp.;Halictidae;BE;1;2;obs;Cabrera
5;273;Dune system 2;Dune system 2;15/06/2022 13:15;15/06/2022 13:55;40;Limonium sp.;15;15;Exoprosopa cf. bowdeni;Bombyliidae;DI;1;1;obs;Cabrera
5;274;Dune system 2;Dune system 2;15/06/2022 12:25;15/06/2022 13:05;40;Limonium sp.;45;45;Lasioglossum sp.;Halictidae;BE;1;1;obs;Cabrera
5;274;Dune system 2;Dune system 2;15/06/2022 12:25;15/06/2022 13:05;40;Limonium sp.;45;45;Exoprosopa cf. bowdeni;Bombyliidae;DI;1;1;obs;Cabrera
5;274;Dune system 2;Dune system 2;15/06/2022 12:25;15/06/2022 13:05;40;Limonium sp.;45;45;Lasioglossum sp.;Halictidae;BE;1;3;obs;Cabrera
5;274;Dune system 2;Dune system 2;15/06/2022 12:25;15/06/2022 13:05;40;Limonium sp.;45;45;Lasioglossum sp.;Halictidae;BE;1;1;obs;Cabrera
5;274;Dune system 2;Dune system 2;15/06/2022 12:25;15/06/2022 13:05;40;Limonium sp.;45;45;Eumenes dubius;Eumenidae;WA;1;1;obs;Cabrera
5;275;Dune system 2;Dune system 2;15/06/2022 12:55;15/06/2022 13:35;40;Limonium sp.;25;25;Lasioglossum sp.;Halictidae;BE;1;2;obs;Cabrera
5;275;Dune system 2;Dune system 2;15/06/2022 12:55;15/06/2022 13:35;40;Limonium sp.;25;25;Lasioglossum sp.;Halictidae;BE;1;3;obs;Cabrera
5;275;Dune system 2;Dune system 2;15/06/2022 12:55;15/06/2022 13:35;40;Limonium sp.;25;25;Lasioglossum sp.;Halictidae;BE;1;1;obs;Cabrera
5;275;Dune system 2;Dune system 2;15/06/2022 12:55;15/06/2022 13:35;40;Limonium sp.;25;25;Exoprosopa cf. bowdeni;Bombyliidae;DI;1;1;obs;Cabrera
5;275;Dune system 2;Dune system 2;15/06/2022 12:55;15/06/2022 13:35;40;Limonium sp.;25;25;Vanessa cardui;Nymphalidae;LE;1;1;obs;Cabrera
5;275;Dune system 2;Dune system 2;15/06/2022 12:55;15/06/2022 13:35;40;Limonium sp.;25;25;Lasioglossum sp.;Halictidae;BE;1;1;obs;Cabrera
5;276;Dune system 2;Dune system 2;15/06/2022 13:05;15/06/2022 13:45;40;Limonium sp.;11;11;Lasioglossum sp.;Halictidae;BE;1;1;obs;Cabrera
5;276;Dune system 2;Dune system 2;15/06/2022 13:05;15/06/2022 13:45;40;Limonium sp.;11;11;Lasioglossum sp.;Halictidae;BE;1;1;obs;Cabrera
5;276;Dune system 2;Dune system 2;15/06/2022 13:05;15/06/2022 13:45;40;Limonium sp.;11;11;Clairvillia pninae;Tachinidae;DI;1;2;obs;Cabrera
5;276;Dune system 2;Dune system 2;15/06/2022 13:05;15/06/2022 13:45;40;Limonium sp.;11;11;Lasioglossum sp.;Halictidae;BE;1;2;obs;Cabrera
5;276;Dune system 2;Dune system 2;15/06/2022 13:05;15/06/2022 13:45;40;Limonium sp.;11;11;Lasioglossum sp.;Halictidae;BE;1;1;obs;Cabrera
5;276;Dune system 2;Dune system 2;15/06/2022 13:05;15/06/2022 13:45;40;Limonium sp.;11;11;Lasioglossum sp.;Halictidae;BE;1;2;obs;Cabrera
5;276;Dune system 2;Dune system 2;15/06/2022 13:05;15/06/2022 13:45;40;Limonium sp.;11;11;Exoprosopa cf. bowdeni;Bombyliidae;DI;1;2;obs;Cabrera
5;277;Rocky coastal 1;Rocky coastal 1;16/06/2022 11:55;16/06/2022 12:05;10;Daucus carota L. subsp. Majoricus;18;13;Lasioglossum sp.;Halictidae;BE;1;7;obs;Cabrera
5;277;Rocky coastal 1;Rocky coastal 1;16/06/2022 11:55;16/06/2022 12:05;10;Daucus carota L. subsp. Majoricus;18;13;Lasioglossum sp.;Halictidae;BE;1;3;obs;Cabrera
5;277;Rocky coastal 1;Rocky coastal 1;16/06/2022 11:55;16/06/2022 12:05;10;Daucus carota L. subsp. Majoricus;18;13;Lasioglossum sp.;Halictidae;BE;1;5;obs;Cabrera
5;277;Rocky coastal 1;Rocky coastal 1;16/06/2022 11:55;16/06/2022 12:05;10;Daucus carota L. subsp. Majoricus;18;13;Lasioglossum sp.;Halictidae;BE;1;5;obs;Cabrera
5;277;Rocky coastal 1;Rocky coastal 1;16/06/2022 11:55;16/06/2022 12:05;10;Daucus carota L. subsp. Majoricus;18;13;Lasioglossum sp.;Halictidae;BE;1;6;obs;Cabrera
5;277;Rocky coastal 1;Rocky coastal 1;16/06/2022 11:55;16/06/2022 12:05;10;Daucus carota L. subsp. Majoricus;18;13;Pyrellia vivida;Muscidae;DI;1;4;obs;Cabrera
5;277;Rocky coastal 1;Rocky coastal 1;16/06/2022 11:55;16/06/2022 12:05;10;Daucus carota L. subsp. Majoricus;18;13;Lasioglossum sp.;Halictidae;BE;1;8;obs;Cabrera
5;277;Rocky coastal 1;Rocky coastal 1;16/06/2022 11:55;16/06/2022 12:05;10;Daucus carota L. subsp. Majoricus;18;13;Lasioglossum sp.;Halictidae;BE;1;2;obs;Cabrera
5;277;Rocky coastal 1;Rocky coastal 1;16/06/2022 11:55;16/06/2022 12:05;10;Daucus carota L. subsp. Majoricus;18;13;Lasioglossum sp.;Halictidae;BE;1;6;obs;Cabrera
5;277;Rocky coastal 1;Rocky coastal 1;16/06/2022 11:55;16/06/2022 12:05;10;Daucus carota L. subsp. Majoricus;18;13;Lasioglossum sp.;Halictidae;BE;1;3;obs;Cabrera
5;277;Rocky coastal 1;Rocky coastal 1;16/06/2022 11:55;16/06/2022 12:05;10;Daucus carota L. subsp. Majoricus;18;13;Musca domestica;Muscidae;DI;1;1;obs;Cabrera
5;277;Rocky coastal 1;Rocky coastal 1;16/06/2022 11:55;16/06/2022 12:05;10;Daucus carota L. subsp. Majoricus;18;13;Chrysopa viridana;Chrysopidae;OT;1;1;obs;Cabrera
5;278;Rocky coastal 1;Rocky coastal 1;16/06/2022 12:07;16/06/2022 12:17;10;Daucus carota L. subsp. Majoricus;28;28;Chrysopa viridana;Chrysopidae;OT;1;2;obs;Cabrera
5;278;Rocky coastal 1;Rocky coastal 1;16/06/2022 12:07;16/06/2022 12:17;10;Daucus carota L. subsp. Majoricus;28;28;Musca domestica;Muscidae;DI;1;1;obs;Cabrera
5;278;Rocky coastal 1;Rocky coastal 1;16/06/2022 12:07;16/06/2022 12:17;10;Daucus carota L. subsp. Majoricus;28;28;Meligethes sp.;Nitidulidae;CO;1;2;obs;Cabrera
5;278;Rocky coastal 1;Rocky coastal 1;16/06/2022 12:07;16/06/2022 12:17;10;Daucus carota L. subsp. Majoricus;28;28;Meligethes sp.;Halictidae;BE;1;1;obs;Cabrera
5;278;Rocky coastal 1;Rocky coastal 1;16/06/2022 12:07;16/06/2022 12:17;10;Daucus carota L. subsp. Majoricus;28;28;Lasioglossum sp.;Halictidae;BE;1;4;obs;Cabrera
5;278;Rocky coastal 1;Rocky coastal 1;16/06/2022 12:07;16/06/2022 12:17;10;Daucus carota L. subsp. Majoricus;28;28;Lasioglossum sp.;Halictidae;BE;1;6;obs;Cabrera
5;278;Rocky coastal 1;Rocky coastal 1;16/06/2022 12:07;16/06/2022 12:17;10;Daucus carota L. subsp. Majoricus;28;28;Lasioglossum sp.;Halictidae;BE;1;12;obs;Cabrera
5;278;Rocky coastal 1;Rocky coastal 1;16/06/2022 12:07;16/06/2022 12:17;10;Daucus carota L. subsp. Majoricus;28;28;Pyrellia vivida;Muscidae;DI;1;2;obs;Cabrera
5;278;Rocky coastal 1;Rocky coastal 1;16/06/2022 12:07;16/06/2022 12:17;10;Daucus carota L. subsp. Majoricus;28;28;Lasioglossum sp.;Halictidae;BE;1;8;obs;Cabrera
5;278;Rocky coastal 1;Rocky coastal 1;16/06/2022 12:07;16/06/2022 12:17;10;Daucus carota L. subsp. Majoricus;28;28;Lasioglossum sp.;Halictidae;BE;1;11;obs;Cabrera
5;278;Rocky coastal 1;Rocky coastal 1;16/06/2022 12:07;16/06/2022 12:17;10;Daucus carota L. subsp. Majoricus;28;28;Lasioglossum sp.;Halictidae;BE;1;7;obs;Cabrera
5;279;Rocky coastal 1;Rocky coastal 1;16/06/2022 12:20;16/06/2022 12:30;10;Daucus carota L. subsp. Majoricus;30;20;Lasioglossum sp.;Halictidae;BE;1;6;obs;Cabrera
5;279;Rocky coastal 1;Rocky coastal 1;16/06/2022 12:20;16/06/2022 12:30;10;Daucus carota L. subsp. Majoricus;30;20;Lasioglossum sp.;Halictidae;BE;1;3;obs;Cabrera
5;279;Rocky coastal 1;Rocky coastal 1;16/06/2022 12:20;16/06/2022 12:30;10;Daucus carota L. subsp. Majoricus;30;20;Lasioglossum sp.;Halictidae;BE;1;2;obs;Cabrera
5;279;Rocky coastal 1;Rocky coastal 1;16/06/2022 12:20;16/06/2022 12:30;10;Daucus carota L. subsp. Majoricus;30;20;Lasioglossum sp.;Halictidae;BE;1;3;obs;Cabrera
5;279;Rocky coastal 1;Rocky coastal 1;16/06/2022 12:20;16/06/2022 12:30;10;Daucus carota L. subsp. Majoricus;30;20;Lasioglossum sp.;Halictidae;BE;1;2;obs;Cabrera
5;279;Rocky coastal 1;Rocky coastal 1;16/06/2022 12:20;16/06/2022 12:30;10;Daucus carota L. subsp. Majoricus;30;20;Pyrellia vivida;Muscidae;DI;1;3;obs;Cabrera
5;279;Rocky coastal 1;Rocky coastal 1;16/06/2022 12:20;16/06/2022 12:30;10;Daucus carota L. subsp. Majoricus;30;20;Lasioglossum sp.;Halictidae;BE;1;2;obs;Cabrera
5;279;Rocky coastal 1;Rocky coastal 1;16/06/2022 12:20;16/06/2022 12:30;10;Daucus carota L. subsp. Majoricus;30;20;Lasioglossum sp.;Halictidae;BE;1;2;obs;Cabrera
5;279;Rocky coastal 1;Rocky coastal 1;16/06/2022 12:20;16/06/2022 12:30;10;Daucus carota L. subsp. Majoricus;30;20;Musca domestica;Muscidae;DI;1;1;obs;Cabrera
5;280;Rocky coastal 1;Dune system 1;16/06/2022 12:20;16/06/2022 13:00;40;Limonium sp.;43;43;Lasioglossum sp.;Halictidae;BE;1;2;obs;Cabrera
5;280;Rocky coastal 1;Dune system 1;16/06/2022 12:20;16/06/2022 13:00;40;Limonium sp.;43;43;Lasioglossum sp.;Halictidae;BE;1;5;obs;Cabrera
5;280;Rocky coastal 1;Dune system 1;16/06/2022 12:20;16/06/2022 13:00;40;Limonium sp.;43;43;Lasioglossum sp.;Halictidae;BE;1;3;obs;Cabrera
5;280;Rocky coastal 1;Dune system 1;16/06/2022 12:20;16/06/2022 13:00;40;Limonium sp.;43;43;Lasioglossum sp.;Halictidae;BE;1;2;obs;Cabrera
5;280;Rocky coastal 1;Dune system 1;16/06/2022 12:20;16/06/2022 13:00;40;Limonium sp.;43;43;Exoprosopa cf. bowdeni;Bombyliidae;DI;1;1;obs;Cabrera
5;281;Rocky coastal 1;Dune system 1;16/06/2022 12:03;16/06/2022 12:43;40;Limonium sp.;440;86;Lasioglossum sp.;Halictidae;BE;1;2;obs;Cabrera
5;281;Rocky coastal 1;Dune system 1;16/06/2022 12:03;16/06/2022 12:43;40;Limonium sp.;440;86;Lasioglossum sp.;Halictidae;BE;1;5;obs;Cabrera
5;281;Rocky coastal 1;Dune system 1;16/06/2022 12:03;16/06/2022 12:43;40;Limonium sp.;440;86;Lasioglossum sp.;Halictidae;BE;1;2;obs;Cabrera
5;281;Rocky coastal 1;Dune system 1;16/06/2022 12:03;16/06/2022 12:43;40;Limonium sp.;440;86;Eumenes dubius;Eumenidae;WA;1;3;obs;Cabrera
5;281;Rocky coastal 1;Dune system 1;16/06/2022 12:03;16/06/2022 12:43;40;Limonium sp.;440;86;Lasioglossum sp.;Halictidae;BE;1;1;obs;Cabrera
5;281;Rocky coastal 1;Dune system 1;16/06/2022 12:03;16/06/2022 12:43;40;Limonium sp.;440;86;Lasioglossum sp.;Halictidae;BE;1;6;obs;Cabrera
5;281;Rocky coastal 1;Dune system 1;16/06/2022 12:03;16/06/2022 12:43;40;Limonium sp.;440;86;Lasioglossum sp.;Halictidae;BE;1;5;obs;Cabrera
5;281;Rocky coastal 1;Dune system 1;16/06/2022 12:03;16/06/2022 12:43;40;Limonium sp.;440;86;Lasioglossum sp.;Halictidae;BE;1;3;obs;Cabrera
5;282;Rocky coastal 1;Rocky coastal 1;16/06/2022 12:33;16/06/2022 12:43;10;Daucus carota L. subsp. Majoricus;20;15;Pyrellia vivida;Muscidae;DI;1;2;obs;Cabrera
5;282;Rocky coastal 1;Rocky coastal 1;16/06/2022 12:33;16/06/2022 12:43;10;Daucus carota L. subsp. Majoricus;20;15;Musca domestica;Muscidae;DI;1;2;obs;Cabrera
5;282;Rocky coastal 1;Rocky coastal 1;16/06/2022 12:33;16/06/2022 12:43;10;Daucus carota L. subsp. Majoricus;20;15;Musca domestica;Muscidae;DI;1;3;obs;Cabrera
5;282;Rocky coastal 1;Rocky coastal 1;16/06/2022 12:33;16/06/2022 12:43;10;Daucus carota L. subsp. Majoricus;20;15;Musca domestica;Muscidae;DI;1;1;obs;Cabrera
5;282;Rocky coastal 1;Rocky coastal 1;16/06/2022 12:33;16/06/2022 12:43;10;Daucus carota L. subsp. Majoricus;20;15;Lasioglossum sp.;Halictidae;BE;1;5;obs;Cabrera
5;282;Rocky coastal 1;Rocky coastal 1;16/06/2022 12:33;16/06/2022 12:43;10;Daucus carota L. subsp. Majoricus;20;15;Lasiommata megera;Nymphalidae;LE;1;1;obs;Cabrera
5;282;Rocky coastal 1;Rocky coastal 1;16/06/2022 12:33;16/06/2022 12:43;10;Daucus carota L. subsp. Majoricus;20;15;Vanessa cardui;Nymphalidae;LE;1;1;obs;Cabrera
5;283;Rocky coastal 1;Rocky coastal 1;16/06/2022 12:56;16/06/2022 13:06;10;Sedum sediforme;33;27;Lasioglossum sp.;Halictidae;BE;1;7;obs;Cabrera
5;283;Rocky coastal 1;Rocky coastal 1;16/06/2022 12:56;16/06/2022 13:06;10;Sedum sediforme;33;27;Lasioglossum sp.;Halictidae;BE;1;3;obs;Cabrera
5;283;Rocky coastal 1;Rocky coastal 1;16/06/2022 12:56;16/06/2022 13:06;10;Sedum sediforme;33;27;Lasioglossum sp.;Halictidae;BE;1;5;obs;Cabrera
5;283;Rocky coastal 1;Rocky coastal 1;16/06/2022 12:56;16/06/2022 13:06;10;Sedum sediforme;33;27;Lasioglossum sp.;Halictidae;BE;1;1;obs;Cabrera
5;284;Rocky coastal 1;Rocky coastal 1;16/06/2022 12:56;16/06/2022 13:06;10;Daucus carota L. subsp. Majoricus;10;10;Lasioglossum sp.;Halictidae;BE;1;2;obs;Cabrera
5;284;Rocky coastal 1;Rocky coastal 1;16/06/2022 12:56;16/06/2022 13:06;10;Daucus carota L. subsp. Majoricus;10;10;Lasioglossum sp.;Halictidae;BE;1;4;obs;Cabrera
5;284;Rocky coastal 1;Rocky coastal 1;16/06/2022 12:56;16/06/2022 13:06;10;Daucus carota L. subsp. Majoricus;10;10;Pyrellia vivida;Muscidae;DI;1;3;obs;Cabrera
5;284;Rocky coastal 1;Rocky coastal 1;16/06/2022 12:56;16/06/2022 13:06;10;Daucus carota L. subsp. Majoricus;10;10;Lasioglossum sp.;Halictidae;BE;1;3;obs;Cabrera
5;284;Rocky coastal 1;Rocky coastal 1;16/06/2022 12:56;16/06/2022 13:06;10;Daucus carota L. subsp. Majoricus;10;10;Meligethes sp.;Nitidulidae;CO;1;1;obs;Cabrera
5;285;Rocky coastal 1;Rocky coastal 1;16/06/2022 13:10;16/06/2022 13:20;10;Sedum sediforme;25;25;Musca domestica;Muscidae;DI;1;1;obs;Cabrera
5;285;Rocky coastal 1;Rocky coastal 1;16/06/2022 13:10;16/06/2022 13:20;10;Sedum sediforme;25;25;Lasioglossum sp.;Halictidae;BE;1;1;obs;Cabrera
5;285;Rocky coastal 1;Rocky coastal 1;16/06/2022 13:10;16/06/2022 13:20;10;Sedum sediforme;25;25;Lasioglossum sp.;Halictidae;BE;1;1;obs;Cabrera
5;286;Rocky coastal 1;Rocky coastal 1;16/06/2022 13:10;16/06/2022 13:20;10;Daucus carota L. subsp. Majoricus;14;14;Lasioglossum sp.;Halictidae;BE;1;4;obs;Cabrera
5;286;Rocky coastal 1;Rocky coastal 1;16/06/2022 13:10;16/06/2022 13:20;10;Daucus carota L. subsp. Majoricus;14;14;Lasioglossum sp.;Halictidae;BE;1;6;obs;Cabrera
5;286;Rocky coastal 1;Rocky coastal 1;16/06/2022 13:10;16/06/2022 13:20;10;Daucus carota L. subsp. Majoricus;14;14;Lasioglossum sp.;Halictidae;BE;1;1;obs;Cabrera
5;286;Rocky coastal 1;Rocky coastal 1;16/06/2022 13:10;16/06/2022 13:20;10;Daucus carota L. subsp. Majoricus;14;14;Lasioglossum sp.;Halictidae;BE;1;2;obs;Cabrera
5;287;Rocky coastal 1;Dune system 1;16/06/2022 13:10;16/06/2022 13:50;40;Limonium sp.;25;25;Lasioglossum sp.;Halictidae;BE;1;2;obs;Cabrera
5;288;Rocky coastal 1;Rocky coastal 1;16/06/2022 13:25;16/06/2022 13:35;10;Sedum sediforme;55;55;Lasioglossum sp.;Halictidae;BE;1;3;obs;Cabrera
5;288;Rocky coastal 1;Rocky coastal 1;16/06/2022 13:25;16/06/2022 13:35;10;Sedum sediforme;55;55;Lasioglossum sp.;Halictidae;BE;1;7;obs;Cabrera
5;288;Rocky coastal 1;Rocky coastal 1;16/06/2022 13:25;16/06/2022 13:35;10;Sedum sediforme;55;55;Lasioglossum sp.;Halictidae;BE;1;4;obs;Cabrera
5;288;Rocky coastal 1;Rocky coastal 1;16/06/2022 13:25;16/06/2022 13:35;10;Sedum sediforme;55;55;Lasioglossum sp.;Halictidae;BE;1;5;obs;Cabrera
5;288;Rocky coastal 1;Rocky coastal 1;16/06/2022 13:25;16/06/2022 13:35;10;Sedum sediforme;55;55;Lasioglossum sp.;Halictidae;BE;1;6;obs;Cabrera
5;288;Rocky coastal 1;Rocky coastal 1;16/06/2022 13:25;16/06/2022 13:35;10;Sedum sediforme;55;55;Lasioglossum sp.;Halictidae;BE;1;4;obs;Cabrera
5;289;Rocky coastal 1;Rocky coastal 1;16/06/2022 13:36;16/06/2022 13:46;10;Sedum sediforme;24;24;Lasioglossum sp.;Halictidae;BE;1;4;obs;Cabrera
5;289;Rocky coastal 1;Rocky coastal 1;16/06/2022 13:36;16/06/2022 13:46;10;Sedum sediforme;24;24;Lasioglossum sp.;Halictidae;BE;1;3;obs;Cabrera
5;289;Rocky coastal 1;Rocky coastal 1;16/06/2022 13:36;16/06/2022 13:46;10;Sedum sediforme;24;24;Lasioglossum sp.;Halictidae;BE;1;5;obs;Cabrera
5;290;Rocky coastal 1;Rocky coastal 1;16/06/2022 13:48;16/06/2022 13:58;10;Sedum sediforme;38;38;Lasioglossum sp.;Halictidae;BE;1;6;obs;Cabrera
5;290;Rocky coastal 1;Rocky coastal 1;16/06/2022 13:48;16/06/2022 13:58;10;Sedum sediforme;38;38;Lasioglossum sp.;Halictidae;BE;1;3;obs;Cabrera
5;290;Rocky coastal 1;Rocky coastal 1;16/06/2022 13:48;16/06/2022 13:58;10;Sedum sediforme;38;38;Lasioglossum sp.;Halictidae;BE;1;4;obs;Cabrera
5;291;Rocky coastal 1;Dune system 1;16/06/2022 12:27;16/06/2022 13:07;40;Limonium sp.;80;80;Vanessa cardui;Nymphalidae;LE;1;2;obs;Cabrera
5;291;Rocky coastal 1;Dune system 1;16/06/2022 12:27;16/06/2022 13:07;40;Limonium sp.;80;80;Lasioglossum sp.;Halictidae;BE;1;1;obs;Cabrera
5;291;Rocky coastal 1;Dune system 1;16/06/2022 12:27;16/06/2022 13:07;40;Limonium sp.;80;80;Lasioglossum sp.;Halictidae;BE;1;2;obs;Cabrera
5;291;Rocky coastal 1;Dune system 1;16/06/2022 12:27;16/06/2022 13:07;40;Limonium sp.;80;80;Lasioglossum sp.;Halictidae;BE;1;1;obs;Cabrera
5;292;Rocky coastal 1;Dune system 1;16/06/2022 11:37;16/06/2022 12:17;40;Limonium sp.;120;65;Lasioglossum sp.;Halictidae;BE;1;7;obs;Cabrera
5;292;Rocky coastal 1;Dune system 1;16/06/2022 11:37;16/06/2022 12:17;40;Limonium sp.;120;65;Lasioglossum sp.;Halictidae;BE;1;6;obs;Cabrera
5;292;Rocky coastal 1;Dune system 1;16/06/2022 11:37;16/06/2022 12:17;40;Limonium sp.;120;65;Lasioglossum sp.;Halictidae;BE;1;6;obs;Cabrera
5;292;Rocky coastal 1;Dune system 1;16/06/2022 11:37;16/06/2022 12:17;40;Limonium sp.;120;65;Lasioglossum sp.;Halictidae;BE;1;4;obs;Cabrera
5;292;Rocky coastal 1;Dune system 1;16/06/2022 11:37;16/06/2022 12:17;40;Limonium sp.;120;65;Lasioglossum sp.;Halictidae;BE;1;2;obs;Cabrera
5;292;Rocky coastal 1;Dune system 1;16/06/2022 11:37;16/06/2022 12:17;40;Limonium sp.;120;65;Lasioglossum sp.;Halictidae;BE;1;4;obs;Cabrera
5;292;Rocky coastal 1;Dune system 1;16/06/2022 11:37;16/06/2022 12:17;40;Limonium sp.;120;65;Lasioglossum sp.;Halictidae;BE;1;2;obs;Cabrera
5;292;Rocky coastal 1;Dune system 1;16/06/2022 11:37;16/06/2022 12:17;40;Limonium sp.;120;65;Lasioglossum sp.;Halictidae;BE;1;6;obs;Cabrera
5;292;Rocky coastal 1;Dune system 1;16/06/2022 11:37;16/06/2022 12:17;40;Limonium sp.;120;65;Lasioglossum sp.;Halictidae;BE;1;7;obs;Cabrera
5;292;Rocky coastal 1;Dune system 1;16/06/2022 11:37;16/06/2022 12:17;40;Limonium sp.;120;65;Lasioglossum sp.;Halictidae;BE;1;5;obs;Cabrera
5;292;Rocky coastal 1;Dune system 1;16/06/2022 11:37;16/06/2022 12:17;40;Limonium sp.;120;65;Lasioglossum sp.;Halictidae;BE;1;4;obs;Cabrera
5;292;Rocky coastal 1;Dune system 1;16/06/2022 11:37;16/06/2022 12:17;40;Limonium sp.;120;65;Lasioglossum sp.;Halictidae;BE;1;3;obs;Cabrera
5;293;Rocky coastal 1;Dune system 1;16/06/2022 12:27;16/06/2022 12:37;10;Limonium sp.;95;95;Lasioglossum sp.;Halictidae;BE;1;2;obs;Cabrera
5;293;Rocky coastal 1;Dune system 1;16/06/2022 12:27;16/06/2022 12:37;10;Limonium sp.;95;95;Lasioglossum sp.;Halictidae;BE;1;6;obs;Cabrera
5;293;Rocky coastal 1;Dune system 1;16/06/2022 12:27;16/06/2022 12:37;10;Limonium sp.;95;95;Lasioglossum sp.;Halictidae;BE;1;2;obs;Cabrera
5;294;Rocky coastal 1;Dune system 1;16/06/2022 12:37;16/06/2022 12:47;10;Limonium sp.;35;35;Lasioglossum sp.;Halictidae;BE;1;8;obs;Cabrera
5;294;Rocky coastal 1;Dune system 1;16/06/2022 12:37;16/06/2022 12:47;10;Limonium sp.;35;35;Lasioglossum sp.;Halictidae;BE;1;3;obs;Cabrera
5;294;Rocky coastal 1;Dune system 1;16/06/2022 12:37;16/06/2022 12:47;10;Limonium sp.;35;35;Lasioglossum sp.;Halictidae;BE;1;2;obs;Cabrera
5;294;Rocky coastal 1;Dune system 1;16/06/2022 12:37;16/06/2022 12:47;10;Limonium sp.;35;35;Lasioglossum sp.;Halictidae;BE;1;2;obs;Cabrera
5;295;Rocky coastal 1;Dune system 1;16/06/2022 12:47;16/06/2022 12:57;10;Limonium sp.;210;90;Lasioglossum sp.;Halictidae;BE;1;4;obs;Cabrera
5;295;Rocky coastal 1;Dune system 1;16/06/2022 12:47;16/06/2022 12:57;10;Limonium sp.;210;90;Lasioglossum sp.;Halictidae;BE;1;4;obs;Cabrera
5;295;Rocky coastal 1;Dune system 1;16/06/2022 12:47;16/06/2022 12:57;10;Limonium sp.;210;90;Lasioglossum sp.;Halictidae;BE;1;3;obs;Cabrera
5;295;Rocky coastal 1;Dune system 1;16/06/2022 12:47;16/06/2022 12:57;10;Limonium sp.;210;90;Lasioglossum sp.;Halictidae;BE;1;2;obs;Cabrera
5;295;Rocky coastal 1;Dune system 1;16/06/2022 12:47;16/06/2022 12:57;10;Limonium sp.;210;90;Lasioglossum sp.;Halictidae;BE;1;6;obs;Cabrera
5;295;Rocky coastal 1;Dune system 1;16/06/2022 12:47;16/06/2022 12:57;10;Limonium sp.;210;90;Lasioglossum sp.;Halictidae;BE;1;2;obs;Cabrera
5;296;Rocky coastal 1;Dune system 1;16/06/2022 12:47;16/06/2022 12:57;10;Limonium sp.;25;25;Exoprosopa cf. bowdeni;Bombyliidae;DI;1;4;obs;Cabrera
5;296;Rocky coastal 1;Dune system 1;16/06/2022 12:47;16/06/2022 12:57;10;Limonium sp.;25;25;Exoprosopa cf. bowdeni;Bombyliidae;DI;1;3;obs;Cabrera
5;296;Rocky coastal 1;Dune system 1;16/06/2022 12:47;16/06/2022 12:57;10;Limonium sp.;25;25;Exoprosopa cf. bowdeni;Bombyliidae;DI;1;2;obs;Cabrera
5;296;Rocky coastal 1;Dune system 1;16/06/2022 12:47;16/06/2022 12:57;10;Limonium sp.;25;25;Exoprosopa cf. bowdeni;Bombyliidae;DI;1;3;obs;Cabrera
5;296;Rocky coastal 1;Dune system 1;16/06/2022 12:47;16/06/2022 12:57;10;Limonium sp.;25;25;Lasioglossum sp.;Halictidae;BE;1;2;obs;Cabrera
5;297;Rocky coastal 1;Rocky coastal 1;16/06/2022 13:08;16/06/2022 13:18;10;Sedum sediforme;32;32;Lasioglossum sp.;Halictidae;BE;1;3;obs;Cabrera
5;297;Rocky coastal 1;Rocky coastal 1;16/06/2022 13:08;16/06/2022 13:18;10;Sedum sediforme;32;32;Lasioglossum sp.;Halictidae;BE;1;1;obs;Cabrera
5;297;Rocky coastal 1;Rocky coastal 1;16/06/2022 13:08;16/06/2022 13:18;10;Sedum sediforme;32;32;Lasioglossum sp.;Halictidae;BE;1;2;obs;Cabrera
5;297;Rocky coastal 1;Rocky coastal 1;16/06/2022 13:08;16/06/2022 13:18;10;Sedum sediforme;32;32;Lasioglossum sp.;Halictidae;BE;1;5;obs;Cabrera
5;297;Rocky coastal 1;Rocky coastal 1;16/06/2022 13:08;16/06/2022 13:18;10;Sedum sediforme;32;32;Lasioglossum sp.;Halictidae;BE;1;4;obs;Cabrera
5;297;Rocky coastal 1;Rocky coastal 1;16/06/2022 13:08;16/06/2022 13:18;10;Sedum sediforme;32;32;Lasioglossum sp.;Halictidae;BE;1;1;obs;Cabrera
5;297;Rocky coastal 1;Rocky coastal 1;16/06/2022 13:08;16/06/2022 13:18;10;Sedum sediforme;32;32;Lasioglossum sp.;Halictidae;BE;1;2;obs;Cabrera
5;297;Rocky coastal 1;Rocky coastal 1;16/06/2022 13:08;16/06/2022 13:18;10;Sedum sediforme;32;32;Lasioglossum sp.;Halictidae;BE;1;2;obs;Cabrera
5;297;Rocky coastal 1;Rocky coastal 1;16/06/2022 13:08;16/06/2022 13:18;10;Sedum sediforme;32;32;Lasioglossum sp.;Halictidae;BE;1;2;obs;Cabrera
5;298;Rocky coastal 1;Rocky coastal 1;16/06/2022 13:20;16/06/2022 13:30;10;Sedum sediforme;36;36;Lasioglossum sp.;Halictidae;BE;1;2;obs;Cabrera
5;298;Rocky coastal 1;Rocky coastal 1;16/06/2022 13:20;16/06/2022 13:30;10;Sedum sediforme;36;36;Lasioglossum sp.;Halictidae;BE;1;2;obs;Cabrera
5;298;Rocky coastal 1;Rocky coastal 1;16/06/2022 13:20;16/06/2022 13:30;10;Sedum sediforme;36;36;Lasioglossum sp.;Halictidae;BE;1;1;obs;Cabrera
5;298;Rocky coastal 1;Rocky coastal 1;16/06/2022 13:20;16/06/2022 13:30;10;Sedum sediforme;36;36;Lasioglossum sp.;Halictidae;BE;1;1;obs;Cabrera
5;298;Rocky coastal 1;Rocky coastal 1;16/06/2022 13:20;16/06/2022 13:30;10;Sedum sediforme;36;36;Lasioglossum sp.;Halictidae;BE;1;2;obs;Cabrera
5;298;Rocky coastal 1;Rocky coastal 1;16/06/2022 13:20;16/06/2022 13:30;10;Sedum sediforme;36;36;Lasioglossum sp.;Halictidae;BE;1;1;obs;Cabrera
5;298;Rocky coastal 1;Rocky coastal 1;16/06/2022 13:20;16/06/2022 13:30;10;Sedum sediforme;36;36;Lasioglossum sp.;Halictidae;BE;1;2;obs;Cabrera
5;298;Rocky coastal 1;Rocky coastal 1;16/06/2022 13:20;16/06/2022 13:30;10;Sedum sediforme;36;36;Lasioglossum sp.;Halictidae;BE;1;1;obs;Cabrera
5;298;Rocky coastal 1;Rocky coastal 1;16/06/2022 13:20;16/06/2022 13:30;10;Sedum sediforme;36;36;Lasioglossum sp.;Halictidae;BE;1;2;obs;Cabrera
5;298;Rocky coastal 1;Rocky coastal 1;16/06/2022 13:20;16/06/2022 13:30;10;Sedum sediforme;36;36;Lasioglossum sp.;Halictidae;BE;1;2;obs;Cabrera
5;298;Rocky coastal 1;Rocky coastal 1;16/06/2022 13:20;16/06/2022 13:30;10;Sedum sediforme;36;36;Lasioglossum sp.;Halictidae;BE;1;1;obs;Cabrera
5;298;Rocky coastal 1;Rocky coastal 1;16/06/2022 13:20;16/06/2022 13:30;10;Sedum sediforme;36;36;Lasioglossum sp.;Halictidae;BE;1;1;obs;Cabrera
5;298;Rocky coastal 1;Rocky coastal 1;16/06/2022 13:20;16/06/2022 13:30;10;Sedum sediforme;36;36;Lasioglossum sp.;Halictidae;BE;1;3;obs;Cabrera
5;298;Rocky coastal 1;Rocky coastal 1;16/06/2022 13:20;16/06/2022 13:30;10;Sedum sediforme;36;36;Lasioglossum sp.;Halictidae;BE;1;2;obs;Cabrera
5;299;Rocky coastal 1;Rocky coastal 1;16/06/2022 13:30;16/06/2022 13:40;10;Daucus carota L. subsp. Majoricus;12;12;Lasioglossum sp.;Halictidae;BE;1;1;obs;Cabrera
5;299;Rocky coastal 1;Rocky coastal 1;16/06/2022 13:30;16/06/2022 13:40;10;Daucus carota L. subsp. Majoricus;12;12;Pyrellia vivida;Muscidae;DI;1;1;obs;Cabrera
5;299;Rocky coastal 1;Rocky coastal 1;16/06/2022 13:30;16/06/2022 13:40;10;Daucus carota L. subsp. Majoricus;12;12;Lasioglossum sp.;Halictidae;BE;1;1;obs;Cabrera
5;299;Rocky coastal 1;Rocky coastal 1;16/06/2022 13:30;16/06/2022 13:40;10;Daucus carota L. subsp. Majoricus;12;12;Lasioglossum sp.;Halictidae;BE;1;2;obs;Cabrera
5;300;Rocky coastal 1;Rocky coastal 1;16/06/2022 13:40;16/06/2022 13:50;10;Daucus carota L. subsp. Majoricus;11;11;Lasioglossum sp.;Halictidae;BE;1;1;obs;Cabrera
5;300;Rocky coastal 1;Rocky coastal 1;16/06/2022 13:40;16/06/2022 13:50;10;Daucus carota L. subsp. Majoricus;11;11;Lasioglossum sp.;Halictidae;BE;1;1;obs;Cabrera
5;300;Rocky coastal 1;Rocky coastal 1;16/06/2022 13:40;16/06/2022 13:50;10;Daucus carota L. subsp. Majoricus;11;11;Lasioglossum sp.;Halictidae;BE;1;2;obs;Cabrera
5;301;Rocky coastal 1;Dune system 1;16/06/2022 13:40;16/06/2022 13:50;10;Limonium sp.;48;48;Vanessa cardui;Nymphalidae;LE;1;1;obs;Cabrera
5;301;Rocky coastal 1;Dune system 1;16/06/2022 13:40;16/06/2022 13:50;10;Limonium sp.;48;48;Lasioglossum sp.;Halictidae;BE;1;2;obs;Cabrera
5;302;Rocky coastal 1;Rocky coastal 1;16/06/2022 13:50;16/06/2022 14:00;10;Daucus carota L. subsp. Majoricus;21;21;Lasioglossum sp.;Halictidae;BE;1;1;obs;Cabrera
5;302;Rocky coastal 1;Rocky coastal 1;16/06/2022 13:50;16/06/2022 14:00;10;Daucus carota L. subsp. Majoricus;21;21;Lasioglossum sp.;Halictidae;BE;1;1;obs;Cabrera
5;302;Rocky coastal 1;Rocky coastal 1;16/06/2022 13:50;16/06/2022 14:00;10;Daucus carota L. subsp. Majoricus;21;21;Pyrellia vivida;Muscidae;DI;1;1;obs;Cabrera
5;302;Rocky coastal 1;Rocky coastal 1;16/06/2022 13:50;16/06/2022 14:00;10;Daucus carota L. subsp. Majoricus;21;21;Pyrellia vivida;Muscidae;DI;1;1;obs;Cabrera
5;302;Rocky coastal 1;Rocky coastal 1;16/06/2022 13:50;16/06/2022 14:00;10;Daucus carota L. subsp. Majoricus;21;21;Lasioglossum sp.;Halictidae;BE;1;1;obs;Cabrera
5;303;Rocky coastal 1;Rocky coastal 1;16/06/2022 13:50;16/06/2022 14:00;10;Sedum sediforme;11;11;Lasioglossum sp.;Halictidae;BE;1;1;obs;Cabrera
5;303;Rocky coastal 1;Rocky coastal 1;16/06/2022 13:50;16/06/2022 14:00;10;Sedum sediforme;11;11;Lasioglossum sp.;Halictidae;BE;1;1;obs;Cabrera
5;303;Rocky coastal 1;Rocky coastal 1;16/06/2022 13:50;16/06/2022 14:00;10;Sedum sediforme;11;11;Lasioglossum sp.;Halictidae;BE;1;1;obs;Cabrera
5;303;Rocky coastal 1;Rocky coastal 1;16/06/2022 13:50;16/06/2022 14:00;10;Sedum sediforme;11;11;Lasioglossum sp.;Halictidae;BE;1;2;obs;Cabrera
5;303;Rocky coastal 1;Rocky coastal 1;16/06/2022 13:50;16/06/2022 14:00;10;Sedum sediforme;11;11;Lasioglossum sp.;Halictidae;BE;1;1;obs;Cabrera
5;303;Rocky coastal 1;Rocky coastal 1;16/06/2022 13:50;16/06/2022 14:00;10;Sedum sediforme;11;11;Lasioglossum sp.;Halictidae;BE;1;3;obs;Cabrera
5;304;Rocky coastal 1;Rocky coastal 1;16/06/2022 14:00;16/06/2022 14:10;10;Sedum sediforme;9;9;Lasioglossum sp.;Halictidae;BE;1;3;obs;Cabrera
5;304;Rocky coastal 1;Rocky coastal 1;16/06/2022 14:00;16/06/2022 14:10;10;Sedum sediforme;9;9;Lasioglossum sp.;Halictidae;BE;1;1;obs;Cabrera
5;304;Rocky coastal 1;Rocky coastal 1;16/06/2022 14:00;16/06/2022 14:10;10;Sedum sediforme;9;9;Hydrellia sp;Ephydridae;DI;1;1;obs;Cabrera
5;304;Rocky coastal 1;Rocky coastal 1;16/06/2022 14:00;16/06/2022 14:10;10;Sedum sediforme;9;9;Lasioglossum sp.;Halictidae;BE;1;5;obs;Cabrera
5;304;Rocky coastal 1;Rocky coastal 1;16/06/2022 14:00;16/06/2022 14:10;10;Sedum sediforme;9;9;Lasioglossum sp.;Halictidae;BE;1;1;obs;Cabrera
6;305;Rocky coastal 2;Dune system 2;28/06/2022 11:50;28/06/2022 12:20;30;Limonium sp.;15;15;Lasioglossum sp.;Halictidae;BE;1;3;obs;Cabrera
6;305;Rocky coastal 2;Dune system 2;28/06/2022 11:50;28/06/2022 12:20;30;Limonium sp.;15;15;Eumenes dubius;Eumenidae;WA;1;2;obs;Cabrera
6;305;Rocky coastal 2;Dune system 2;28/06/2022 11:50;28/06/2022 12:20;30;Limonium sp.;15;15;Lasioglossum sp.;Halictidae;BE;1;2;obs;Cabrera
6;305;Rocky coastal 2;Dune system 2;28/06/2022 11:50;28/06/2022 12:20;30;Limonium sp.;15;15;Lasioglossum sp.;Halictidae;BE;1;1;obs;Cabrera
6;305;Rocky coastal 2;Dune system 2;28/06/2022 11:50;28/06/2022 12:20;30;Limonium sp.;15;15;Lasioglossum sp.;Halictidae;BE;1;2;obs;Cabrera
6;306;Rocky coastal 2;Dune system 2;28/06/2022 12:20;28/06/2022 12:40;20;Limonium sp.;7;7;Lasioglossum sp.;Halictidae;BE;1;2;obs;Cabrera
6;306;Rocky coastal 2;Dune system 2;28/06/2022 12:20;28/06/2022 12:40;20;Limonium sp.;7;7;Lasioglossum sp.;Halictidae;BE;1;2;obs;Cabrera
6;306;Rocky coastal 2;Dune system 2;28/06/2022 12:20;28/06/2022 12:40;20;Limonium sp.;7;7;Lasioglossum sp.;Halictidae;BE;1;1;obs;Cabrera
6;306;Rocky coastal 2;Dune system 2;28/06/2022 12:20;28/06/2022 12:40;20;Limonium sp.;7;7;Lasioglossum sp.;Halictidae;BE;1;3;obs;Cabrera
6;307;Rocky coastal 2;Rocky coastal 2;28/06/2022 12:40;28/06/2022 13:00;20;Sedum sediforme;8;8;Lasioglossum sp.;Halictidae;BE;1;2;obs;Cabrera
6;307;Rocky coastal 2;Rocky coastal 2;28/06/2022 12:40;28/06/2022 13:00;20;Sedum sediforme;8;8;Lasioglossum sp.;Halictidae;BE;1;1;obs;Cabrera
6;308;Rocky coastal 2;Dune system 2;28/06/2022 13:00;28/06/2022 13:30;30;Cakile maritima;27;27;Lasioglossum sp.;Halictidae;BE;1;2;obs;Cabrera
6;308;Rocky coastal 2;Dune system 2;28/06/2022 13:00;28/06/2022 13:30;30;Cakile maritima;27;27;Lasioglossum sp.;Halictidae;BE;1;2;obs;Cabrera
6;308;Rocky coastal 2;Dune system 2;28/06/2022 13:00;28/06/2022 13:30;30;Cakile maritima;27;27;Lasioglossum sp.;Halictidae;BE;1;4;obs;Cabrera
6;308;Rocky coastal 2;Dune system 2;28/06/2022 13:00;28/06/2022 13:30;30;Cakile maritima;27;27;Lasioglossum sp.;Halictidae;BE;1;5;obs;Cabrera
6;308;Rocky coastal 2;Dune system 2;28/06/2022 13:00;28/06/2022 13:30;30;Cakile maritima;27;27;Exoprosopa cf. bowdeni;Bombyliidae;DI;1;3;obs;Cabrera
6;308;Rocky coastal 2;Dune system 2;28/06/2022 13:00;28/06/2022 13:30;30;Cakile maritima;27;27;Lasioglossum sp.;Halictidae;BE;1;3;obs;Cabrera
6;308;Rocky coastal 2;Dune system 2;28/06/2022 13:00;28/06/2022 13:30;30;Cakile maritima;27;27;Lasioglossum sp.;Halictidae;BE;1;2;obs;Cabrera
6;308;Rocky coastal 2;Dune system 2;28/06/2022 13:00;28/06/2022 13:30;30;Cakile maritima;27;27;Lasioglossum sp.;Halictidae;BE;1;3;obs;Cabrera
6;309;Rocky coastal 2;Dune system 2;28/06/2022 13:30;28/06/2022 13:50;20;Cakile maritima;7;7;Lasioglossum sp.;Halictidae;BE;1;1;obs;Cabrera
6;309;Rocky coastal 2;Dune system 2;28/06/2022 13:30;28/06/2022 13:50;20;Cakile maritima;7;7;Lasioglossum sp.;Halictidae;BE;1;6;obs;Cabrera
6;309;Rocky coastal 2;Dune system 2;28/06/2022 13:30;28/06/2022 13:50;20;Cakile maritima;7;7;Exoprosopa cf. bowdeni;Bombyliidae;DI;1;4;obs;Cabrera
6;310;Rocky coastal 2;Dune system 2;28/06/2022 11:47;28/06/2022 12:17;30;Cakile maritima;27;27;Lasioglossum sp.;Halictidae;BE;1;1;obs;Cabrera
6;310;Rocky coastal 2;Dune system 2;28/06/2022 11:47;28/06/2022 12:17;30;Cakile maritima;27;27;Lasioglossum sp.;Halictidae;BE;1;3;obs;Cabrera
6;310;Rocky coastal 2;Dune system 2;28/06/2022 11:47;28/06/2022 12:17;30;Cakile maritima;27;27;Lasioglossum sp.;Halictidae;BE;1;5;obs;Cabrera
6;310;Rocky coastal 2;Dune system 2;28/06/2022 11:47;28/06/2022 12:17;30;Cakile maritima;27;27;Podarcis lilfordi;Lacertidae;VE;1;1;obs;Cabrera
6;310;Rocky coastal 2;Dune system 2;28/06/2022 11:47;28/06/2022 12:17;30;Cakile maritima;27;27;Exoprosopa cf. bowdeni;Bombyliidae;DI;1;2;obs;Cabrera
6;310;Rocky coastal 2;Dune system 2;28/06/2022 11:47;28/06/2022 12:17;30;Cakile maritima;27;27;Exoprosopa cf. bowdeni;Bombyliidae;DI;1;1;obs;Cabrera
6;310;Rocky coastal 2;Dune system 2;28/06/2022 11:47;28/06/2022 12:17;30;Cakile maritima;27;27;Lasioglossum sp.;Halictidae;BE;1;4;obs;Cabrera
6;311;Rocky coastal 2;Dune system 2;28/06/2022 12:20;28/06/2022 12:40;20;Cakile maritima;7;7;Lasioglossum sp.;Halictidae;BE;1;4;obs;Cabrera
6;311;Rocky coastal 2;Dune system 2;28/06/2022 12:20;28/06/2022 12:40;20;Cakile maritima;7;7;Exoprosopa cf. bowdeni;Bombyliidae;DI;1;1;obs;Cabrera
6;311;Rocky coastal 2;Dune system 2;28/06/2022 12:20;28/06/2022 12:40;20;Cakile maritima;7;7;Lasioglossum sp.;Halictidae;BE;1;2;obs;Cabrera
6;311;Rocky coastal 2;Dune system 2;28/06/2022 12:20;28/06/2022 12:40;20;Cakile maritima;7;7;Lasioglossum sp.;Halictidae;BE;1;4;obs;Cabrera
6;312;Rocky coastal 2;Dune system 2;28/06/2022 12:42;28/06/2022 13:02;20;Limonium sp.;7;7;Lasioglossum sp.;Halictidae;BE;1;4;obs;Cabrera
6;312;Rocky coastal 2;Dune system 2;28/06/2022 12:42;28/06/2022 13:02;20;Limonium sp.;7;7;Exoprosopa cf. bowdeni;Bombyliidae;DI;1;2;obs;Cabrera
6;312;Rocky coastal 2;Dune system 2;28/06/2022 12:42;28/06/2022 13:02;20;Limonium sp.;7;7;Lasioglossum sp.;Halictidae;BE;1;3;obs;Cabrera
6;313;Rocky coastal 2;Rocky coastal 2;28/06/2022 13:05;28/06/2022 13:25;20;Sedum sediforme;8;8;Lasioglossum sp.;Halictidae;BE;1;5;obs;Cabrera
6;314;Rocky coastal 2;Dune system 2;28/06/2022 13:29;28/06/2022 14:00;31;Limonium sp.;15;15;Lasioglossum sp.;Halictidae;BE;1;4;obs;Cabrera
6;314;Rocky coastal 2;Dune system 2;28/06/2022 13:29;28/06/2022 14:00;31;Limonium sp.;15;15;Lasioglossum sp.;Halictidae;BE;1;5;obs;Cabrera
6;314;Rocky coastal 2;Dune system 2;28/06/2022 13:29;28/06/2022 14:00;31;Limonium sp.;15;15;Exoprosopa cf. bowdeni;Bombyliidae;DI;1;1;obs;Cabrera
6;314;Rocky coastal 2;Dune system 2;28/06/2022 13:29;28/06/2022 14:00;31;Limonium sp.;15;15;Lasioglossum sp.;Halictidae;BE;1;3;obs;Cabrera
6;315;Dune system 2;Dune system 2;28/06/2022 16:15;28/06/2022 16:35;20;Cakile maritima;8;8;Autographa gamma;Noctuidae;LE;1;1;obs;Cabrera
6;315;Dune system 2;Dune system 2;28/06/2022 16:15;28/06/2022 16:35;20;Cakile maritima;8;8;Lasioglossum sp.;Halictidae;BE;1;2;obs;Cabrera
6;315;Dune system 2;Dune system 2;28/06/2022 16:15;28/06/2022 16:35;20;Cakile maritima;8;8;Lasioglossum sp.;Halictidae;BE;1;2;obs;Cabrera
6;315;Dune system 2;Dune system 2;28/06/2022 16:15;28/06/2022 16:35;20;Cakile maritima;8;8;Lasioglossum sp.;Halictidae;BE;1;3;obs;Cabrera
6;315;Dune system 2;Dune system 2;28/06/2022 16:15;28/06/2022 16:35;20;Cakile maritima;8;8;Exoprosopa cf. bowdeni;Bombyliidae;DI;1;2;obs;Cabrera
6;315;Dune system 2;Dune system 2;28/06/2022 16:15;28/06/2022 16:35;20;Cakile maritima;8;8;Lasioglossum sp.;Halictidae;BE;1;3;obs;Cabrera
6;316;Dune system 2;Dune system 2;28/06/2022 16:35;28/06/2022 17:05;30;Cakile maritima;12;12;Lasioglossum sp.;Halictidae;BE;1;1;obs;Cabrera
6;316;Dune system 2;Dune system 2;28/06/2022 16:35;28/06/2022 17:05;30;Cakile maritima;12;12;Eumenes dubius;Eumenidae;WA;1;3;obs;Cabrera
6;316;Dune system 2;Dune system 2;28/06/2022 16:35;28/06/2022 17:05;30;Cakile maritima;12;12;Lasioglossum sp.;Halictidae;BE;1;4;obs;Cabrera
6;316;Dune system 2;Dune system 2;28/06/2022 16:35;28/06/2022 17:05;30;Cakile maritima;12;12;Lasioglossum sp.;Halictidae;BE;1;4;obs;Cabrera
6;316;Dune system 2;Dune system 2;28/06/2022 16:35;28/06/2022 17:05;30;Cakile maritima;12;12;Autographa gamma;Noctuidae;LE;1;2;obs;Cabrera
6;317;Dune system 2;Dune system 2;28/06/2022 17:10;28/06/2022 17:30;20;Limonium sp.;22;22;Lasioglossum sp.;Halictidae;BE;1;5;obs;Cabrera
6;317;Dune system 2;Dune system 2;28/06/2022 17:10;28/06/2022 17:30;20;Limonium sp.;22;22;Lasioglossum sp.;Halictidae;BE;1;2;obs;Cabrera
6;317;Dune system 2;Dune system 2;28/06/2022 17:10;28/06/2022 17:30;20;Limonium sp.;22;22;Lasioglossum sp.;Halictidae;BE;1;3;obs;Cabrera
6;317;Dune system 2;Dune system 2;28/06/2022 17:10;28/06/2022 17:30;20;Limonium sp.;22;22;Clairvillia pninae;Tachinidae;DI;1;2;obs;Cabrera
6;317;Dune system 2;Dune system 2;28/06/2022 17:10;28/06/2022 17:30;20;Limonium sp.;22;22;Lasioglossum sp.;Halictidae;BE;1;2;obs;Cabrera
6;318;Dune system 2;Dune system 2;28/06/2022 17:32;28/06/2022 17:52;20;Limonium sp.;18;18;Lasioglossum sp.;Halictidae;BE;1;5;obs;Cabrera
6;318;Dune system 2;Dune system 2;28/06/2022 17:32;28/06/2022 17:52;20;Limonium sp.;18;18;Lasioglossum sp.;Halictidae;BE;1;4;obs;Cabrera
6;318;Dune system 2;Dune system 2;28/06/2022 17:32;28/06/2022 17:52;20;Limonium sp.;18;18;Lasioglossum sp.;Halictidae;BE;1;5;obs;Cabrera
6;318;Dune system 2;Dune system 2;28/06/2022 17:32;28/06/2022 17:52;20;Limonium sp.;18;18;Lasioglossum sp.;Halictidae;BE;1;3;obs;Cabrera
6;319;Dune system 2;Dune system 2;28/06/2022 17:55;28/06/2022 18:15;20;Limonium sp.;13;13;Lasioglossum sp.;Halictidae;BE;1;3;obs;Cabrera
6;319;Dune system 2;Dune system 2;28/06/2022 17:55;28/06/2022 18:15;20;Limonium sp.;13;13;Clairvillia pninae;Tachinidae;DI;1;2;obs;Cabrera
6;319;Dune system 2;Dune system 2;28/06/2022 17:55;28/06/2022 18:15;20;Limonium sp.;13;13;Lasioglossum sp.;Halictidae;BE;1;4;obs;Cabrera
6;320;Rocky coastal 1;Rocky coastal 1;29/06/2022 10:20;29/06/2022 10:30;10;Daucus carota L. subsp. Majoricus;8;8;Lasioglossum sp.;Halictidae;BE;1;3;obs;Cabrera
6;320;Rocky coastal 1;Rocky coastal 1;29/06/2022 10:20;29/06/2022 10:30;10;Daucus carota L. subsp. Majoricus;8;8;Exoprosopa cf. bowdeni;Bombyliidae;DI;1;1;obs;Cabrera
6;320;Rocky coastal 1;Rocky coastal 1;29/06/2022 10:20;29/06/2022 10:30;10;Daucus carota L. subsp. Majoricus;8;8;Pyrellia vivida;Muscidae;DI;1;1;obs;Cabrera
6;321;Rocky coastal 1;Rocky coastal 1;29/06/2022 10:30;29/06/2022 10:40;10;Daucus carota L. subsp. Majoricus;23;23;Lasioglossum sp.;Halictidae;BE;1;3;obs;Cabrera
6;321;Rocky coastal 1;Rocky coastal 1;29/06/2022 10:30;29/06/2022 10:40;10;Daucus carota L. subsp. Majoricus;23;23;Musca domestica;Muscidae;DI;1;2;obs;Cabrera
6;321;Rocky coastal 1;Rocky coastal 1;29/06/2022 10:30;29/06/2022 10:40;10;Daucus carota L. subsp. Majoricus;23;23;Lasioglossum sp.;Halictidae;BE;1;2;obs;Cabrera
6;321;Rocky coastal 1;Rocky coastal 1;29/06/2022 10:30;29/06/2022 10:40;10;Daucus carota L. subsp. Majoricus;23;23;Pyrellia vivida;Muscidae;DI;1;3;obs;Cabrera
6;321;Rocky coastal 1;Rocky coastal 1;29/06/2022 10:30;29/06/2022 10:40;10;Daucus carota L. subsp. Majoricus;23;23;Lasioglossum sp.;Halictidae;BE;1;1;obs;Cabrera
6;321;Rocky coastal 1;Rocky coastal 1;29/06/2022 10:30;29/06/2022 10:40;10;Daucus carota L. subsp. Majoricus;23;23;Lasioglossum sp.;Halictidae;BE;1;4;obs;Cabrera
6;322;Rocky coastal 1;Rocky coastal 1;29/06/2022 10:40;29/06/2022 10:50;10;Daucus carota L. subsp. Majoricus;12;12;Exoprosopa cf. bowdeni;Bombyliidae;DI;1;3;obs;Cabrera
6;322;Rocky coastal 1;Rocky coastal 1;29/06/2022 10:40;29/06/2022 10:50;10;Daucus carota L. subsp. Majoricus;12;12;Musca domestica;Muscidae;DI;1;2;obs;Cabrera
6;322;Rocky coastal 1;Rocky coastal 1;29/06/2022 10:40;29/06/2022 10:50;10;Daucus carota L. subsp. Majoricus;12;12;Lasioglossum sp.;Halictidae;BE;1;2;obs;Cabrera
6;323;Rocky coastal 1;Rocky coastal 1;29/06/2022 11:00;29/06/2022 11:10;10;Sedum sediforme;3;3;Lasioglossum sp.;Halictidae;BE;1;3;obs;Cabrera
6;323;Rocky coastal 1;Rocky coastal 1;29/06/2022 11:00;29/06/2022 11:10;10;Sedum sediforme;3;3;Lasioglossum sp.;Halictidae;BE;1;2;obs;Cabrera
6;324;Rocky coastal 1;Rocky coastal 1;29/06/2022 11:10;29/06/2022 11:20;10;Sedum sediforme;2;2;Lasioglossum sp.;Halictidae;BE;1;2;obs;Cabrera
6;325;Rocky coastal 1;Rocky coastal 1;29/06/2022 11:10;29/06/2022 11:20;10;Sedum sediforme;4;4;Lasioglossum sp.;Halictidae;BE;1;5;obs;Cabrera
6;325;Rocky coastal 1;Rocky coastal 1;29/06/2022 11:10;29/06/2022 11:20;10;Sedum sediforme;4;4;Musca domestica;Muscidae;DI;1;2;obs;Cabrera
6;325;Rocky coastal 1;Rocky coastal 1;29/06/2022 11:10;29/06/2022 11:20;10;Sedum sediforme;4;4;Lasioglossum sp.;Halictidae;BE;1;4;obs;Cabrera
6;326;Rocky coastal 1;Rocky coastal 1;29/06/2022 11:25;29/06/2022 11:35;10;Sedum sediforme;7;7;Lasioglossum sp.;Halictidae;BE;1;3;obs;Cabrera
6;326;Rocky coastal 1;Rocky coastal 1;29/06/2022 11:25;29/06/2022 11:35;10;Sedum sediforme;7;7;Lasioglossum sp.;Halictidae;BE;1;3;obs;Cabrera
6;326;Rocky coastal 1;Rocky coastal 1;29/06/2022 11:25;29/06/2022 11:35;10;Sedum sediforme;7;7;Lasioglossum sp.;Halictidae;BE;1;6;obs;Cabrera
6;326;Rocky coastal 1;Rocky coastal 1;29/06/2022 11:25;29/06/2022 11:35;10;Sedum sediforme;7;7;Lasioglossum sp.;Halictidae;BE;1;2;obs;Cabrera
6;327;Rocky coastal 1;Rocky coastal 1;29/06/2022 11:40;29/06/2022 11:50;10;Sedum sediforme;6;6;Lasioglossum sp.;Halictidae;BE;1;3;obs;Cabrera
6;327;Rocky coastal 1;Rocky coastal 1;29/06/2022 11:40;29/06/2022 11:50;10;Sedum sediforme;6;6;Lasioglossum sp.;Halictidae;BE;1;4;obs;Cabrera
6;328;Rocky coastal 1;Rocky coastal 1;29/06/2022 11:50;29/06/2022 12:00;10;Sedum sediforme;5;5;Musca domestica;Muscidae;DI;1;2;obs;Cabrera
6;328;Rocky coastal 1;Rocky coastal 1;29/06/2022 11:50;29/06/2022 12:00;10;Sedum sediforme;5;5;Lasioglossum sp.;Halictidae;BE;1;4;obs;Cabrera
6;328;Rocky coastal 1;Rocky coastal 1;29/06/2022 11:50;29/06/2022 12:00;10;Sedum sediforme;5;5;Lasioglossum sp.;Halictidae;BE;1;2;obs;Cabrera
6;329;Rocky coastal 1;Rocky coastal 1;29/06/2022 12:10;29/06/2022 12:20;10;Daucus carota L. subsp. Majoricus;4;4;Lasioglossum sp.;Halictidae;BE;1;1;obs;Cabrera
6;329;Rocky coastal 1;Rocky coastal 1;29/06/2022 12:10;29/06/2022 12:20;10;Daucus carota L. subsp. Majoricus;4;4;Pyrellia vivida;Muscidae;DI;1;1;obs;Cabrera
6;329;Rocky coastal 1;Rocky coastal 1;29/06/2022 12:10;29/06/2022 12:20;10;Daucus carota L. subsp. Majoricus;4;4;Lasioglossum sp.;Halictidae;BE;1;2;obs;Cabrera
6;330;Rocky coastal 1;Rocky coastal 1;29/06/2022 12:20;29/06/2022 12:30;10;Daucus carota L. subsp. Majoricus;2;2;Lasioglossum sp.;Halictidae;BE;1;1;obs;Cabrera
6;330;Rocky coastal 1;Rocky coastal 1;29/06/2022 12:20;29/06/2022 12:30;10;Daucus carota L. subsp. Majoricus;2;2;Lasioglossum sp.;Halictidae;BE;1;1;obs;Cabrera
6;331;Rocky coastal 1;Rocky coastal 1;29/06/2022 12:30;29/06/2022 12:40;10;Daucus carota L. subsp. Majoricus;9;9;Lasioglossum sp.;Halictidae;BE;1;3;obs;Cabrera
6;331;Rocky coastal 1;Rocky coastal 1;29/06/2022 12:30;29/06/2022 12:40;10;Daucus carota L. subsp. Majoricus;9;9;Pyrellia vivida;Muscidae;DI;1;2;obs;Cabrera
6;331;Rocky coastal 1;Rocky coastal 1;29/06/2022 12:30;29/06/2022 12:40;10;Daucus carota L. subsp. Majoricus;9;9;Exoprosopa cf. bowdeni;Bombyliidae;DI;1;1;obs;Cabrera
6;331;Rocky coastal 1;Rocky coastal 1;29/06/2022 12:30;29/06/2022 12:40;10;Daucus carota L. subsp. Majoricus;9;9;Lasioglossum sp.;Halictidae;BE;1;2;obs;Cabrera
6;332;Rocky coastal 1;Rocky coastal 1;29/06/2022 12:40;29/06/2022 12:50;10;Daucus carota L. subsp. Majoricus;3;3;Lasioglossum sp.;Halictidae;BE;1;2;obs;Cabrera
6;332;Rocky coastal 1;Rocky coastal 1;29/06/2022 12:40;29/06/2022 12:50;10;Daucus carota L. subsp. Majoricus;3;3;Exoprosopa cf. bowdeni;Bombyliidae;DI;1;1;obs;Cabrera
6;332;Rocky coastal 1;Rocky coastal 1;29/06/2022 12:40;29/06/2022 12:50;10;Daucus carota L. subsp. Majoricus;3;3;Lasioglossum sp.;Halictidae;BE;1;1;obs;Cabrera
6;333;Rocky coastal 1;Rocky coastal 1;29/06/2022 12:55;29/06/2022 13:05;10;Sedum sediforme;2;2;Lasioglossum sp.;Halictidae;BE;1;1;obs;Cabrera
6;333;Rocky coastal 1;Rocky coastal 1;29/06/2022 12:55;29/06/2022 13:05;10;Sedum sediforme;2;2;Musca domestica;Muscidae;DI;1;1;obs;Cabrera
6;334;Rocky coastal 1;Rocky coastal 1;29/06/2022 13:10;29/06/2022 13:20;10;Sedum sediforme;5;5;Lasioglossum sp.;Halictidae;BE;1;2;obs;Cabrera
6;334;Rocky coastal 1;Rocky coastal 1;29/06/2022 13:10;29/06/2022 13:20;10;Sedum sediforme;5;5;Lasioglossum sp.;Halictidae;BE;1;3;obs;Cabrera
6;334;Rocky coastal 1;Rocky coastal 1;29/06/2022 13:10;29/06/2022 13:20;10;Sedum sediforme;5;5;Lasioglossum sp.;Halictidae;BE;1;2;obs;Cabrera
6;334;Rocky coastal 1;Rocky coastal 1;29/06/2022 13:10;29/06/2022 13:20;10;Sedum sediforme;5;5;Lasioglossum sp.;Halictidae;BE;1;4;obs;Cabrera
6;335;Rocky coastal 1;Rocky coastal 1;29/06/2022 13:25;29/06/2022 13:35;10;Sedum sediforme;6;4;Lasioglossum sp.;Halictidae;BE;1;3;obs;Cabrera
6;335;Rocky coastal 1;Rocky coastal 1;29/06/2022 13:25;29/06/2022 13:35;10;Sedum sediforme;6;4;Lasioglossum sp.;Halictidae;BE;1;1;obs;Cabrera
6;335;Rocky coastal 1;Rocky coastal 1;29/06/2022 13:25;29/06/2022 13:35;10;Sedum sediforme;6;4;Lasioglossum sp.;Halictidae;BE;1;1;obs;Cabrera
2;336;Rocky coastal 1;Rocky coastal 1;29/04/2022 10:01;29/04/2022 10:46;45;Astragalus balearicus;127;68;Podarcis lilfordi;Lacertidae;VE;1;2;rpi;Cabrera
2;336;Rocky coastal 1;Rocky coastal 1;29/04/2022 10:01;29/04/2022 10:46;45;Astragalus balearicus;127;68;Episyrphus balteatus;Syrphidae;HO;1;1;rpi;Cabrera
2;336;Rocky coastal 1;Rocky coastal 1;29/04/2022 10:01;29/04/2022 10:46;45;Astragalus balearicus;127;68;Eupeodes corollae;Syrphidae;HO;1;3;rpi;Cabrera
2;336;Rocky coastal 1;Rocky coastal 1;29/04/2022 10:01;29/04/2022 10:46;45;Astragalus balearicus;127;68;Podarcis lilfordi;Lacertidae;VE;1;1;rpi;Cabrera
2;336;Rocky coastal 1;Rocky coastal 1;29/04/2022 10:01;29/04/2022 10:46;45;Astragalus balearicus;127;68;Cheilosia latifrons;Syrphidae;HO;1;1;rpi;Cabrera
1;337;Dune system 1;Dune system 1;19/04/2022 18:05;19/04/2022 18:45;40;Daucus carota L. subsp. Majoricus;13;4;Podarcis lilfordi;Lacertidae;VE;1;1;rpi;Cabrera
1;337;Dune system 1;Dune system 1;19/04/2022 18:05;19/04/2022 18:45;40;Daucus carota L. subsp. Majoricus;13;4;Cheilosia latifrons;Syrphidae;HO;1;1;rpi;Cabrera
1;337;Dune system 1;Dune system 1;19/04/2022 18:05;19/04/2022 18:45;40;Daucus carota L. subsp. Majoricus;13;4;Unknown insect;unknown family;unkown fg;1;1;rpi;Cabrera
1;337;Dune system 1;Dune system 1;19/04/2022 18:05;19/04/2022 18:45;40;Daucus carota L. subsp. Majoricus;13;4;Chelosia sp.;Syrphidae;HO;1;1;rpi;Cabrera
1;337;Dune system 1;Dune system 1;19/04/2022 18:05;19/04/2022 18:45;40;Daucus carota L. subsp. Majoricus;13;4;Chrysopa viridana;Chrysopidae;OT;1;2;rpi;Cabrera
1;337;Dune system 1;Dune system 1;19/04/2022 18:05;19/04/2022 18:45;40;Daucus carota L. subsp. Majoricus;13;4;Crematogaster sp.;Formicidae;OT;2;2;rpi;Cabrera
1;337;Dune system 1;Dune system 1;19/04/2022 18:05;19/04/2022 18:45;40;Daucus carota L. subsp. Majoricus;13;4;Podarcis lilfordi;Lacertidae;VE;1;2;rpi;Cabrera
1;337;Dune system 1;Dune system 1;19/04/2022 18:05;19/04/2022 18:45;40;Daucus carota L. subsp. Majoricus;13;4;Eupeodes corollae;Syrphidae;HO;1;3;rpi;Cabrera
1;337;Dune system 1;Dune system 1;19/04/2022 18:05;19/04/2022 18:45;40;Daucus carota L. subsp. Majoricus;13;4;Lasioglossum sp.;Halictidae;BE;1;1;rpi;Cabrera
2;338;Rocky coastal 1;Rocky coastal 1;29/04/2022 10:20;29/04/2022 11:00;40;Daucus carota L. subsp. Majoricus;139;38;Hylaeus imparilis;Colletidae;BE;1;1;rpi;Cabrera
2;338;Rocky coastal 1;Rocky coastal 1;29/04/2022 10:20;29/04/2022 11:00;40;Daucus carota L. subsp. Majoricus;139;38;Lydella thompsoni;Tachinidae;DI;1;1;rpi;Cabrera
2;338;Rocky coastal 1;Rocky coastal 1;29/04/2022 10:20;29/04/2022 11:00;40;Daucus carota L. subsp. Majoricus;139;38;Podarcis lilfordi;Lacertidae;VE;1;3;rpi;Cabrera
2;338;Rocky coastal 1;Rocky coastal 1;29/04/2022 10:20;29/04/2022 11:00;40;Daucus carota L. subsp. Majoricus;139;38;Episyrphus balteatus;Syrphidae;HO;1;1;rpi;Cabrera
2;338;Rocky coastal 1;Rocky coastal 1;29/04/2022 10:20;29/04/2022 11:00;40;Daucus carota L. subsp. Majoricus;139;38;Phyto melanocephala;Rhinophoridae;DI;1;1;rpi;Cabrera
2;338;Rocky coastal 1;Rocky coastal 1;29/04/2022 10:20;29/04/2022 11:00;40;Daucus carota L. subsp. Majoricus;139;38;Lydella thompsoni;Tachinidae;DI;1;2;rpi;Cabrera
2;338;Rocky coastal 1;Rocky coastal 1;29/04/2022 10:20;29/04/2022 11:00;40;Daucus carota L. subsp. Majoricus;139;38;Podarcis lilfordi;Lacertidae;VE;1;1;rpi;Cabrera
2;338;Rocky coastal 1;Rocky coastal 1;29/04/2022 10:20;29/04/2022 11:00;40;Daucus carota L. subsp. Majoricus;139;38;Lasioglossum sp.;Halictidae;BE;1;2;rpi;Cabrera
2;338;Rocky coastal 1;Rocky coastal 1;29/04/2022 10:20;29/04/2022 11:00;40;Daucus carota L. subsp. Majoricus;139;38;Lydella nigrescens;Tachinidae;DI;1;1;rpi;Cabrera
2;338;Rocky coastal 1;Rocky coastal 1;29/04/2022 10:20;29/04/2022 11:00;40;Daucus carota L. subsp. Majoricus;139;38;Episyrphus balteatus;Syrphidae;HO;1;1;rpi;Cabrera
2;338;Rocky coastal 1;Rocky coastal 1;29/04/2022 10:20;29/04/2022 11:00;40;Daucus carota L. subsp. Majoricus;139;38;Eupeodes corollae;Syrphidae;HO;1;1;rpi;Cabrera
2;338;Rocky coastal 1;Rocky coastal 1;29/04/2022 10:20;29/04/2022 11:00;40;Daucus carota L. subsp. Majoricus;139;38;Podarcis lilfordi;Lacertidae;VE;1;3;rpi;Cabrera
2;338;Rocky coastal 1;Rocky coastal 1;29/04/2022 10:20;29/04/2022 11:00;40;Daucus carota L. subsp. Majoricus;139;38;Lydella nigrescens;Tachinidae;DI;1;1;rpi;Cabrera
2;338;Rocky coastal 1;Rocky coastal 1;29/04/2022 10:20;29/04/2022 11:00;40;Daucus carota L. subsp. Majoricus;139;38;Podarcis lilfordi;Lacertidae;VE;1;1;rpi;Cabrera
2;338;Rocky coastal 1;Rocky coastal 1;29/04/2022 10:20;29/04/2022 11:00;40;Daucus carota L. subsp. Majoricus;139;38;Eupeodes corollae;Syrphidae;HO;1;1;rpi;Cabrera
3;339;Dune system 1;Dune system 1;17/05/2022 13:50;17/05/2022 14:30;40;Daucus carota L. subsp. Majoricus;115;38;Podarcis lilfordi;Lacertidae;VE;1;3;rpi;Cabrera
3;339;Dune system 1;Dune system 1;17/05/2022 13:50;17/05/2022 14:30;40;Daucus carota L. subsp. Majoricus;115;38;Podarcis lilfordi;Lacertidae;VE;1;2;rpi;Cabrera
3;339;Dune system 1;Dune system 1;17/05/2022 13:50;17/05/2022 14:30;40;Daucus carota L. subsp. Majoricus;115;38;Lasioglossum sp.;Halictidae;BE;1;2;rpi;Cabrera
3;339;Dune system 1;Dune system 1;17/05/2022 13:50;17/05/2022 14:30;40;Daucus carota L. subsp. Majoricus;115;38;Podarcis lilfordi;Lacertidae;VE;1;2;rpi;Cabrera
3;339;Dune system 1;Dune system 1;17/05/2022 13:50;17/05/2022 14:30;40;Daucus carota L. subsp. Majoricus;115;38;Hylaeus imparilis;Colletidae;BE;1;1;rpi;Cabrera
3;339;Dune system 1;Dune system 1;17/05/2022 13:50;17/05/2022 14:30;40;Daucus carota L. subsp. Majoricus;115;38;Podarcis lilfordi;Lacertidae;VE;2;2;rpi;Cabrera
3;339;Dune system 1;Dune system 1;17/05/2022 13:50;17/05/2022 14:30;40;Daucus carota L. subsp. Majoricus;115;38;Lydella thompsoni;Tachinidae;DI;1;1;rpi;Cabrera
3;339;Dune system 1;Dune system 1;17/05/2022 13:50;17/05/2022 14:30;40;Daucus carota L. subsp. Majoricus;115;38;Podarcis lilfordi;Lacertidae;VE;1;1;rpi;Cabrera
3;339;Dune system 1;Dune system 1;17/05/2022 13:50;17/05/2022 14:30;40;Daucus carota L. subsp. Majoricus;115;38;Eupeodes corollae;Syrphidae;HO;1;1;rpi;Cabrera
3;339;Dune system 1;Dune system 1;17/05/2022 13:50;17/05/2022 14:30;40;Daucus carota L. subsp. Majoricus;115;38;Episyrphus balteatus;Syrphidae;HO;1;1;rpi;Cabrera
3;339;Dune system 1;Dune system 1;17/05/2022 13:50;17/05/2022 14:30;40;Daucus carota L. subsp. Majoricus;115;38;Episyrphus balteatus;Syrphidae;HO;1;2;rpi;Cabrera
3;340;Rocky coastal 1;Rocky coastal 1;19/05/2022 10:15;19/05/2022 10:55;40;Daucus carota L. subsp. Majoricus;115;38;Lydella thompsoni;Tachinidae;DI;1;2;rpi;Cabrera
3;340;Rocky coastal 1;Rocky coastal 1;19/05/2022 10:15;19/05/2022 10:55;40;Daucus carota L. subsp. Majoricus;115;38;Episyrphus balteatus;Syrphidae;HO;1;3;rpi;Cabrera
3;340;Rocky coastal 1;Rocky coastal 1;19/05/2022 10:15;19/05/2022 10:55;40;Daucus carota L. subsp. Majoricus;115;38;Lasioglossum sp.;Halictidae;BE;1;2;rpi;Cabrera
3;340;Rocky coastal 1;Rocky coastal 1;19/05/2022 10:15;19/05/2022 10:55;40;Daucus carota L. subsp. Majoricus;115;38;Eupeodes corollae;Syrphidae;HO;1;2;rpi;Cabrera
3;340;Rocky coastal 1;Rocky coastal 1;19/05/2022 10:15;19/05/2022 10:55;40;Daucus carota L. subsp. Majoricus;115;38;Eupeodes corollae;Syrphidae;HO;1;2;rpi;Cabrera
3;340;Rocky coastal 1;Rocky coastal 1;19/05/2022 10:15;19/05/2022 10:55;40;Daucus carota L. subsp. Majoricus;115;38;Lasioglossum sp.;Halictidae;BE;1;2;rpi;Cabrera
3;340;Rocky coastal 1;Rocky coastal 1;19/05/2022 10:15;19/05/2022 10:55;40;Daucus carota L. subsp. Majoricus;115;38;Episyrphus balteatus;Syrphidae;HO;1;1;rpi;Cabrera
3;340;Rocky coastal 1;Rocky coastal 1;19/05/2022 10:15;19/05/2022 10:55;40;Daucus carota L. subsp. Majoricus;115;38;Episyrphus balteatus;Syrphidae;HO;1;2;rpi;Cabrera
3;340;Rocky coastal 1;Rocky coastal 1;19/05/2022 10:15;19/05/2022 10:55;40;Daucus carota L. subsp. Majoricus;115;38;Episyrphus balteatus;Syrphidae;HO;1;1;rpi;Cabrera
3;340;Rocky coastal 1;Rocky coastal 1;19/05/2022 10:15;19/05/2022 10:55;40;Daucus carota L. subsp. Majoricus;115;38;Eupeodes corollae;Syrphidae;HO;1;2;rpi;Cabrera
3;340;Rocky coastal 1;Rocky coastal 1;19/05/2022 10:15;19/05/2022 10:55;40;Daucus carota L. subsp. Majoricus;115;38;Lasioglossum sp.;Halictidae;BE;1;3;rpi;Cabrera
3;340;Rocky coastal 1;Rocky coastal 1;19/05/2022 10:15;19/05/2022 10:55;40;Daucus carota L. subsp. Majoricus;115;38;Episyrphus balteatus;Syrphidae;HO;1;2;rpi;Cabrera
3;340;Rocky coastal 1;Rocky coastal 1;19/05/2022 10:15;19/05/2022 10:55;40;Daucus carota L. subsp. Majoricus;115;38;Exoprosopa cf. bowdeni;Bombyliidae;DI;1;2;rpi;Cabrera
3;340;Rocky coastal 1;Rocky coastal 1;19/05/2022 10:15;19/05/2022 10:55;40;Daucus carota L. subsp. Majoricus;115;38;Lasioglossum sp.;Halictidae;BE;1;1;rpi;Cabrera
3;340;Rocky coastal 1;Rocky coastal 1;19/05/2022 10:15;19/05/2022 10:55;40;Daucus carota L. subsp. Majoricus;115;38;Lydella thompsoni;Tachinidae;DI;1;2;rpi;Cabrera
3;340;Rocky coastal 1;Rocky coastal 1;19/05/2022 10:15;19/05/2022 10:55;40;Daucus carota L. subsp. Majoricus;115;38;Episyrphus balteatus;Syrphidae;HO;1;3;rpi;Cabrera
3;340;Rocky coastal 1;Rocky coastal 1;19/05/2022 10:15;19/05/2022 10:55;40;Daucus carota L. subsp. Majoricus;115;38;Episyrphus balteatus;Syrphidae;HO;1;2;rpi;Cabrera
3;340;Rocky coastal 1;Rocky coastal 1;19/05/2022 10:15;19/05/2022 10:55;40;Daucus carota L. subsp. Majoricus;115;38;Eupeodes corollae;Syrphidae;HO;1;2;rpi;Cabrera
3;340;Rocky coastal 1;Rocky coastal 1;19/05/2022 10:15;19/05/2022 10:55;40;Daucus carota L. subsp. Majoricus;115;38;Lasioglossum sp.;Halictidae;BE;1;2;rpi;Cabrera
3;340;Rocky coastal 1;Rocky coastal 1;19/05/2022 10:15;19/05/2022 10:55;40;Daucus carota L. subsp. Majoricus;115;38;Eupeodes corollae;Syrphidae;HO;1;3;rpi;Cabrera
3;340;Rocky coastal 1;Rocky coastal 1;19/05/2022 10:15;19/05/2022 10:55;40;Daucus carota L. subsp. Majoricus;115;38;Eupeodes corollae;Syrphidae;HO;1;1;rpi;Cabrera
3;340;Rocky coastal 1;Rocky coastal 1;19/05/2022 10:15;19/05/2022 10:55;40;Daucus carota L. subsp. Majoricus;115;38;Anthomyia confusanea;Anthomyiidae;DI;1;1;rpi;Cabrera
3;340a;Rocky coastal 1;Rocky coastal 1;19/05/2022 10:15;19/05/2022 10:55;40;Teucrium capitatum;56;45;Colias crocea;Pieridae;LE;1;1;rpi;Cabrera
4;341;Dune system 1;Dune system 1;02/06/2022 12:10;02/06/2022 12:50;40;Daucus carota L. subsp. Majoricus;43;41;Podarcis lilfordi;Lacertidae;VE;1;1;rpi;Cabrera
4;341;Dune system 1;Dune system 1;02/06/2022 12:10;02/06/2022 12:50;40;Daucus carota L. subsp. Majoricus;43;41;Episyrphus balteatus;Syrphidae;HO;1;1;rpi;Cabrera
4;341;Dune system 1;Dune system 1;02/06/2022 12:10;02/06/2022 12:50;40;Daucus carota L. subsp. Majoricus;43;41;Episyrphus balteatus;Syrphidae;HO;1;2;rpi;Cabrera
4;341;Dune system 1;Dune system 1;02/06/2022 12:10;02/06/2022 12:50;40;Daucus carota L. subsp. Majoricus;43;41;Episyrphus balteatus;Syrphidae;HO;1;1;rpi;Cabrera
4;341;Dune system 1;Dune system 1;02/06/2022 12:10;02/06/2022 12:50;40;Daucus carota L. subsp. Majoricus;43;41;Lydella thompsoni;Tachinidae;DI;1;2;rpi;Cabrera
4;341;Dune system 1;Dune system 1;02/06/2022 12:10;02/06/2022 12:50;40;Daucus carota L. subsp. Majoricus;43;41;Eupeodes corollae;Syrphidae;HO;1;1;rpi;Cabrera
4;341;Dune system 1;Dune system 1;02/06/2022 12:10;02/06/2022 12:50;40;Daucus carota L. subsp. Majoricus;43;41;Lydella thompsoni;Tachinidae;DI;1;1;rpi;Cabrera
4;341;Dune system 1;Dune system 1;02/06/2022 12:10;02/06/2022 12:50;40;Daucus carota L. subsp. Majoricus;43;41;Eupeodes corollae;Syrphidae;HO;1;2;rpi;Cabrera
4;341;Dune system 1;Dune system 1;02/06/2022 12:10;02/06/2022 12:50;40;Daucus carota L. subsp. Majoricus;43;41;Lasioglossum sp.;Halictidae;BE;1;1;rpi;Cabrera
4;341;Dune system 1;Dune system 1;02/06/2022 12:10;02/06/2022 12:50;40;Daucus carota L. subsp. Majoricus;43;41;Lasioglossum sp.;Halictidae;BE;1;1;rpi;Cabrera
4;341;Dune system 1;Dune system 1;02/06/2022 12:10;02/06/2022 12:50;40;Daucus carota L. subsp. Majoricus;43;41;Eupeodes corollae;Syrphidae;HO;1;3;rpi;Cabrera
4;341;Dune system 1;Dune system 1;02/06/2022 12:10;02/06/2022 12:50;40;Daucus carota L. subsp. Majoricus;43;41;Phyto melanocephala;Rhinophoridae;DI;1;4;rpi;Cabrera
4;341;Dune system 1;Dune system 1;02/06/2022 12:10;02/06/2022 12:50;40;Daucus carota L. subsp. Majoricus;43;41;Podarcis lilfordi;Lacertidae;VE;1;1;rpi;Cabrera
4;341;Dune system 1;Dune system 1;02/06/2022 12:10;02/06/2022 12:50;40;Daucus carota L. subsp. Majoricus;43;41;Podarcis lilfordi;Lacertidae;VE;1;1;rpi;Cabrera
4;341;Dune system 1;Dune system 1;02/06/2022 12:10;02/06/2022 12:50;40;Daucus carota L. subsp. Majoricus;43;41;Podarcis lilfordi;Lacertidae;VE;1;2;rpi;Cabrera
4;341;Dune system 1;Dune system 1;02/06/2022 12:10;02/06/2022 12:50;40;Daucus carota L. subsp. Majoricus;43;41;Camponotus sp;Formicidae;OT;2;2;rpi;Cabrera
4;341;Dune system 1;Dune system 1;02/06/2022 12:10;02/06/2022 12:50;40;Daucus carota L. subsp. Majoricus;43;41;Monomorium sp;Formicidae;OT;1;1;rpi;Cabrera
4;341;Dune system 1;Dune system 1;02/06/2022 12:10;02/06/2022 12:50;40;Daucus carota L. subsp. Majoricus;43;41;Lydella nigrescens;Tachinidae;DI;1;1;rpi;Cabrera
4;341;Dune system 1;Dune system 1;02/06/2022 12:10;02/06/2022 12:50;40;Daucus carota L. subsp. Majoricus;43;41;Sarcophaga sp.;Sarcophagidae;DI;1;2;rpi;Cabrera
4;341;Dune system 1;Dune system 1;02/06/2022 12:10;02/06/2022 12:50;40;Daucus carota L. subsp. Majoricus;43;41;Lasioglossum sp.;Halictidae;BE;1;1;rpi;Cabrera
4;341;Dune system 1;Dune system 1;02/06/2022 12:10;02/06/2022 12:50;40;Daucus carota L. subsp. Majoricus;43;41;Podarcis lilfordi;Lacertidae;VE;1;2;rpi;Cabrera
4;341;Dune system 1;Dune system 1;02/06/2022 12:10;02/06/2022 12:50;40;Daucus carota L. subsp. Majoricus;43;41;Podarcis lilfordi;Lacertidae;VE;1;3;rpi;Cabrera
4;341;Dune system 1;Dune system 1;02/06/2022 12:10;02/06/2022 12:50;40;Daucus carota L. subsp. Majoricus;43;41;Episyrphus balteatus;Syrphidae;HO;1;1;rpi;Cabrera
4;341;Dune system 1;Dune system 1;02/06/2022 12:10;02/06/2022 12:50;40;Daucus carota L. subsp. Majoricus;43;41;Eupeodes corollae;Syrphidae;HO;1;1;rpi;Cabrera
5;342;Rocky coastal 1;Rocky coastal 1;16/06/2022 11:55;16/06/2022 12:35;40;Daucus carota L. subsp. Majoricus;78;38;Podarcis lilfordi;Lacertidae;VE;1;1;rpi;Cabrera
5;342;Rocky coastal 1;Rocky coastal 1;16/06/2022 11:55;16/06/2022 12:35;40;Daucus carota L. subsp. Majoricus;78;38;Lydella nigrescens;Tachinidae;DI;1;1;rpi;Cabrera
5;342;Rocky coastal 1;Rocky coastal 1;16/06/2022 11:55;16/06/2022 12:35;40;Daucus carota L. subsp. Majoricus;78;38;Phyto melanocephala;Rhinophoridae;DI;1;1;rpi;Cabrera
5;342;Rocky coastal 1;Rocky coastal 1;16/06/2022 11:55;16/06/2022 12:35;40;Daucus carota L. subsp. Majoricus;78;38;Lydella nigrescens;Tachinidae;DI;1;1;rpi;Cabrera
5;342;Rocky coastal 1;Rocky coastal 1;16/06/2022 11:55;16/06/2022 12:35;40;Daucus carota L. subsp. Majoricus;78;38;Episyrphus balteatus;Syrphidae;HO;1;1;rpi;Cabrera
5;342;Rocky coastal 1;Rocky coastal 1;16/06/2022 11:55;16/06/2022 12:35;40;Daucus carota L. subsp. Majoricus;78;38;Episyrphus balteatus;Syrphidae;HO;1;3;rpi;Cabrera
5;342;Rocky coastal 1;Rocky coastal 1;16/06/2022 11:55;16/06/2022 12:35;40;Daucus carota L. subsp. Majoricus;78;38;Eupeodes corollae;Syrphidae;HO;1;1;rpi;Cabrera
5;342;Rocky coastal 1;Rocky coastal 1;16/06/2022 11:55;16/06/2022 12:35;40;Daucus carota L. subsp. Majoricus;78;38;Anthomyia confusanea;Anthomyiidae;DI;1;2;rpi;Cabrera
5;342;Rocky coastal 1;Rocky coastal 1;16/06/2022 11:55;16/06/2022 12:35;40;Daucus carota L. subsp. Majoricus;78;38;Episyrphus balteatus;Syrphidae;HO;1;3;rpi;Cabrera
5;342;Rocky coastal 1;Rocky coastal 1;16/06/2022 11:55;16/06/2022 12:35;40;Daucus carota L. subsp. Majoricus;78;38;Lydella nigrescens;Tachinidae;DI;1;1;rpi;Cabrera
5;342;Rocky coastal 1;Rocky coastal 1;16/06/2022 11:55;16/06/2022 12:35;40;Daucus carota L. subsp. Majoricus;78;38;Lydella thompsoni;Tachinidae;DI;1;4;rpi;Cabrera
5;342;Rocky coastal 1;Rocky coastal 1;16/06/2022 11:55;16/06/2022 12:35;40;Daucus carota L. subsp. Majoricus;78;38;Podarcis lilfordi;Lacertidae;VE;1;3;rpi;Cabrera
5;342;Rocky coastal 1;Rocky coastal 1;16/06/2022 11:55;16/06/2022 12:35;40;Daucus carota L. subsp. Majoricus;78;38;Anthomyia confusanea;Anthomyiidae;DI;1;1;rpi;Cabrera
5;342;Rocky coastal 1;Rocky coastal 1;16/06/2022 11:55;16/06/2022 12:35;40;Daucus carota L. subsp. Majoricus;78;38;Anthomyia confusanea;Anthomyiidae;DI;1;1;rpi;Cabrera
5;342;Rocky coastal 1;Rocky coastal 1;16/06/2022 11:55;16/06/2022 12:35;40;Daucus carota L. subsp. Majoricus;78;38;Exoprosopa cf. bowdeni;Bombyliidae;DI;1;1;rpi;Cabrera
5;342;Rocky coastal 1;Rocky coastal 1;16/06/2022 11:55;16/06/2022 12:35;40;Daucus carota L. subsp. Majoricus;78;38;Lydella thompsoni;Tachinidae;DI;1;4;rpi;Cabrera
5;342;Rocky coastal 1;Rocky coastal 1;16/06/2022 11:55;16/06/2022 12:35;40;Daucus carota L. subsp. Majoricus;78;38;Lasioglossum sp.;Halictidae;BE;1;5;rpi;Cabrera
5;342;Rocky coastal 1;Rocky coastal 1;16/06/2022 11:55;16/06/2022 12:35;40;Daucus carota L. subsp. Majoricus;78;38;Lasioglossum sp.;Halictidae;BE;1;3;rpi;Cabrera
5;342;Rocky coastal 1;Rocky coastal 1;16/06/2022 11:55;16/06/2022 12:35;40;Daucus carota L. subsp. Majoricus;78;38;Lasioglossum sp.;Halictidae;BE;1;3;rpi;Cabrera
5;342;Rocky coastal 1;Rocky coastal 1;16/06/2022 11:55;16/06/2022 12:35;40;Daucus carota L. subsp. Majoricus;78;38;Episyrphus balteatus;Syrphidae;HO;1;3;rpi;Cabrera
5;342;Rocky coastal 1;Rocky coastal 1;16/06/2022 11:55;16/06/2022 12:35;40;Daucus carota L. subsp. Majoricus;78;38;Anthomyia confusanea;Anthomyiidae;DI;1;1;rpi;Cabrera
5;342;Rocky coastal 1;Rocky coastal 1;16/06/2022 11:55;16/06/2022 12:35;40;Daucus carota L. subsp. Majoricus;78;38;Lasioglossum sp.;Halictidae;BE;1;3;rpi;Cabrera
5;342;Rocky coastal 1;Rocky coastal 1;16/06/2022 11:55;16/06/2022 12:35;40;Daucus carota L. subsp. Majoricus;78;38;Lasioglossum sp.;Halictidae;BE;1;1;rpi;Cabrera
5;342;Rocky coastal 1;Rocky coastal 1;16/06/2022 11:55;16/06/2022 12:35;40;Daucus carota L. subsp. Majoricus;78;38;Lasioglossum sp.;Halictidae;BE;1;1;rpi;Cabrera
5;342;Rocky coastal 1;Rocky coastal 1;16/06/2022 11:55;16/06/2022 12:35;40;Daucus carota L. subsp. Majoricus;78;38;Eupeodes corollae;Syrphidae;HO;1;3;rpi;Cabrera
5;342;Rocky coastal 1;Rocky coastal 1;16/06/2022 11:55;16/06/2022 12:35;40;Daucus carota L. subsp. Majoricus;78;38;Episyrphus balteatus;Syrphidae;HO;1;2;rpi;Cabrera
5;342;Rocky coastal 1;Rocky coastal 1;16/06/2022 11:55;16/06/2022 12:35;40;Daucus carota L. subsp. Majoricus;78;38;Anthomyia confusanea;Anthomyiidae;DI;2;2;rpi;Cabrera
5;342;Rocky coastal 1;Rocky coastal 1;16/06/2022 11:55;16/06/2022 12:35;40;Daucus carota L. subsp. Majoricus;78;38;Lydella thompsoni;Tachinidae;DI;3;3;rpi;Cabrera
5;342;Rocky coastal 1;Rocky coastal 1;16/06/2022 11:55;16/06/2022 12:35;40;Daucus carota L. subsp. Majoricus;78;38;Episyrphus balteatus;Syrphidae;HO;1;1;rpi;Cabrera
5;343;Rocky coastal 1;Rocky coastal 1;16/06/2022 10:00;16/06/2022 10:40;40;Daucus carota L. subsp. Majoricus;15;14;Eupeodes corollae;Syrphidae;HO;1;1;rpi;Cabrera
5;343;Rocky coastal 1;Rocky coastal 1;16/06/2022 10:00;16/06/2022 10:40;40;Daucus carota L. subsp. Majoricus;15;14;Eupeodes corollae;Syrphidae;HO;1;1;rpi;Cabrera
5;343;Rocky coastal 1;Rocky coastal 1;16/06/2022 10:00;16/06/2022 10:40;40;Daucus carota L. subsp. Majoricus;15;14;Podarcis lilfordi;Lacertidae;VE;1;2;rpi;Cabrera
5;343;Rocky coastal 1;Rocky coastal 1;16/06/2022 10:00;16/06/2022 10:40;40;Daucus carota L. subsp. Majoricus;15;14;Eupeodes corollae;Syrphidae;HO;2;2;rpi;Cabrera
5;343;Rocky coastal 1;Rocky coastal 1;16/06/2022 10:00;16/06/2022 10:40;40;Daucus carota L. subsp. Majoricus;15;14;Lasioglossum sp.;Halictidae;BE;1;1;rpi;Cabrera
5;343;Rocky coastal 1;Rocky coastal 1;16/06/2022 10:00;16/06/2022 10:40;40;Daucus carota L. subsp. Majoricus;15;14;Eupeodes corollae;Syrphidae;HO;1;1;rpi;Cabrera
4;344;Dune system 1;Dune system 1;02/06/2022 12:10;02/06/2022 12:50;40;Daucus carota L. subsp. Majoricus;47;29;Hylaeus imparilis;Colletidae;BE;1;1;rpi;Cabrera
4;344;Dune system 1;Dune system 1;02/06/2022 12:10;02/06/2022 12:50;40;Daucus carota L. subsp. Majoricus;47;29;Eupeodes corollae;Syrphidae;HO;1;1;rpi;Cabrera
4;344;Dune system 1;Dune system 1;02/06/2022 12:10;02/06/2022 12:50;40;Daucus carota L. subsp. Majoricus;47;29;Eupeodes corollae;Syrphidae;HO;1;1;rpi;Cabrera
4;344;Dune system 1;Dune system 1;02/06/2022 12:10;02/06/2022 12:50;40;Daucus carota L. subsp. Majoricus;47;29;Episyrphus balteatus;Syrphidae;HO;2;3;rpi;Cabrera
4;344;Dune system 1;Dune system 1;02/06/2022 12:10;02/06/2022 12:50;40;Daucus carota L. subsp. Majoricus;47;29;Eupeodes corollae;Syrphidae;HO;1;1;rpi;Cabrera
4;344;Dune system 1;Dune system 1;02/06/2022 12:10;02/06/2022 12:50;40;Daucus carota L. subsp. Majoricus;47;29;Eupeodes corollae;Syrphidae;HO;1;1;rpi;Cabrera
4;344;Dune system 1;Dune system 1;02/06/2022 12:10;02/06/2022 12:50;40;Daucus carota L. subsp. Majoricus;47;29;Lasioglossum sp.;Halictidae;BE;1;1;rpi;Cabrera
4;344;Dune system 1;Dune system 1;02/06/2022 12:10;02/06/2022 12:50;40;Daucus carota L. subsp. Majoricus;47;29;Lasioglossum sp.;Halictidae;BE;1;1;rpi;Cabrera
4;344;Dune system 1;Dune system 1;02/06/2022 12:10;02/06/2022 12:50;40;Daucus carota L. subsp. Majoricus;47;29;Eupeodes corollae;Syrphidae;HO;1;1;rpi;Cabrera
4;344;Dune system 1;Dune system 1;02/06/2022 12:10;02/06/2022 12:50;40;Daucus carota L. subsp. Majoricus;47;29;Eupeodes corollae;Syrphidae;HO;2;2;rpi;Cabrera
4;344;Dune system 1;Dune system 1;02/06/2022 12:10;02/06/2022 12:50;40;Daucus carota L. subsp. Majoricus;47;29;Eupeodes corollae;Syrphidae;HO;2;3;rpi;Cabrera
4;344;Dune system 1;Dune system 1;02/06/2022 12:10;02/06/2022 12:50;40;Daucus carota L. subsp. Majoricus;47;29;Lasioglossum sp.;Halictidae;BE;1;1;rpi;Cabrera
4;344;Dune system 1;Dune system 1;02/06/2022 12:10;02/06/2022 12:50;40;Daucus carota L. subsp. Majoricus;47;29;Lasioglossum sp.;Halictidae;BE;1;1;rpi;Cabrera
5;345;Rocky coastal 1;Rocky coastal 1;16/06/2022 13:30;16/06/2022 14:10;40;Daucus carota L. subsp. Majoricus;124;38;Episyrphus balteatus;Syrphidae;HO;1;3;rpi;Cabrera
5;345;Rocky coastal 1;Rocky coastal 1;16/06/2022 13:30;16/06/2022 14:10;40;Daucus carota L. subsp. Majoricus;124;38;Eupeodes corollae;Syrphidae;HO;1;2;rpi;Cabrera
5;345;Rocky coastal 1;Rocky coastal 1;16/06/2022 13:30;16/06/2022 14:10;40;Daucus carota L. subsp. Majoricus;124;38;Eupeodes corollae;Syrphidae;HO;1;1;rpi;Cabrera
5;345;Rocky coastal 1;Rocky coastal 1;16/06/2022 13:30;16/06/2022 14:10;40;Daucus carota L. subsp. Majoricus;124;38;Lasioglossum sp.;Halictidae;BE;1;2;rpi;Cabrera
5;345;Rocky coastal 1;Rocky coastal 1;16/06/2022 13:30;16/06/2022 14:10;40;Daucus carota L. subsp. Majoricus;124;38;Lasioglossum sp.;Halictidae;BE;1;3;rpi;Cabrera
5;345;Rocky coastal 1;Rocky coastal 1;16/06/2022 13:30;16/06/2022 14:10;40;Daucus carota L. subsp. Majoricus;124;38;Eupeodes corollae;Syrphidae;HO;1;1;rpi;Cabrera
5;345;Rocky coastal 1;Rocky coastal 1;16/06/2022 13:30;16/06/2022 14:10;40;Daucus carota L. subsp. Majoricus;124;38;Lasioglossum sp.;Halictidae;BE;1;1;rpi;Cabrera
5;345;Rocky coastal 1;Rocky coastal 1;16/06/2022 13:30;16/06/2022 14:10;40;Daucus carota L. subsp. Majoricus;124;38;Lasioglossum sp.;Halictidae;BE;1;1;rpi;Cabrera
5;345;Rocky coastal 1;Rocky coastal 1;16/06/2022 13:30;16/06/2022 14:10;40;Daucus carota L. subsp. Majoricus;124;38;Eupeodes corollae;Syrphidae;HO;1;1;rpi;Cabrera
5;345;Rocky coastal 1;Rocky coastal 1;16/06/2022 13:30;16/06/2022 14:10;40;Daucus carota L. subsp. Majoricus;124;38;Lydella thompsoni;Tachinidae;DI;1;1;rpi;Cabrera
5;345;Rocky coastal 1;Rocky coastal 1;16/06/2022 13:30;16/06/2022 14:10;40;Daucus carota L. subsp. Majoricus;124;38;Episyrphus balteatus;Syrphidae;HO;1;2;rpi;Cabrera
5;345;Rocky coastal 1;Rocky coastal 1;16/06/2022 13:30;16/06/2022 14:10;40;Daucus carota L. subsp. Majoricus;124;38;Lasioglossum sp.;Halictidae;BE;1;1;rpi;Cabrera
3;346;Dune system 1;Dune system 1;17/05/2022 14:18;17/05/2022 14:58;40;Cakile maritima;43;15;Eupeodes corollae;Syrphidae;HO;1;3;rpi;Cabrera
3;346;Dune system 1;Dune system 1;17/05/2022 14:18;17/05/2022 14:58;40;Cakile maritima;43;15;Eupeodes corollae;Syrphidae;HO;1;2;rpi;Cabrera
3;346;Dune system 1;Dune system 1;17/05/2022 14:18;17/05/2022 14:58;40;Cakile maritima;43;15;Lasioglossum sp.;Halictidae;BE;1;1;rpi;Cabrera
3;346;Dune system 1;Dune system 1;17/05/2022 14:18;17/05/2022 14:58;40;Cakile maritima;43;15;Ancistrocerus ebusianus;Eumenidae;WA;2;2;rpi;Cabrera
3;346;Dune system 1;Dune system 1;17/05/2022 14:18;17/05/2022 14:58;40;Cakile maritima;43;15;Podarcis lilfordi;Lacertidae;VE;1;1;rpi;Cabrera
3;346;Dune system 1;Dune system 1;17/05/2022 14:18;17/05/2022 14:58;40;Cakile maritima;43;15;Eupeodes corollae;Syrphidae;HO;1;1;rpi;Cabrera
3;346;Dune system 1;Dune system 1;17/05/2022 14:18;17/05/2022 14:58;40;Cakile maritima;43;15;Eupeodes corollae;Syrphidae;HO;1;1;rpi;Cabrera
3;346;Dune system 1;Dune system 1;17/05/2022 14:18;17/05/2022 14:58;40;Cakile maritima;43;15;Eupeodes corollae;Syrphidae;HO;1;3;rpi;Cabrera
3;346;Dune system 1;Dune system 1;17/05/2022 14:18;17/05/2022 14:58;40;Cakile maritima;43;15;Eupeodes corollae;Syrphidae;HO;1;1;rpi;Cabrera
3;346;Dune system 1;Dune system 1;17/05/2022 14:18;17/05/2022 14:58;40;Cakile maritima;43;15;Eupeodes corollae;Syrphidae;HO;1;1;rpi;Cabrera
3;346;Dune system 1;Dune system 1;17/05/2022 14:18;17/05/2022 14:58;40;Cakile maritima;43;15;Eupeodes corollae;Syrphidae;HO;1;2;rpi;Cabrera
3;347;Pine forest 2;Rocky coastal 2;18/05/2022 10:30;18/05/2022 11:10;40;Helichrysum stoechas;324;205;Lasioglossum sp.;Halictidae;BE;1;1;rpi;Cabrera
3;347;Pine forest 2;Rocky coastal 2;18/05/2022 10:30;18/05/2022 11:10;40;Helichrysum stoechas;324;205;Lasioglossum sp.;Halictidae;BE;1;3;rpi;Cabrera
3;347;Pine forest 2;Rocky coastal 2;18/05/2022 10:30;18/05/2022 11:10;40;Helichrysum stoechas;324;205;Lasioglossum sp.;Halictidae;BE;1;1;rpi;Cabrera
3;347;Pine forest 2;Rocky coastal 2;18/05/2022 10:30;18/05/2022 11:10;40;Helichrysum stoechas;324;205;Lasioglossum sp.;Halictidae;BE;1;1;rpi;Cabrera
3;347;Pine forest 2;Rocky coastal 2;18/05/2022 10:30;18/05/2022 11:10;40;Helichrysum stoechas;324;205;Ancistrocerus ebusianus;Eumenidae;WA;2;4;rpi;Cabrera
3;347;Pine forest 2;Rocky coastal 2;18/05/2022 10:30;18/05/2022 11:10;40;Helichrysum stoechas;324;205;Lasioglossum sp.;Halictidae;BE;1;1;rpi;Cabrera
3;347;Pine forest 2;Rocky coastal 2;18/05/2022 10:30;18/05/2022 11:10;40;Helichrysum stoechas;324;205;Lasioglossum sp.;Halictidae;BE;1;1;rpi;Cabrera
3;347;Pine forest 2;Rocky coastal 2;18/05/2022 10:30;18/05/2022 11:10;40;Helichrysum stoechas;324;205;Lasioglossum sp.;Halictidae;BE;1;1;rpi;Cabrera
3;347;Pine forest 2;Rocky coastal 2;18/05/2022 10:30;18/05/2022 11:10;40;Helichrysum stoechas;324;205;Lasioglossum sp.;Halictidae;BE;3;3;rpi;Cabrera
3;347;Pine forest 2;Rocky coastal 2;18/05/2022 10:30;18/05/2022 11:10;40;Helichrysum stoechas;324;205;Lasioglossum sp.;Halictidae;BE;1;1;rpi;Cabrera
3;347;Pine forest 2;Rocky coastal 2;18/05/2022 10:30;18/05/2022 11:10;40;Helichrysum stoechas;324;205;Lasioglossum sp.;Halictidae;BE;4;48;rpi;Cabrera
6;348;Rocky coastal 1;Rocky coastal 1;29/06/2022 10:30;29/06/2022 10:40;10;Daucus carota L. subsp. Majoricus;7;5;Eupeodes corollae;Syrphidae;HO;1;1;rpi;Cabrera
6;348;Rocky coastal 1;Rocky coastal 1;29/06/2022 10:30;29/06/2022 10:40;10;Daucus carota L. subsp. Majoricus;7;5;Megaselia sp.;Phoridae;DI;2;2;rpi;Cabrera
6;348;Rocky coastal 1;Rocky coastal 1;29/06/2022 10:30;29/06/2022 10:40;10;Daucus carota L. subsp. Majoricus;7;5;Eupeodes corollae;Syrphidae;HO;1;1;rpi;Cabrera
6;348;Rocky coastal 1;Rocky coastal 1;29/06/2022 10:30;29/06/2022 10:40;10;Daucus carota L. subsp. Majoricus;7;5;Eupeodes corollae;Syrphidae;HO;2;2;rpi;Cabrera
6;348;Rocky coastal 1;Rocky coastal 1;29/06/2022 10:30;29/06/2022 10:40;10;Daucus carota L. subsp. Majoricus;7;5;Lasioglossum sp.;Halictidae;BE;1;1;rpi;Cabrera
6;348;Rocky coastal 1;Rocky coastal 1;29/06/2022 10:30;29/06/2022 10:40;10;Daucus carota L. subsp. Majoricus;7;5;Podarcis lilfordi;Lacertidae;VE;1;1;rpi;Cabrera
6;348;Rocky coastal 1;Rocky coastal 1;29/06/2022 10:30;29/06/2022 10:40;10;Daucus carota L. subsp. Majoricus;7;5;Podarcis lilfordi;Lacertidae;VE;1;1;rpi;Cabrera
3;349;Dune system 1;Dune system 1;17/05/2022 14:00;17/05/2022 14:40;40;Teucrium capitatum;220;100;Vanessa cardui;Nymphalidae;LE;1;37;rpi;Cabrera
3;349;Dune system 1;Dune system 1;17/05/2022 14:00;17/05/2022 14:40;40;Teucrium capitatum;220;100;Vanessa cardui;Nymphalidae;LE;1;4;rpi;Cabrera
3;349;Dune system 1;Dune system 1;17/05/2022 14:00;17/05/2022 14:40;40;Teucrium capitatum;220;100;Platypalpus sp.;Hybotidae;DI;1;1;rpi;Cabrera
3;349;Dune system 1;Dune system 1;17/05/2022 14:00;17/05/2022 14:40;40;Teucrium capitatum;220;100;Muscidae sp.;Muscidae;DI;1;1;rpi;Cabrera
3;349;Dune system 1;Dune system 1;17/05/2022 14:00;17/05/2022 14:40;40;Teucrium capitatum;220;100;Stictopleurus abutilon;Rhopalidae;OT;1;1;rpi;Cabrera
3;349;Dune system 1;Dune system 1;17/05/2022 14:00;17/05/2022 14:40;40;Teucrium capitatum;220;100;Platypalpus sp.;Hybotidae;BE;2;4;rpi;Cabrera
3;349;Dune system 1;Dune system 1;17/05/2022 14:00;17/05/2022 14:40;40;Teucrium capitatum;220;100;Podarcis lilfordi;Lacertidae;VE;1;1;rpi;Cabrera
3;349;Dune system 1;Dune system 1;17/05/2022 14:00;17/05/2022 14:40;40;Teucrium capitatum;220;100;Tapinoma nigerrinum;Formicidae;OT;4;4;rpi;Cabrera
3;349;Dune system 1;Dune system 1;17/05/2022 14:00;17/05/2022 14:40;40;Teucrium capitatum;220;100;Meligethes sp.;Nitidulidae;CO;1;1;rpi;Cabrera
3;349;Dune system 1;Dune system 1;17/05/2022 14:00;17/05/2022 14:40;40;Teucrium capitatum;220;100;Eupeodes corollae;Syrphidae;HO;3;3;rpi;Cabrera
3;349;Dune system 1;Dune system 1;17/05/2022 14:00;17/05/2022 14:40;40;Teucrium capitatum;220;100;Exoprosopa cf. bowdeni;Bombyliidae;DI;4;4;rpi;Cabrera
3;349;Dune system 1;Dune system 1;17/05/2022 14:00;17/05/2022 14:40;40;Teucrium capitatum;220;100;Podarcis lilfordi;Lacertidae;VE;1;1;rpi;Cabrera
3;349;Dune system 1;Dune system 1;17/05/2022 14:00;17/05/2022 14:40;40;Teucrium capitatum;220;100;Podarcis lilfordi;Lacertidae;VE;1;1;rpi;Cabrera
3;350;Rocky coastal 2;Rocky coastal 2;17/05/2022 17:17;17/05/2022 17:27;10;Teucrium capitatum;220;100;Lasioglossum sp.;Halictidae;BE;1;1;rpi;Cabrera
3;350;Rocky coastal 2;Rocky coastal 2;17/05/2022 17:17;17/05/2022 17:27;10;Teucrium capitatum;220;100;Meligethes sp.;Nitidulidae;CO;1;1;rpi;Cabrera
3;350;Rocky coastal 2;Rocky coastal 2;17/05/2022 17:17;17/05/2022 17:27;10;Teucrium capitatum;220;100;Megaselia sp.;Phoridae;DI;1;1;rpi;Cabrera
3;350;Rocky coastal 2;Rocky coastal 2;17/05/2022 17:17;17/05/2022 17:27;10;Teucrium capitatum;220;100;Lasioglossum sp.;Halictidae;BE;1;2;rpi;Cabrera
3;350;Rocky coastal 2;Rocky coastal 2;17/05/2022 17:17;17/05/2022 17:27;10;Teucrium capitatum;220;100;Lasioglossum sp.;Halictidae;BE;2;2;rpi;Cabrera
3;350;Rocky coastal 2;Rocky coastal 2;17/05/2022 17:17;17/05/2022 17:27;10;Teucrium capitatum;220;100;Lasioglossum sp.;Halictidae;BE;1;1;rpi;Cabrera
3;350;Rocky coastal 2;Rocky coastal 2;17/05/2022 17:17;17/05/2022 17:27;10;Teucrium capitatum;220;100;Meligethes sp.;Nitidulidae;CO;1;1;rpi;Cabrera
3;350;Rocky coastal 2;Rocky coastal 2;17/05/2022 17:17;17/05/2022 17:27;10;Teucrium capitatum;220;100;Vanessa cardui;Nymphalidae;LE;1;14;rpi;Cabrera
3;350;Rocky coastal 2;Rocky coastal 2;17/05/2022 17:17;17/05/2022 17:27;10;Teucrium capitatum;220;100;Lasioglossum sp.;Halictidae;BE;1;3;rpi;Cabrera
3;350;Rocky coastal 2;Rocky coastal 2;17/05/2022 17:17;17/05/2022 17:27;10;Teucrium capitatum;220;100;Lasioglossum sp.;Halictidae;BE;1;1;rpi;Cabrera
3;350;Rocky coastal 2;Rocky coastal 2;17/05/2022 17:17;17/05/2022 17:27;10;Teucrium capitatum;220;100;Exoprosopa cf. bowdeni;Bombyliidae;DI;2;2;rpi;Cabrera
3;350;Rocky coastal 2;Rocky coastal 2;17/05/2022 17:17;17/05/2022 17:27;10;Teucrium capitatum;220;100;Vanessa cardui;Nymphalidae;LE;1;3;rpi;Cabrera
3;350;Rocky coastal 2;Rocky coastal 2;17/05/2022 17:17;17/05/2022 17:27;10;Teucrium capitatum;220;100;Vanessa cardui;Nymphalidae;LE;1;4;rpi;Cabrera
3;350;Rocky coastal 2;Rocky coastal 2;17/05/2022 17:17;17/05/2022 17:27;10;Teucrium capitatum;220;100;Lasioglossum sp.;Halictidae;BE;1;1;rpi;Cabrera
3;350;Rocky coastal 2;Rocky coastal 2;17/05/2022 17:17;17/05/2022 17:27;10;Teucrium capitatum;220;100;Macroglossum stellatarum;Sphingidae;LE;1;1;rpi;Cabrera
3;351;Rocky coastal 2;Dune system 2;17/05/2022 16:00;17/05/2022 16:40;40;Cakile maritima;13;6;Lasioglossum sp.;Halictidae;BE;1;1;rpi;Cabrera
3;351;Rocky coastal 2;Dune system 2;17/05/2022 16:00;17/05/2022 16:40;40;Cakile maritima;13;6;Lasioglossum sp.;Halictidae;BE;1;1;rpi;Cabrera
3;351;Rocky coastal 2;Dune system 2;17/05/2022 16:00;17/05/2022 16:40;40;Cakile maritima;13;6;Dasytes nigroaeneus;Dasytidae;CO;2;2;rpi;Cabrera
3;351;Rocky coastal 2;Dune system 2;17/05/2022 16:00;17/05/2022 16:40;40;Cakile maritima;13;6;Eristalis similis;Syrphidae;HO;1;1;rpi;Cabrera
3;351;Rocky coastal 2;Dune system 2;17/05/2022 16:00;17/05/2022 16:40;40;Cakile maritima;13;6;Eristalis similis;Syrphidae;HO;1;2;rpi;Cabrera
3;351;Rocky coastal 2;Dune system 2;17/05/2022 16:00;17/05/2022 16:40;40;Cakile maritima;13;6;Lasioglossum sp.;Halictidae;BE;1;1;rpi;Cabrera
3;351;Rocky coastal 2;Dune system 2;17/05/2022 16:00;17/05/2022 16:40;40;Cakile maritima;13;6;Lasioglossum sp.;Halictidae;BE;1;1;rpi;Cabrera
3;351;Rocky coastal 2;Dune system 2;17/05/2022 16:00;17/05/2022 16:40;40;Cakile maritima;13;6;Eupeodes corollae;Syrphidae;HO;1;2;rpi;Cabrera
3;351;Rocky coastal 2;Dune system 2;17/05/2022 16:00;17/05/2022 16:40;40;Cakile maritima;13;6;Eupeodes corollae;Syrphidae;HO;1;2;rpi;Cabrera
3;351;Rocky coastal 2;Dune system 2;17/05/2022 16:00;17/05/2022 16:40;40;Cakile maritima;13;6;Eupeodes corollae;Syrphidae;HO;1;1;rpi;Cabrera
3;351;Rocky coastal 2;Dune system 2;17/05/2022 16:00;17/05/2022 16:40;40;Cakile maritima;13;6;Autographa gamma;Noctuidae;LE;1;3;rpi;Cabrera
3;351;Rocky coastal 2;Dune system 2;17/05/2022 16:00;17/05/2022 16:40;40;Cakile maritima;13;6;Meligethes sp.;Nitidulidae;CO;1;1;rpi;Cabrera
3;351;Rocky coastal 2;Dune system 2;17/05/2022 16:00;17/05/2022 16:40;40;Cakile maritima;13;6;Anaspis sp.;Scraptiidae;CO;3;3;rpi;Cabrera
3;351;Rocky coastal 2;Dune system 2;17/05/2022 16:00;17/05/2022 16:40;40;Cakile maritima;13;6;Pyrellia vivida;Muscidae;DI;2;2;rpi;Cabrera
3;351;Rocky coastal 2;Dune system 2;17/05/2022 16:00;17/05/2022 16:40;40;Cakile maritima;13;6;Ancistrocerus ebusianus;Eumenidae;WA;2;4;rpi;Cabrera
3;352;Rocky coastal 2;Dune system 2;17/05/2022 15:10;17/05/2022 15:50;40;Cakile maritima;28;12;Episyrphus balteatus;Syrphidae;HO;1;1;rpi;Cabrera
3;352;Rocky coastal 2;Dune system 2;17/05/2022 15:10;17/05/2022 15:50;40;Cakile maritima;28;12;Episyrphus balteatus;Syrphidae;HO;1;1;rpi;Cabrera
3;352;Rocky coastal 2;Dune system 2;17/05/2022 15:10;17/05/2022 15:50;40;Cakile maritima;28;12;Eupeodes corollae;Syrphidae;HO;1;1;rpi;Cabrera
3;352;Rocky coastal 2;Dune system 2;17/05/2022 15:10;17/05/2022 15:50;40;Cakile maritima;28;12;Phoenicurus ochruros;Muscicapidae;VE;2;4;rpi;Cabrera
3;352;Rocky coastal 2;Dune system 2;17/05/2022 15:10;17/05/2022 15:50;40;Cakile maritima;28;12;Chrysopa viridana;Chrysopidae;OT;1;1;rpi;Cabrera
3;352;Rocky coastal 2;Dune system 2;17/05/2022 15:10;17/05/2022 15:50;40;Cakile maritima;28;12;Episyrphus balteatus;Syrphidae;HO;1;1;rpi;Cabrera
3;352;Rocky coastal 2;Dune system 2;17/05/2022 15:10;17/05/2022 15:50;40;Cakile maritima;28;12;Episyrphus balteatus;Syrphidae;HO;1;2;rpi;Cabrera
3;352;Rocky coastal 2;Dune system 2;17/05/2022 15:10;17/05/2022 15:50;40;Cakile maritima;28;12;Eupeodes corollae;Syrphidae;HO;1;1;rpi;Cabrera
3;352;Rocky coastal 2;Dune system 2;17/05/2022 15:10;17/05/2022 15:50;40;Cakile maritima;28;12;Exoprosopa cf. bowdeni;Bombyliidae;DI;1;1;rpi;Cabrera
3;352;Rocky coastal 2;Dune system 2;17/05/2022 15:10;17/05/2022 15:50;40;Cakile maritima;28;12;Eupeodes corollae;Syrphidae;HO;1;1;rpi;Cabrera
3;352;Rocky coastal 2;Dune system 2;17/05/2022 15:10;17/05/2022 15:50;40;Cakile maritima;28;12;Episyrphus balteatus;Syrphidae;HO;1;1;rpi;Cabrera
3;352;Rocky coastal 2;Dune system 2;17/05/2022 15:10;17/05/2022 15:50;40;Cakile maritima;28;12;Eupeodes corollae;Syrphidae;HO;1;1;rpi;Cabrera
3;352;Rocky coastal 2;Dune system 2;17/05/2022 15:10;17/05/2022 15:50;40;Cakile maritima;28;12;Exoprosopa cf. bowdeni;Bombyliidae;DI;1;1;rpi;Cabrera
3;352;Rocky coastal 2;Dune system 2;17/05/2022 15:10;17/05/2022 15:50;40;Cakile maritima;28;12;Eupeodes corollae;Syrphidae;HO;1;2;rpi;Cabrera
3;352;Rocky coastal 2;Dune system 2;17/05/2022 15:10;17/05/2022 15:50;40;Cakile maritima;28;12;Episyrphus balteatus;Syrphidae;HO;1;3;rpi;Cabrera
3;352;Rocky coastal 2;Dune system 2;17/05/2022 15:10;17/05/2022 15:50;40;Cakile maritima;28;12;Episyrphus balteatus;Syrphidae;HO;1;1;rpi;Cabrera
3;352;Rocky coastal 2;Dune system 2;17/05/2022 15:10;17/05/2022 15:50;40;Cakile maritima;28;12;Episyrphus balteatus;Syrphidae;HO;1;1;rpi;Cabrera
3;352;Rocky coastal 2;Dune system 2;17/05/2022 15:10;17/05/2022 15:50;40;Cakile maritima;28;12;Hydrellia sp;Ephydridae;DI;1;1;rpi;Cabrera
3;353;Dune system 2;Dune system 2;18/05/2022 15:00;18/05/2022 15:40;40;Cakile maritima;16;8;Eristalis similis;Syrphidae;HO;1;1;rpi;Cabrera
3;353;Dune system 2;Dune system 2;18/05/2022 15:00;18/05/2022 15:40;40;Cakile maritima;16;8;Lasioglossum sp.;Halictidae;BE;1;1;rpi;Cabrera
3;353;Dune system 2;Dune system 2;18/05/2022 15:00;18/05/2022 15:40;40;Cakile maritima;16;8;Lasioglossum sp.;Halictidae;BE;1;1;rpi;Cabrera
3;353;Dune system 2;Dune system 2;18/05/2022 15:00;18/05/2022 15:40;40;Cakile maritima;16;8;Exoprosopa cf. bowdeni;Bombyliidae;DI;1;1;rpi;Cabrera
3;353;Dune system 2;Dune system 2;18/05/2022 15:00;18/05/2022 15:40;40;Cakile maritima;16;8;Autographa gamma;Noctuidae;LE;1;4;rpi;Cabrera
3;353;Dune system 2;Dune system 2;18/05/2022 15:00;18/05/2022 15:40;40;Cakile maritima;16;8;Autographa gamma;Noctuidae;LE;1;3;rpi;Cabrera
3;353;Dune system 2;Dune system 2;18/05/2022 15:00;18/05/2022 15:40;40;Cakile maritima;16;8;Lasioglossum sp.;Halictidae;BE;1;1;rpi;Cabrera
3;353;Dune system 2;Dune system 2;18/05/2022 15:00;18/05/2022 15:40;40;Cakile maritima;16;8;Lasioglossum sp.;Halictidae;BE;1;1;rpi;Cabrera
3;353;Dune system 2;Dune system 2;18/05/2022 15:00;18/05/2022 15:40;40;Cakile maritima;16;8;Eristalis similis;Syrphidae;HO;1;1;rpi;Cabrera
3;353;Dune system 2;Dune system 2;18/05/2022 15:00;18/05/2022 15:40;40;Cakile maritima;16;8;Autographa gamma;Noctuidae;LE;1;3;rpi;Cabrera
3;353;Dune system 2;Dune system 2;18/05/2022 15:00;18/05/2022 15:40;40;Cakile maritima;16;8;Autographa gamma;Noctuidae;LE;1;2;rpi;Cabrera
3;353;Dune system 2;Dune system 2;18/05/2022 15:00;18/05/2022 15:40;40;Cakile maritima;16;8;Autographa gamma;Noctuidae;LE;1;1;rpi;Cabrera
3;353;Dune system 2;Dune system 2;18/05/2022 15:00;18/05/2022 15:40;40;Cakile maritima;16;8;Autographa gamma;Noctuidae;LE;1;1;rpi;Cabrera
3;353;Dune system 2;Dune system 2;18/05/2022 15:00;18/05/2022 15:40;40;Cakile maritima;16;8;Eristalis tenax;Syrphidae;HO;1;1;rpi;Cabrera
3;353;Dune system 2;Dune system 2;18/05/2022 15:00;18/05/2022 15:40;40;Cakile maritima;16;8;Exoprosopa cf. bowdeni;Bombyliidae;DI;2;3;rpi;Cabrera
3;353;Dune system 2;Dune system 2;18/05/2022 15:00;18/05/2022 15:40;40;Cakile maritima;16;8;Autographa gamma;Noctuidae;LE;1;3;rpi;Cabrera
3;353;Dune system 2;Dune system 2;18/05/2022 15:00;18/05/2022 15:40;40;Cakile maritima;16;8;Autographa gamma;Noctuidae;LE;1;1;rpi;Cabrera
3;353;Dune system 2;Dune system 2;18/05/2022 15:00;18/05/2022 15:40;40;Cakile maritima;16;8;Autographa gamma;Noctuidae;LE;1;1;rpi;Cabrera
3;353;Dune system 2;Dune system 2;18/05/2022 15:00;18/05/2022 15:40;40;Cakile maritima;16;8;Autographa gamma;Noctuidae;LE;1;3;rpi;Cabrera
3;353;Dune system 2;Dune system 2;18/05/2022 15:00;18/05/2022 15:40;40;Cakile maritima;16;8;Lasioglossum sp.;Halictidae;BE;1;1;rpi;Cabrera
3;354;Rocky coastal 1;Rocky coastal 1;19/05/2022 13:20;19/05/2022 14:00;40;Helichrysum stoechas;70;21;Lasioglossum sp.;Halictidae;BE;1;1;rpi;Cabrera
3;354;Rocky coastal 1;Rocky coastal 1;19/05/2022 13:20;19/05/2022 14:00;40;Helichrysum stoechas;70;21;Hylaeus imparilis;Colletidae;BE;1;2;rpi;Cabrera
3;354;Rocky coastal 1;Rocky coastal 1;19/05/2022 13:20;19/05/2022 14:00;40;Helichrysum stoechas;70;21;Lasioglossum sp.;Halictidae;BE;1;1;rpi;Cabrera
3;354;Rocky coastal 1;Rocky coastal 1;19/05/2022 13:20;19/05/2022 14:00;40;Helichrysum stoechas;70;21;Lasioglossum sp.;Halictidae;BE;1;1;rpi;Cabrera
3;354;Rocky coastal 1;Rocky coastal 1;19/05/2022 13:20;19/05/2022 14:00;40;Helichrysum stoechas;70;21;Podarcis lilfordi;Lacertidae;VE;1;3;rpi;Cabrera
3;354;Rocky coastal 1;Rocky coastal 1;19/05/2022 13:20;19/05/2022 14:00;40;Helichrysum stoechas;70;21;Lasioglossum sp.;Halictidae;BE;1;2;rpi;Cabrera
3;354;Rocky coastal 1;Rocky coastal 1;19/05/2022 13:20;19/05/2022 14:00;40;Helichrysum stoechas;70;21;Lasioglossum sp.;Halictidae;BE;1;1;rpi;Cabrera
3;354;Rocky coastal 1;Rocky coastal 1;19/05/2022 13:20;19/05/2022 14:00;40;Helichrysum stoechas;70;21;Lasioglossum sp.;Halictidae;BE;1;1;rpi;Cabrera
4;355;Pine forest 2;Rocky coastal 2;31/05/2022 17:00;31/05/2022 17:40;40;Helichrysum stoechas;70;21;Lasioglossum sp.;Halictidae;BE;1;3;rpi;Cabrera
4;355;Pine forest 2;Rocky coastal 2;31/05/2022 17:00;31/05/2022 17:40;40;Helichrysum stoechas;70;21;Lasioglossum sp.;Halictidae;BE;1;4;rpi;Cabrera
4;355;Pine forest 2;Rocky coastal 2;31/05/2022 17:00;31/05/2022 17:40;40;Helichrysum stoechas;70;21;Lasioglossum sp.;Halictidae;BE;1;3;rpi;Cabrera
4;355;Pine forest 2;Rocky coastal 2;31/05/2022 17:00;31/05/2022 17:40;40;Helichrysum stoechas;70;21;Lasioglossum sp.;Halictidae;BE;1;3;rpi;Cabrera
4;355;Pine forest 2;Rocky coastal 2;31/05/2022 17:00;31/05/2022 17:40;40;Helichrysum stoechas;70;21;Hylaeus imparilis;Colletidae;BE;2;2;rpi;Cabrera
4;355;Pine forest 2;Rocky coastal 2;31/05/2022 17:00;31/05/2022 17:40;40;Helichrysum stoechas;70;21;Hylaeus imparilis;Colletidae;BE;1;3;rpi;Cabrera
4;355;Pine forest 2;Rocky coastal 2;31/05/2022 17:00;31/05/2022 17:40;40;Helichrysum stoechas;70;21;Lasioglossum sp.;Halictidae;BE;1;2;rpi;Cabrera
4;355;Pine forest 2;Rocky coastal 2;31/05/2022 17:00;31/05/2022 17:40;40;Helichrysum stoechas;70;21;Lasioglossum sp.;Halictidae;BE;4;8;rpi;Cabrera
4;355;Pine forest 2;Rocky coastal 2;31/05/2022 17:00;31/05/2022 17:40;40;Helichrysum stoechas;70;21;Lasioglossum sp.;Halictidae;BE;1;3;rpi;Cabrera
5;356;Dune system 1;Rocky coastal 1;02/06/2022 11:00;02/06/2022 11:40;40;Helichrysum stoechas;70;21;Eumenes dubius;Eumenidae;WA;2;2;rpi;Cabrera
5;356;Dune system 1;Rocky coastal 1;02/06/2022 11:00;02/06/2022 11:40;40;Helichrysum stoechas;70;21;Podarcis lilfordi;Lacertidae;VE;2;2;rpi;Cabrera
5;356;Dune system 1;Rocky coastal 1;02/06/2022 11:00;02/06/2022 11:40;40;Helichrysum stoechas;70;21;Lasioglossum sp.;Halictidae;BE;1;2;rpi;Cabrera
5;356;Dune system 1;Rocky coastal 1;02/06/2022 11:00;02/06/2022 11:40;40;Helichrysum stoechas;70;21;Lasioglossum sp.;Halictidae;BE;1;1;rpi;Cabrera
5;356;Dune system 1;Rocky coastal 1;02/06/2022 11:00;02/06/2022 11:40;40;Helichrysum stoechas;70;21;Lasioglossum sp.;Halictidae;BE;1;1;rpi;Cabrera
5;357;Rocky coastal 1;Rocky coastal 1;02/06/2022 12:10;02/06/2022 12:50;40;Dorycnium fulgurans;190;90;Lasioglossum sp.;Halictidae;BE;1;2;rpi;Cabrera
5;357;Rocky coastal 1;Rocky coastal 1;02/06/2022 12:10;02/06/2022 12:50;40;Dorycnium fulgurans;190;90;Lasioglossum sp.;Halictidae;BE;1;2;rpi;Cabrera
5;357;Rocky coastal 1;Rocky coastal 1;02/06/2022 12:10;02/06/2022 12:50;40;Dorycnium fulgurans;190;90;Lasioglossum sp.;Halictidae;BE;1;1;rpi;Cabrera
5;357;Rocky coastal 1;Rocky coastal 1;02/06/2022 12:10;02/06/2022 12:50;40;Dorycnium fulgurans;190;90;Lasioglossum sp.;Halictidae;BE;1;1;rpi;Cabrera
5;357;Rocky coastal 1;Rocky coastal 1;02/06/2022 12:10;02/06/2022 12:50;40;Dorycnium fulgurans;190;90;Podarcis lilfordi;Lacertidae;VE;2;2;rpi;Cabrera
5;357;Rocky coastal 1;Rocky coastal 1;02/06/2022 12:10;02/06/2022 12:50;40;Dorycnium fulgurans;190;90;Lasioglossum sp.;Halictidae;BE;1;1;rpi;Cabrera
5;357;Rocky coastal 1;Rocky coastal 1;02/06/2022 12:10;02/06/2022 12:50;40;Dorycnium fulgurans;190;90;Lasioglossum sp.;Halictidae;BE;1;1;rpi;Cabrera
5;357a;Rocky coastal 1;Rocky coastal 1;02/06/2022 12:10;02/06/2022 12:50;40;Helichrysum stoechas;32;21;Lasioglossum sp.;Halictidae;BE;1;1;rpi;Cabrera
5;357a;Rocky coastal 1;Rocky coastal 1;02/06/2022 12:10;02/06/2022 12:50;40;Helichrysum stoechas;32;21;Hylaeus imparilis;Colletidae;BE;1;1;rpi;Cabrera
5;357a;Rocky coastal 1;Rocky coastal 1;02/06/2022 12:10;02/06/2022 12:50;40;Helichrysum stoechas;32;21;Macroglossum stellatarum;Sphingidae;LE;1;1;rpi;Cabrera
5;357a;Rocky coastal 1;Rocky coastal 1;02/06/2022 12:10;02/06/2022 12:50;40;Helichrysum stoechas;32;21;Lasioglossum sp.;Halictidae;BE;1;1;rpi;Cabrera
5;357a;Rocky coastal 1;Rocky coastal 1;02/06/2022 12:10;02/06/2022 12:50;40;Helichrysum stoechas;32;21;Lasioglossum sp.;Halictidae;BE;1;1;rpi;Cabrera
5;357a;Rocky coastal 1;Rocky coastal 1;02/06/2022 12:10;02/06/2022 12:50;40;Helichrysum stoechas;32;21;Macroglossum stellatarum;Sphingidae;LE;1;1;rpi;Cabrera
5;357a;Rocky coastal 1;Rocky coastal 1;02/06/2022 12:10;02/06/2022 12:50;40;Helichrysum stoechas;32;21;Lasioglossum sp.;Halictidae;BE;1;2;rpi;Cabrera
5;357a;Rocky coastal 1;Rocky coastal 1;02/06/2022 12:10;02/06/2022 12:50;40;Helichrysum stoechas;32;21;Lasioglossum sp.;Halictidae;BE;1;1;rpi;Cabrera
6;358;Rocky coastal 2;Rocky coastal 2;28/06/2022 12:40;28/06/2022 13:20;40;Sedum sediforme;8;8;Lasioglossum sp.;Halictidae;BE;1;1;rpi;Cabrera
6;358;Rocky coastal 2;Rocky coastal 2;28/06/2022 12:40;28/06/2022 13:20;40;Sedum sediforme;8;8;Lasioglossum sp.;Halictidae;BE;1;1;rpi;Cabrera
6;358;Rocky coastal 2;Rocky coastal 2;28/06/2022 12:40;28/06/2022 13:20;40;Sedum sediforme;8;8;Exoprosopa cf. bowdeni;Bombyliidae;DI;2;3;rpi;Cabrera
6;358;Rocky coastal 2;Rocky coastal 2;28/06/2022 12:40;28/06/2022 13:20;40;Sedum sediforme;8;8;Hydrellia sp;Ephydridae;DI;2;2;rpi;Cabrera
6;358;Rocky coastal 2;Rocky coastal 2;28/06/2022 12:40;28/06/2022 13:20;40;Sedum sediforme;8;8;Meligethes sp.;Nitidulidae;CO;1;1;rpi;Cabrera
6;358;Rocky coastal 2;Rocky coastal 2;28/06/2022 12:40;28/06/2022 13:20;40;Sedum sediforme;8;8;Lasioglossum sp.;Halictidae;BE;1;1;rpi;Cabrera
6;358;Rocky coastal 2;Rocky coastal 2;28/06/2022 12:40;28/06/2022 13:20;40;Sedum sediforme;8;8;Meligethes sp.;Nitidulidae;CO;1;1;rpi;Cabrera
6;358;Rocky coastal 2;Rocky coastal 2;28/06/2022 12:40;28/06/2022 13:20;40;Sedum sediforme;8;8;Lasioglossum sp.;Halictidae;BE;1;1;rpi;Cabrera
6;358;Rocky coastal 2;Rocky coastal 2;28/06/2022 12:40;28/06/2022 13:20;40;Sedum sediforme;8;8;Hylaeus imparilis;Colletidae;BE;2;4;rpi;Cabrera
6;358;Rocky coastal 2;Rocky coastal 2;28/06/2022 12:40;28/06/2022 13:20;40;Sedum sediforme;8;8;Hylaeus imparilis;Colletidae;BE;2;5;rpi;Cabrera
5;359a;Rocky coastal 1;Rocky coastal 1;16/06/2022 13:01;16/06/2022 13:40;39;Sedum sediforme;9;9;Lasioglossum sp.;Halictidae;BE;2;2;rpi;Cabrera
5;359a;Rocky coastal 1;Rocky coastal 1;16/06/2022 13:01;16/06/2022 13:40;39;Sedum sediforme;9;9;Lasioglossum sp.;Halictidae;BE;3;4;rpi;Cabrera
5;359a;Rocky coastal 1;Rocky coastal 1;16/06/2022 13:01;16/06/2022 13:40;39;Sedum sediforme;9;9;Lasioglossum sp.;Halictidae;BE;3;3;rpi;Cabrera
5;359a;Rocky coastal 1;Rocky coastal 1;16/06/2022 13:01;16/06/2022 13:40;39;Sedum sediforme;9;9;Lasioglossum sp.;Halictidae;BE;2;3;rpi;Cabrera
5;359b;Rocky coastal 1;Rocky coastal 1;16/06/2022 13:01;16/06/2022 13:40;39;Sedum sediforme;26;19;Lasioglossum sp.;Halictidae;BE;1;7;rpi;Cabrera
5;359b;Rocky coastal 1;Rocky coastal 1;16/06/2022 13:01;16/06/2022 13:40;39;Sedum sediforme;26;19;Lasioglossum sp.;Halictidae;BE;1;4;rpi;Cabrera
5;359b;Rocky coastal 1;Rocky coastal 1;16/06/2022 13:01;16/06/2022 13:40;39;Sedum sediforme;26;19;Lasioglossum sp.;Halictidae;BE;1;2;rpi;Cabrera
5;359b;Rocky coastal 1;Rocky coastal 1;16/06/2022 13:01;16/06/2022 13:40;39;Sedum sediforme;26;19;Lasioglossum sp.;Halictidae;BE;1;2;rpi;Cabrera
5;359b;Rocky coastal 1;Rocky coastal 1;16/06/2022 13:01;16/06/2022 13:40;39;Sedum sediforme;26;19;Hylaeus imparilis;Colletidae;BE;1;4;rpi;Cabrera
5;359b;Rocky coastal 1;Rocky coastal 1;16/06/2022 13:01;16/06/2022 13:40;39;Sedum sediforme;26;19;Lasioglossum sp.;Halictidae;BE;1;2;rpi;Cabrera
5;359b;Rocky coastal 1;Rocky coastal 1;16/06/2022 13:01;16/06/2022 13:40;39;Sedum sediforme;26;19;Pyrellia vivida;Muscidae;DI;2;2;rpi;Cabrera
5;359b;Rocky coastal 1;Rocky coastal 1;16/06/2022 13:01;16/06/2022 13:40;39;Sedum sediforme;26;19;Lasioglossum sp.;Halictidae;BE;2;3;rpi;Cabrera
5;359b;Rocky coastal 1;Rocky coastal 1;16/06/2022 13:01;16/06/2022 13:40;39;Sedum sediforme;26;19;Lasioglossum sp.;Halictidae;BE;3;6;rpi;Cabrera
5;359b;Rocky coastal 1;Rocky coastal 1;16/06/2022 13:01;16/06/2022 13:40;39;Sedum sediforme;26;19;Lasioglossum sp.;Halictidae;BE;1;1;rpi;Cabrera
5;359b;Rocky coastal 1;Rocky coastal 1;16/06/2022 13:01;16/06/2022 13:40;39;Sedum sediforme;26;19;Lasioglossum sp.;Halictidae;BE;3;7;rpi;Cabrera
5;359b;Rocky coastal 1;Rocky coastal 1;16/06/2022 13:01;16/06/2022 13:40;39;Sedum sediforme;26;19;Lasioglossum sp.;Halictidae;BE;2;3;rpi;Cabrera
4;360;Rocky coastal 2;Dune system 2;31/05/2022 12:50;31/05/2022 13:30;40;Cakile maritima;35;25;Clairvillia pninae;Tachinidae;DI;1;3;rpi;Cabrera
4;360;Rocky coastal 2;Dune system 2;31/05/2022 12:50;31/05/2022 13:30;40;Cakile maritima;35;25;Clairvillia pninae;Tachinidae;DI;1;2;rpi;Cabrera
4;360;Rocky coastal 2;Dune system 2;31/05/2022 12:50;31/05/2022 13:30;40;Cakile maritima;35;25;Clairvillia pninae;Tachinidae;DI;1;3;rpi;Cabrera
4;360;Rocky coastal 2;Dune system 2;31/05/2022 12:50;31/05/2022 13:30;40;Cakile maritima;35;25;Hylaeus imparilis;Colletidae;BE;1;2;rpi;Cabrera
4;360;Rocky coastal 2;Dune system 2;31/05/2022 12:50;31/05/2022 13:30;40;Cakile maritima;35;25;Lasioglossum sp.;Halictidae;BE;1;1;rpi;Cabrera
4;360;Rocky coastal 2;Dune system 2;31/05/2022 12:50;31/05/2022 13:30;40;Cakile maritima;35;25;Lasioglossum sp.;Halictidae;BE;1;1;rpi;Cabrera
4;360;Rocky coastal 2;Dune system 2;31/05/2022 12:50;31/05/2022 13:30;40;Cakile maritima;35;25;Autographa gamma;Noctuidae;LE;1;3;rpi;Cabrera
4;360;Rocky coastal 2;Dune system 2;31/05/2022 12:50;31/05/2022 13:30;40;Cakile maritima;35;25;Lasioglossum sp.;Halictidae;BE;1;1;rpi;Cabrera
4;360;Rocky coastal 2;Dune system 2;31/05/2022 12:50;31/05/2022 13:30;40;Cakile maritima;35;25;Hylaeus imparilis;Colletidae;BE;1;1;rpi;Cabrera
4;360;Rocky coastal 2;Dune system 2;31/05/2022 12:50;31/05/2022 13:30;40;Cakile maritima;35;25;Hylaeus imparilis;Colletidae;BE;1;2;rpi;Cabrera
4;360;Rocky coastal 2;Dune system 2;31/05/2022 12:50;31/05/2022 13:30;40;Cakile maritima;35;25;Hylaeus imparilis;Colletidae;BE;2;2;rpi;Cabrera
4;360;Rocky coastal 2;Dune system 2;31/05/2022 12:50;31/05/2022 13:30;40;Cakile maritima;35;25;Lasioglossum sp.;Halictidae;BE;2;2;rpi;Cabrera
4;360;Rocky coastal 2;Dune system 2;31/05/2022 12:50;31/05/2022 13:30;40;Cakile maritima;35;25;Ancistrocerus ebusianus;Eumenidae;WA;1;1;rpi;Cabrera
4;360;Rocky coastal 2;Dune system 2;31/05/2022 12:50;31/05/2022 13:30;40;Cakile maritima;35;25;Lasioglossum sp.;Halictidae;BE;1;1;rpi;Cabrera
4;360;Rocky coastal 2;Dune system 2;31/05/2022 12:50;31/05/2022 13:30;40;Cakile maritima;35;25;Clairvillia pninae;Tachinidae;DI;1;1;rpi;Cabrera
4;360;Rocky coastal 2;Dune system 2;31/05/2022 12:50;31/05/2022 13:30;40;Cakile maritima;35;25;Ancistrocerus ebusianus;Eumenidae;WA;1;2;rpi;Cabrera
4;361;Dune system 2;Dune system 2;01/06/2022 10:50;01/06/2022 11:30;40;Cakile maritima;62;36;Autographa gamma;Noctuidae;LE;1;2;rpi;Cabrera
4;361;Dune system 2;Dune system 2;01/06/2022 10:50;01/06/2022 11:30;40;Cakile maritima;62;36;Ancistrocerus ebusianus;Eumenidae;WA;2;2;rpi;Cabrera
4;361;Dune system 2;Dune system 2;01/06/2022 10:50;01/06/2022 11:30;40;Cakile maritima;62;36;Lasioglossum sp.;Halictidae;BE;1;1;rpi;Cabrera
4;361;Dune system 2;Dune system 2;01/06/2022 10:50;01/06/2022 11:30;40;Cakile maritima;62;36;Lasioglossum sp.;Halictidae;BE;1;1;rpi;Cabrera
4;361;Dune system 2;Dune system 2;01/06/2022 10:50;01/06/2022 11:30;40;Cakile maritima;62;36;Ancistrocerus ebusianus;Eumenidae;WA;2;2;rpi;Cabrera
4;361;Dune system 2;Dune system 2;01/06/2022 10:50;01/06/2022 11:30;40;Cakile maritima;62;36;Exoprosopa cf. bowdeni;Bombyliidae;DI;1;1;rpi;Cabrera
4;361;Dune system 2;Dune system 2;01/06/2022 10:50;01/06/2022 11:30;40;Cakile maritima;62;36;Lasioglossum sp.;Halictidae;BE;1;1;rpi;Cabrera
4;361;Dune system 2;Dune system 2;01/06/2022 10:50;01/06/2022 11:30;40;Cakile maritima;62;36;Colias crocea;Pieridae;LE;1;4;rpi;Cabrera
4;361;Dune system 2;Dune system 2;01/06/2022 10:50;01/06/2022 11:30;40;Cakile maritima;62;36;Autographa gamma;Noctuidae;LE;1;3;rpi;Cabrera
4;361;Dune system 2;Dune system 2;01/06/2022 10:50;01/06/2022 11:30;40;Cakile maritima;62;36;Lasioglossum sp.;Halictidae;BE;1;4;rpi;Cabrera
4;361;Dune system 2;Dune system 2;01/06/2022 10:50;01/06/2022 11:30;40;Cakile maritima;62;36;Colias crocea;Pieridae;LE;1;4;rpi;Cabrera
4;361;Dune system 2;Dune system 2;01/06/2022 10:50;01/06/2022 11:30;40;Cakile maritima;62;36;Lasioglossum sp.;Halictidae;BE;1;5;rpi;Cabrera
4;361;Dune system 2;Dune system 2;01/06/2022 10:50;01/06/2022 11:30;40;Cakile maritima;62;36;Lasioglossum sp.;Halictidae;BE;1;2;rpi;Cabrera
4;361;Dune system 2;Dune system 2;01/06/2022 10:50;01/06/2022 11:30;40;Cakile maritima;62;36;Lasioglossum sp.;Halictidae;BE;1;2;rpi;Cabrera
4;362;Dune system 1;Dune system 1;02/06/2022 9:50;02/06/2022 10:30;40;Cakile maritima;26;26;Lasioglossum sp.;Halictidae;BE;1;2;rpi;Cabrera
4;362;Dune system 1;Dune system 1;02/06/2022 9:50;02/06/2022 10:30;40;Cakile maritima;26;26;Exoprosopa cf. bowdeni;Bombyliidae;DI;1;1;rpi;Cabrera
4;362;Dune system 1;Dune system 1;02/06/2022 9:50;02/06/2022 10:30;40;Cakile maritima;26;26;Lasioglossum sp.;Halictidae;BE;1;1;rpi;Cabrera
4;362;Dune system 1;Dune system 1;02/06/2022 9:50;02/06/2022 10:30;40;Cakile maritima;26;26;Exoprosopa cf. bowdeni;Bombyliidae;DI;1;1;rpi;Cabrera
4;362;Dune system 1;Dune system 1;02/06/2022 9:50;02/06/2022 10:30;40;Cakile maritima;26;26;Clairvillia pninae;Tachinidae;DI;1;1;rpi;Cabrera
4;362;Dune system 1;Dune system 1;02/06/2022 9:50;02/06/2022 10:30;40;Cakile maritima;26;26;Lasioglossum sp.;Halictidae;BE;1;1;rpi;Cabrera
4;362;Dune system 1;Dune system 1;02/06/2022 9:50;02/06/2022 10:30;40;Cakile maritima;26;26;Lasioglossum sp.;Halictidae;BE;1;1;rpi;Cabrera
4;362;Dune system 1;Dune system 1;02/06/2022 9:50;02/06/2022 10:30;40;Cakile maritima;26;26;Hylaeus imparilis;Colletidae;BE;1;1;rpi;Cabrera
4;362;Dune system 1;Dune system 1;02/06/2022 9:50;02/06/2022 10:30;40;Cakile maritima;26;26;Exoprosopa cf. bowdeni;Bombyliidae;DI;1;1;rpi;Cabrera
4;362;Dune system 1;Dune system 1;02/06/2022 9:50;02/06/2022 10:30;40;Cakile maritima;26;26;Hylaeus imparilis;Colletidae;BE;1;1;rpi;Cabrera
4;362;Dune system 1;Dune system 1;02/06/2022 9:50;02/06/2022 10:30;40;Cakile maritima;26;26;Hylaeus imparilis;Colletidae;BE;1;1;rpi;Cabrera
4;362;Dune system 1;Dune system 1;02/06/2022 9:50;02/06/2022 10:30;40;Cakile maritima;26;26;Clairvillia pninae;Tachinidae;DI;1;1;rpi;Cabrera
5;363;Rocky coastal 2;Dune system 2;14/06/2022 12:10;14/06/2022 12:50;40;Cakile maritima;23;14;Lasioglossum sp.;Halictidae;BE;1;1;rpi;Cabrera
5;363;Rocky coastal 2;Dune system 2;14/06/2022 12:10;14/06/2022 12:50;40;Cakile maritima;23;14;Meligethes sp.;Nitidulidae;CO;1;1;rpi;Cabrera
5;363;Rocky coastal 2;Dune system 2;14/06/2022 12:10;14/06/2022 12:50;40;Cakile maritima;23;14;Lasioglossum sp.;Halictidae;BE;3;4;rpi;Cabrera
5;363;Rocky coastal 2;Dune system 2;14/06/2022 12:10;14/06/2022 12:50;40;Cakile maritima;23;14;Lasioglossum sp.;Halictidae;BE;4;4;rpi;Cabrera
5;363;Rocky coastal 2;Dune system 2;14/06/2022 12:10;14/06/2022 12:50;40;Cakile maritima;23;14;Lasioglossum sp.;Halictidae;BE;1;1;rpi;Cabrera
5;363;Rocky coastal 2;Dune system 2;14/06/2022 12:10;14/06/2022 12:50;40;Cakile maritima;23;14;Hylaeus imparilis;Colletidae;BE;3;3;rpi;Cabrera
5;363;Rocky coastal 2;Dune system 2;14/06/2022 12:10;14/06/2022 12:50;40;Cakile maritima;23;14;Ancistrocerus ebusianus;Eumenidae;WA;2;4;rpi;Cabrera
5;363;Rocky coastal 2;Dune system 2;14/06/2022 12:10;14/06/2022 12:50;40;Cakile maritima;23;14;Lasioglossum sp.;Halictidae;BE;1;2;rpi;Cabrera
5;363;Rocky coastal 2;Dune system 2;14/06/2022 12:10;14/06/2022 12:50;40;Cakile maritima;23;14;Lasioglossum sp.;Halictidae;BE;1;4;rpi;Cabrera
5;363;Rocky coastal 2;Dune system 2;14/06/2022 12:10;14/06/2022 12:50;40;Cakile maritima;23;14;Lasioglossum sp.;Halictidae;BE;1;2;rpi;Cabrera
5;363;Rocky coastal 2;Dune system 2;14/06/2022 12:10;14/06/2022 12:50;40;Cakile maritima;23;14;Lasioglossum sp.;Halictidae;BE;1;5;rpi;Cabrera
5;363;Rocky coastal 2;Dune system 2;14/06/2022 12:10;14/06/2022 12:50;40;Cakile maritima;23;14;Hylaeus imparilis;Colletidae;BE;4;4;rpi;Cabrera
5;363;Rocky coastal 2;Dune system 2;14/06/2022 12:10;14/06/2022 12:50;40;Cakile maritima;23;14;Hylaeus imparilis;Colletidae;BE;1;5;rpi;Cabrera
5;363;Rocky coastal 2;Dune system 2;14/06/2022 12:10;14/06/2022 12:50;40;Cakile maritima;23;14;Eupeodes corollae;Syrphidae;HO;1;1;rpi;Cabrera
5;363;Rocky coastal 2;Dune system 2;14/06/2022 12:10;14/06/2022 12:50;40;Cakile maritima;23;14;Lasioglossum sp.;Halictidae;BE;1;1;rpi;Cabrera
5;363;Rocky coastal 2;Dune system 2;14/06/2022 12:10;14/06/2022 12:50;40;Cakile maritima;23;14;Lasioglossum sp.;Halictidae;BE;1;4;rpi;Cabrera
5;363;Rocky coastal 2;Dune system 2;14/06/2022 12:10;14/06/2022 12:50;40;Cakile maritima;23;14;Lasioglossum sp.;Halictidae;BE;1;2;rpi;Cabrera
5;364;Dune system 2;Dune system 2;15/06/2022 11:04;15/06/2022 11:44;40;Cakile maritima;120;32;Pieris rapae;Pieridae;LE;1;1;rpi;Cabrera
5;364;Dune system 2;Dune system 2;15/06/2022 11:04;15/06/2022 11:44;40;Cakile maritima;120;32;Clairvillia pninae;Tachinidae;DI;2;2;rpi;Cabrera
5;364;Dune system 2;Dune system 2;15/06/2022 11:04;15/06/2022 11:44;40;Cakile maritima;120;32;Exoprosopa cf. bowdeni;Bombyliidae;DI;1;1;rpi;Cabrera
5;364;Dune system 2;Dune system 2;15/06/2022 11:04;15/06/2022 11:44;40;Cakile maritima;120;32;Exoprosopa cf. bowdeni;Bombyliidae;DI;1;1;rpi;Cabrera
5;364;Dune system 2;Dune system 2;15/06/2022 11:04;15/06/2022 11:44;40;Cakile maritima;120;32;Lasioglossum sp.;Halictidae;BE;1;1;rpi;Cabrera
5;364;Dune system 2;Dune system 2;15/06/2022 11:04;15/06/2022 11:44;40;Cakile maritima;120;32;Lucilia silvarum;Calliphoridae;DI;1;3;rpi;Cabrera
5;364;Dune system 2;Dune system 2;15/06/2022 11:04;15/06/2022 11:44;40;Cakile maritima;120;32;Lasioglossum sp.;Halictidae;BE;2;2;rpi;Cabrera
5;364;Dune system 2;Dune system 2;15/06/2022 11:04;15/06/2022 11:44;40;Cakile maritima;120;32;Lasioglossum sp.;Halictidae;BE;2;4;rpi;Cabrera
5;364;Dune system 2;Dune system 2;15/06/2022 11:04;15/06/2022 11:44;40;Cakile maritima;120;32;Lucilia silvarum;Calliphoridae;DI;1;7;rpi;Cabrera
5;364;Dune system 2;Dune system 2;15/06/2022 11:04;15/06/2022 11:44;40;Cakile maritima;120;32;Lydella nigrescens;Tachinidae;DI;1;1;rpi;Cabrera
5;364;Dune system 2;Dune system 2;15/06/2022 11:04;15/06/2022 11:44;40;Cakile maritima;120;32;Lasioglossum sp.;Halictidae;BE;3;3;rpi;Cabrera
5;364;Dune system 2;Dune system 2;15/06/2022 11:04;15/06/2022 11:44;40;Cakile maritima;120;32;Lasioglossum sp.;Halictidae;BE;1;5;rpi;Cabrera
5;364;Dune system 2;Dune system 2;15/06/2022 11:04;15/06/2022 11:44;40;Cakile maritima;120;32;Megachile sp.;Megachilidae;BE;1;2;rpi;Cabrera
5;364;Dune system 2;Dune system 2;15/06/2022 11:04;15/06/2022 11:44;40;Cakile maritima;120;32;Lasioglossum sp.;Halictidae;BE;2;2;rpi;Cabrera
5;364;Dune system 2;Dune system 2;15/06/2022 11:04;15/06/2022 11:44;40;Cakile maritima;120;32;Lasiommata megera;Nymphalidae;LE;1;2;rpi;Cabrera
5;364;Dune system 2;Dune system 2;15/06/2022 11:04;15/06/2022 11:44;40;Cakile maritima;120;32;Lasioglossum sp.;Halictidae;BE;4;8;rpi;Cabrera
6;365;Dune system 2;Dune system 2;28/06/2022 16:05;28/06/2022 16:45;40;Cakile maritima;67;24;Lasioglossum sp.;Halictidae;BE;1;2;rpi;Cabrera
6;365;Dune system 2;Dune system 2;28/06/2022 16:05;28/06/2022 16:45;40;Cakile maritima;67;24;Lasioglossum sp.;Halictidae;BE;1;2;rpi;Cabrera
6;365;Dune system 2;Dune system 2;28/06/2022 16:05;28/06/2022 16:45;40;Cakile maritima;67;24;Exoprosopa cf. bowdeni;Bombyliidae;DI;1;1;rpi;Cabrera
6;365;Dune system 2;Dune system 2;28/06/2022 16:05;28/06/2022 16:45;40;Cakile maritima;67;24;Exoprosopa cf. bowdeni;Bombyliidae;DI;1;1;rpi;Cabrera
6;365;Dune system 2;Dune system 2;28/06/2022 16:05;28/06/2022 16:45;40;Cakile maritima;67;24;Ancistrocerus ebusianus;Eumenidae;WA;1;3;rpi;Cabrera
6;365;Dune system 2;Dune system 2;28/06/2022 16:05;28/06/2022 16:45;40;Cakile maritima;67;24;Exoprosopa cf. bowdeni;Bombyliidae;DI;1;1;rpi;Cabrera
6;365;Dune system 2;Dune system 2;28/06/2022 16:05;28/06/2022 16:45;40;Cakile maritima;67;24;Lasioglossum sp.;Halictidae;BE;5;6;rpi;Cabrera
6;365;Dune system 2;Dune system 2;28/06/2022 16:05;28/06/2022 16:45;40;Cakile maritima;67;24;Megachile sp.;Megachilidae;BE;1;2;rpi;Cabrera
4;366;Rocky coastal 2;Dune system 2;31/05/2022 14:10;31/05/2022 14:50;40;Limonium sp.;129;48;Lasioglossum sp.;Halictidae;BE;2;7;rpi;Cabrera
4;366;Rocky coastal 2;Dune system 2;31/05/2022 14:10;31/05/2022 14:50;40;Limonium sp.;129;48;Exoprosopa cf. bowdeni;Bombyliidae;DI;2;6;rpi;Cabrera
4;366;Rocky coastal 2;Dune system 2;31/05/2022 14:10;31/05/2022 14:50;40;Limonium sp.;129;48;Musca domestica;Muscidae;DI;3;5;rpi;Cabrera
4;366;Rocky coastal 2;Dune system 2;31/05/2022 14:10;31/05/2022 14:50;40;Limonium sp.;129;48;Clairvillia pninae;Tachinidae;DI;1;6;rpi;Cabrera
4;366;Rocky coastal 2;Dune system 2;31/05/2022 14:10;31/05/2022 14:50;40;Limonium sp.;129;48;Lasioglossum sp.;Halictidae;BE;3;6;rpi;Cabrera
4;366;Rocky coastal 2;Dune system 2;31/05/2022 14:10;31/05/2022 14:50;40;Limonium sp.;129;48;Clairvillia pninae;Tachinidae;DI;1;8;rpi;Cabrera
4;367;Rocky coastal 1;Rocky coastal 1;02/06/2022 13:30;02/06/2022 13:40;10;Helichrysum stoechas;400;120;Lasioglossum sp.;Halictidae;BE;4;6;rpi;Cabrera
4;367;Rocky coastal 1;Rocky coastal 1;02/06/2022 13:30;02/06/2022 13:40;10;Helichrysum stoechas;400;120;Podarcis lilfordi;Lacertidae;VE;2;2;rpi;Cabrera
4;367;Rocky coastal 1;Rocky coastal 1;02/06/2022 13:30;02/06/2022 13:40;10;Helichrysum stoechas;400;120;Lasioglossum sp.;Halictidae;BE;3;6;rpi;Cabrera
4;367;Rocky coastal 1;Rocky coastal 1;02/06/2022 13:30;02/06/2022 13:40;10;Helichrysum stoechas;400;120;Lasioglossum sp.;Halictidae;BE;3;5;rpi;Cabrera
4;367;Rocky coastal 1;Rocky coastal 1;02/06/2022 13:30;02/06/2022 13:40;10;Helichrysum stoechas;400;120;Lasioglossum sp.;Halictidae;BE;3;5;rpi;Cabrera
4;367;Rocky coastal 1;Rocky coastal 1;02/06/2022 13:30;02/06/2022 13:40;10;Helichrysum stoechas;400;120;Autographa gamma;Noctuidae;LE;1;2;rpi;Cabrera
4;367;Rocky coastal 1;Rocky coastal 1;02/06/2022 13:30;02/06/2022 13:40;10;Helichrysum stoechas;400;120;Lasioglossum sp.;Halictidae;BE;2;6;rpi;Cabrera
4;367;Rocky coastal 1;Rocky coastal 1;02/06/2022 13:30;02/06/2022 13:40;10;Helichrysum stoechas;400;120;Lasioglossum sp.;Halictidae;BE;3;4;rpi;Cabrera
1;368a;Pine forest 1;Pine forest 1;19/04/2022 14:45;19/04/2022 14:55;10;Cistus monspeliensis;68;33;Melanostoma scalare;Syrphidae;HO;1;1;rpi;Cabrera
1;368b;Pine forest 1;Pine forest 1;19/04/2022 14:45;19/04/2022 14:55;10;Cistus monspeliensis;28;9;Tapinoma nigerrinum;Formicidae;OT;5;5;rpi;Cabrera
1;368b;Pine forest 1;Pine forest 1;19/04/2022 14:45;19/04/2022 14:55;10;Cistus monspeliensis;28;9;Monomorium sp;Formicidae;OT;8;8;rpi;Cabrera
1;368b;Pine forest 1;Pine forest 1;19/04/2022 14:45;19/04/2022 14:55;10;Cistus monspeliensis;28;9;Meligethes sp.;Nitidulidae;CO;1;1;rpi;Cabrera
1;368b;Pine forest 1;Pine forest 1;19/04/2022 14:45;19/04/2022 14:55;10;Cistus monspeliensis;28;9;Podarcis lilfordi;Lacertidae;VE;2;3;rpi;Cabrera
1;369;Dune system 1;Dune system 1;19/04/2022 17:06;19/04/2022 17:46;40;Anacamptis pyramidalis;4;2;;;;0;0;obs;Cabrera
1;370;Dune system 1;Dune system 1;19/04/2022 17:06;19/04/2022 17:46;40;Anacamptis pyramidalis;4;2;;;;0;0;obs;Cabrera
1;371;Dune system 1;Dune system 1;19/04/2022 17:06;19/04/2022 17:46;40;Anacamptis pyramidalis;4;2;;;;0;0;obs;Cabrera
3;372;Dune system 2;Dune system 2;18/05/2022 16:10;18/05/2022 16:20;10;Teucrium capitatum;360;120;Exoprosopa cf. bowdeni;Bombyliidae;DI;3;4;rpi;Cabrera
3;372;Dune system 2;Dune system 2;18/05/2022 16:10;18/05/2022 16:20;10;Teucrium capitatum;360;120;Lasioglossum sp.;Halictidae;BE;4;9;rpi;Cabrera
3;372;Dune system 2;Dune system 2;18/05/2022 16:10;18/05/2022 16:20;10;Teucrium capitatum;360;120;Meligethes sp.;Nitidulidae;CO;1;1;rpi;Cabrera
3;372;Dune system 2;Dune system 2;18/05/2022 16:10;18/05/2022 16:20;10;Teucrium capitatum;360;120;Eristalis tenax;Syrphidae;HO;2;3;rpi;Cabrera
3;372;Dune system 2;Dune system 2;18/05/2022 16:10;18/05/2022 16:20;10;Teucrium capitatum;360;120;Eupeodes corollae;Syrphidae;HO;3;5;rpi;Cabrera
3;372;Dune system 2;Dune system 2;18/05/2022 16:10;18/05/2022 16:20;10;Teucrium capitatum;360;120;Vanessa atalanta;Nymphalidae;LE;1;1;rpi;Cabrera
3;372;Dune system 2;Dune system 2;18/05/2022 16:10;18/05/2022 16:20;10;Teucrium capitatum;360;120;Vanessa atalanta;Nymphalidae;LE;1;1;rpi;Cabrera
3;372;Dune system 2;Dune system 2;18/05/2022 16:10;18/05/2022 16:20;10;Teucrium capitatum;360;120;Vanessa cardui;Nymphalidae;LE;1;7;rpi;Cabrera
2;373;Rocky coastal 1;Rocky coastal 1;29/04/2022 10:06;29/04/2022 10:46;40;Astragalus balearicus;200;60;Lasioglossum sp.;Halictidae;BE;4;4;rpi;Cabrera
2;374;Rocky coastal 1;Rocky coastal 1;29/04/2022 10:06;29/04/2022 10:46;40;Astragalus balearicus;150;70;Lasioglossum sp.;Halictidae;BE;4;5;rpi;Cabrera
2;374;Rocky coastal 1;Rocky coastal 1;29/04/2022 10:06;29/04/2022 10:46;40;Astragalus balearicus;150;70;Eupeodes corollae;Syrphidae;HO;1;2;rpi;Cabrera
2;375;Rocky coastal 1;Rocky coastal 1;29/04/2022 10:08;29/04/2022 10:48;40;Astragalus balearicus;130;60;Lasioglossum sp.;Halictidae;BE;2;4;rpi;Cabrera
2;375;Rocky coastal 1;Rocky coastal 1;29/04/2022 10:08;29/04/2022 10:48;40;Astragalus balearicus;130;60;Eupeodes corollae;Syrphidae;HO;1;1;rpi;Cabrera
2;375;Rocky coastal 1;Rocky coastal 1;29/04/2022 10:08;29/04/2022 10:48;40;Astragalus balearicus;130;60;Eupeodes corollae;Syrphidae;HO;1;1;rpi;Cabrera
2;376;Rocky coastal 1;Rocky coastal 1;29/04/2022 10:36;29/04/2022 11:16;40;Astragalus balearicus;300;90;Lasioglossum sp.;Halictidae;BE;3;3;rpi;Cabrera
2;376;Rocky coastal 1;Rocky coastal 1;29/04/2022 10:36;29/04/2022 11:16;40;Astragalus balearicus;300;90;Podarcis lilfordi;Lacertidae;VE;1;3;rpi;Cabrera
2;376;Rocky coastal 1;Rocky coastal 1;29/04/2022 10:36;29/04/2022 11:16;40;Astragalus balearicus;300;90;Podarcis lilfordi;Lacertidae;VE;1;2;rpi;Cabrera
4;377;Rocky coastal 1;Rocky coastal 1;02/06/2022 10:36;02/06/2022 11:16;40;Dorycnium fulgurans;340;200;Lasioglossum sp.;Halictidae;BE;2;4;rpi;Cabrera
4;377;Rocky coastal 1;Rocky coastal 1;02/06/2022 12:15;02/06/2022 12:55;40;Dorycnium fulgurans;340;200;Lasioglossum sp.;Halictidae;BE;4;8;rpi;Cabrera
4;377;Rocky coastal 1;Rocky coastal 1;02/06/2022 12:15;02/06/2022 12:55;40;Dorycnium fulgurans;340;200;Eupeodes corollae;Syrphidae;HO;3;5;rpi;Cabrera
4;377;Rocky coastal 1;Rocky coastal 1;02/06/2022 12:15;02/06/2022 12:55;40;Dorycnium fulgurans;340;200;Hydrellia sp;Ephydridae;DI;2;2;rpi;Cabrera
4;377;Rocky coastal 1;Rocky coastal 1;02/06/2022 12:15;02/06/2022 12:55;40;Dorycnium fulgurans;340;200;Lasioglossum sp.;Halictidae;BE;3;6;rpi;Cabrera
4;377;Rocky coastal 1;Rocky coastal 1;02/06/2022 12:15;02/06/2022 12:55;40;Dorycnium fulgurans;340;200;Ancistrocerus ebusianus;Eumenidae;WA;1;3;rpi;Cabrera
4;378;Rocky coastal 1;Rocky coastal 1;02/06/2022 12:17;02/06/2022 12:57;40;Dorycnium fulgurans;350;210;Lasioglossum sp.;Halictidae;BE;3;6;rpi;Cabrera
4;378;Rocky coastal 1;Rocky coastal 1;02/06/2022 12:17;02/06/2022 12:57;40;Dorycnium fulgurans;350;210;Hydrellia sp;Ephydridae;DI;2;2;rpi;Cabrera
4;378;Rocky coastal 1;Rocky coastal 1;02/06/2022 12:17;02/06/2022 12:57;40;Dorycnium fulgurans;350;210;Ancistrocerus ebusianus;Eumenidae;WA;1;2;rpi;Cabrera
2;379;Rocky coastal 2;Pine forest 2;28/04/2022 10:30;28/04/2022 10:50;20;Cistus monspeliensis;140;80;Vanessa atalanta;Nymphalidae;LE;1;1;rpi;Cabrera
2;379;Rocky coastal 2;Pine forest 2;28/04/2022 10:30;28/04/2022 10:50;20;Cistus monspeliensis;140;80;Eupeodes corollae;Syrphidae;HO;1;3;rpi;Cabrera
2;379;Rocky coastal 2;Pine forest 2;28/04/2022 10:30;28/04/2022 10:50;20;Cistus monspeliensis;140;80;Anthomyia confusanea;Anthomyiidae;DI;1;1;rpi;Cabrera
2;379;Rocky coastal 2;Pine forest 2;28/04/2022 10:30;28/04/2022 10:50;20;Cistus monspeliensis;140;80;Eupeodes corollae;Syrphidae;HO;1;4;rpi;Cabrera
2;379;Rocky coastal 2;Pine forest 2;28/04/2022 10:30;28/04/2022 10:50;20;Cistus monspeliensis;140;80;Phyto melanocephala;Rhinophoridae;DI;1;1;rpi;Cabrera
2;379;Rocky coastal 2;Pine forest 2;28/04/2022 10:30;28/04/2022 10:50;20;Cistus monspeliensis;140;80;Podarcis lilfordi;Lacertidae;VE;1;3;rpi;Cabrera
2;379;Rocky coastal 2;Pine forest 2;28/04/2022 10:30;28/04/2022 10:50;20;Cistus monspeliensis;140;80;Phyto melanocephala;Rhinophoridae;DI;1;1;rpi;Cabrera
2;379;Rocky coastal 2;Pine forest 2;28/04/2022 10:30;28/04/2022 10:50;20;Cistus monspeliensis;140;80;Episyrphus balteatus;Syrphidae;HO;1;2;rpi;Cabrera
2;379;Rocky coastal 2;Pine forest 2;28/04/2022 10:30;28/04/2022 10:50;20;Cistus monspeliensis;140;80;Episyrphus balteatus;Syrphidae;HO;1;3;rpi;Cabrera
2;379;Rocky coastal 2;Pine forest 2;28/04/2022 10:30;28/04/2022 10:50;20;Cistus monspeliensis;140;80;Meligethes sp.;Nitidulidae;CO;1;1;rpi;Cabrera
2;379;Rocky coastal 2;Pine forest 2;28/04/2022 10:30;28/04/2022 10:50;20;Cistus monspeliensis;140;80;Anthomyia confusanea;Anthomyiidae;DI;1;1;rpi;Cabrera
2;379;Rocky coastal 2;Pine forest 2;28/04/2022 10:30;28/04/2022 10:50;20;Cistus monspeliensis;140;80;Monomorium sp;Formicidae;OT;9;9;rpi;Cabrera
2;379;Rocky coastal 2;Pine forest 2;28/04/2022 10:30;28/04/2022 10:50;20;Cistus monspeliensis;140;80;Phyto melanocephala;Rhinophoridae;DI;1;1;rpi;Cabrera
2;380;Rocky coastal 2;Pine forest 2;27/04/2022 17:10;27/04/2022 17:20;10;Cistus monspeliensis;300;90;Episyrphus balteatus;Syrphidae;HO;1;2;rpi;Cabrera
2;380;Rocky coastal 2;Pine forest 2;27/04/2022 17:10;27/04/2022 17:20;10;Cistus monspeliensis;300;90;Episyrphus balteatus;Syrphidae;HO;1;1;rpi;Cabrera
2;380;Rocky coastal 2;Pine forest 2;27/04/2022 17:10;27/04/2022 17:20;10;Cistus monspeliensis;300;90;Episyrphus balteatus;Syrphidae;HO;1;3;rpi;Cabrera
2;380;Rocky coastal 2;Pine forest 2;27/04/2022 17:10;27/04/2022 17:20;10;Cistus monspeliensis;300;90;Eupeodes corollae;Syrphidae;HO;1;1;rpi;Cabrera
2;380;Rocky coastal 2;Pine forest 2;27/04/2022 17:10;27/04/2022 17:20;10;Cistus monspeliensis;300;90;Anthomyia confusanea;Anthomyiidae;DI;1;1;rpi;Cabrera
2;380;Rocky coastal 2;Pine forest 2;27/04/2022 17:10;27/04/2022 17:20;10;Cistus monspeliensis;300;90;Lydella nigrescens;Tachinidae;DI;2;2;rpi;Cabrera
1;381;Pine forest 2;Pine forest 2;20/04/2022 16:07;20/04/2022 16:47;40;Cistus monspeliensis;140;60;Meligethes sp.;Nitidulidae;CO;1;1;rpi;Cabrera
1;381;Pine forest 2;Pine forest 2;20/04/2022 16:07;20/04/2022 16:47;40;Cistus monspeliensis;140;60;Podarcis lilfordi;Lacertidae;VE;2;2;rpi;Cabrera
1;381;Pine forest 2;Pine forest 2;20/04/2022 16:07;20/04/2022 16:47;40;Cistus monspeliensis;140;60;Episyrphus balteatus;Syrphidae;HO;1;1;rpi;Cabrera
3;382;Rocky coastal 2;Pine forest 2;17/05/2022 17:30;17/05/2022 17:40;10;Cistus monspeliensis;140;32;Phyto melanocephala;Rhinophoridae;DI;1;2;rpi;Cabrera
3;382;Rocky coastal 2;Pine forest 2;17/05/2022 17:30;17/05/2022 17:40;10;Cistus monspeliensis;140;32;Eupeodes corollae;Syrphidae;HO;1;2;rpi;Cabrera
3;382;Rocky coastal 2;Pine forest 2;17/05/2022 17:30;17/05/2022 17:40;10;Cistus monspeliensis;140;32;Episyrphus balteatus;Syrphidae;HO;1;1;rpi;Cabrera
3;382;Rocky coastal 2;Pine forest 2;17/05/2022 17:30;17/05/2022 17:40;10;Cistus monspeliensis;140;32;Monomorium sp;Formicidae;OT;3;3;rpi;Cabrera
3;382;Rocky coastal 2;Pine forest 2;17/05/2022 17:30;17/05/2022 17:40;10;Cistus monspeliensis;140;32;Anthomyia confusanea;Anthomyiidae;DI;1;1;rpi;Cabrera
4;383;Dune system 1;Rocky coastal 1;02/06/2022 11:10;02/06/2022 11:50;40;Helichrysum stoechas;280;120;Podarcis lilfordi;Lacertidae;VE;2;2;rpi;Cabrera
4;383;Dune system 1;Rocky coastal 1;02/06/2022 11:10;02/06/2022 11:50;40;Helichrysum stoechas;280;120;Lasioglossum sp.;Halictidae;BE;4;11;rpi;Cabrera
4;383;Dune system 1;Rocky coastal 1;02/06/2022 11:10;02/06/2022 11:50;40;Helichrysum stoechas;280;120;Lasioglossum sp.;Halictidae;BE;5;6;rpi;Cabrera
4;383;Dune system 1;Rocky coastal 1;02/06/2022 11:10;02/06/2022 11:50;40;Helichrysum stoechas;280;120;Lasioglossum sp.;Halictidae;BE;2;4;rpi;Cabrera
4;383;Dune system 1;Rocky coastal 1;02/06/2022 11:10;02/06/2022 11:50;40;Helichrysum stoechas;280;120;Autographa gamma;Noctuidae;LE;1;2;rpi;Cabrera
4;383;Dune system 1;Rocky coastal 1;02/06/2022 11:10;02/06/2022 11:50;40;Helichrysum stoechas;280;120;Lasioglossum sp.;Halictidae;BE;3;5;rpi;Cabrera
4;383;Dune system 1;Rocky coastal 1;02/06/2022 11:10;02/06/2022 11:50;40;Helichrysum stoechas;280;120;Lasioglossum sp.;Halictidae;BE;1;1;rpi;Cabrera
4;383;Dune system 1;Rocky coastal 1;02/06/2022 11:10;02/06/2022 11:50;40;Helichrysum stoechas;280;120;Exoprosopa cf. bowdeni;Bombyliidae;DI;2;4;rpi;Cabrera
4;383;Dune system 1;Rocky coastal 1;02/06/2022 11:10;02/06/2022 11:50;40;Helichrysum stoechas;280;120;Lasioglossum sp.;Halictidae;BE;3;5;rpi;Cabrera
4;384;Dune system 1;Rocky coastal 1;02/06/2022 11:05;02/06/2022 11:45;40;Helichrysum stoechas;280;120;Eristalis tenax;Syrphidae;HO;2;3;rpi;Cabrera
4;384;Dune system 1;Rocky coastal 1;02/06/2022 11:05;02/06/2022 11:45;40;Helichrysum stoechas;280;120;Eupeodes corollae;Syrphidae;HO;3;5;rpi;Cabrera
4;384;Dune system 1;Rocky coastal 1;02/06/2022 11:05;02/06/2022 11:45;40;Helichrysum stoechas;280;120;Vanessa atalanta;Nymphalidae;LE;1;1;rpi;Cabrera
4;384;Dune system 1;Rocky coastal 1;02/06/2022 11:05;02/06/2022 11:45;40;Helichrysum stoechas;280;120;Autographa gamma;Noctuidae;LE;1;2;rpi;Cabrera
4;384;Dune system 1;Rocky coastal 1;02/06/2022 11:05;02/06/2022 11:45;40;Helichrysum stoechas;280;120;Vanessa cardui;Nymphalidae;LE;1;7;rpi;Cabrera
4;384;Dune system 1;Rocky coastal 1;02/06/2022 11:05;02/06/2022 11:45;40;Helichrysum stoechas;280;120;Lasioglossum sp.;Halictidae;BE;3;6;rpi;Cabrera
4;385;Pine forest 2;Rocky coastal 2;31/05/2022 18:04;31/05/2022 18:44;40;Teucrium capitatum;15;15;Lydella nigrescens;Tachinidae;DI;1;1;rpi;Cabrera
4;385;Pine forest 2;Rocky coastal 2;31/05/2022 18:04;31/05/2022 18:44;40;Teucrium capitatum;15;15;Meliscaeva auricollis;Syrphidae;HO;1;1;rpi;Cabrera
4;385;Pine forest 2;Rocky coastal 2;31/05/2022 18:04;31/05/2022 18:44;40;Teucrium capitatum;15;15;Vanessa atalanta;Nymphalidae;LE;1;1;rpi;Cabrera
4;385;Pine forest 2;Rocky coastal 2;31/05/2022 18:04;31/05/2022 18:44;40;Teucrium capitatum;15;15;Spilostethus pandurus;Lygaeidae;OT;1;1;rpi;Cabrera
4;385;Pine forest 2;Rocky coastal 2;31/05/2022 18:04;31/05/2022 18:44;40;Teucrium capitatum;15;15;Exoprosopa cf. bowdeni;Bombyliidae;DI;1;2;rpi;Cabrera
4;386a;Rocky coastal 2;Rocky coastal 2;31/05/2022 15:20;31/05/2022 16:00;40;Teucrium capitatum;15;15;Exoprosopa cf. bowdeni;Bombyliidae;DI;1;2;rpi;Cabrera
4;386b;Rocky coastal 2;Rocky coastal 2;31/05/2022 15:20;31/05/2022 16:00;40;Teucrium capitatum;8;8;Lasioglossum sp.;Halictidae;BE;4;6;rpi;Cabrera
4;386b;Rocky coastal 2;Rocky coastal 2;31/05/2022 15:20;31/05/2022 16:00;40;Teucrium capitatum;8;8;Exoprosopa cf. bowdeni;Bombyliidae;DI;1;2;rpi;Cabrera
4;386b;Rocky coastal 2;Rocky coastal 2;31/05/2022 15:20;31/05/2022 16:00;40;Teucrium capitatum;8;8;Eupeodes corollae;Syrphidae;DI;1;3;rpi;Cabrera
4;386b;Rocky coastal 2;Rocky coastal 2;31/05/2022 15:20;31/05/2022 16:00;40;Teucrium capitatum;8;8;Meligethes sp.;Nitidulidae;CO;1;1;rpi;Cabrera
4;386b;Rocky coastal 2;Rocky coastal 2;31/05/2022 15:20;31/05/2022 16:00;40;Teucrium capitatum;8;8;Vanessa cardui;Nymphalidae;LE;1;1;rpi;Cabrera
4;387;Dune system 1;Dune system 1;02/06/2022 10:00;02/06/2022 10:40;40;Teucrium capitatum;5;5;Exoprosopa cf. bowdeni;Bombyliidae;DI;1;2;rpi;Cabrera
4;387;Dune system 1;Dune system 1;02/06/2022 10:00;02/06/2022 10:40;40;Teucrium capitatum;5;5;Megaselia sp.;Phoridae;DI;1;2;rpi;Cabrera
4;387;Dune system 1;Dune system 1;02/06/2022 10:00;02/06/2022 10:40;40;Teucrium capitatum;5;5;Eupeodes corollae;Syrphidae;HO;1;1;rpi;Cabrera
4;388;Dune system 1;Dune system 1;02/06/2022 10:20;02/06/2022 11:00;40;Teucrium capitatum;9;9;Vanessa cardui;Nymphalidae;LE;1;5;rpi;Cabrera
4;388;Dune system 1;Dune system 1;02/06/2022 10:20;02/06/2022 11:00;40;Teucrium capitatum;9;9;Exoprosopa cf. bowdeni;Bombyliidae;DI;2;2;rpi;Cabrera
4;388;Dune system 1;Dune system 1;02/06/2022 10:20;02/06/2022 11:00;40;Teucrium capitatum;9;9;Eupeodes corollae;Syrphidae;HO;1;2;rpi;Cabrera
4;388;Dune system 1;Dune system 1;02/06/2022 10:20;02/06/2022 11:00;40;Teucrium capitatum;9;9;Lasioglossum sp.;Halictidae;BE;2;3;rpi;Cabrera
1;389;Dune system 2;Dune system 2;20/04/2022 16:05;20/04/2022 16:25;20;Asteriscus aquaticus;9;9;Monomorium sp;Formicidae;OT;1;1;rpi;Cabrera
1;389;Dune system 2;Dune system 2;20/04/2022 16:05;20/04/2022 16:25;20;Asteriscus aquaticus;9;9;Monomorium sp;Formicidae;OT;1;1;rpi;Cabrera
3;390a;Pine forest 2;Pine forest 2;18/05/2022 16:20;18/05/2022 17:00;40;Blackstonia perfoliata;4;4;Eupeodes corollae;Syrphidae;HO;1;1;rpi;Cabrera
3;390b;Pine forest 2;Pine forest 2;18/05/2022 16:20;18/05/2022 17:00;40;Blackstonia perfoliata;8;8;Lasioglossum sp.;Halictidae;BE;1;2;rpi;Cabrera
4;391;Dune system 2;Dune system 2;01/06/2022 12:30;01/06/2022 13:10;40;Limonium sp.;23;23;Eupeodes corollae;Syrphidae;HO;1;3;rpi;Cabrera
4;391;Dune system 2;Dune system 2;01/06/2022 12:30;01/06/2022 13:10;40;Limonium sp.;23;23;Eumenes dubius;Eumenidae;WA;2;2;rpi;Cabrera
4;391;Dune system 2;Dune system 2;01/06/2022 12:30;01/06/2022 13:10;40;Limonium sp.;23;23;Eumenes dubius;Eumenidae;WA;1;1;rpi;Cabrera
4;391;Dune system 2;Dune system 2;01/06/2022 12:30;01/06/2022 13:10;40;Limonium sp.;23;23;Eupeodes corollae;Syrphidae;HO;1;3;rpi;Cabrera
4;391;Dune system 2;Dune system 2;01/06/2022 12:30;01/06/2022 13:10;40;Limonium sp.;23;23;Clairvillia pninae;Tachinidae;DI;1;2;rpi;Cabrera
4;391;Dune system 2;Dune system 2;01/06/2022 12:30;01/06/2022 13:10;40;Limonium sp.;23;23;Exoprosopa cf. bowdeni;Bombyliidae;DI;1;2;rpi;Cabrera
4;391;Dune system 2;Dune system 2;01/06/2022 12:30;01/06/2022 13:10;40;Limonium sp.;23;23;Lucilia silvarum;Calliphoridae;DI;1;3;rpi;Cabrera
5;391a;Dune system 2;Dune system 2;15/06/2022 12:30;15/06/2022 13:10;40;Limonium sp.;25;25;Vanessa cardui;Nymphalidae;LE;1;1;rpi;Cabrera
5;391a;Dune system 2;Dune system 2;15/06/2022 12:30;15/06/2022 13:10;40;Limonium sp.;25;25;Lasioglossum sp.;Halictidae;BE;1;1;rpi;Cabrera
5;391a;Dune system 2;Dune system 2;15/06/2022 12:30;15/06/2022 13:10;40;Limonium sp.;25;25;Lasioglossum sp.;Halictidae;BE;1;1;rpi;Cabrera
5;391a;Dune system 2;Dune system 2;15/06/2022 12:30;15/06/2022 13:10;40;Limonium sp.;25;25;Macroglossum stellatarum;Sphingidae;LE;1;2;rpi;Cabrera
5;391a;Dune system 2;Dune system 2;15/06/2022 12:30;15/06/2022 13:10;40;Limonium sp.;25;25;Lasioglossum sp.;Halictidae;BE;1;1;rpi;Cabrera
5;391a;Dune system 2;Dune system 2;15/06/2022 12:30;15/06/2022 13:10;40;Limonium sp.;25;25;Lasioglossum sp.;Halictidae;BE;1;1;rpi;Cabrera
5;391a;Dune system 2;Dune system 2;15/06/2022 12:30;15/06/2022 13:10;40;Limonium sp.;25;25;Autographa gamma;Noctuidae;LE;1;1;rpi;Cabrera
5;392;Rocky coastal 2;Dune system 2;14/06/2022 13:03;14/06/2022 13:43;40;Limonium sp.;63;63;Lasioglossum sp.;Halictidae;BE;3;9;rpi;Cabrera
5;392;Rocky coastal 2;Dune system 2;14/06/2022 13:03;14/06/2022 13:43;40;Limonium sp.;63;63;Ancistrocerus ebusianus;Eumenidae;WA;1;5;rpi;Cabrera
5;392;Rocky coastal 2;Dune system 2;14/06/2022 13:03;14/06/2022 13:43;40;Limonium sp.;63;63;Lasioglossum sp.;Halictidae;BE;2;2;rpi;Cabrera
5;392;Rocky coastal 2;Dune system 2;14/06/2022 13:03;14/06/2022 13:43;40;Limonium sp.;63;63;Lasioglossum sp.;Halictidae;BE;3;3;rpi;Cabrera
5;392;Rocky coastal 2;Dune system 2;14/06/2022 13:03;14/06/2022 13:43;40;Limonium sp.;63;63;Macroglossum stellatarum;Sphingidae;LE;1;2;rpi;Cabrera
6;393;Rocky coastal 2;Dune system 2;28/06/2022 11:50;28/06/2022 12:20;30;Limonium sp.;15;15;Lasioglossum sp.;Halictidae;BE;1;3;rpi;Cabrera
6;393;Rocky coastal 2;Dune system 2;28/06/2022 11:50;28/06/2022 12:20;30;Limonium sp.;15;15;Eumenes dubius;Eumenidae;WA;1;2;rpi;Cabrera
6;393;Rocky coastal 2;Dune system 2;28/06/2022 11:50;28/06/2022 12:20;30;Limonium sp.;15;15;Lasioglossum sp.;Halictidae;BE;1;4;rpi;Cabrera
6;393;Rocky coastal 2;Dune system 2;28/06/2022 11:50;28/06/2022 12:20;30;Limonium sp.;15;15;Lasioglossum sp.;Halictidae;BE;1;2;rpi;Cabrera
6;393;Rocky coastal 2;Dune system 2;28/06/2022 11:50;28/06/2022 12:20;30;Limonium sp.;15;15;Eumenes dubius;Eumenidae;WA;1;4;rpi;Cabrera
6;393;Rocky coastal 2;Dune system 2;28/06/2022 11:50;28/06/2022 12:20;30;Limonium sp.;15;15;Exoprosopa cf. bowdeni;Bombyliidae;DI;1;1;rpi;Cabrera
6;393;Rocky coastal 2;Dune system 2;28/06/2022 11:50;28/06/2022 12:20;30;Limonium sp.;15;15;Ancistrocerus ebusianus;Eumenidae;WA;2;4;rpi;Cabrera
6;393;Rocky coastal 2;Dune system 2;28/06/2022 11:50;28/06/2022 12:20;30;Limonium sp.;15;15;Lasioglossum sp.;Halictidae;BE;3;6;rpi;Cabrera
5;394;Dune system 1;Dune system 1;14/06/2022 11:00;14/06/2022 11:40;40;Sedum sediforme;7;7;Lasioglossum sp.;Halictidae;BE;1;3;rpi;Cabrera
5;394;Dune system 1;Dune system 1;14/06/2022 11:00;14/06/2022 11:40;40;Sedum sediforme;7;7;Lasioglossum sp.;Halictidae;BE;1;4;rpi;Cabrera
5;394;Dune system 1;Dune system 1;14/06/2022 11:00;14/06/2022 11:40;40;Sedum sediforme;7;7;Lasioglossum sp.;Halictidae;BE;1;3;rpi;Cabrera
5;394;Dune system 1;Dune system 1;14/06/2022 11:00;14/06/2022 11:40;40;Sedum sediforme;7;7;Lasioglossum sp.;Halictidae;BE;1;2;rpi;Cabrera
5;394;Dune system 1;Dune system 1;14/06/2022 11:00;14/06/2022 11:40;40;Sedum sediforme;7;7;Lasioglossum sp.;Halictidae;BE;1;4;rpi;Cabrera
5;394;Dune system 1;Dune system 1;14/06/2022 11:00;14/06/2022 11:40;40;Sedum sediforme;7;7;Hylaeus imparilis;Colletidae;BE;1;2;rpi;Cabrera
5;394;Dune system 1;Dune system 1;14/06/2022 11:00;14/06/2022 11:40;40;Sedum sediforme;7;7;Lasioglossum sp.;Halictidae;BE;1;2;rpi;Cabrera
5;394;Dune system 1;Dune system 1;14/06/2022 11:00;14/06/2022 11:40;40;Sedum sediforme;7;7;Pyrellia vivida;Muscidae;DI;2;2;rpi;Cabrera
5;394;Dune system 1;Dune system 1;14/06/2022 11:00;14/06/2022 11:40;40;Sedum sediforme;7;7;Lasioglossum sp.;Halictidae;BE;1;3;rpi;Cabrera
5;394;Dune system 1;Dune system 1;14/06/2022 11:00;14/06/2022 11:40;40;Sedum sediforme;7;7;Meligethes sp.;Nitidulidae;CO;1;1;rpi;Cabrera
5;394;Dune system 1;Dune system 1;14/06/2022 11:00;14/06/2022 11:40;40;Sedum sediforme;7;7;Lasioglossum sp.;Halictidae;BE;1;1;rpi;Cabrera
5;394;Dune system 1;Dune system 1;14/06/2022 11:00;14/06/2022 11:40;40;Sedum sediforme;7;7;Lasioglossum sp.;Halictidae;BE;1;2;rpi;Cabrera
5;394;Dune system 1;Dune system 1;14/06/2022 11:00;14/06/2022 11:40;40;Sedum sediforme;7;7;Lasioglossum sp.;Halictidae;BE;1;2;rpi;Cabrera
6;395;Rocky coastal 1;Rocky coastal 1;29/06/2022 13:25;29/06/2022 13:35;10;Sedum sediforme;20;20;Hydrellia sp;Ephydridae;DI;2;2;rpi;Cabrera
6;395;Rocky coastal 1;Rocky coastal 1;29/06/2022 13:25;29/06/2022 13:35;10;Sedum sediforme;20;20;Exoprosopa cf. bowdeni;Bombyliidae;DI;1;1;rpi;Cabrera
6;395;Rocky coastal 1;Rocky coastal 1;29/06/2022 13:25;29/06/2022 13:35;10;Sedum sediforme;20;20;Exoprosopa cf. bowdeni;Bombyliidae;DI;1;2;rpi;Cabrera
6;395;Rocky coastal 1;Rocky coastal 1;29/06/2022 13:25;29/06/2022 13:35;10;Sedum sediforme;20;20;Hydrellia sp;Ephydridae;DI;1;1;rpi;Cabrera
6;395;Rocky coastal 1;Rocky coastal 1;29/06/2022 13:25;29/06/2022 13:35;10;Sedum sediforme;20;20;Meligethes sp.;Nitidulidae;CO;1;1;rpi;Cabrera
6;395;Rocky coastal 1;Rocky coastal 1;29/06/2022 13:25;29/06/2022 13:35;10;Sedum sediforme;20;20;Lasioglossum sp.;Halictidae;BE;1;3;rpi;Cabrera
6;395;Rocky coastal 1;Rocky coastal 1;29/06/2022 13:25;29/06/2022 13:35;10;Sedum sediforme;20;20;Meligethes sp.;Nitidulidae;CO;1;1;rpi;Cabrera
6;395;Rocky coastal 1;Rocky coastal 1;29/06/2022 13:25;29/06/2022 13:35;10;Sedum sediforme;20;20;Lasioglossum sp.;Halictidae;BE;1;4;rpi;Cabrera
6;395;Rocky coastal 1;Rocky coastal 1;29/06/2022 13:25;29/06/2022 13:35;10;Sedum sediforme;20;20;Hylaeus imparilis;Colletidae;BE;2;2;rpi;Cabrera
6;395;Rocky coastal 1;Rocky coastal 1;29/06/2022 13:25;29/06/2022 13:35;10;Sedum sediforme;20;20;Hylaeus imparilis;Colletidae;BE;2;2;rpi;Cabrera
6;395;Rocky coastal 1;Rocky coastal 1;29/06/2022 13:25;29/06/2022 13:35;10;Sedum sediforme;20;20;Lasioglossum sp.;Halictidae;BE;2;2;rpi;Cabrera
6;395;Rocky coastal 1;Rocky coastal 1;29/06/2022 13:25;29/06/2022 13:35;10;Sedum sediforme;20;20;Lasioglossum sp.;Halictidae;BE;2;5;rpi;Cabrera
7;396;Rocky coastal 2;Rocky coastal 2;14/03/2023 16:11;14/03/2023 16:21;10;Euphorbia dendroides;875;97;Muscidae sp1;Muscidae;DI;1;3;obs;Cabrera
7;396;Rocky coastal 2;Rocky coastal 2;14/03/2023 16:11;14/03/2023 16:21;10;Euphorbia dendroides;875;97;Episyrphus balteatus;Syrphidae;HO;1;2;obs;Cabrera
7;396;Rocky coastal 2;Rocky coastal 2;14/03/2023 16:11;14/03/2023 16:21;10;Euphorbia dendroides;875;97;Muscidae sp1;Muscidae;DI;1;3;obs;Cabrera
7;397;Rocky coastal 2;Rocky coastal 2;14/03/2023 16:26;14/03/2023 16:36;10;Euphorbia dendroides;163;163;Eupeodes corollae;Syrphidae;HO;1;1;obs;Cabrera
7;398;Rocky coastal 2;Dune system 2;14/03/2023 16:41;14/03/2023 17:01;20;Cakile maritima;30;30;;;;0;0;obs;Cabrera
7;399;Rocky coastal 2;Rocky coastal 2;14/03/2023 17:03;14/03/2023 17:13;10;Globularia alypum;3;3;;;;0;0;obs;Cabrera
7;400;Rocky coastal 2;Rocky coastal 2;14/03/2023 17:15;14/03/2023 17:35;20;Euphorbia dendroides;75;50;Anthomyiidae sp.;Anthomyiidae;DI;1;1;obs;Cabrera
7;400;Rocky coastal 2;Rocky coastal 2;14/03/2023 17:15;14/03/2023 17:35;20;Euphorbia dendroides;75;50;Tapinoma sp;Formicidae;OT;12;12;obs;Cabrera
7;401;Rocky coastal 2;Rocky coastal 2;14/03/2023 16:12;14/03/2023 16:22;10;Euphorbia dendroides;300;130;Anthomyiidae sp.;Anthomyiidae;DI;1;2;obs;Cabrera
7;401;Rocky coastal 2;Rocky coastal 2;14/03/2023 16:12;14/03/2023 16:22;10;Euphorbia dendroides;300;130;Eupeodes corollae;Syrphidae;HO;1;1;obs;Cabrera
7;402;Rocky coastal 2;Rocky coastal 2;14/03/2023 16:25;14/03/2023 16:35;10;Euphorbia dendroides;1000;145;Pyrellia vivida;Muscidae;DI;1;1;obs;Cabrera
7;402;Rocky coastal 2;Rocky coastal 2;14/03/2023 16:25;14/03/2023 16:35;10;Euphorbia dendroides;1000;145;Eupeodes corollae;Syrphidae;HO;1;4;obs;Cabrera
7;403;Rocky coastal 2;Rocky coastal 2;14/03/2023 16:35;14/03/2023 16:45;10;Euphorbia dendroides;350;100;;;;0;0;obs;Cabrera
7;403;Rocky coastal 2;Rocky coastal 2;14/03/2023 16:35;14/03/2023 16:45;10;Euphorbia dendroides;350;100;Pyrellia vivida;Muscidae;DI;1;1;obs;Cabrera
7;404;Rocky coastal 2;Rocky coastal 2;14/03/2023 16:50;14/03/2023 17:00;10;Euphorbia dendroides;280;90;;;;0;0;obs;Cabrera
7;405;Rocky coastal 2;Rocky coastal 2;14/03/2023 17:07;14/03/2023 17:17;10;Euphorbia dendroides;150;100;Spilostethus pandurus;Lygaeidae;OT;1;1;obs;Cabrera
7;405;Rocky coastal 2;Rocky coastal 2;14/03/2023 17:07;14/03/2023 17:17;10;Euphorbia dendroides;150;100;Pyrellia vivida;Muscidae;DI;1;1;obs;Cabrera
7;406;Rocky coastal 2;Rocky coastal 2;14/03/2023 16:46;14/03/2023 16:56;10;Euphorbia dendroides;500;86;Anthomyiidae sp.;Anthomyiidae;DI;1;1;obs;Cabrera
7;407;Rocky coastal 2;Rocky coastal 2;14/03/2023 16:46;14/03/2023 16:56;10;Globularia alypum;4;4;;;;0;0;obs;Cabrera
7;408;Rocky coastal 2;Rocky coastal 2;14/03/2023 16:46;14/03/2023 16:56;10;Euphorbia dendroides;70;70;;;;0;0;obs;Cabrera
7;409;Rocky coastal 2;Rocky coastal 2;14/03/2023 16:46;14/03/2023 16:56;10;Euphorbia dendroides;75;75;Meligethes sp.;Nitidulidae;CO;1;1;obs;Cabrera
7;409;Rocky coastal 2;Rocky coastal 2;14/03/2023 16:46;14/03/2023 16:56;10;Euphorbia dendroides;75;75;Anthomyiidae sp.;Anthomyiidae;DI;1;1;obs;Cabrera
7;410;Rocky coastal 2;Rocky coastal 2;14/03/2023 16:56;14/03/2023 17:06;10;Euphorbia dendroides;65;65;Tapinoma sp;Formicidae;OT;6;6;obs;Cabrera
7;410;Rocky coastal 2;Rocky coastal 2;14/03/2023 16:56;14/03/2023 17:06;10;Euphorbia dendroides;65;65;Anthomyiidae sp.;Anthomyiidae;DI;1;1;obs;Cabrera
7;411a;Rocky coastal 2;Rocky coastal 2;14/03/2023 17:22;14/03/2023 17:32;10;Euphorbia dendroides;75;55;Tapinoma sp;Formicidae;OT;1;1;obs;Cabrera
7;411b;Rocky coastal 2;Rocky coastal 2;14/03/2023 17:32;14/03/2023 17:42;10;Euphorbia dendroides;185;80;Tapinoma sp;Formicidae;OT;1;1;obs;Cabrera
7;412;Pine forest 2;Pine forest 2;15/03/2023 9:54;15/03/2023 10:14;20;Fumana ericoides;20;20;Podarcis lilfordi;Lacertidae;VE;1;1;obs;Cabrera
7;413;Pine forest 2;Pine forest 2;15/03/2023 9:54;15/03/2023 10:14;20;Globularia alypum;3;3;;;;0;0;obs;Cabrera
7;414;Pine forest 2;Pine forest 2;15/03/2023 9:54;15/03/2023 10:14;20;Fumana ericoides;15;15;Podarcis lilfordi;Lacertidae;VE;1;1;obs;Cabrera
7;414;Pine forest 2;Pine forest 2;15/03/2023 9:54;15/03/2023 10:14;20;Fumana ericoides;15;15;Podarcis lilfordi;Lacertidae;VE;1;1;obs;Cabrera
7;414;Pine forest 2;Pine forest 2;15/03/2023 9:54;15/03/2023 10:14;20;Fumana ericoides;15;15;Lasioglossum sp.;Halictidae;BE;1;3;obs;Cabrera
7;414;Pine forest 2;Pine forest 2;15/03/2023 9:54;15/03/2023 10:14;20;Fumana ericoides;15;15;Podarcis lilfordi;Lacertidae;VE;1;1;obs;Cabrera
7;415;Pine forest 2;Pine forest 2;15/03/2023 10:42;15/03/2023 11:12;30;Globularia alypum;2;2;Eupeodes corollae;Syrphidae;HO;1;1;obs;Cabrera
7;416;Pine forest 2;Pine forest 2;15/03/2023 10:42;15/03/2023 11:12;30;Fumana ericoides;13;13;Podarcis lilfordi;Lacertidae;VE;1;1;obs;Cabrera
7;416;Pine forest 2;Pine forest 2;15/03/2023 10:42;15/03/2023 11:12;30;Fumana ericoides;13;13;Podarcis lilfordi;Lacertidae;VE;1;1;obs;Cabrera
7;416;Pine forest 2;Pine forest 2;15/03/2023 10:42;15/03/2023 11:12;30;Fumana ericoides;13;13;Podarcis lilfordi;Lacertidae;VE;1;1;obs;Cabrera
7;417;Pine forest 2;Pine forest 2;15/03/2023 10:42;15/03/2023 11:12;30;Fumana ericoides;1;1;Podarcis lilfordi;Lacertidae;VE;1;1;obs;Cabrera
7;418;Pine forest 2;Pine forest 2;15/03/2023 10:42;15/03/2023 11:12;30;Globularia alypum;1;1;Podarcis lilfordi;Lacertidae;VE;1;1;obs;Cabrera
7;419;Pine forest 2;Pine forest 2;15/03/2023 10:42;15/03/2023 11:12;30;Fumana ericoides;1;1;Podarcis lilfordi;Lacertidae;VE;1;1;obs;Cabrera
7;419;Pine forest 2;Pine forest 2;15/03/2023 10:42;15/03/2023 11:12;30;Fumana ericoides;1;1;Podarcis lilfordi;Lacertidae;VE;1;1;obs;Cabrera
7;419;Pine forest 2;Pine forest 2;15/03/2023 10:42;15/03/2023 11:12;30;Fumana ericoides;1;1;Tapinoma sp;Formicidae;OT;1;1;obs;Cabrera
7;420;Pine forest 2;Pine forest 2;15/03/2023 10:42;15/03/2023 11:12;30;Fumana ericoides;2;2;;;;0;0;obs;Cabrera
7;421;Pine forest 2;Pine forest 2;15/03/2023 10:42;15/03/2023 11:12;30;Globularia alypum;1;1;Podarcis lilfordi;Lacertidae;VE;1;1;obs;Cabrera
7;422;Pine forest 2;Pine forest 2;15/03/2023 10:42;15/03/2023 11:12;30;Fumana ericoides;1;1;Podarcis lilfordi;Lacertidae;VE;1;1;obs;Cabrera
7;422;Pine forest 2;Pine forest 2;15/03/2023 10:42;15/03/2023 11:12;30;Fumana ericoides;1;1;Podarcis lilfordi;Lacertidae;VE;1;1;obs;Cabrera
7;422;Pine forest 2;Pine forest 2;15/03/2023 10:42;15/03/2023 11:12;30;Fumana ericoides;1;1;Podarcis lilfordi;Lacertidae;VE;1;1;obs;Cabrera
7;423;Pine forest 2;Pine forest 2;15/03/2023 11:13;15/03/2023 11:23;10;Globularia alypum;4;4;Tapinoma sp;Formicidae;OT;1;1;obs;Cabrera
7;424;Pine forest 2;Pine forest 2;15/03/2023 11:13;15/03/2023 11:23;10;Fumana ericoides;2;2;;;;0;0;obs;Cabrera
7;425;Pine forest 2;Pine forest 2;15/03/2023 11:17;15/03/2023 11:27;10;Fumana ericoides;7;7;Podarcis lilfordi;Lacertidae;VE;1;1;obs;Cabrera
7;426;Pine forest 2;Pine forest 2;15/03/2023 12:22;15/03/2023 12:32;10;Globularia alypum;9;9;Lasioglossum sp.;Halictidae;BE;1;2;obs;Cabrera
7;426;Pine forest 2;Pine forest 2;15/03/2023 12:22;15/03/2023 12:32;10;Globularia alypum;9;9;Lasioglossum sp.;Halictidae;BE;1;1;obs;Cabrera
7;426;Pine forest 2;Pine forest 2;15/03/2023 12:22;15/03/2023 12:32;10;Globularia alypum;9;9;Lasioglossum sp.;Halictidae;BE;1;1;obs;Cabrera
7;426;Pine forest 2;Pine forest 2;15/03/2023 12:22;15/03/2023 12:32;10;Globularia alypum;9;9;Lasioglossum sp.;Halictidae;BE;1;1;obs;Cabrera
7;427;Pine forest 2;Pine forest 2;15/03/2023 12:22;15/03/2023 12:32;10;Fumana ericoides;5;5;Lasioglossum sp.;Halictidae;BE;1;1;obs;Cabrera
7;428;Pine forest 2;Pine forest 2;15/03/2023 12:22;15/03/2023 12:32;10;Fumana ericoides;10;10;;;;0;0;obs;Cabrera
7;429;Pine forest 2;Pine forest 2;15/03/2023 12:22;15/03/2023 12:32;10;Globularia alypum;2;2;Lasioglossum sp.;Halictidae;BE;1;1;obs;Cabrera
7;430;Pine forest 2;Pine forest 2;15/03/2023 12:22;15/03/2023 12:32;10;Fumana ericoides;10;10;Lasioglossum sp.;Halictidae;BE;1;1;obs;Cabrera
7;431;Pine forest 2;Pine forest 2;15/03/2023 12:22;15/03/2023 12:32;10;Fumana ericoides;3;3;Lasioglossum sp.;Halictidae;BE;1;1;obs;Cabrera
7;432;Pine forest 2;Pine forest 2;15/03/2023 12:22;15/03/2023 12:32;10;Globularia alypum;1;1;;;;0;0;obs;Cabrera
7;433;Pine forest 2;Pine forest 2;15/03/2023 9:54;15/03/2023 10:04;10;Globularia alypum;2;2;;;;0;0;obs;Cabrera
7;434;Pine forest 2;Pine forest 2;15/03/2023 9:54;15/03/2023 10:04;10;Fumana ericoides;2;2;;;;0;0;obs;Cabrera
7;435;Pine forest 2;Pine forest 2;15/03/2023 10:06;15/03/2023 10:16;10;Fumana ericoides;1;1;Stomorhina lunata;Rhiniidae;DI;1;1;obs;Cabrera
7;435;Pine forest 2;Pine forest 2;15/03/2023 10:06;15/03/2023 10:16;10;Fumana ericoides;1;1;;;;0;0;obs;Cabrera
7;435;Pine forest 2;Pine forest 2;15/03/2023 10:06;15/03/2023 10:16;10;Fumana ericoides;1;1;;;;0;0;obs;Cabrera
7;436;Pine forest 2;Pine forest 2;15/03/2023 10:06;15/03/2023 10:16;10;Fumana ericoides;1;1;;;;0;0;obs;Cabrera
7;436;Pine forest 2;Pine forest 2;15/03/2023 10:06;15/03/2023 10:16;10;Fumana ericoides;1;1;;;;0;0;obs;Cabrera
7;436;Pine forest 2;Pine forest 2;15/03/2023 10:06;15/03/2023 10:16;10;Fumana ericoides;1;1;;;;0;0;obs;Cabrera
7;437;Pine forest 2;Pine forest 2;15/03/2023 10:27;15/03/2023 10:47;20;Globularia alypum;1;1;;;;0;0;obs;Cabrera
7;438;Pine forest 2;Pine forest 2;15/03/2023 10:27;15/03/2023 10:47;20;Fumana ericoides;2;2;;;;0;0;obs;Cabrera
7;439;Pine forest 2;Pine forest 2;15/03/2023 10:27;15/03/2023 10:47;20;Fumana ericoides;1;1;Lasioglossum sp.;Halictidae;BE;1;1;obs;Cabrera
7;440;Pine forest 2;Pine forest 2;15/03/2023 10:27;15/03/2023 10:47;20;Globularia alypum;2;2;Podarcis lilfordi;Lacertidae;VE;1;1;obs;Cabrera
7;441;Pine forest 2;Pine forest 2;15/03/2023 10:49;15/03/2023 11:09;20;Fumana ericoides;1;1;;;;0;0;obs;Cabrera
7;442;Pine forest 2;Pine forest 2;15/03/2023 10:49;15/03/2023 11:09;20;Fumana ericoides;2;2;;;;0;0;obs;Cabrera
7;443;Pine forest 2;Pine forest 2;15/03/2023 10:49;15/03/2023 11:09;20;Fumana ericoides;1;1;;;;0;0;obs;Cabrera
7;443;Pine forest 2;Pine forest 2;15/03/2023 10:49;15/03/2023 11:09;20;Fumana ericoides;1;1;;;;0;0;obs;Cabrera
7;444;Pine forest 2;Pine forest 2;15/03/2023 10:49;15/03/2023 11:09;20;Fumana ericoides;1;1;;;;0;0;obs;Cabrera
7;444a;Pine forest 2;Pine forest 2;15/03/2023 11:19;15/03/2023 11:29;10;Fumana ericoides;1;1;;;;0;0;obs;Cabrera
7;445;Pine forest 2;Pine forest 2;15/03/2023 11:19;15/03/2023 11:29;10;Globularia alypum;2;2;;;;0;0;obs;Cabrera
7;446;Pine forest 2;Pine forest 2;15/03/2023 11:19;15/03/2023 11:29;10;Fumana ericoides;1;1;;;;0;0;obs;Cabrera
7;447;Pine forest 2;Pine forest 2;15/03/2023 11:19;15/03/2023 11:29;10;Fumana ericoides;3;3;;;;0;0;obs;Cabrera
7;448;Pine forest 2;Pine forest 2;15/03/2023 11:19;15/03/2023 11:29;10;Fumana ericoides;1;1;;;;0;0;obs;Cabrera
7;449;Pine forest 2;Pine forest 2;15/03/2023 11:32;15/03/2023 11:42;10;Fumana ericoides;3;3;Lasioglossum sp.;Halictidae;BE;1;1;obs;Cabrera
7;450;Pine forest 2;Pine forest 2;15/03/2023 11:32;15/03/2023 11:42;10;Globularia alypum;2;2;Lasioglossum sp.;Halictidae;BE;1;1;obs;Cabrera
7;451;Pine forest 2;Pine forest 2;15/03/2023 12:22;15/03/2023 12:42;20;Fumana ericoides;3;3;;;;0;0;obs;Cabrera
7;452;Pine forest 2;Pine forest 2;15/03/2023 12:22;15/03/2023 12:42;20;Globularia alypum;2;2;;;;0;0;obs;Cabrera
7;453;Pine forest 2;Pine forest 2;15/03/2023 12:22;15/03/2023 12:42;20;Globularia alypum;1;1;Lasioglossum sp.;Halictidae;BE;1;1;obs;Cabrera
7;454;Pine forest 2;Pine forest 2;15/03/2023 12:22;15/03/2023 12:42;20;Globularia alypum;3;3;;;;0;0;obs;Cabrera
7;455;Pine forest 2;Pine forest 2;15/03/2023 12:46;15/03/2023 13:06;20;Fumana ericoides;2;2;;;;0;0;obs;Cabrera
7;456;Pine forest 2;Pine forest 2;15/03/2023 12:46;15/03/2023 13:06;20;Fumana ericoides;1;1;;;;0;0;obs;Cabrera
7;457;Pine forest 2;Pine forest 2;15/03/2023 12:46;15/03/2023 13:06;20;Fumana ericoides;1;1;Anthophora balearica;Apidae;BE;1;1;obs;Cabrera
7;458;Pine forest 2;Pine forest 2;15/03/2023 12:46;15/03/2023 13:06;20;Globularia alypum;1;1;;;;0;0;obs;Cabrera
7;459;Pine forest 2;Pine forest 2;15/03/2023 11:10;15/03/2023 11:20;10;Fumana ericoides;2;2;Lasioglossum sp.;Halictidae;BE;1;2;obs;Cabrera
7;460;Pine forest 2;Pine forest 2;15/03/2023 11:20;15/03/2023 11:30;10;Fumana ericoides;3;3;;;;0;0;obs;Cabrera
7;461;Pine forest 2;Pine forest 2;15/03/2023 11:30;15/03/2023 11:40;10;Fumana ericoides;3;3;Lasioglossum sp.;Halictidae;BE;1;1;obs;Cabrera
7;462;Pine forest 2;Pine forest 2;15/03/2023 11:40;15/03/2023 11:50;10;Fumana ericoides;1;1;Podarcis lilfordi;Lacertidae;VE;1;1;obs;Cabrera
7;463;Pine forest 2;Pine forest 2;15/03/2023 11:50;15/03/2023 12:00;10;Fumana ericoides;2;2;Lasioglossum sp.;Halictidae;BE;1;1;obs;Cabrera
7;464;Pine forest 2;Pine forest 2;15/03/2023 12:10;15/03/2023 12:20;10;Fumana ericoides;4;4;;;;0;0;obs;Cabrera
7;465;Pine forest 2;Pine forest 2;15/03/2023 12:20;15/03/2023 12:30;10;Fumana ericoides;8;8;;;;0;0;obs;Cabrera
7;466;Pine forest 2;Pine forest 2;15/03/2023 12:30;15/03/2023 12:40;10;Globularia alypum;2;2;Lasioglossum sp.;Halictidae;BE;1;1;obs;Cabrera
7;467;Pine forest 2;Pine forest 2;15/03/2023 12:40;15/03/2023 12:50;10;Globularia alypum;1;1;;;;0;0;obs;Cabrera
7;468;Pine forest 2;Pine forest 2;15/03/2023 12:50;15/03/2023 13:00;10;Fumana ericoides;2;2;Lasioglossum sp.;Halictidae;BE;1;1;obs;Cabrera
7;469;Dune system 2;Dune system 2;15/03/2023 15:20;15/03/2023 15:30;10;Cakile maritima;32;29;Anthophora balearica;Apidae;BE;1;5;obs;Cabrera
7;470;Dune system 2;Dune system 2;15/03/2023 15:30;15/03/2023 15:40;10;Cakile maritima;6;6;Anthophora balearica;Apidae;BE;1;1;obs;Cabrera
7;471;Dune system 2;Dune system 2;15/03/2023 15:40;15/03/2023 15:50;10;Cakile maritima;11;11;Anthophora balearica;Apidae;BE;1;4;obs;Cabrera
7;471;Dune system 2;Dune system 2;15/03/2023 15:40;15/03/2023 15:50;10;Cakile maritima;11;11;Anthophora balearica;Apidae;BE;1;6;obs;Cabrera
7;471;Dune system 2;Dune system 2;15/03/2023 15:40;15/03/2023 15:50;10;Cakile maritima;11;11;Anthophora balearica;Apidae;BE;1;1;obs;Cabrera
7;472;Dune system 2;Dune system 2;15/03/2023 15:50;15/03/2023 16:00;10;Cakile maritima;7;7;Anthophora balearica;Apidae;BE;1;6;obs;Cabrera
7;473;Dune system 2;Dune system 2;15/03/2023 16:00;15/03/2023 16:10;10;Cakile maritima;6;6;Anthophora balearica;Apidae;BE;1;3;obs;Cabrera
7;473;Dune system 2;Dune system 2;15/03/2023 16:00;15/03/2023 16:10;10;Cakile maritima;6;6;Anthophora balearica;Apidae;BE;1;3;obs;Cabrera
7;474;Dune system 2;Dune system 2;15/03/2023 16:10;15/03/2023 16:20;10;Cakile maritima;2;2;Anthophora balearica;Apidae;BE;1;1;obs;Cabrera
7;475;Dune system 2;Dune system 2;15/03/2023 16:20;15/03/2023 16:30;10;Cakile maritima;1;1;;;;0;0;obs;Cabrera
7;475;Dune system 2;Dune system 2;15/03/2023 16:20;15/03/2023 16:30;10;Cakile maritima;1;1;;;;0;0;obs;Cabrera
7;476;Dune system 2;Dune system 2;15/03/2023 16:30;15/03/2023 16:40;10;Cakile maritima;4;4;;;;0;0;obs;Cabrera
7;477;Dune system 2;Dune system 2;15/03/2023 16:40;15/03/2023 16:50;10;Cakile maritima;5;5;;;;0;0;obs;Cabrera
7;478;Dune system 2;Dune system 2;15/03/2023 17:00;15/03/2023 17:10;10;Cakile maritima;1;1;;;;0;0;obs;Cabrera
7;479;Dune system 2;Dune system 2;15/03/2023 15:23;15/03/2023 15:33;10;Cakile maritima;31;31;Anthophora balearica;Apidae;BE;1;5;obs;Cabrera
7;479;Dune system 2;Dune system 2;15/03/2023 15:23;15/03/2023 15:33;10;Cakile maritima;31;31;Anthophora balearica;Apidae;BE;1;4;obs;Cabrera
7;479;Dune system 2;Dune system 2;15/03/2023 15:23;15/03/2023 15:33;10;Cakile maritima;31;31;Anthophora balearica;Apidae;BE;1;2;obs;Cabrera
7;479;Dune system 2;Dune system 2;15/03/2023 15:23;15/03/2023 15:33;10;Cakile maritima;31;31;Anthophora balearica;Apidae;BE;1;2;obs;Cabrera
7;479;Dune system 2;Dune system 2;15/03/2023 15:23;15/03/2023 15:33;10;Cakile maritima;31;31;Anthophora balearica;Apidae;BE;1;2;obs;Cabrera
7;480;Dune system 2;Dune system 2;15/03/2023 15:40;15/03/2023 15:50;10;Cakile maritima;29;29;Anthophora balearica;Apidae;BE;1;3;obs;Cabrera
7;480;Dune system 2;Dune system 2;15/03/2023 15:40;15/03/2023 15:50;10;Cakile maritima;29;29;Anthophora balearica;Apidae;BE;1;1;obs;Cabrera
7;480;Dune system 2;Dune system 2;15/03/2023 15:40;15/03/2023 15:50;10;Cakile maritima;29;29;Anthophora balearica;Apidae;BE;1;2;obs;Cabrera
7;480;Dune system 2;Dune system 2;15/03/2023 15:40;15/03/2023 15:50;10;Cakile maritima;29;29;Anthophora balearica;Apidae;BE;1;3;obs;Cabrera
7;481;Dune system 2;Dune system 2;15/03/2023 15:50;15/03/2023 16:00;10;Cakile maritima;28;28;Anthophora balearica;Apidae;BE;1;2;obs;Cabrera
7;481;Dune system 2;Dune system 2;15/03/2023 15:50;15/03/2023 16:00;10;Cakile maritima;28;28;Anthophora balearica;Apidae;BE;1;1;obs;Cabrera
7;481;Dune system 2;Dune system 2;15/03/2023 15:50;15/03/2023 16:00;10;Cakile maritima;28;28;Anthophora balearica;Apidae;BE;1;4;obs;Cabrera
7;481;Dune system 2;Dune system 2;15/03/2023 15:50;15/03/2023 16:00;10;Cakile maritima;28;28;Anthophora balearica;Apidae;BE;1;3;obs;Cabrera
7;482;Dune system 2;Dune system 2;15/03/2023 16:00;15/03/2023 16:10;10;Cakile maritima;32;32;Anthophora balearica;Apidae;BE;1;4;obs;Cabrera
7;482;Dune system 2;Dune system 2;15/03/2023 16:00;15/03/2023 16:10;10;Cakile maritima;32;32;Anthophora balearica;Apidae;BE;1;1;obs;Cabrera
7;483;Dune system 2;Dune system 2;15/03/2023 16:10;15/03/2023 16:20;10;Cakile maritima;6;6;Anthomyiidae sp.;Anthomyiidae;DI;1;1;obs;Cabrera
7;484;Dune system 2;Dune system 2;15/03/2023 16:20;15/03/2023 16:30;10;Cakile maritima;35;35;Anthophora balearica;Apidae;BE;1;2;obs;Cabrera
7;484;Dune system 2;Dune system 2;15/03/2023 16:20;15/03/2023 16:30;10;Cakile maritima;35;35;Anthophora balearica;Apidae;BE;1;1;obs;Cabrera
7;485;Dune system 2;Dune system 2;15/03/2023 16:30;15/03/2023 16:40;10;Cakile maritima;23;23;Anthophora balearica;Apidae;BE;1;1;obs;Cabrera
7;485;Dune system 2;Dune system 2;15/03/2023 16:30;15/03/2023 16:40;10;Cakile maritima;23;23;Anthomyiidae sp.;Anthomyiidae;DI;1;1;obs;Cabrera
7;486;Dune system 2;Dune system 2;15/03/2023 16:40;15/03/2023 16:50;10;Cakile maritima;13;13;Anthomyiidae sp.;Anthomyiidae;DI;1;1;obs;Cabrera
7;486;Dune system 2;Dune system 2;15/03/2023 16:40;15/03/2023 16:50;10;Cakile maritima;13;13;Anthomyiidae sp.;Anthomyiidae;DI;1;1;obs;Cabrera
7;487;Dune system 2;Dune system 2;15/03/2023 16:50;15/03/2023 17:00;10;Cakile maritima;5;5;;;;0;0;obs;Cabrera
7;488;Dune system 2;Dune system 2;15/03/2023 15:50;15/03/2023 16:00;10;Cakile maritima;15;15;Anthophora balearica;Apidae;BE;1;2;obs;Cabrera
7;488;Dune system 2;Dune system 2;15/03/2023 15:50;15/03/2023 16:00;10;Cakile maritima;15;15;Anthomyiidae sp.;Anthomyiidae;DI;1;1;obs;Cabrera
7;488;Dune system 2;Dune system 2;15/03/2023 15:50;15/03/2023 16:00;10;Cakile maritima;15;15;Anthophora balearica;Apidae;BE;1;1;obs;Cabrera
7;489;Dune system 2;Dune system 2;15/03/2023 16:00;15/03/2023 16:10;10;Cakile maritima;6;6;;;;0;0;obs;Cabrera
7;490;Dune system 2;Dune system 2;15/03/2023 16:10;15/03/2023 16:20;10;Cakile maritima;8;8;;;;0;0;obs;Cabrera
7;491;Dune system 1;Dune system 1;16/03/2023 10:04;16/03/2023 10:14;10;Rosmarinus officinalis;4;4;;;;0;0;obs;Cabrera
7;492;Dune system 1;Dune system 1;16/03/2023 10:14;16/03/2023 10:24;10;Rosmarinus officinalis;250;76;Anthophora balearica;Apidae;BE;1;3;obs;Cabrera
7;492;Dune system 1;Dune system 1;16/03/2023 10:14;16/03/2023 10:24;10;Rosmarinus officinalis;250;76;Podarcis lilfordi;Lacertidae;VE;1;2;obs;Cabrera
7;492;Dune system 1;Dune system 1;16/03/2023 10:14;16/03/2023 10:24;10;Rosmarinus officinalis;250;76;Podarcis lilfordi;Lacertidae;VE;1;4;obs;Cabrera
7;492;Dune system 1;Dune system 1;16/03/2023 10:14;16/03/2023 10:24;10;Rosmarinus officinalis;250;76;Podarcis lilfordi;Lacertidae;VE;1;3;obs;Cabrera
7;492;Dune system 1;Dune system 1;16/03/2023 10:14;16/03/2023 10:24;10;Rosmarinus officinalis;250;76;Anthophora balearica;Apidae;BE;1;4;obs;Cabrera
7;492;Dune system 1;Dune system 1;16/03/2023 10:14;16/03/2023 10:24;10;Rosmarinus officinalis;250;76;Anthophora balearica;Apidae;BE;1;3;obs;Cabrera
7;492;Dune system 1;Dune system 1;16/03/2023 10:14;16/03/2023 10:24;10;Rosmarinus officinalis;250;76;Anthomyiidae sp.;Anthomyiidae;DI;1;1;obs;Cabrera
7;493;Dune system 1;Pine forest 1;16/03/2023 10:25;16/03/2023 10:35;10;Globularia alypum;6;6;;;;0;0;obs;Cabrera
7;494;Dune system 1;Pine forest 1;16/03/2023 10:35;16/03/2023 10:45;10;Globularia alypum;4;4;;;;0;0;obs;Cabrera
7;495;Dune system 1;Pine forest 1;16/03/2023 10:45;16/03/2023 10:55;10;Globularia alypum;2;2;Anthophora balearica;Apidae;BE;1;1;obs;Cabrera
7;496;Dune system 1;Pine forest 1;16/03/2023 10:55;16/03/2023 11:05;10;Globularia alypum;3;3;;;;0;0;obs;Cabrera
7;497;Dune system 1;Rocky coastal 1;16/03/2023 11:05;16/03/2023 11:15;10;Euphorbia dendroides;120;100;;;;0;0;obs;Cabrera
7;498;Dune system 1;Dune system 1;16/03/2023 11:15;16/03/2023 11:25;10;Rosmarinus officinalis;3;3;Meliscaeva auricollis;Syrphidae;HO;1;1;obs;Cabrera
7;499;Dune system 1;Rocky coastal 1;16/03/2023 11:25;16/03/2023 11:35;10;Euphorbia dendroides;100;80;Pyrellia vivida;Muscidae;DI;1;1;obs;Cabrera
7;499;Dune system 1;Rocky coastal 1;16/03/2023 11:25;16/03/2023 11:35;10;Euphorbia dendroides;100;80;Pyrellia vivida;Muscidae;DI;1;6;obs;Cabrera
7;500;Dune system 1;Rocky coastal 1;16/03/2023 11:35;16/03/2023 11:45;10;Euphorbia dendroides;400;98;Eupeodes corollae;Syrphidae;HO;1;1;obs;Cabrera
7;500;Dune system 1;Rocky coastal 1;16/03/2023 11:35;16/03/2023 11:45;10;Euphorbia dendroides;400;98;Anthomyiidae sp.;Anthomyiidae;DI;1;1;obs;Cabrera
7;500;Dune system 1;Rocky coastal 1;16/03/2023 11:35;16/03/2023 11:45;10;Euphorbia dendroides;400;98;Anthophora balearica;Apidae;BE;1;1;obs;Cabrera
7;500;Dune system 1;Rocky coastal 1;16/03/2023 11:35;16/03/2023 11:45;10;Euphorbia dendroides;400;98;Anthophora balearica;Apidae;BE;1;1;obs;Cabrera
7;501;Dune system 1;Rocky coastal 1;16/03/2023 10:04;16/03/2023 10:14;10;Euphorbia dendroides;80;80;Eumenes dubius;Eumenidae;WA;1;1;obs;Cabrera
7;502;Dune system 1;Pine forest 1;16/03/2023 10:14;16/03/2023 10:24;10;Globularia alypum;2;2;;;;0;0;obs;Cabrera
7;503;Dune system 1;Rocky coastal 1;16/03/2023 10:24;16/03/2023 10:34;10;Euphorbia dendroides;120;65;Eupeodes corollae;Syrphidae;HO;1;1;obs;Cabrera
7;504;Dune system 1;Pine forest 1;16/03/2023 10:34;16/03/2023 10:44;10;Globularia alypum;1;1;;;;0;0;obs;Cabrera
7;505;Dune system 1;Rocky coastal 1;16/03/2023 10:44;16/03/2023 10:54;10;Euphorbia dendroides;170;87;Eupeodes corollae;Syrphidae;HO;1;1;obs;Cabrera
7;505;Dune system 1;Rocky coastal 1;16/03/2023 10:44;16/03/2023 10:54;10;Euphorbia dendroides;170;87;Eupeodes corollae;Syrphidae;HO;1;1;obs;Cabrera
7;506;Dune system 1;Rocky coastal 1;16/03/2023 10:54;16/03/2023 11:04;10;Euphorbia dendroides;150;98;Podarcis lilfordi;Lacertidae;VE;1;5;obs;Cabrera
7;506;Dune system 1;Rocky coastal 1;16/03/2023 10:54;16/03/2023 11:04;10;Euphorbia dendroides;150;98;Eupeodes corollae;Syrphidae;HO;1;1;obs;Cabrera
7;506;Dune system 1;Rocky coastal 1;16/03/2023 10:54;16/03/2023 11:04;10;Euphorbia dendroides;150;98;Calliphoridae sp.;Calliphoridae;DI;1;1;obs;Cabrera
7;506;Dune system 1;Rocky coastal 1;16/03/2023 10:54;16/03/2023 11:04;10;Euphorbia dendroides;150;98;Anthophora balearica;Apidae;BE;1;4;obs;Cabrera
7;506;Dune system 1;Rocky coastal 1;16/03/2023 10:54;16/03/2023 11:04;10;Euphorbia dendroides;150;98;Calliphoridae sp.;Calliphoridae;DI;1;3;obs;Cabrera
7;507;Dune system 1;Rocky coastal 1;16/03/2023 11:04;16/03/2023 11:14;10;Euphorbia dendroides;85;65;Calliphoridae sp.;Calliphoridae;DI;1;1;obs;Cabrera
7;507;Dune system 1;Rocky coastal 1;16/03/2023 11:04;16/03/2023 11:14;10;Euphorbia dendroides;85;65;Anthophora balearica;Apidae;BE;1;6;obs;Cabrera
7;507;Dune system 1;Rocky coastal 1;16/03/2023 11:04;16/03/2023 11:14;10;Euphorbia dendroides;85;65;Eupeodes corollae;Syrphidae;HO;1;1;obs;Cabrera
7;508;Dune system 1;Rocky coastal 1;16/03/2023 11:14;16/03/2023 11:24;10;Euphorbia dendroides;45;45;Podarcis lilfordi;Lacertidae;VE;1;1;obs;Cabrera
7;509;Dune system 1;Pine forest 1;16/03/2023 11:24;16/03/2023 11:34;10;Globularia alypum;3;3;;;;0;0;obs;Cabrera
7;510;Dune system 1;Rocky coastal 1;16/03/2023 11:34;16/03/2023 11:44;10;Euphorbia dendroides;250;105;Pyrellia vivida;Muscidae;DI;1;1;obs;Cabrera
7;511;Dune system 1;Rocky coastal 1;16/03/2023 11:44;16/03/2023 11:54;10;Euphorbia dendroides;250;105;Pyrellia vivida;Muscidae;DI;1;5;obs;Cabrera
7;511;Dune system 1;Rocky coastal 1;16/03/2023 11:44;16/03/2023 11:54;10;Euphorbia dendroides;250;105;Meliscaeva auricollis;Syrphidae;HO;3;15;obs;Cabrera
7;511;Dune system 1;Rocky coastal 1;16/03/2023 11:44;16/03/2023 11:54;10;Euphorbia dendroides;250;105;Pyrellia vivida;Muscidae;DI;2;4;obs;Cabrera
7;512;Dune system 1;Rocky coastal 1;16/03/2023 11:54;16/03/2023 12:04;10;Euphorbia dendroides;90;60;Meliscaeva auricollis;Syrphidae;HO;4;20;obs;Cabrera
7;512;Dune system 1;Rocky coastal 1;16/03/2023 11:54;16/03/2023 12:04;10;Euphorbia dendroides;90;60;Eupeodes corollae;Syrphidae;HO;1;1;obs;Cabrera
7;513;Dune system 1;Rocky coastal 1;16/03/2023 12:04;16/03/2023 12:14;10;Euphorbia dendroides;170;75;Podarcis lilfordi;Lacertidae;VE;1;1;obs;Cabrera
7;514;Dune system 1;Pine forest 1;16/03/2023 12:14;16/03/2023 12:24;10;Globularia alypum;2;2;;;;0;0;obs;Cabrera
7;515;Dune system 1;Rocky coastal 1;16/03/2023 10:42;16/03/2023 10:52;10;Astragalus balearicus;12;12;Anthophora balearica;Apidae;BE;1;3;obs;Cabrera
7;516;Dune system 1;Rocky coastal 1;16/03/2023 10:52;16/03/2023 11:02;10;Astragalus balearicus;9;9;;;;0;0;obs;Cabrera
7;517;Dune system 1;Rocky coastal 1;16/03/2023 11:02;16/03/2023 11:12;10;Astragalus balearicus;15;15;Anthophora balearica;Apidae;BE;1;5;obs;Cabrera
7;518;Dune system 1;Dune system 1;16/03/2023 11:12;16/03/2023 11:22;10;Rosmarinus officinalis;45;45;Podarcis lilfordi;Lacertidae;VE;2;4;obs;Cabrera
7;519;Dune system 1;Rocky coastal 1;16/03/2023 11:22;16/03/2023 11:32;10;Euphorbia dendroides;220;135;Meliscaeva auricollis;Syrphidae;HO;1;5;obs;Cabrera
7;519;Dune system 1;Rocky coastal 1;16/03/2023 11:22;16/03/2023 11:32;10;Euphorbia dendroides;220;135;Meliscaeva auricollis;Syrphidae;HO;1;4;obs;Cabrera
7;520;Dune system 1;Rocky coastal 1;16/03/2023 11:32;16/03/2023 11:42;10;Euphorbia dendroides;350;86;Meliscaeva auricollis;Syrphidae;HO;1;8;obs;Cabrera
7;520;Dune system 1;Rocky coastal 1;16/03/2023 11:32;16/03/2023 11:42;10;Euphorbia dendroides;350;86;Anthophora balearica;Apidae;BE;2;4;obs;Cabrera
7;521;Dune system 1;Rocky coastal 1;16/03/2023 11:42;16/03/2023 11:52;10;Euphorbia dendroides;500;90;Podarcis lilfordi;Lacertidae;VE;1;5;obs;Cabrera
7;522;Dune system 1;Rocky coastal 1;16/03/2023 11:52;16/03/2023 12:02;10;Euphorbia dendroides;200;115;Podarcis lilfordi;Lacertidae;VE;1;2;obs;Cabrera
7;523;Dune system 1;Rocky coastal 1;16/03/2023 12:02;16/03/2023 12:12;10;Euphorbia dendroides;250;65;Eupeodes corollae;Syrphidae;HO;1;2;obs;Cabrera
7;523;Dune system 1;Rocky coastal 1;16/03/2023 12:02;16/03/2023 12:12;10;Euphorbia dendroides;250;65;Meliscaeva auricollis;Syrphidae;HO;1;3;obs;Cabrera
;;;nan;;;;;;;;;;;;;
;;;nan;;;;;;;;;;;;;
;;;nan;;;;;;;;;;;;;
;;;nan;;;;;;;;;;;;;
7;527;Rocky coastal 1;Rocky coastal 1;16/03/2023 15:42;16/03/2023 15:52;10;Daucus carota L. subsp. Majoricus;12;12;Anthomyiidae sp.;Anthomyiidae;DI;1;3;obs;Cabrera
7;527;Rocky coastal 1;Rocky coastal 1;16/03/2023 15:42;16/03/2023 15:52;10;Daucus carota L. subsp. Majoricus;12;12;Anthomyiidae sp.;Anthomyiidae;DI;1;1;obs;Cabrera
7;527;Rocky coastal 1;Rocky coastal 1;16/03/2023 15:42;16/03/2023 15:52;10;Daucus carota L. subsp. Majoricus;12;12;Anthomyiidae sp.;Anthomyiidae;DI;1;1;obs;Cabrera
7;528;Rocky coastal 1;Rocky coastal 1;16/03/2023 16:12;16/03/2023 16:22;10;Astragalus balearicus;41;41;;;;0;0;obs;Cabrera
;;;nan;;;;;;;;;;;;;
;;;nan;;;;;;;;;;;;;
;;;nan;;;;;;;;;;;;;
;;;nan;;;;;;;;;;;;;
;;;nan;;;;;;;;;;;;;
;;;nan;;;;;;;;;;;;;
;;;nan;;;;;;;;;;;;;
7;533;Rocky coastal 1;Rocky coastal 1;16/03/2023 15:25;16/03/2023 15:35;10;Astragalus balearicus;300;300;Anthophora balearica;Apidae;BE;1;2;obs;Cabrera
7;533;Rocky coastal 1;Rocky coastal 1;16/03/2023 15:25;16/03/2023 15:35;10;Astragalus balearicus;300;300;Anthophora balearica;Apidae;BE;1;5;obs;Cabrera
7;533;Rocky coastal 1;Rocky coastal 1;16/03/2023 15:25;16/03/2023 15:35;10;Astragalus balearicus;300;300;Podarcis lilfordi;Lacertidae;VE;1;3;obs;Cabrera
7;534;Rocky coastal 1;Rocky coastal 1;16/03/2023 15:37;16/03/2023 15:47;10;Rosmarinus officinalis;200;200;Macroglossum stellatarum;Sphingidae;LE;2;100;obs;Cabrera
7;534;Rocky coastal 1;Rocky coastal 1;16/03/2023 15:37;16/03/2023 15:47;10;Rosmarinus officinalis;200;200;Anthophora balearica;Apidae;BE;2;5;obs;Cabrera
7;535;Rocky coastal 1;Rocky coastal 1;16/03/2023 15:37;16/03/2023 15:47;10;Astragalus balearicus;300;300;Anthophora balearica;Apidae;BE;1;5;obs;Cabrera
7;536;Rocky coastal 1;Rocky coastal 1;16/03/2023 15:37;16/03/2023 15:47;10;Rosmarinus officinalis;200;200;Macroglossum stellatarum;Sphingidae;LE;2;50;obs;Cabrera
7;537;Rocky coastal 1;Rocky coastal 1;16/03/2023 15:37;16/03/2023 15:47;10;Astragalus balearicus;300;300;Anthophora balearica;Apidae;BE;1;5;obs;Cabrera
7;537;Rocky coastal 1;Rocky coastal 1;16/03/2023 15:37;16/03/2023 15:47;10;Astragalus balearicus;300;300;Anthophora balearica;Apidae;BE;1;3;obs;Cabrera
7;538;Rocky coastal 1;Rocky coastal 1;16/03/2023 15:37;16/03/2023 15:47;10;Rosmarinus officinalis;200;200;Anthophora balearica;Apidae;BE;1;2;obs;Cabrera
7;539;Rocky coastal 1;Rocky coastal 1;16/03/2023 15:37;16/03/2023 15:47;10;Astragalus balearicus;300;300;Anthophora balearica;Apidae;BE;1;6;obs;Cabrera
7;540;Rocky coastal 1;Rocky coastal 1;16/03/2023 15:37;16/03/2023 15:47;10;Rosmarinus officinalis;200;200;Anthophora balearica;Apidae;BE;1;5;obs;Cabrera
7;541;Rocky coastal 1;Rocky coastal 1;16/03/2023 15:51;16/03/2023 16:01;10;Astragalus balearicus;300;300;Anthophora balearica;Apidae;BE;1;2;obs;Cabrera
7;542;Rocky coastal 1;Rocky coastal 1;16/03/2023 15:51;16/03/2023 16:01;10;Daucus carota L. subsp. Majoricus;12;12;;;;0;0;obs;Cabrera
7;545;Rocky coastal 1;Rocky coastal 1;16/03/2023 15:10;16/03/2023 15:20;10;Astragalus balearicus;120;120;Anthophora balearica;Apidae;BE;1;1;obs;Cabrera
7;546;Rocky coastal 1;Rocky coastal 1;16/03/2023 15:10;16/03/2023 15:20;10;Daucus carota L. subsp. Majoricus;2;2;Pyrellia vivida;Muscidae;DI;1;1;obs;Cabrera
7;547;Rocky coastal 1;Rocky coastal 1;16/03/2023 15:20;16/03/2023 15:30;10;Astragalus balearicus;190;190;Anthophora balearica;Apidae;BE;1;1;obs;Cabrera
7;548;Rocky coastal 1;Rocky coastal 1;16/03/2023 15:20;16/03/2023 15:30;10;Astragalus balearicus;90;90;Anthophora balearica;Apidae;BE;1;1;obs;Cabrera
7;549;Rocky coastal 1;Rocky coastal 1;16/03/2023 15:30;16/03/2023 15:40;10;Astragalus balearicus;320;320;Anthophora balearica;Apidae;BE;1;2;obs;Cabrera
7;550;Rocky coastal 1;Rocky coastal 1;16/03/2023 15:50;16/03/2023 16:00;10;Astragalus balearicus;160;160;Anthophora balearica;Apidae;BE;1;1;obs;Cabrera
8;553;Rocky coastal 2;Rocky coastal 2;07/04/2023 12:52;07/04/2023 13:02;10;Euphorbia dendroides;300;150;Lasioglossum sp.;Halictidae;BE;1;1;obs;Cabrera
8;554;Rocky coastal 2;Pine forest 2;07/04/2023 13:03;07/04/2023 13:13;10;Cistus monspeliensis;250;50;Eristalis similis;Syrphidae;HO;1;10;obs;Cabrera
8;554;Rocky coastal 2;Pine forest 2;07/04/2023 13:03;07/04/2023 13:13;10;Cistus monspeliensis;250;50;Lasioglossum sp.;Halictidae;BE;1;1;obs;Cabrera
8;555;Rocky coastal 2;Rocky coastal 2;07/04/2023 13:03;07/04/2023 13:13;10;Euphorbia dendroides;300;150;;;;0;0;obs;Cabrera
8;556;Rocky coastal 2;Rocky coastal 2;07/04/2023 13:15;07/04/2023 13:25;10;Euphorbia dendroides;200;100;;;;0;0;obs;Cabrera
8;558;Rocky coastal 2;Pine forest 2;07/04/2023 13:25;07/04/2023 13:35;10;Cistus monspeliensis;40;32;Eristalis similis;Syrphidae;HO;2;2;obs;Cabrera
8;558;Rocky coastal 2;Pine forest 2;07/04/2023 13:25;07/04/2023 13:35;10;Cistus monspeliensis;40;32;Ancistrocerus ebusianus;Eumenidae;WA;1;1;obs;Cabrera
8;559;Rocky coastal 2;Rocky coastal 2;07/04/2023 13:35;07/04/2023 13:45;10;Euphorbia dendroides;31;18;;;;0;0;obs;Cabrera
8;560;Rocky coastal 2;Pine forest 2;07/04/2023 13:45;07/04/2023 13:55;10;Cistus monspeliensis;26;26;Eristalis similis;Syrphidae;HO;2;6;obs;Cabrera
8;560;Rocky coastal 2;Pine forest 2;07/04/2023 13:45;07/04/2023 13:55;10;Cistus monspeliensis;26;26;Tapinoma sp;Formicidae;OT;4;1;obs;Cabrera
;;;nan;;;;;;;;;;;;;
8;562;Rocky coastal 2;Rocky coastal 2;07/04/2023 14:10;07/04/2023 14:20;10;Euphorbia dendroides;800;470;Sarcophaga sp.;Sarcophagidae;DI;1;4;obs;Cabrera
8;562;Rocky coastal 2;Rocky coastal 2;07/04/2023 14:20;07/04/2023 14:30;10;Euphorbia dendroides;800;470;Podarcis lilfordi;Lacertidae;VE;1;1;obs;Cabrera
8;562;Rocky coastal 2;Rocky coastal 2;07/04/2023 14:20;07/04/2023 14:30;10;Euphorbia dendroides;800;470;Meliscaeva auricollis;Syrphidae;HO;1;2;obs;Cabrera
;;;nan;;;;;;;;;;;;;
8;564;Rocky coastal 2;Pine forest 2;07/04/2023 14:40;07/04/2023 14:50;10;Cistus monspeliensis;150;100;Musca domestica;Muscidae;DI;1;1;obs;Cabrera
8;564;Rocky coastal 2;Pine forest 2;07/04/2023 14:50;07/04/2023 15:00;10;Cistus monspeliensis;150;100;Meligethes sp.;Nitidulidae;CO;1;1;obs;Cabrera
8;565;Rocky coastal 2;Rocky coastal 2;07/04/2023 15:00;07/04/2023 15:10;10;Euphorbia dendroides;83;83;Eristalis similis;Syrphidae;HO;2;2;obs;Cabrera
8;565;Rocky coastal 2;Rocky coastal 2;07/04/2023 15:00;07/04/2023 15:10;10;Euphorbia dendroides;83;83;Pyrellia vivida;Muscidae;DI;1;1;obs;Cabrera
;;;nan;;;;;;;;;;;;;
;;;nan;;;;;;;;;;;;;
8;568;Rocky coastal 2;Rocky coastal 2;07/04/2023 15:30;07/04/2023 15:40;10;Euphorbia dendroides;49;49;Musca domestica;Muscidae;DI;1;2;obs;Cabrera
8;569;Rocky coastal 2;Pine forest 2;07/04/2023 15:40;07/04/2023 15:50;10;Cistus monspeliensis;15;15;Eristalis similis;Syrphidae;HO;2;1;obs;Cabrera
8;569;Rocky coastal 2;Pine forest 2;07/04/2023 15:40;07/04/2023 15:50;10;Cistus monspeliensis;15;15;Podarcis lilfordi;Lacertidae;VE;1;2;obs;Cabrera
8;570;Rocky coastal 2;Pine forest 2;07/04/2023 16:10;07/04/2023 16:20;10;Cistus monspeliensis;17;17;Eristalis similis;Syrphidae;HO;3;3;obs;Cabrera
8;570;Rocky coastal 2;Pine forest 2;07/04/2023 16:10;07/04/2023 16:20;10;Cistus monspeliensis;17;17;Meligethes sp.;Nitidulidae;CO;1;1;obs;Cabrera
8;570;Rocky coastal 2;Pine forest 2;07/04/2023 16:10;07/04/2023 16:20;10;Cistus monspeliensis;17;17;Dasytes nigroaeneus;Dasytidae;CO;1;1;obs;Cabrera
;;;nan;;;;;;;;;;;;;
8;572;Rocky coastal 2;Pine forest 2;07/04/2023 13:10;07/04/2023 13:20;10;Cistus monspeliensis;90;90;Eristalis similis;Syrphidae;HO;1;2;obs;Cabrera
8;572;Rocky coastal 2;Pine forest 2;07/04/2023 13:10;07/04/2023 13:20;10;Cistus monspeliensis;90;90;Ancistrocerus ebusianus;Eumenidae;WA;1;2;obs;Cabrera
8;572;Rocky coastal 2;Pine forest 2;07/04/2023 13:10;07/04/2023 13:20;10;Cistus monspeliensis;90;90;Lasioglossum sp.;Halictidae;BE;2;4;obs;Cabrera
8;573;Rocky coastal 2;Rocky coastal 2;07/04/2023 13:20;07/04/2023 13:30;10;Euphorbia dendroides;200;200;Podarcis lilfordi;Lacertidae;VE;3;22;obs;Cabrera
8;573;Rocky coastal 2;Rocky coastal 2;07/04/2023 13:20;07/04/2023 13:30;10;Euphorbia dendroides;200;200;Podarcis lilfordi;Lacertidae;VE;1;5;obs;Cabrera
8;573;Rocky coastal 2;Rocky coastal 2;07/04/2023 13:20;07/04/2023 13:30;10;Euphorbia dendroides;200;200;Podarcis lilfordi;Lacertidae;VE;1;4;obs;Cabrera
8;574;Rocky coastal 2;Rocky coastal 2;07/04/2023 13:30;07/04/2023 13:40;10;Euphorbia dendroides;80;80;Podarcis lilfordi;Lacertidae;VE;1;5;obs;Cabrera
8;575;Rocky coastal 2;Rocky coastal 2;07/04/2023 13:40;07/04/2023 13:50;10;Euphorbia dendroides;95;95;Podarcis lilfordi;Lacertidae;VE;1;4;obs;Cabrera
;;;nan;;;;;;;;;;;;;
8;577;Rocky coastal 2;Rocky coastal 2;07/04/2023 14:00;07/04/2023 14:10;10;Euphorbia dendroides;50;50;Eristalis similis;Syrphidae;HO;1;1;obs;Cabrera
8;578;Rocky coastal 2;Pine forest 2;07/04/2023 14:10;07/04/2023 14:20;10;Cistus monspeliensis;35;35;;;;0;0;obs;Cabrera
;;;nan;;;;;;;;;;;;;
8;580;Rocky coastal 2;Rocky coastal 2;07/04/2023 14:30;07/04/2023 14:40;10;Euphorbia dendroides;100;70;;;;0;0;obs;Cabrera
;;;nan;;;;;;;;;;;;;
8;582;Rocky coastal 2;Pine forest 2;07/04/2023 14:50;07/04/2023 15:00;10;Cistus monspeliensis;60;60;;;;0;0;obs;Cabrera
8;583;Rocky coastal 2;Rocky coastal 2;07/04/2023 15:00;07/04/2023 15:10;10;Euphorbia dendroides;80;80;;;;0;0;obs;Cabrera
8;584;Rocky coastal 2;Pine forest 2;07/04/2023 15:10;07/04/2023 15:20;10;Cistus monspeliensis;20;20;Dasytes nigroaeneus;Dasytidae;CO;1;1;obs;Cabrera
8;585;Rocky coastal 2;Pine forest 2;07/04/2023 15:20;07/04/2023 15:30;10;Cistus monspeliensis;26;26;Lasioglossum sp.;Halictidae;BE;1;2;obs;Cabrera
8;586;Rocky coastal 2;Pine forest 2;07/04/2023 15:30;07/04/2023 15:40;10;Cistus monspeliensis;12;12;Meligethes sp.;Nitidulidae;CO;1;1;obs;Cabrera
;;;nan;;;;;;;;;;;;;
8;588;Rocky coastal 2;Pine forest 2;07/04/2023 15:50;07/04/2023 16:00;10;Cistus monspeliensis;175;175;Podarcis lilfordi;Lacertidae;VE;1;1;obs;Cabrera
8;589;Rocky coastal 2;Pine forest 2;07/04/2023 16:00;07/04/2023 16:10;10;Cistus monspeliensis;30;30;;;;0;0;obs;Cabrera
8;590;Rocky coastal 2;Rocky coastal 2;07/04/2023 16:10;07/04/2023 16:20;10;Euphorbia dendroides;120;120;;;;0;0;obs;Cabrera
8;591;Rocky coastal 2;Pine forest 2;07/04/2023 16:20;07/04/2023 16:30;10;Cistus monspeliensis;70;70;Eristalis similis;Syrphidae;HO;1;2;obs;Cabrera
8;591;Rocky coastal 2;Pine forest 2;07/04/2023 16:20;07/04/2023 16:30;10;Cistus monspeliensis;70;70;Meligethes sp.;Nitidulidae;CO;1;1;obs;Cabrera
;;;nan;;;;;;;;;;;;;
8;593;Rocky coastal 2;Pine forest 2;07/04/2023 16:40;07/04/2023 16:50;10;Cistus monspeliensis;130;130;;;;0;0;obs;Cabrera
8;594;Rocky coastal 2;Pine forest 2;07/04/2023 16:50;07/04/2023 17:00;10;Asphodelus fistulosus;6;6;;;;0;0;obs;Cabrera
8;595;Rocky coastal 2;Pine forest 2;07/04/2023 17:00;07/04/2023 17:10;10;Asphodelus fistulosus;7;7;;;;0;0;obs;Cabrera
8;596;Rocky coastal 2;Pine forest 2;07/04/2023 17:10;07/04/2023 17:20;10;Asphodelus fistulosus;9;9;;;;0;0;obs;Cabrera
8;597;Rocky coastal 2;Pine forest 2;07/04/2023 17:20;07/04/2023 17:30;10;Asphodelus fistulosus;5;5;;;;0;0;obs;Cabrera
8;598;Rocky coastal 2;Pine forest 2;07/04/2023 17:30;07/04/2023 17:40;10;Asphodelus fistulosus;4;4;;;;0;0;obs;Cabrera
8;599;Rocky coastal 2;Pine forest 2;07/04/2023 17:40;07/04/2023 17:50;10;Asphodelus fistulosus;8;8;;;;0;0;obs;Cabrera
8;600;Rocky coastal 2;Pine forest 2;07/04/2023 17:50;07/04/2023 18:00;10;Asphodelus fistulosus;11;11;Anthophora balearica;Apidae;BE;1;3;obs;Cabrera
8;601;Rocky coastal 2;Rocky coastal 2;07/04/2023 18:00;07/04/2023 18:10;10;Euphorbia dendroides;300;170;Podarcis lilfordi;Lacertidae;VE;1;3;obs;Cabrera
8;601;Rocky coastal 2;Rocky coastal 2;07/04/2023 18:00;07/04/2023 18:10;10;Euphorbia dendroides;300;170;Lasioglossum sp.;Halictidae;BE;1;3;obs;Cabrera
8;601;Rocky coastal 2;Rocky coastal 2;07/04/2023 18:00;07/04/2023 18:10;10;Euphorbia dendroides;300;170;Lasioglossum sp.;Halictidae;BE;1;4;obs;Cabrera
8;602;Rocky coastal 2;Dune system 2;07/04/2023 18:00;07/04/2023 18:10;10;Cakile maritima;30;30;;;;0;0;obs;Cabrera
8;603;Dune system 2;Dune system 2;08/04/2023 10:57;08/04/2023 11:07;10;Cakile maritima;34;34;Lasioglossum sp.;Halictidae;BE;1;7;obs;Cabrera
8;603;Dune system 2;Dune system 2;08/04/2023 10:57;08/04/2023 11:07;10;Cakile maritima;34;34;Anthophora balearica;Apidae;BE;1;1;obs;Cabrera
8;604;Dune system 2;Dune system 2;08/04/2023 11:07;08/04/2023 11:17;10;Cakile maritima;23;23;Anthomyiidae sp.;Anthomyiidae;DI;2;1;obs;Cabrera
8;604;Dune system 2;Dune system 2;08/04/2023 11:07;08/04/2023 11:17;10;Cakile maritima;23;23;Anthophora balearica;Apidae;BE;1;1;obs;Cabrera
8;605;Dune system 2;Dune system 2;08/04/2023 11:17;08/04/2023 11:27;10;Cakile maritima;10;10;;;;0;0;obs;Cabrera
8;606;Dune system 2;Dune system 2;08/04/2023 11:27;08/04/2023 11:37;10;Cakile maritima;9;9;;;;0;0;obs;Cabrera
8;607;Dune system 2;Dune system 2;08/04/2023 11:37;08/04/2023 11:47;10;Cakile maritima;13;13;Anthomyiidae sp.;Anthomyiidae;DI;1;1;obs;Cabrera
8;608;Dune system 2;Dune system 2;08/04/2023 11:47;08/04/2023 11:57;10;Cakile maritima;12;12;Lasioglossum sp.;Halictidae;BE;1;2;obs;Cabrera
8;609;Dune system 2;Dune system 2;08/04/2023 11:57;08/04/2023 12:07;10;Asteriscus aquaticus;21;21;;;;0;0;obs;Cabrera
8;610;Dune system 2;Dune system 2;08/04/2023 12:07;08/04/2023 12:17;10;Cakile maritima;15;15;Anthophora balearica;Apidae;BE;1;1;obs;Cabrera
8;611;Dune system 2;Dune system 2;08/04/2023 12:17;08/04/2023 12:27;10;Asteriscus aquaticus;32;32;;;;0;0;obs;Cabrera
8;612;Dune system 2;Dune system 2;08/04/2023 12:17;08/04/2023 12:27;10;Asteriscus aquaticus;43;43;;;;0;0;obs;Cabrera
8;613;Dune system 2;Dune system 2;08/04/2023 12:17;08/04/2023 12:27;10;Asteriscus aquaticus;13;13;;;;0;0;obs;Cabrera
8;614;Pine forest 2;Pine forest 2;08/04/2023 12:47;08/04/2023 12:57;10;Fumana ericoides;5;5;;;;0;0;obs;Cabrera
8;615;Pine forest 2;Pine forest 2;08/04/2023 12:57;08/04/2023 13:07;10;Globularia alypum;1;1;;;;0;0;obs;Cabrera
8;616;Pine forest 2;Pine forest 2;08/04/2023 13:07;08/04/2023 13:17;10;Fumana ericoides;3;3;;;;0;0;obs;Cabrera
8;617;Pine forest 2;Pine forest 2;08/04/2023 13:17;08/04/2023 13:27;10;Anacamptis pyramidalis;1;1;;;;0;0;obs;Cabrera
8;618;Pine forest 2;Pine forest 2;08/04/2023 13:27;08/04/2023 13:37;10;Fumana ericoides;3;3;;;;0;0;obs;Cabrera
8;619;Pine forest 2;Pine forest 2;08/04/2023 13:37;08/04/2023 13:47;10;Anacamptis pyramidalis;1;1;;;;0;0;obs;Cabrera
8;620;Pine forest 2;Pine forest 2;08/04/2023 13:47;08/04/2023 13:57;10;Fumana ericoides;2;2;Eristalis similis;Syrphidae;HO;1;3;obs;Cabrera
8;621;Pine forest 2;Pine forest 2;08/04/2023 13:57;08/04/2023 14:07;10;Globularia alypum;1;1;;;;0;0;obs;Cabrera
8;622;Pine forest 2;Pine forest 2;08/04/2023 14:07;08/04/2023 14:17;10;Fumana ericoides;2;2;;;;0;0;obs;Cabrera
8;623;Pine forest 2;Pine forest 2;08/04/2023 14:17;08/04/2023 14:27;10;Globularia alypum;2;2;;;;0;0;obs;Cabrera
8;624;Pine forest 2;Pine forest 2;08/04/2023 14:27;08/04/2023 14:37;10;Cistus monspeliensis;30;30;;;;0;0;obs;Cabrera
8;625;Pine forest 2;Pine forest 2;08/04/2023 14:37;08/04/2023 14:47;10;Fumana ericoides;5;5;;;;0;0;obs;Cabrera
8;626;Pine forest 2;Pine forest 2;08/04/2023 14:47;08/04/2023 14:57;10;Cistus monspeliensis;10;10;;;;0;0;obs;Cabrera
8;627;Pine forest 2;Pine forest 2;08/04/2023 14:57;08/04/2023 15:07;10;Cistus monspeliensis;13;13;Eristalis similis;Syrphidae;HO;1;1;obs;Cabrera
8;628;Pine forest 2;Pine forest 2;08/04/2023 15:07;08/04/2023 15:17;10;Anacamptis pyramidalis;1;1;;;;0;0;obs;Cabrera
8;629;Pine forest 2;Pine forest 2;08/04/2023 15:17;08/04/2023 15:27;10;Gladiolus communis;2;2;Lasioglossum sp.;Halictidae;BE;3;2;obs;Cabrera
8;630a;Pine forest 2;Pine forest 2;08/04/2023 15:27;08/04/2023 15:37;10;Gladiolus communis;3;3;Lasioglossum sp.;Halictidae;BE;1;1;obs;Cabrera
8;630a;Pine forest 2;Pine forest 2;08/04/2023 15:27;08/04/2023 15:37;10;Gladiolus communis;3;3;Lasioglossum sp.;Halictidae;BE;1;1;obs;Cabrera
8;630b;Pine forest 2;Pine forest 2;08/04/2023 15:27;08/04/2023 15:37;10;Gladiolus communis;2;2;Lasioglossum sp.;Halictidae;BE;1;1;obs;Cabrera
8;631;Pine forest 2;Pine forest 2;08/04/2023 15:37;08/04/2023 15:47;10;Gladiolus communis;3;3;;;;0;0;obs;Cabrera
8;632;Pine forest 2;Pine forest 2;08/04/2023 15:47;08/04/2023 15:57;10;Gladiolus communis;3;3;;;;0;0;obs;Cabrera
8;633;Pine forest 2;Pine forest 2;08/04/2023 15:57;08/04/2023 16:07;10;Gladiolus communis;3;3;;;;0;0;obs;Cabrera
8;634;Pine forest 2;Pine forest 2;08/04/2023 12:47;08/04/2023 12:57;10;Fumana ericoides;4;4;;;;0;0;obs;Cabrera
8;635;Pine forest 2;Pine forest 2;08/04/2023 12:57;08/04/2023 13:07;10;Fumana ericoides;1;1;;;;0;0;obs;Cabrera
8;636;Pine forest 2;Pine forest 2;08/04/2023 13:07;08/04/2023 13:17;10;Fumana ericoides;1;1;;;;0;0;obs;Cabrera
8;637;Pine forest 2;Pine forest 2;08/04/2023 13:17;08/04/2023 13:27;10;Cistus monspeliensis;23;23;Anthomyiidae sp.;Anthomyiidae;DI;1;1;obs;Cabrera
8;637;Pine forest 2;Pine forest 2;08/04/2023 13:17;08/04/2023 13:27;10;Cistus monspeliensis;23;23;Anthomyiidae sp.;Anthomyiidae;DI;1;2;obs;Cabrera
8;637;Pine forest 2;Pine forest 2;08/04/2023 13:17;08/04/2023 13:27;10;Cistus monspeliensis;23;23;Lasioglossum sp.;Halictidae;BE;1;2;obs;Cabrera
8;638;Pine forest 2;Pine forest 2;08/04/2023 13:27;08/04/2023 13:37;10;Fumana ericoides;1;1;;;;0;0;obs;Cabrera
8;639;Pine forest 2;Pine forest 2;08/04/2023 13:37;08/04/2023 13:47;10;Cistus monspeliensis;11;11;Anthomyiidae sp.;Anthomyiidae;DI;1;1;obs;Cabrera
8;639;Pine forest 2;Pine forest 2;08/04/2023 13:37;08/04/2023 13:47;10;Cistus monspeliensis;11;11;Ancistrocerus ebusianus;Eumenidae;WA;1;1;obs;Cabrera
8;640;Pine forest 2;Pine forest 2;08/04/2023 13:47;08/04/2023 13:57;10;Fumana ericoides;4;4;;;;0;0;obs;Cabrera
8;641;Pine forest 2;Pine forest 2;08/04/2023 13:57;08/04/2023 14:07;10;Fumana ericoides;2;2;;;;0;0;obs;Cabrera
8;642;Pine forest 2;Pine forest 2;08/04/2023 14:07;08/04/2023 14:17;10;Fumana ericoides;1;1;;;;0;0;obs;Cabrera
8;643;Pine forest 2;Pine forest 2;08/04/2023 14:17;08/04/2023 14:27;10;Cistus monspeliensis;21;21;;;;0;0;obs;Cabrera
8;644;Pine forest 2;Pine forest 2;08/04/2023 14:27;08/04/2023 14:37;10;Fumana ericoides;2;2;;;;0;0;obs;Cabrera
8;645;Pine forest 2;Pine forest 2;08/04/2023 14:37;08/04/2023 14:47;10;Cistus monspeliensis;11;11;;;;0;0;obs;Cabrera
8;646;Pine forest 2;Pine forest 2;08/04/2023 14:47;08/04/2023 14:57;10;Fumana ericoides;3;3;;;;0;0;obs;Cabrera
8;647;Pine forest 1;Pine forest 1;09/04/2023 12:09;09/04/2023 12:19;10;Cistus monspeliensis;7;7;Dasytes nigroaeneus;Dasytidae;CO;1;1;obs;Cabrera
;;;nan;;;;;;;;;;;;;
;;;nan;;;;;;;;;;;;;
;;;nan;;;;;;;;;;;;;
8;651;Pine forest 1;Pine forest 1;09/04/2023 12:49;09/04/2023 12:59;10;Cistus monspeliensis;21;21;Dasytes nigroaeneus;Dasytidae;CO;1;1;obs;Cabrera
8;651;Pine forest 1;Pine forest 1;09/04/2023 12:49;09/04/2023 12:59;10;Cistus monspeliensis;21;21;Eristalis similis;Syrphidae;HO;1;1;obs;Cabrera
8;652;Pine forest 1;Pine forest 1;09/04/2023 13:09;09/04/2023 13:19;10;Cistus monspeliensis;16;16;;;;0;0;obs;Cabrera
;;;nan;;;;;;;;;;;;;
8;654;Pine forest 1;Pine forest 1;09/04/2023 13:29;09/04/2023 13:39;10;Anacamptis pyramidalis;1;1;;;;0;0;obs;Cabrera
8;655;Pine forest 1;Pine forest 1;09/04/2023 13:39;09/04/2023 13:49;10;Anacamptis pyramidalis;1;1;;;;0;0;obs;Cabrera
8;656;Pine forest 1;Pine forest 1;09/04/2023 13:49;09/04/2023 13:59;10;Cistus monspeliensis;2;2;;;;0;0;obs;Cabrera
8;657;Pine forest 1;Pine forest 1;09/04/2023 13:59;09/04/2023 14:09;10;Cistus monspeliensis;9;9;;;;0;0;obs;Cabrera
8;658;Pine forest 1;Pine forest 1;09/04/2023 14:09;09/04/2023 14:19;10;Cistus monspeliensis;23;23;;;;0;0;obs;Cabrera
8;659;Pine forest 1;Pine forest 1;09/04/2023 14:19;09/04/2023 14:29;10;Asphodelus fistulosus;14;4;Anthophora balearica;Apidae;BE;1;1;obs;Cabrera
8;660;Pine forest 1;Pine forest 1;09/04/2023 14:29;09/04/2023 14:39;10;Asphodelus fistulosus;2;2;;;;0;0;obs;Cabrera
8;661;Pine forest 1;Pine forest 1;09/04/2023 14:39;09/04/2023 14:49;10;Asphodelus fistulosus;3;3;;;;0;0;obs;Cabrera
8;662;Pine forest 1;Pine forest 1;09/04/2023 14:49;09/04/2023 14:59;10;Anacamptis pyramidalis;1;1;;;;0;0;obs;Cabrera
8;663;Pine forest 1;Pine forest 1;09/04/2023 14:59;09/04/2023 15:09;10;Asphodelus fistulosus;11;11;Anthophora balearica;Apidae;BE;1;3;obs;Cabrera
8;663;Pine forest 1;Pine forest 1;09/04/2023 14:59;09/04/2023 15:09;10;Asphodelus fistulosus;11;11;;;;0;0;obs;Cabrera
8;663;Pine forest 1;Pine forest 1;09/04/2023 14:59;09/04/2023 15:09;10;Asphodelus fistulosus;11;11;;;;0;0;obs;Cabrera
8;664;Pine forest 1;Pine forest 1;09/04/2023 15:29;09/04/2023 15:39;10;Astragalus balearicus;8;8;;;;0;0;obs;Cabrera
8;665;Pine forest 1;Pine forest 1;09/04/2023 15:59;09/04/2023 16:09;10;Astragalus balearicus;9;9;;;;0;0;obs;Cabrera
8;666;Pine forest 1;Pine forest 1;09/04/2023 16:29;09/04/2023 16:39;10;Astragalus balearicus;6;6;;;;0;0;obs;Cabrera
8;667;Rocky coastal 1;Rocky coastal 1;10/04/2023 12:00;10/04/2023 12:10;10;Astragalus balearicus;200;200;Vanessa cardui;Nymphalidae;LE;1;1;obs;Cabrera
8;668;Rocky coastal 1;Rocky coastal 1;10/04/2023 12:10;10/04/2023 12:20;10;Astragalus balearicus;120;120;Eupeodes corollae;Syrphidae;HO;1;1;obs;Cabrera
8;669;Rocky coastal 1;Rocky coastal 1;10/04/2023 12:20;10/04/2023 12:30;10;Astragalus balearicus;50;50;;;;0;0;obs;Cabrera
8;670;Rocky coastal 1;Rocky coastal 1;10/04/2023 12:30;10/04/2023 12:40;10;Astragalus balearicus;90;90;;;;0;0;obs;Cabrera
8;671;Rocky coastal 1;Rocky coastal 1;10/04/2023 12:40;10/04/2023 12:50;10;Teucrium capitatum;27;27;;;;0;0;obs;Cabrera
8;672;Rocky coastal 1;Rocky coastal 1;10/04/2023 12:50;10/04/2023 13:00;10;Teucrium capitatum;16;16;;;;0;0;obs;Cabrera
;;;nan;;;;;;;;;;;;;
;;;nan;;;;;;;;;;;;;
;;;nan;;;;;;;;;;;;;
8;676;Rocky coastal 1;Rocky coastal 1;10/04/2023 13:30;10/04/2023 13:40;10;Daucus carota L. subsp. Majoricus;3;3;;;;0;0;obs;Cabrera
8;677;Rocky coastal 1;Rocky coastal 1;10/04/2023 13:40;10/04/2023 13:50;10;Daucus carota L. subsp. Majoricus;4;4;;;;0;0;obs;Cabrera
8;678;Rocky coastal 1;Rocky coastal 1;10/04/2023 13:50;10/04/2023 14:00;10;Daucus carota L. subsp. Majoricus;6;6;;;;0;0;obs;Cabrera
8;679;Rocky coastal 1;Rocky coastal 1;10/04/2023 14:00;10/04/2023 14:10;10;Daucus carota L. subsp. Majoricus;5;5;;;;0;0;obs;Cabrera
8;680;Rocky coastal 1;Rocky coastal 1;10/04/2023 14:10;10/04/2023 14:20;10;Daucus carota L. subsp. Majoricus;3;3;;;;0;0;obs;Cabrera
8;681;Rocky coastal 1;Rocky coastal 1;10/04/2023 14:20;10/04/2023 14:30;10;Daucus carota L. subsp. Majoricus;4;4;;;;0;0;obs;Cabrera
8;682;Rocky coastal 1;Rocky coastal 1;10/04/2023 14:30;10/04/2023 14:40;10;Astragalus balearicus;16;16;;;;0;0;obs;Cabrera
8;683;Rocky coastal 1;Rocky coastal 1;10/04/2023 14:40;10/04/2023 14:50;10;Astragalus balearicus;22;22;;;;0;0;obs;Cabrera
8;684;Rocky coastal 1;Rocky coastal 1;10/04/2023 12:00;10/04/2023 12:10;10;Astragalus balearicus;200;200;Anthophora balearica;Apidae;BE;1;2;obs;Cabrera
8;685;Rocky coastal 1;Rocky coastal 1;10/04/2023 12:10;10/04/2023 12:20;10;Astragalus balearicus;500;500;Podarcis lilfordi;Lacertidae;VE;1;3;obs;Cabrera
;;;nan;;;;;;;;;;;;;
8;687;Rocky coastal 1;Rocky coastal 1;10/04/2023 12:30;10/04/2023 12:40;10;Daucus carota L. subsp. Majoricus;3;3;;;;0;0;obs;Cabrera
8;688;Rocky coastal 1;Rocky coastal 1;10/04/2023 12:40;10/04/2023 12:50;10;Daucus carota L. subsp. Majoricus;5;5;;;;0;0;obs;Cabrera
8;689;Rocky coastal 1;Rocky coastal 1;10/04/2023 12:50;10/04/2023 13:00;10;Daucus carota L. subsp. Majoricus;14;14;Podarcis lilfordi;Lacertidae;VE;1;1;obs;Cabrera
8;690;Rocky coastal 1;Rocky coastal 1;10/04/2023 13:00;10/04/2023 13:10;10;Rosmarinus officinalis;130;130;;;;0;0;obs;Cabrera
8;691a;Rocky coastal 1;Rocky coastal 1;10/04/2023 13:10;10/04/2023 13:20;10;Astragalus balearicus;320;320;;;;0;0;obs;Cabrera
8;691b;Rocky coastal 1;Rocky coastal 1;10/04/2023 13:10;10/04/2023 13:20;10;Astragalus balearicus;250;250;Anthophora balearica;Apidae;BE;1;3;obs;Cabrera
8;692;Rocky coastal 1;Rocky coastal 1;10/04/2023 13:20;10/04/2023 13:30;10;Astragalus balearicus;90;90;;;;0;0;obs;Cabrera
8;693;Rocky coastal 1;Rocky coastal 1;10/04/2023 13:30;10/04/2023 13:40;10;Astragalus balearicus;80;80;;;;0;0;obs;Cabrera
8;694;Rocky coastal 1;Rocky coastal 1;10/04/2023 13:40;10/04/2023 13:50;10;Daucus carota L. subsp. Majoricus;3;3;;;;0;0;obs;Cabrera
;;;nan;;;;;;;;;;;;;
;;;nan;;;;;;;;;;;;;
;;;nan;;;;;;;;;;;;;
8;698;Rocky coastal 1;Rocky coastal 1;10/04/2023 14:20;10/04/2023 14:30;10;Daucus carota L. subsp. Majoricus;11;11;Podarcis lilfordi;Lacertidae;VE;1;1;obs;Cabrera
;;;nan;;;;;;;;;;;;;
;;;nan;;;;;;;;;;;;;
9;700;Pine forest 1;Pine forest 1;18/04/2023 12:00;18/04/2023 12:10;10;Anacamptis pyramidalis;2;2;;;;0;0;obs;Cabrera
9;701;Pine forest 1;Pine forest 1;18/04/2023 12:10;18/04/2023 12:20;10;Anacamptis pyramidalis;12;12;;;;0;0;obs;Cabrera
9;702;Pine forest 1;Pine forest 1;18/04/2023 12:20;18/04/2023 12:30;10;Anacamptis pyramidalis;5;5;;;;0;0;obs;Cabrera
9;703;Pine forest 1;Pine forest 1;18/04/2023 12:30;18/04/2023 12:40;10;Anacamptis pyramidalis;4;4;;;;0;0;obs;Cabrera
9;704;Pine forest 1;Pine forest 1;18/04/2023 12:40;18/04/2023 12:50;10;Euphorbia serrata;6;6;Platypalpus sp.;Hybotidae;DI;6;6;obs;Cabrera
9;704;Pine forest 1;Pine forest 1;18/04/2023 12:40;18/04/2023 12:50;10;Euphorbia serrata;6;6;Lasioglossum sp.;Halictidae;BE;1;2;obs;Cabrera
9;704;Pine forest 1;Pine forest 1;18/04/2023 12:40;18/04/2023 12:50;10;Euphorbia serrata;6;6;Meligethes sp.;Nitidulidae;CO;1;1;obs;Cabrera
9;705;Pine forest 1;Pine forest 1;18/04/2023 12:50;18/04/2023 13:00;10;Euphorbia serrata;5;5;Lasioglossum sp.;Halictidae;BE;1;2;obs;Cabrera
9;705;Pine forest 1;Pine forest 1;18/04/2023 12:50;18/04/2023 13:00;10;Euphorbia serrata;5;5;Meligethes sp.;Nitidulidae;CO;1;1;obs;Cabrera
9;706;Pine forest 1;Pine forest 1;18/04/2023 13:00;18/04/2023 13:10;10;Euphorbia serrata;4;4;Musca domestica;Muscidae;DI;1;1;obs;Cabrera
9;706;Pine forest 1;Pine forest 1;18/04/2023 13:00;18/04/2023 13:10;10;Euphorbia serrata;4;4;Lasioglossum sp.;Halictidae;BE;1;2;obs;Cabrera
9;706;Pine forest 1;Pine forest 1;18/04/2023 13:00;18/04/2023 13:10;10;Euphorbia serrata;4;4;Lasioglossum sp.;Halictidae;BE;1;1;obs;Cabrera
9;706;Pine forest 1;Pine forest 1;18/04/2023 13:00;18/04/2023 13:10;10;Euphorbia serrata;4;4;Lasioglossum sp.;Halictidae;BE;1;3;obs;Cabrera
9;707;Pine forest 1;Pine forest 1;18/04/2023 13:10;18/04/2023 13:20;10;Euphorbia serrata;11;11;Lasioglossum sp.;Halictidae;BE;1;2;obs;Cabrera
9;707;Pine forest 1;Pine forest 1;18/04/2023 13:10;18/04/2023 13:20;10;Euphorbia serrata;11;11;Dasytes nigroaeneus;Dasytidae;CO;1;1;obs;Cabrera
9;707;Pine forest 1;Pine forest 1;18/04/2023 13:10;18/04/2023 13:20;10;Euphorbia serrata;11;11;Anaspis sp.;Scraptiidae;CO;1;1;obs;Cabrera
9;707;Pine forest 1;Pine forest 1;18/04/2023 13:10;18/04/2023 13:20;10;Euphorbia serrata;11;11;Meligethes sp.;Nitidulidae;CO;1;1;obs;Cabrera
9;707;Pine forest 1;Pine forest 1;18/04/2023 13:10;18/04/2023 13:20;10;Euphorbia serrata;11;11;Platypalpus sp.;Hybotidae;DI;2;2;obs;Cabrera
9;707;Pine forest 1;Pine forest 1;18/04/2023 13:10;18/04/2023 13:20;10;Euphorbia serrata;11;11;Musca domestica;Muscidae;DI;1;1;obs;Cabrera
9;707;Pine forest 1;Pine forest 1;18/04/2023 13:10;18/04/2023 13:20;10;Euphorbia serrata;11;11;Meligethes sp.;Nitidulidae;CO;1;1;obs;Cabrera
9;707;Pine forest 1;Pine forest 1;18/04/2023 13:10;18/04/2023 13:20;10;Euphorbia serrata;11;11;Lasioglossum sp.;Halictidae;BE;1;3;obs;Cabrera
9;708;Pine forest 1;Pine forest 1;18/04/2023 13:20;18/04/2023 13:30;10;Asphodelus fistulosus;8;8;Eristalis similis;Syrphidae;HO;1;3;obs;Cabrera
9;708;Pine forest 1;Pine forest 1;18/04/2023 13:20;18/04/2023 13:30;10;Asphodelus fistulosus;8;8;Lasioglossum sp.;Halictidae;BE;1;1;obs;Cabrera
9;709;Pine forest 1;Pine forest 1;18/04/2023 13:30;18/04/2023 13:40;10;Cistus monspeliensis;70;70;Anaspis sp.;Scraptiidae;CO;1;1;obs;Cabrera
9;709;Pine forest 1;Pine forest 1;18/04/2023 13:30;18/04/2023 13:40;10;Cistus monspeliensis;70;70;Meligethes sp.;Nitidulidae;CO;1;1;obs;Cabrera
9;709;Pine forest 1;Pine forest 1;18/04/2023 13:30;18/04/2023 13:40;10;Cistus monspeliensis;70;70;Anaspis sp.;Scraptiidae;CO;5;5;obs;Cabrera
9;710;Pine forest 1;Pine forest 1;18/04/2023 13:40;18/04/2023 13:50;10;Cistus monspeliensis;50;50;Anaspis sp.;Scraptiidae;CO;1;1;obs;Cabrera
9;710;Pine forest 1;Pine forest 1;18/04/2023 13:40;18/04/2023 13:50;10;Cistus monspeliensis;50;50;Anaspis sp.;Scraptiidae;CO;1;1;obs;Cabrera
9;710;Pine forest 1;Pine forest 1;18/04/2023 13:40;18/04/2023 13:50;10;Cistus monspeliensis;50;50;Anthophora balearica;Apidae;BE;1;3;obs;Cabrera
9;710;Pine forest 1;Pine forest 1;18/04/2023 13:40;18/04/2023 13:50;10;Cistus monspeliensis;50;50;Meligethes sp.;Nitidulidae;CO;1;1;obs;Cabrera
9;711;Pine forest 1;Pine forest 1;18/04/2023 13:50;18/04/2023 14:00;10;Anacamptis pyramidalis;2;2;;;;0;0;obs;Cabrera
9;712;Pine forest 1;Pine forest 1;18/04/2023 14:00;18/04/2023 14:10;10;Asphodelus fistulosus;5;5;Lasioglossum sp.;Halictidae;BE;2;4;obs;Cabrera
9;713;Pine forest 1;Pine forest 1;18/04/2023 14:10;18/04/2023 14:20;10;Asphodelus fistulosus;7;7;Platypalpus sp.;Hybotidae;DI;1;1;obs;Cabrera
9;713;Pine forest 1;Pine forest 1;18/04/2023 14:10;18/04/2023 14:20;10;Asphodelus fistulosus;7;7;Anthophora balearica;Apidae;BE;1;1;obs;Cabrera
9;714;Pine forest 1;Pine forest 1;18/04/2023 14:20;18/04/2023 14:30;10;Asphodelus fistulosus;11;11;Anthophora balearica;Apidae;BE;2;4;obs;Cabrera
9;715;Pine forest 1;Pine forest 1;18/04/2023 14:30;18/04/2023 14:40;10;Cistus monspeliensis;30;30;Dasytes nigroaeneus;Dasytidae;CO;1;1;obs;Cabrera
9;716;Pine forest 1;Pine forest 1;18/04/2023 14:40;18/04/2023 14:50;10;Cistus monspeliensis;45;45;Meligethes sp.;Nitidulidae;CO;3;3;obs;Cabrera
9;717;Pine forest 1;Pine forest 1;18/04/2023 12:00;18/04/2023 12:10;10;Cistus monspeliensis;210;210;Eristalis similis;Syrphidae;HO;1;1;obs;Cabrera
9;718a;Pine forest 1;Pine forest 1;18/04/2023 12:10;18/04/2023 12:20;10;Cistus monspeliensis;230;230;Dasytes nigroaeneus;Dasytidae;CO;2;2;obs;Cabrera
9;718b;Pine forest 1;Pine forest 1;18/04/2023 12:10;18/04/2023 12:20;10;Cistus monspeliensis;120;120;Meliscaeva auricollis;Syrphidae;HO;1;2;obs;Cabrera
;;;nan;;;;;;;;;;;;;
9;720;Pine forest 1;Pine forest 1;18/04/2023 12:30;18/04/2023 12:40;10;Cistus monspeliensis;90;90;;;;0;0;obs;Cabrera
9;721;Pine forest 1;Pine forest 1;18/04/2023 12:40;18/04/2023 12:50;10;Euphorbia serrata;3;3;Lasioglossum sp.;Halictidae;BE;1;2;obs;Cabrera
9;722;Pine forest 1;Pine forest 1;18/04/2023 12:50;18/04/2023 13:00;10;Asphodelus fistulosus;6;6;;;;0;0;obs;Cabrera
9;723;Pine forest 1;Pine forest 1;18/04/2023 13:00;18/04/2023 13:10;10;Anacamptis pyramidalis;2;2;;;;0;0;obs;Cabrera
9;724;Pine forest 1;Pine forest 1;18/04/2023 13:10;18/04/2023 13:20;10;Anacamptis pyramidalis;2;2;;;;0;0;obs;Cabrera
9;725;Pine forest 1;Pine forest 1;18/04/2023 13:20;18/04/2023 13:30;10;Anacamptis pyramidalis;14;14;;;;0;0;obs;Cabrera
9;726;Pine forest 1;Pine forest 1;18/04/2023 13:30;18/04/2023 13:40;10;Anacamptis pyramidalis;12;12;;;;0;0;obs;Cabrera
9;727;Rocky coastal 2;Pine forest 2;18/04/2023 16:20;18/04/2023 16:30;10;Cistus monspeliensis;90;90;Meligethes sp.;Nitidulidae;CO;3;3;obs;Cabrera
9;727;Rocky coastal 2;Pine forest 2;18/04/2023 16:20;18/04/2023 16:30;10;Cistus monspeliensis;90;90;Platypalpus sp.;Hybotidae;DI;1;1;obs;Cabrera
9;727;Rocky coastal 2;Pine forest 2;18/04/2023 16:20;18/04/2023 16:30;10;Cistus monspeliensis;90;90;Dasytes nigroaeneus;Dasytidae;CO;1;1;obs;Cabrera
9;727;Rocky coastal 2;Pine forest 2;18/04/2023 16:20;18/04/2023 16:30;10;Cistus monspeliensis;90;90;Sarcophaga sp.;Sarcophagidae;DI;1;1;obs;Cabrera
9;728;Rocky coastal 2;Pine forest 2;18/04/2023 16:30;18/04/2023 16:40;10;Cistus monspeliensis;60;60;Meligethes sp.;Nitidulidae;CO;1;1;obs;Cabrera
9;728;Rocky coastal 2;Pine forest 2;18/04/2023 16:30;18/04/2023 16:40;10;Cistus monspeliensis;60;60;Eristalis similis;Syrphidae;HO;1;1;obs;Cabrera
;;;nan;;;;;;;;;;;;;
9;730;Rocky coastal 2;Rocky coastal 2;18/04/2023 16:50;18/04/2023 17:00;10;Euphorbia dendroides;11;11;Platypalpus sp.;Hybotidae;DI;1;1;obs;Cabrera
9;730;Rocky coastal 2;Rocky coastal 2;18/04/2023 16:50;18/04/2023 17:00;10;Euphorbia dendroides;11;11;Dasytes nigroaeneus;Dasytidae;CO;1;1;obs;Cabrera
9;730;Rocky coastal 2;Rocky coastal 2;18/04/2023 16:50;18/04/2023 17:00;10;Euphorbia dendroides;11;11;Meligethes sp.;Nitidulidae;CO;1;1;obs;Cabrera
;;;nan;;;;;;;;;;;;;
9;732;Rocky coastal 2;Rocky coastal 2;18/04/2023 17:10;18/04/2023 17:20;10;Euphorbia dendroides;15;15;;;;0;0;obs;Cabrera
9;733;Rocky coastal 2;Pine forest 2;18/04/2023 17:20;18/04/2023 17:30;10;Cistus monspeliensis;65;65;Platypalpus sp.;Hybotidae;DI;1;1;obs;Cabrera
9;733;Rocky coastal 2;Pine forest 2;18/04/2023 17:20;18/04/2023 17:30;10;Cistus monspeliensis;65;65;Dasytes nigroaeneus;Dasytidae;CO;2;2;obs;Cabrera
9;733;Rocky coastal 2;Pine forest 2;18/04/2023 17:20;18/04/2023 17:30;10;Cistus monspeliensis;65;65;Meligethes sp.;Nitidulidae;CO;1;1;obs;Cabrera
9;733;Rocky coastal 2;Pine forest 2;18/04/2023 17:20;18/04/2023 17:30;10;Cistus monspeliensis;65;65;Musca domestica;Muscidae;DI;1;1;obs;Cabrera
9;733;Rocky coastal 2;Pine forest 2;18/04/2023 17:20;18/04/2023 17:30;10;Cistus monspeliensis;65;65;Eristalis similis;Syrphidae;HO;1;1;obs;Cabrera
9;734;Rocky coastal 2;Pine forest 2;18/04/2023 17:30;18/04/2023 17:40;10;Cistus monspeliensis;50;50;Tapinoma nigerrinum;Formicidae;OT;2;2;obs;Cabrera
9;734;Rocky coastal 2;Pine forest 2;18/04/2023 17:30;18/04/2023 17:40;10;Cistus monspeliensis;50;50;Platypalpus sp.;Hybotidae;DI;1;1;obs;Cabrera
9;734;Rocky coastal 2;Pine forest 2;18/04/2023 17:30;18/04/2023 17:40;10;Cistus monspeliensis;50;50;Dasytes nigroaeneus;Dasytidae;CO;2;2;obs;Cabrera
9;734;Rocky coastal 2;Pine forest 2;18/04/2023 17:30;18/04/2023 17:40;10;Cistus monspeliensis;50;50;Meligethes sp.;Nitidulidae;CO;1;1;obs;Cabrera
9;734;Rocky coastal 2;Pine forest 2;18/04/2023 17:30;18/04/2023 17:40;10;Cistus monspeliensis;50;50;Musca domestica;Muscidae;DI;1;1;obs;Cabrera
;;;nan;;;;;;;;;;;;;
9;736;Rocky coastal 2;Pine forest 2;18/04/2023 16:30;18/04/2023 16:40;10;Cistus monspeliensis;90;90;Eristalis similis;Syrphidae;HO;1;4;obs;Cabrera
9;737;Rocky coastal 2;Dune system 2;18/04/2023 16:40;18/04/2023 16:50;10;Cakile maritima;24;24;Lasioglossum sp.;Halictidae;BE;1;2;obs;Cabrera
9;737;Rocky coastal 2;Dune system 2;18/04/2023 16:40;18/04/2023 16:50;10;Cakile maritima;24;24;Platypalpus sp.;Hybotidae;DI;1;1;obs;Cabrera
9;738;Rocky coastal 2;Pine forest 2;18/04/2023 16:50;18/04/2023 17:00;10;Cistus monspeliensis;40;40;;;;0;0;obs;Cabrera
9;739;Rocky coastal 2;Pine forest 2;18/04/2023 17:00;18/04/2023 17:10;10;Cistus monspeliensis;30;30;;;;0;0;obs;Cabrera
9;740;Rocky coastal 2;Pine forest 2;18/04/2023 17:10;18/04/2023 17:20;10;Cistus monspeliensis;45;45;;;;0;0;obs;Cabrera
9;741;Rocky coastal 2;Pine forest 2;18/04/2023 17:10;18/04/2023 17:20;10;Cistus monspeliensis;120;120;Eristalis similis;Syrphidae;HO;2;3;obs;Cabrera
9;741;Rocky coastal 2;Pine forest 2;18/04/2023 17:10;18/04/2023 17:20;10;Cistus monspeliensis;120;120;Dasytes nigroaeneus;Dasytidae;CO;1;1;obs;Cabrera
9;742;Rocky coastal 2;Pine forest 2;18/04/2023 17:20;18/04/2023 17:30;10;Cistus monspeliensis;24;24;Eristalis similis;Syrphidae;HO;1;1;obs;Cabrera
9;743;Rocky coastal 2;Pine forest 2;18/04/2023 17:30;18/04/2023 17:40;10;Cistus monspeliensis;160;160;Eristalis similis;Syrphidae;HO;2;5;obs;Cabrera
9;743;Rocky coastal 2;Pine forest 2;18/04/2023 17:30;18/04/2023 17:40;10;Cistus monspeliensis;160;160;Meligethes sp.;Nitidulidae;CO;2;2;obs;Cabrera
9;744;Pine forest 2;Pine forest 2;19/04/2023 12:20;19/04/2023 12:30;10;Fumana ericoides;7;7;Platypalpus sp.;Hybotidae;DI;1;1;obs;Cabrera
9;745;Pine forest 2;Pine forest 2;19/04/2023 12:30;19/04/2023 12:40;10;Cistus monspeliensis;37;37;Platypalpus sp.;Hybotidae;DI;1;1;obs;Cabrera
9;745;Pine forest 2;Pine forest 2;19/04/2023 12:30;19/04/2023 12:40;10;Cistus monspeliensis;37;37;Dasytes nigroaeneus;Dasytidae;CO;2;2;obs;Cabrera
9;745;Pine forest 2;Pine forest 2;19/04/2023 12:30;19/04/2023 12:40;10;Cistus monspeliensis;37;37;Meligethes sp.;Nitidulidae;CO;1;1;obs;Cabrera
9;745;Pine forest 2;Pine forest 2;19/04/2023 12:30;19/04/2023 12:40;10;Cistus monspeliensis;37;37;Musca domestica;Muscidae;DI;1;3;obs;Cabrera
9;746;Pine forest 2;Pine forest 2;19/04/2023 12:40;19/04/2023 12:50;10;Blackstonia perfoliata;1;1;;;;0;0;obs;Cabrera
9;747;Pine forest 2;Pine forest 2;19/04/2023 12:50;19/04/2023 13:00;10;Gladiolus communis;4;4;;;;0;0;obs;Cabrera
9;748;Pine forest 2;Pine forest 2;19/04/2023 13:00;19/04/2023 13:10;10;Anacamptis pyramidalis;5;5;;;;0;0;obs;Cabrera
9;749;Pine forest 2;Pine forest 2;19/04/2023 13:10;19/04/2023 13:20;10;Gladiolus communis;6;6;;;;0;0;obs;Cabrera
9;750;Pine forest 2;Pine forest 2;19/04/2023 13:20;19/04/2023 13:30;10;Gladiolus communis;3;3;;;;0;0;obs;Cabrera
9;751;Pine forest 2;Pine forest 2;19/04/2023 13:30;19/04/2023 13:40;10;Cistus monspeliensis;35;35;Dasytes nigroaeneus;Dasytidae;CO;1;1;obs;Cabrera
9;751;Pine forest 2;Pine forest 2;19/04/2023 13:30;19/04/2023 13:40;10;Cistus monspeliensis;35;35;Musca domestica;Muscidae;DI;1;1;obs;Cabrera
9;752;Pine forest 2;Pine forest 2;19/04/2023 13:40;19/04/2023 13:50;10;Fumana ericoides;19;19;Platypalpus sp.;Hybotidae;DI;1;1;obs;Cabrera
;;;nan;;;;;;;;;;;;;
;;;nan;;;;;;;;;;;;;
;;;nan;;;;;;;;;;;;;
;;;nan;;;;;;;;;;;;;
;;;nan;;;;;;;;;;;;;
;;;nan;;;;;;;;;;;;;
9;758;Dune system 1;Pine forest 1;20/04/2023 11:00;20/04/2023 11:10;10;Euphorbia serrata;19;19;Musca domestica;Muscidae;DI;1;1;obs;Cabrera
9;758;Dune system 1;Pine forest 1;20/04/2023 11:00;20/04/2023 11:10;10;Euphorbia serrata;19;19;Platypalpus sp.;Hybotidae;DI;1;1;obs;Cabrera
9;758;Dune system 1;Pine forest 1;20/04/2023 11:00;20/04/2023 11:10;10;Euphorbia serrata;19;19;Lasioglossum sp.;Halictidae;BE;3;8;obs;Cabrera
9;759;Dune system 1;Pine forest 1;20/04/2023 11:10;20/04/2023 11:20;10;Asphodelus fistulosus;12;12;;;;0;0;obs;Cabrera
9;760;Dune system 1;Pine forest 1;20/04/2023 11:20;20/04/2023 11:30;10;Asphodelus fistulosus;17;17;Anthophora balearica;Apidae;BE;1;2;obs;Cabrera
9;760;Dune system 1;Pine forest 1;20/04/2023 11:20;20/04/2023 11:30;10;Asphodelus fistulosus;17;17;Eristalis similis;Syrphidae;HO;1;3;obs;Cabrera
9;761;Dune system 1;Pine forest 1;20/04/2023 11:30;20/04/2023 11:40;10;Asphodelus fistulosus;15;15;;;;0;0;obs;Cabrera
9;762;Dune system 1;Pine forest 1;20/04/2023 11:40;20/04/2023 11:50;10;Asphodelus fistulosus;12;12;;;;0;0;obs;Cabrera
9;763;Dune system 1;Dune system 1;20/04/2023 11:50;20/04/2023 12:00;10;Teucrium capitatum;32;32;Spilostethus pandurus;Lygaeidae;OT;1;1;obs;Cabrera
9;764;Dune system 1;Pine forest 1;20/04/2023 12:00;20/04/2023 12:10;10;Asphodelus fistulosus;18;18;Platypalpus sp.;Hybotidae;DI;1;1;obs;Cabrera
9;764;Dune system 1;Pine forest 1;20/04/2023 12:00;20/04/2023 12:10;10;Asphodelus fistulosus;18;18;Eupeodes corollae;Syrphidae;HO;1;2;obs;Cabrera
9;765;Dune system 1;Dune system 1;20/04/2023 12:10;20/04/2023 12:20;10;Teucrium capitatum;8;8;Eupeodes corollae;Syrphidae;HO;1;1;obs;Cabrera
9;766;Dune system 1;Pine forest 1;20/04/2023 12:20;20/04/2023 12:30;10;Asphodelus fistulosus;8;8;;;;0;0;obs;Cabrera
9;767;Dune system 1;Pine forest 1;20/04/2023 12:30;20/04/2023 12:40;10;Asphodelus fistulosus;9;9;;;;0;0;obs;Cabrera
9;768;Dune system 1;Pine forest 1;20/04/2023 12:40;20/04/2023 12:50;10;Asphodelus fistulosus;5;5;;;;0;0;obs;Cabrera
9;769;Dune system 1;Pine forest 1;20/04/2023 12:50;20/04/2023 13:00;10;Euphorbia serrata;12;12;Eupeodes corollae;Syrphidae;HO;1;1;obs;Cabrera
9;769;Dune system 1;Pine forest 1;20/04/2023 12:50;20/04/2023 13:00;10;Euphorbia serrata;12;12;Platypalpus sp.;Hybotidae;DI;1;1;obs;Cabrera
9;770;Dune system 1;Pine forest 1;20/04/2023 13:00;20/04/2023 13:10;10;Euphorbia serrata;3;3;Platypalpus sp.;Hybotidae;DI;1;1;obs;Cabrera
9;771;Dune system 1;Pine forest 1;20/04/2023 13:10;20/04/2023 13:20;10;Euphorbia serrata;8;8;Platypalpus sp.;Hybotidae;DI;1;1;obs;Cabrera
9;772;Dune system 1;Dune system 1;20/04/2023 13:20;20/04/2023 13:30;10;Teucrium capitatum;4;4;Lasioglossum sp.;Halictidae;BE;1;3;obs;Cabrera
9;773;Dune system 1;Pine forest 1;20/04/2023 13:30;20/04/2023 13:40;10;Euphorbia serrata;14;14;Anthophora balearica;Apidae;BE;1;1;obs;Cabrera
9;773;Dune system 1;Pine forest 1;20/04/2023 13:30;20/04/2023 13:40;10;Euphorbia serrata;14;14;Anthophora balearica;Apidae;BE;1;1;obs;Cabrera
9;773;Dune system 1;Pine forest 1;20/04/2023 13:30;20/04/2023 13:40;10;Euphorbia serrata;14;14;Lasioglossum sp.;Halictidae;BE;1;3;obs;Cabrera
9;774;Dune system 1;Pine forest 1;20/04/2023 13:40;20/04/2023 13:50;10;Euphorbia serrata;5;5;Anthophora balearica;Apidae;BE;1;1;obs;Cabrera
9;774;Dune system 1;Pine forest 1;20/04/2023 13:40;20/04/2023 13:50;10;Euphorbia serrata;5;5;Lasioglossum sp.;Halictidae;BE;1;1;obs;Cabrera
9;775;Dune system 1;Pine forest 1;20/04/2023 13:50;20/04/2023 14:00;10;Euphorbia serrata;8;8;Lasioglossum sp.;Halictidae;BE;1;3;obs;Cabrera
9;775;Dune system 1;Pine forest 1;20/04/2023 13:50;20/04/2023 14:00;10;Euphorbia serrata;8;8;Platypalpus sp.;Hybotidae;DI;1;2;obs;Cabrera
9;775;Dune system 1;Pine forest 1;20/04/2023 13:50;20/04/2023 14:00;10;Euphorbia serrata;8;8;Lasioglossum sp.;Halictidae;BE;1;2;obs;Cabrera
9;776;Dune system 1;Pine forest 1;20/04/2023 14:00;20/04/2023 14:10;10;Euphorbia serrata;4;4;Lasioglossum sp.;Halictidae;BE;1;2;obs;Cabrera
9;777;Dune system 1;Pine forest 1;20/04/2023 14:10;20/04/2023 14:20;10;Euphorbia serrata;6;6;Lasioglossum sp.;Halictidae;BE;1;1;obs;Cabrera
9;777;Dune system 1;Pine forest 1;20/04/2023 14:10;20/04/2023 14:20;10;Euphorbia serrata;6;6;Platypalpus sp.;Hybotidae;DI;1;1;obs;Cabrera
9;777;Dune system 1;Pine forest 1;20/04/2023 14:10;20/04/2023 14:20;10;Euphorbia serrata;6;6;Anthophora balearica;Apidae;BE;1;1;obs;Cabrera
9;778;Dune system 1;Dune system 1;20/04/2023 11:00;20/04/2023 11:10;10;Cakile maritima;230;230;Anthophora balearica;Apidae;BE;1;3;obs;Cabrera
9;778;Dune system 1;Dune system 1;20/04/2023 11:00;20/04/2023 11:10;10;Cakile maritima;230;230;;;;0;0;obs;Cabrera
9;778;Dune system 1;Dune system 1;20/04/2023 11:00;20/04/2023 11:10;10;Cakile maritima;230;230;Eupeodes corollae;Syrphidae;HO;1;4;obs;Cabrera
;;;nan;;;;;;;;;;;;;
;;;nan;;;;;;;;;;;;;
;;;nan;;;;;;;;;;;;;
9;780;Dune system 1;Dune system 1;20/04/2023 11:20;20/04/2023 11:30;10;Cakile maritima;290;290;;;;0;0;obs;Cabrera
9;781;Dune system 1;Dune system 1;20/04/2023 11:30;20/04/2023 11:40;10;Cakile maritima;180;180;Eristalis similis;Syrphidae;HO;1;3;obs;Cabrera
;;;nan;;;;;;;;;;;;;
;;;nan;;;;;;;;;;;;;
9;784;Rocky coastal 1;Rocky coastal 1;20/04/2023 16:00;20/04/2023 16:10;10;Allium sp.;10;10;Eupeodes corollae;Syrphidae;HO;1;2;obs;Cabrera
9;784;Rocky coastal 1;Rocky coastal 1;20/04/2023 16:00;20/04/2023 16:10;10;Allium sp.;10;10;Anaspis sp.;Scraptiidae;CO;1;1;obs;Cabrera
9;784;Rocky coastal 1;Rocky coastal 1;20/04/2023 16:00;20/04/2023 16:10;10;Allium sp.;10;10;Episyrphus balteatus;Syrphidae;HO;2;4;obs;Cabrera
9;785;Rocky coastal 1;Rocky coastal 1;20/04/2023 16:10;20/04/2023 16:20;10;Allium sp.;21;21;Lasioglossum sp.;Halictidae;BE;3;6;obs;Cabrera
9;785;Rocky coastal 1;Rocky coastal 1;20/04/2023 16:10;20/04/2023 16:20;10;Allium sp.;21;21;Lasioglossum sp.;Halictidae;BE;3;8;obs;Cabrera
9;785;Rocky coastal 1;Rocky coastal 1;20/04/2023 16:10;20/04/2023 16:20;10;Allium sp.;21;21;Podarcis lilfordi;Lacertidae;VE;1;1;obs;Cabrera
9;785;Rocky coastal 1;Rocky coastal 1;20/04/2023 16:10;20/04/2023 16:20;10;Allium sp.;21;21;Anaspis sp.;Scraptiidae;CO;1;1;obs;Cabrera
9;786;Rocky coastal 1;Rocky coastal 1;20/04/2023 16:20;20/04/2023 16:30;10;Allium sp.;11;11;Anaspis sp.;Scraptiidae;CO;1;1;obs;Cabrera
9;786;Rocky coastal 1;Rocky coastal 1;20/04/2023 16:20;20/04/2023 16:30;10;Allium sp.;11;11;Lasioglossum sp.;Halictidae;BE;3;9;obs;Cabrera
9;786;Rocky coastal 1;Rocky coastal 1;20/04/2023 16:20;20/04/2023 16:30;10;Allium sp.;11;11;Eupeodes corollae;Syrphidae;HO;1;2;obs;Cabrera
9;786;Rocky coastal 1;Rocky coastal 1;20/04/2023 16:20;20/04/2023 16:30;10;Allium sp.;11;11;Meligethes sp.;Nitidulidae;CO;3;3;obs;Cabrera
9;787;Rocky coastal 1;Rocky coastal 1;20/04/2023 16:30;20/04/2023 16:40;10;Allium sp.;13;13;Meligethes sp.;Nitidulidae;CO;2;2;obs;Cabrera
9;787;Rocky coastal 1;Rocky coastal 1;20/04/2023 16:30;20/04/2023 16:40;10;Allium sp.;13;13;Anaspis sp.;Scraptiidae;CO;1;1;obs;Cabrera
9;787;Rocky coastal 1;Rocky coastal 1;20/04/2023 16:30;20/04/2023 16:40;10;Allium sp.;13;13;Lasioglossum sp.;Halictidae;BE;3;6;obs;Cabrera
9;788;Rocky coastal 1;Rocky coastal 1;20/04/2023 16:40;20/04/2023 16:50;10;Allium sp.;15;15;Meligethes sp.;Nitidulidae;CO;2;2;obs;Cabrera
9;788;Rocky coastal 1;Rocky coastal 1;20/04/2023 16:40;20/04/2023 16:50;10;Allium sp.;15;15;Anaspis sp.;Scraptiidae;CO;1;1;obs;Cabrera
9;788;Rocky coastal 1;Rocky coastal 1;20/04/2023 16:40;20/04/2023 16:50;10;Allium sp.;15;15;Eupeodes corollae;Syrphidae;HO;1;2;obs;Cabrera
9;789;Rocky coastal 1;Rocky coastal 1;20/04/2023 16:50;20/04/2023 17:00;10;Allium sp.;17;17;Podarcis lilfordi;Lacertidae;VE;1;1;obs;Cabrera
9;789;Rocky coastal 1;Rocky coastal 1;20/04/2023 16:50;20/04/2023 17:00;10;Allium sp.;17;17;Eristalis similis;Syrphidae;HO;1;3;obs;Cabrera
9;790;Rocky coastal 1;Rocky coastal 1;20/04/2023 17:00;20/04/2023 17:10;10;Allium sp.;6;6;;;;0;0;obs;Cabrera
9;791;Rocky coastal 1;Rocky coastal 1;20/04/2023 17:10;20/04/2023 17:20;10;Allium sp.;8;8;;;;0;0;obs;Cabrera
9;792;Rocky coastal 1;Rocky coastal 1;20/04/2023 17:20;20/04/2023 17:30;10;Allium sp.;7;7;;;;0;0;obs;Cabrera
9;793;Rocky coastal 1;Rocky coastal 1;20/04/2023 17:30;20/04/2023 17:40;10;Allium sp.;9;9;;;;0;0;obs;Cabrera
9;794;Rocky coastal 1;Rocky coastal 1;20/04/2023 17:40;20/04/2023 17:50;10;Allium sp.;8;8;;;;0;0;obs;Cabrera
9;795;Rocky coastal 1;Rocky coastal 1;20/04/2023 16:00;20/04/2023 16:10;10;Astragalus balearicus;32;32;Eristalis similis;Syrphidae;HO;1;1;obs;Cabrera
9;796;Rocky coastal 1;Rocky coastal 1;20/04/2023 16:10;20/04/2023 16:20;10;Astragalus balearicus;12;12;;;;0;0;obs;Cabrera
9;797;Rocky coastal 1;Rocky coastal 1;20/04/2023 16:20;20/04/2023 16:30;10;Astragalus balearicus;14;14;Eristalis similis;Syrphidae;HO;1;1;obs;Cabrera
9;798;Rocky coastal 1;Rocky coastal 1;20/04/2023 16:30;20/04/2023 16:40;10;Astragalus balearicus;35;35;Podarcis lilfordi;Lacertidae;VE;1;1;obs;Cabrera
9;799;Rocky coastal 1;Rocky coastal 1;20/04/2023 16:40;20/04/2023 16:50;10;Astragalus balearicus;41;41;;;;0;0;obs;Cabrera
9;800;Rocky coastal 1;Rocky coastal 1;20/04/2023 16:50;20/04/2023 17:00;10;Astragalus balearicus;32;32;Eristalis similis;Syrphidae;HO;1;1;obs;Cabrera
9;801;Rocky coastal 1;Rocky coastal 1;20/04/2023 17:00;20/04/2023 17:10;10;Daucus carota L. subsp. Majoricus;4;4;Eristalis similis;Syrphidae;HO;1;1;obs;Cabrera
9;802;Rocky coastal 1;Rocky coastal 1;20/04/2023 17:10;20/04/2023 17:20;10;Daucus carota L. subsp. Majoricus;2;2;;;;0;0;obs;Cabrera
9;803;Rocky coastal 1;Rocky coastal 1;20/04/2023 17:20;20/04/2023 17:30;10;Daucus carota L. subsp. Majoricus;2;2;;;;0;0;obs;Cabrera
9;804;Rocky coastal 1;Rocky coastal 1;20/04/2023 17:30;20/04/2023 17:40;10;Daucus carota L. subsp. Majoricus;3;3;;;;0;0;obs;Cabrera
9;805;Rocky coastal 1;Rocky coastal 1;20/04/2023 17:40;20/04/2023 17:50;10;Daucus carota L. subsp. Majoricus;12;12;Eristalis similis;Syrphidae;HO;1;1;obs;Cabrera
9;806;Rocky coastal 1;Rocky coastal 1;20/04/2023 17:50;20/04/2023 18:00;10;Daucus carota L. subsp. Majoricus;21;21;Podarcis lilfordi;Lacertidae;VE;1;1;obs;Cabrera
9;807;Rocky coastal 1;Rocky coastal 1;20/04/2023 18:00;20/04/2023 18:10;10;Daucus carota L. subsp. Majoricus;3;3;;;;0;0;obs;Cabrera
9;808;Rocky coastal 1;Rocky coastal 1;20/04/2023 18:10;20/04/2023 18:20;10;Astragalus balearicus;14;14;;;;0;0;obs;Cabrera
10;809;Rocky coastal 2;Pine forest 2;09/05/2023 10:00;09/05/2023 10:10;10;Cistus monspeliensis;130;70;Musca domestica;Muscidae;DI;1;1;obs;Cabrera
10;809;Rocky coastal 2;Pine forest 2;09/05/2023 10:00;09/05/2023 10:10;10;Cistus monspeliensis;130;70;Musca domestica;Muscidae;DI;1;1;obs;Cabrera
10;809;Rocky coastal 2;Pine forest 2;09/05/2023 10:00;09/05/2023 10:10;10;Cistus monspeliensis;130;70;Musca domestica;Muscidae;DI;1;1;obs;Cabrera
10;810;Rocky coastal 2;Pine forest 2;09/05/2023 10:10;09/05/2023 10:20;10;Cistus monspeliensis;155;45;Platypalpus sp.;Hybotidae;DI;1;1;obs;Cabrera
10;810;Rocky coastal 2;Pine forest 2;09/05/2023 10:10;09/05/2023 10:20;10;Cistus monspeliensis;155;45;Platypalpus sp.;Hybotidae;DI;1;1;obs;Cabrera
10;810;Rocky coastal 2;Pine forest 2;09/05/2023 10:10;09/05/2023 10:20;10;Cistus monspeliensis;155;45;Platypalpus sp.;Hybotidae;DI;1;1;obs;Cabrera
10;810;Rocky coastal 2;Pine forest 2;09/05/2023 10:10;09/05/2023 10:20;10;Cistus monspeliensis;155;45;Platypalpus sp.;Hybotidae;DI;1;1;obs;Cabrera
10;811;Rocky coastal 2;Pine forest 2;09/05/2023 10:20;09/05/2023 10:30;10;Cistus monspeliensis;180;60;Platypalpus sp.;Hybotidae;HO;1;1;obs;Cabrera
10;811;Rocky coastal 2;Pine forest 2;09/05/2023 10:20;09/05/2023 10:30;10;Cistus monspeliensis;180;60;Platypalpus sp.;Hybotidae;DI;3;1;obs;Cabrera
10;811;Rocky coastal 2;Pine forest 2;09/05/2023 10:20;09/05/2023 10:30;10;Cistus monspeliensis;180;60;Eupeodes corollae;Syrphidae;HO;1;1;obs;Cabrera
10;812;Rocky coastal 2;Pine forest 2;09/05/2023 10:30;09/05/2023 10:40;10;Cistus monspeliensis;200;80;Anthomyiidae sp.;Anthomyiidae;DI;3;1;obs;Cabrera
10;812;Rocky coastal 2;Pine forest 2;09/05/2023 10:30;09/05/2023 10:40;10;Cistus monspeliensis;200;80;Eupeodes corollae;Syrphidae;HO;2;2;obs;Cabrera
10;813;Rocky coastal 2;Dune system 2;09/05/2023 10:40;09/05/2023 10:50;10;Cakile maritima;8;4;;;;0;0;obs;Cabrera
10;814;Rocky coastal 2;Dune system 2;09/05/2023 10:50;09/05/2023 11:00;10;Cakile maritima;40;15;Lasioglossum sp.;Halictidae;BE;2;2;obs;Cabrera
10;814;Rocky coastal 2;Dune system 2;09/05/2023 10:50;09/05/2023 11:00;10;Cakile maritima;40;15;Episyrphus balteatus;Syrphidae;HO;1;1;obs;Cabrera
10;815;Rocky coastal 2;Dune system 2;09/05/2023 10:50;09/05/2023 11:00;10;Cakile maritima;50;17;Lasioglossum sp.;Halictidae;BE;12;24;obs;Cabrera
10;816;Rocky coastal 2;Rocky coastal 2;09/05/2023 11:00;09/05/2023 11:10;10;Teucrium capitatum;30;30;Lasioglossum sp.;Halictidae;BE;5;10;obs;Cabrera
10;816;Rocky coastal 2;Rocky coastal 2;09/05/2023 11:00;09/05/2023 11:10;10;Teucrium capitatum;30;30;Dasytes nigroaeneus;Dasytidae;DI;3;3;obs;Cabrera
10;817;Rocky coastal 2;Rocky coastal 2;09/05/2023 11:10;09/05/2023 11:20;10;Teucrium capitatum;28;28;Exoprosopa cf. bowdeni;Bombyliidae;DI;2;4;obs;Cabrera
10;817;Rocky coastal 2;Rocky coastal 2;09/05/2023 11:10;09/05/2023 11:20;10;Teucrium capitatum;28;28;Lasioglossum sp.;Halictidae;BE;6;12;obs;Cabrera
10;818;Rocky coastal 2;Rocky coastal 2;09/05/2023 11:20;09/05/2023 11:30;10;Teucrium capitatum;22;22;Exoprosopa cf. bowdeni;Bombyliidae;DI;1;1;obs;Cabrera
10;818;Rocky coastal 2;Rocky coastal 2;09/05/2023 11:20;09/05/2023 11:30;10;Teucrium capitatum;22;22;Lasioglossum sp.;Halictidae;BE;1;1;obs;Cabrera
10;819;Rocky coastal 2;Pine forest 2;09/05/2023 11:30;09/05/2023 11:40;10;Cistus monspeliensis;70;70;Dasytes nigroaeneus;Dasytidae;CO;1;1;obs;Cabrera
10;819;Rocky coastal 2;Pine forest 2;09/05/2023 11:30;09/05/2023 11:40;10;Cistus monspeliensis;70;70;Dasytes nigroaeneus;Dasytidae;CO;1;1;obs;Cabrera
10;819;Rocky coastal 2;Pine forest 2;09/05/2023 11:30;09/05/2023 11:40;10;Cistus monspeliensis;70;70;Ancistrocerus ebusianus;Eumenidae;WA;1;1;obs;Cabrera
10;820;Rocky coastal 2;Pine forest 2;09/05/2023 11:40;09/05/2023 11:50;10;Cistus monspeliensis;50;50;Lasioglossum sp.;Halictidae;BE;2;2;obs;Cabrera
10;820;Rocky coastal 2;Pine forest 2;09/05/2023 11:40;09/05/2023 11:50;10;Cistus monspeliensis;50;50;Musca domestica;Muscidae;DI;1;1;obs;Cabrera
10;821;Rocky coastal 2;Rocky coastal 2;09/05/2023 11:50;09/05/2023 12:00;10;Teucrium capitatum;12;12;Lasioglossum sp.;Halictidae;BE;3;3;obs;Cabrera
10;821;Rocky coastal 2;Rocky coastal 2;09/05/2023 11:50;09/05/2023 12:00;10;Teucrium capitatum;12;12;Exoprosopa cf. bowdeni;Bombyliidae;DI;1;1;obs;Cabrera
10;822;Rocky coastal 2;Rocky coastal 2;09/05/2023 12:00;09/05/2023 12:10;10;Teucrium capitatum;13;13;Vanessa cardui;Nymphalidae;LE;1;1;obs;Cabrera
10;822;Rocky coastal 2;Rocky coastal 2;09/05/2023 12:00;09/05/2023 12:10;10;Teucrium capitatum;13;13;Lasioglossum sp.;Halictidae;BE;2;2;obs;Cabrera
10;822;Rocky coastal 2;Rocky coastal 2;09/05/2023 12:00;09/05/2023 12:10;10;Teucrium capitatum;13;13;Exoprosopa cf. bowdeni;Bombyliidae;DI;1;1;obs;Cabrera
10;823;Rocky coastal 2;Rocky coastal 2;09/05/2023 12:10;09/05/2023 12:20;10;Teucrium capitatum;35;35;Musca domestica;Muscidae;DI;1;1;obs;Cabrera
10;823;Rocky coastal 2;Rocky coastal 2;09/05/2023 12:10;09/05/2023 12:20;10;Teucrium capitatum;35;35;Lasioglossum sp.;Halictidae;BE;6;12;obs;Cabrera
10;824;Rocky coastal 2;Rocky coastal 2;09/05/2023 12:30;09/05/2023 12:40;10;Teucrium capitatum;31;31;Lasioglossum sp.;Halictidae;BE;4;12;obs;Cabrera
10;824;Rocky coastal 2;Rocky coastal 2;09/05/2023 12:30;09/05/2023 12:40;10;Teucrium capitatum;31;31;Exoprosopa cf. bowdeni;Bombyliidae;DI;1;1;obs;Cabrera
10;824;Rocky coastal 2;Rocky coastal 2;09/05/2023 12:30;09/05/2023 12:40;10;Teucrium capitatum;31;31;Musca domestica;Muscidae;DI;1;1;obs;Cabrera
10;825;Rocky coastal 2;Rocky coastal 2;09/05/2023 12:40;09/05/2023 12:50;10;Teucrium capitatum;25;25;Lasioglossum sp.;Halictidae;BE;2;2;obs;Cabrera
10;825;Rocky coastal 2;Rocky coastal 2;09/05/2023 12:40;09/05/2023 12:50;10;Teucrium capitatum;25;25;Exoprosopa cf. bowdeni;Bombyliidae;DI;1;1;obs;Cabrera
10;826;Rocky coastal 2;Pine forest 2;09/05/2023 10:00;09/05/2023 10:10;10;Cistus monspeliensis;22;22;Meligethes sp.;Nitidulidae;CO;1;1;obs;Cabrera
10;826;Rocky coastal 2;Pine forest 2;09/05/2023 10:00;09/05/2023 10:10;10;Cistus monspeliensis;22;22;Dasytes nigroaeneus;Dasytidae;CO;1;1;obs;Cabrera
10;826;Rocky coastal 2;Pine forest 2;09/05/2023 10:00;09/05/2023 10:10;10;Cistus monspeliensis;22;22;Eristalis similis;Syrphidae;HO;2;1;obs;Cabrera
10;827;Rocky coastal 2;Pine forest 2;09/05/2023 10:10;09/05/2023 10:20;10;Cistus monspeliensis;25;25;Eristalis similis;Syrphidae;HO;3;3;obs;Cabrera
10;828;Rocky coastal 2;Pine forest 2;09/05/2023 10:20;09/05/2023 10:30;10;Cistus monspeliensis;31;31;Lasioglossum sp.;Halictidae;BE;3;3;obs;Cabrera
10;828;Rocky coastal 2;Pine forest 2;09/05/2023 10:20;09/05/2023 10:30;10;Cistus monspeliensis;31;31;Musca domestica;Muscidae;DI;4;4;obs;Cabrera
10;828;Rocky coastal 2;Pine forest 2;09/05/2023 10:20;09/05/2023 10:30;10;Cistus monspeliensis;31;31;Dasytes nigroaeneus;Dasytidae;CO;1;1;obs;Cabrera
10;828;Rocky coastal 2;Pine forest 2;09/05/2023 10:20;09/05/2023 10:30;10;Cistus monspeliensis;31;31;Ancistrocerus ebusianus;Eumenidae;WA;1;1;obs;Cabrera
10;829;Rocky coastal 2;Pine forest 2;09/05/2023 10:30;09/05/2023 10:40;10;Cistus monspeliensis;27;27;Musca domestica;Muscidae;DI;2;2;obs;Cabrera
10;829;Rocky coastal 2;Pine forest 2;09/05/2023 10:30;09/05/2023 10:40;10;Cistus monspeliensis;27;27;Dasytes nigroaeneus;Dasytidae;CO;1;1;obs;Cabrera
10;830;Rocky coastal 2;Pine forest 2;09/05/2023 10:40;09/05/2023 10:50;10;Cistus monspeliensis;33;33;Lasioglossum sp.;Halictidae;BE;4;12;obs;Cabrera
10;830;Rocky coastal 2;Pine forest 2;09/05/2023 10:40;09/05/2023 10:50;10;Cistus monspeliensis;33;33;Sarcophaga sp.;Sarcophagidae;DI;1;1;obs;Cabrera
10;830;Rocky coastal 2;Pine forest 2;09/05/2023 10:40;09/05/2023 10:50;10;Cistus monspeliensis;33;33;Eupeodes corollae;Syrphidae;HO;1;1;obs;Cabrera
10;830;Rocky coastal 2;Pine forest 2;09/05/2023 10:40;09/05/2023 10:50;10;Cistus monspeliensis;33;33;Musca domestica;Muscidae;DI;1;1;obs;Cabrera
10;831;Rocky coastal 2;Dune system 2;09/05/2023 10:50;09/05/2023 11:00;10;Cakile maritima;8;8;Lasioglossum sp.;Halictidae;BE;3;6;obs;Cabrera
10;831;Rocky coastal 2;Dune system 2;09/05/2023 10:50;09/05/2023 11:00;10;Cakile maritima;8;8;Eupeodes corollae;Syrphidae;HO;1;1;obs;Cabrera
10;832;Rocky coastal 2;Dune system 2;09/05/2023 11:00;09/05/2023 11:10;10;Cakile maritima;10;10;Lasioglossum sp.;Halictidae;BE;6;12;obs;Cabrera
10;833;Rocky coastal 2;Dune system 2;09/05/2023 11:10;09/05/2023 11:20;10;Cakile maritima;14;14;Ancistrocerus ebusianus;Eumenidae;WA;1;1;obs;Cabrera
10;833;Rocky coastal 2;Dune system 2;09/05/2023 11:10;09/05/2023 11:20;10;Cakile maritima;14;14;Eupeodes corollae;Syrphidae;HO;1;1;obs;Cabrera
10;833;Rocky coastal 2;Dune system 2;09/05/2023 11:10;09/05/2023 11:20;10;Cakile maritima;14;14;Episyrphus balteatus;Syrphidae;HO;1;1;obs;Cabrera
10;833;Rocky coastal 2;Dune system 2;09/05/2023 11:10;09/05/2023 11:20;10;Cakile maritima;14;14;Lasioglossum sp.;Halictidae;BE;3;6;obs;Cabrera
10;834;Rocky coastal 2;Dune system 2;09/05/2023 11:10;09/05/2023 11:20;10;Cakile maritima;2;2;;;;0;0;obs;Cabrera
10;835;Rocky coastal 2;Dune system 2;09/05/2023 11:20;09/05/2023 11:30;10;Cakile maritima;14;14;Episyrphus balteatus;Syrphidae;HO;1;1;obs;Cabrera
10;835;Rocky coastal 2;Dune system 2;09/05/2023 11:20;09/05/2023 11:30;10;Cakile maritima;14;14;Ancistrocerus ebusianus;Eumenidae;WA;1;1;obs;Cabrera
10;836;Rocky coastal 2;Dune system 2;09/05/2023 11:30;09/05/2023 11:40;10;Cakile maritima;2;2;;;;0;0;obs;Cabrera
10;837;Rocky coastal 2;Dune system 2;09/05/2023 11:40;09/05/2023 11:50;10;Cakile maritima;14;14;Lasioglossum sp.;Halictidae;BE;1;1;obs;Cabrera
10;838;Rocky coastal 2;Dune system 2;09/05/2023 11:50;09/05/2023 12:00;10;Cakile maritima;8;8;Lasioglossum sp.;Halictidae;BE;3;3;obs;Cabrera
10;838;Rocky coastal 2;Dune system 2;09/05/2023 11:50;09/05/2023 12:00;10;Cakile maritima;8;8;Lasioglossum sp.;Halictidae;BE;1;1;obs;Cabrera
10;839;Rocky coastal 2;Dune system 2;09/05/2023 12:00;09/05/2023 12:10;10;Cakile maritima;10;10;Lasioglossum sp.;Halictidae;BE;1;1;obs;Cabrera
10;839;Rocky coastal 2;Dune system 2;09/05/2023 12:00;09/05/2023 12:10;10;Cakile maritima;10;10;Episyrphus balteatus;Syrphidae;HO;1;1;obs;Cabrera
10;840;Rocky coastal 2;Pine forest 2;09/05/2023 12:10;09/05/2023 12:20;10;Cistus monspeliensis;22;22;Eristalis similis;Syrphidae;HO;1;1;obs;Cabrera
10;840;Rocky coastal 2;Pine forest 2;09/05/2023 12:10;09/05/2023 12:20;10;Cistus monspeliensis;22;22;Lasioglossum sp.;Halictidae;BE;1;3;obs;Cabrera
10;841;Rocky coastal 2;Pine forest 2;09/05/2023 12:20;09/05/2023 12:30;10;Cistus monspeliensis;31;31;Musca domestica;Muscidae;DI;1;2;obs;Cabrera
10;841;Rocky coastal 2;Pine forest 2;09/05/2023 12:20;09/05/2023 12:30;10;Cistus monspeliensis;31;31;Lasioglossum sp.;Halictidae;BE;1;1;obs;Cabrera
10;842;Rocky coastal 2;Pine forest 2;09/05/2023 12:30;09/05/2023 12:40;10;Cistus monspeliensis;15;15;Lasioglossum sp.;Halictidae;BE;3;6;obs;Cabrera
10;842;Rocky coastal 2;Pine forest 2;09/05/2023 12:30;09/05/2023 12:40;10;Cistus monspeliensis;15;15;Musca domestica;Muscidae;DI;1;1;obs;Cabrera
10;843;Rocky coastal 2;Pine forest 2;09/05/2023 12:40;09/05/2023 12:50;10;Cistus monspeliensis;25;25;Dasytes nigroaeneus;Dasytidae;CO;1;1;obs;Cabrera
10;843;Rocky coastal 2;Pine forest 2;09/05/2023 12:40;09/05/2023 12:50;10;Cistus monspeliensis;25;25;Musca domestica;Muscidae;DI;1;3;obs;Cabrera
10;843;Rocky coastal 2;Pine forest 2;09/05/2023 12:40;09/05/2023 12:50;10;Cistus monspeliensis;25;25;Eristalis similis;Syrphidae;HO;1;1;obs;Cabrera
10;843;Rocky coastal 2;Pine forest 2;09/05/2023 12:40;09/05/2023 12:50;10;Cistus monspeliensis;25;25;Lasioglossum sp.;Halictidae;BE;1;2;obs;Cabrera
10;844;Rocky coastal 2;Pine forest 2;09/05/2023 12:50;09/05/2023 13:00;10;Cistus monspeliensis;13;13;;;;0;0;obs;Cabrera
10;845;Rocky coastal 2;Pine forest 2;09/05/2023 12:50;09/05/2023 13:00;10;Cistus monspeliensis;25;25;Dasytes nigroaeneus;Dasytidae;CO;1;1;obs;Cabrera
10;846;Rocky coastal 2;Pine forest 2;09/05/2023 13:00;09/05/2023 13:10;10;Cistus monspeliensis;29;29;Eupeodes corollae;Syrphidae;HO;1;4;obs;Cabrera
10;846;Rocky coastal 2;Pine forest 2;09/05/2023 13:00;09/05/2023 13:10;10;Cistus monspeliensis;29;29;Dasytes nigroaeneus;Dasytidae;CO;1;1;obs;Cabrera
10;846;Rocky coastal 2;Pine forest 2;09/05/2023 13:00;09/05/2023 13:10;10;Cistus monspeliensis;29;29;Lasioglossum sp.;Halictidae;BE;1;1;obs;Cabrera
10;847;Rocky coastal 2;Pine forest 2;09/05/2023 13:10;09/05/2023 13:20;10;Cistus monspeliensis;40;40;Lasioglossum sp.;Halictidae;BE;1;1;obs;Cabrera
10;847;Rocky coastal 2;Pine forest 2;09/05/2023 13:10;09/05/2023 13:20;10;Cistus monspeliensis;40;40;Meligethes sp.;Nitidulidae;CO;1;1;obs;Cabrera
10;848;Rocky coastal 2;Pine forest 2;09/05/2023 13:20;09/05/2023 13:30;10;Cistus monspeliensis;90;90;Lasioglossum sp.;Halictidae;BE;1;1;obs;Cabrera
10;848;Rocky coastal 2;Pine forest 2;09/05/2023 13:20;09/05/2023 13:30;10;Cistus monspeliensis;90;90;Eupeodes corollae;Syrphidae;HO;1;1;obs;Cabrera
10;848;Rocky coastal 2;Pine forest 2;09/05/2023 13:20;09/05/2023 13:30;10;Cistus monspeliensis;90;90;Eristalis similis;Syrphidae;HO;1;1;obs;Cabrera
10;849;Rocky coastal 2;Pine forest 2;09/05/2023 13:30;09/05/2023 13:40;10;Cistus monspeliensis;12;12;Lasioglossum sp.;Halictidae;BE;1;1;obs;Cabrera
10;850;Rocky coastal 2;Pine forest 2;09/05/2023 13:40;09/05/2023 13:50;10;Cistus monspeliensis;31;31;Exoprosopa cf. bowdeni;Bombyliidae;DI;1;1;obs;Cabrera
10;851;Rocky coastal 2;Pine forest 2;09/05/2023 13:50;09/05/2023 14:00;10;Cistus monspeliensis;290;82;Dasytes nigroaeneus;Dasytidae;CO;1;1;obs;Cabrera
10;851;Rocky coastal 2;Pine forest 2;09/05/2023 13:50;09/05/2023 14:00;10;Cistus monspeliensis;290;82;Lasioglossum sp.;Halictidae;BE;1;1;obs;Cabrera
10;851;Rocky coastal 2;Pine forest 2;09/05/2023 13:50;09/05/2023 14:00;10;Cistus monspeliensis;290;82;Musca domestica;Muscidae;DI;1;1;obs;Cabrera
10;852;Rocky coastal 2;Pine forest 2;09/05/2023 14:00;09/05/2023 14:10;10;Cistus monspeliensis;120;43;Lasioglossum sp.;Halictidae;BE;1;1;obs;Cabrera
10;852;Rocky coastal 2;Pine forest 2;09/05/2023 14:00;09/05/2023 14:10;10;Cistus monspeliensis;120;43;Musca domestica;Muscidae;DI;1;1;obs;Cabrera
10;853;Rocky coastal 2;Pine forest 2;09/05/2023 14:10;09/05/2023 14:20;10;Cistus monspeliensis;140;22;Lasioglossum sp.;Halictidae;BE;1;1;obs;Cabrera
10;853;Rocky coastal 2;Pine forest 2;09/05/2023 14:10;09/05/2023 14:20;10;Cistus monspeliensis;140;22;Eupeodes corollae;Syrphidae;HO;1;1;obs;Cabrera
10;854;Rocky coastal 2;Pine forest 2;09/05/2023 14:20;09/05/2023 14:30;10;Cistus monspeliensis;80;19;Dasytes nigroaeneus;Dasytidae;CO;1;1;obs;Cabrera
10;855;Rocky coastal 2;Pine forest 2;09/05/2023 14:30;09/05/2023 14:40;10;Cistus monspeliensis;85;24;Lasioglossum sp.;Halictidae;BE;1;1;obs;Cabrera
10;855;Rocky coastal 2;Pine forest 2;09/05/2023 14:30;09/05/2023 14:40;10;Cistus monspeliensis;85;24;Eupeodes corollae;Syrphidae;HO;1;1;obs;Cabrera
10;856;Rocky coastal 2;Pine forest 2;09/05/2023 14:40;09/05/2023 14:50;10;Cistus monspeliensis;65;34;Exoprosopa cf. bowdeni;Bombyliidae;DI;1;1;obs;Cabrera
10;856;Rocky coastal 2;Pine forest 2;09/05/2023 14:40;09/05/2023 14:50;10;Cistus monspeliensis;65;34;Meligethes sp.;Nitidulidae;CO;1;1;obs;Cabrera
10;857;Rocky coastal 2;Rocky coastal 2;09/05/2023 14:50;09/05/2023 15:00;10;Asteriscus aquaticus;6;3;;;;0;0;obs;Cabrera
10;858;Rocky coastal 2;Rocky coastal 2;09/05/2023 15:00;09/05/2023 15:10;10;Asteriscus aquaticus;4;4;Lasioglossum sp.;Halictidae;BE;1;1;obs;Cabrera
10;859;Rocky coastal 2;Rocky coastal 2;09/05/2023 15:10;09/05/2023 15:20;10;Asteriscus aquaticus;2;2;;;;0;0;obs;Cabrera
10;860;Rocky coastal 2;Rocky coastal 2;09/05/2023 15:20;09/05/2023 15:30;10;Asteriscus aquaticus;5;5;;;;0;0;obs;Cabrera
10;861;Rocky coastal 2;Rocky coastal 2;09/05/2023 15:30;09/05/2023 15:40;10;Asteriscus aquaticus;8;8;Exoprosopa cf. bowdeni;Bombyliidae;DI;1;1;obs;Cabrera
10;862;Rocky coastal 2;Rocky coastal 2;09/05/2023 15:40;09/05/2023 15:50;10;Asteriscus aquaticus;2;2;;;;0;0;obs;Cabrera
10;863;Rocky coastal 2;Rocky coastal 2;09/05/2023 15:50;09/05/2023 16:00;10;Asteriscus aquaticus;3;3;;;;0;0;obs;Cabrera
10;864;Rocky coastal 2;Rocky coastal 2;09/05/2023 16:00;09/05/2023 16:10;10;Asteriscus aquaticus;5;5;Lasioglossum sp.;Halictidae;BE;2;2;obs;Cabrera
10;865;Rocky coastal 2;Rocky coastal 2;09/05/2023 16:10;09/05/2023 16:20;10;Asteriscus aquaticus;3;3;;;;0;0;obs;Cabrera
10;866;Rocky coastal 2;Rocky coastal 2;09/05/2023 16:20;09/05/2023 16:30;10;Asteriscus aquaticus;4;4;;;;0;0;obs;Cabrera
10;867;Rocky coastal 2;Rocky coastal 2;09/05/2023 16:30;09/05/2023 16:40;10;Asteriscus aquaticus;6;6;;;;0;0;obs;Cabrera
10;868;Rocky coastal 2;Rocky coastal 2;09/05/2023 16:40;09/05/2023 16:50;10;Asteriscus aquaticus;2;2;;;;0;0;obs;Cabrera
10;869;Rocky coastal 2;Rocky coastal 2;09/05/2023 16:50;09/05/2023 17:00;10;Asteriscus aquaticus;3;3;;;;0;0;obs;Cabrera
10;870;Rocky coastal 2;Pine forest 2;09/05/2023 17:00;09/05/2023 17:10;10;Cistus monspeliensis;120;120;Lasioglossum sp.;Halictidae;BE;1;1;obs;Cabrera
10;870;Rocky coastal 2;Pine forest 2;09/05/2023 17:00;09/05/2023 17:10;10;Cistus monspeliensis;120;120;Eupeodes corollae;Syrphidae;HO;1;1;obs;Cabrera
10;871;Rocky coastal 2;Pine forest 2;09/05/2023 17:10;09/05/2023 17:20;10;Cistus monspeliensis;80;80;Lasioglossum sp.;Halictidae;BE;1;1;obs;Cabrera
10;871;Rocky coastal 2;Pine forest 2;09/05/2023 17:10;09/05/2023 17:20;10;Cistus monspeliensis;80;80;Dasytes nigroaeneus;Dasytidae;CO;1;1;obs;Cabrera
10;872;Rocky coastal 2;Pine forest 2;09/05/2023 17:20;09/05/2023 17:30;10;Cistus monspeliensis;90;90;Ancistrocerus ebusianus;Eumenidae;WA;1;1;obs;Cabrera
10;872;Rocky coastal 2;Pine forest 2;09/05/2023 17:20;09/05/2023 17:30;10;Cistus monspeliensis;90;90;Meligethes sp.;Nitidulidae;CO;1;1;obs;Cabrera
10;873;Rocky coastal 2;Pine forest 2;09/05/2023 17:30;09/05/2023 17:40;10;Cistus monspeliensis;97;97;Lasioglossum sp.;Halictidae;BE;1;1;obs;Cabrera
10;873;Rocky coastal 2;Pine forest 2;09/05/2023 17:30;09/05/2023 17:40;10;Cistus monspeliensis;97;97;Eupeodes corollae;Syrphidae;HO;1;1;obs;Cabrera
10;874;Rocky coastal 2;Pine forest 2;09/05/2023 17:40;09/05/2023 17:50;10;Cistus monspeliensis;78;78;Lasioglossum sp.;Halictidae;BE;1;1;obs;Cabrera
10;874;Rocky coastal 2;Pine forest 2;09/05/2023 17:40;09/05/2023 17:50;10;Cistus monspeliensis;78;78;Exoprosopa cf. bowdeni;Bombyliidae;DI;1;1;obs;Cabrera
10;875;Rocky coastal 2;Pine forest 2;09/05/2023 17:50;09/05/2023 18:00;10;Cistus monspeliensis;61;61;Ancistrocerus ebusianus;Eumenidae;WA;1;1;obs;Cabrera
10;876;Rocky coastal 2;Pine forest 2;09/05/2023 18:00;09/05/2023 18:10;10;Cistus monspeliensis;75;75;Lasioglossum sp.;Halictidae;BE;1;1;obs;Cabrera
10;876;Rocky coastal 2;Pine forest 2;09/05/2023 18:00;09/05/2023 18:10;10;Cistus monspeliensis;75;75;Dasytes nigroaeneus;Dasytidae;CO;1;1;obs;Cabrera
10;877;Rocky coastal 2;Dune system 2;09/05/2023 15:10;09/05/2023 15:20;10;Cakile maritima;13;13;;;;0;0;obs;Cabrera
10;878;Rocky coastal 2;Dune system 2;09/05/2023 15:20;09/05/2023 15:30;10;Cakile maritima;22;22;Exoprosopa cf. bowdeni;Bombyliidae;DI;1;1;obs;Cabrera
10;879;Rocky coastal 2;Dune system 2;09/05/2023 15:30;09/05/2023 15:40;10;Cakile maritima;34;34;Ancistrocerus ebusianus;Eumenidae;WA;1;1;obs;Cabrera
10;880;Rocky coastal 2;Rocky coastal 2;09/05/2023 15:40;09/05/2023 15:50;10;Asteriscus aquaticus;3;3;;;;0;0;obs;Cabrera
10;881;Rocky coastal 2;Rocky coastal 2;09/05/2023 15:50;09/05/2023 16:00;10;Asteriscus aquaticus;5;5;;;;0;0;obs;Cabrera
10;882;Pine forest 1;Pine forest 1;09/05/2023 14:00;09/05/2023 14:10;10;Cistus monspeliensis;24;24;Dasytes nigroaeneus;Dasytidae;CO;1;1;obs;Cabrera
10;882;Pine forest 1;Pine forest 1;09/05/2023 14:00;09/05/2023 14:10;10;Cistus monspeliensis;24;24;Musca domestica;Muscidae;DI;1;1;obs;Cabrera
10;882;Pine forest 1;Pine forest 1;09/05/2023 14:00;09/05/2023 14:10;10;Cistus monspeliensis;24;24;Ancistrocerus ebusianus;Eumenidae;WA;1;1;obs;Cabrera
10;883;Pine forest 1;Pine forest 1;09/05/2023 14:10;09/05/2023 14:20;10;Cistus monspeliensis;21;21;Eupeodes corollae;Syrphidae;HO;1;1;obs;Cabrera
10;883;Pine forest 1;Pine forest 1;09/05/2023 14:10;09/05/2023 14:20;10;Cistus monspeliensis;21;21;Pyrellia vivida;Muscidae;DI;1;1;obs;Cabrera
10;884;Pine forest 1;Pine forest 1;09/05/2023 14:20;09/05/2023 14:30;10;Cistus monspeliensis;46;46;Exoprosopa cf. bowdeni;Bombyliidae;DI;1;1;obs;Cabrera
10;885;Pine forest 1;Pine forest 1;09/05/2023 14:30;09/05/2023 14:40;10;Cistus monspeliensis;61;61;;;;0;0;obs;Cabrera
10;886;Pine forest 1;Pine forest 1;09/05/2023 14:40;09/05/2023 14:50;10;Cistus monspeliensis;90;90;Exoprosopa cf. bowdeni;Bombyliidae;DI;1;1;obs;Cabrera
10;886;Pine forest 1;Pine forest 1;09/05/2023 14:40;09/05/2023 14:50;10;Cistus monspeliensis;90;90;Eupeodes corollae;Syrphidae;HO;1;1;obs;Cabrera
10;887;Pine forest 1;Pine forest 1;09/05/2023 14:50;09/05/2023 15:00;10;Cistus monspeliensis;95;95;Eupeodes corollae;Syrphidae;HO;1;1;obs;Cabrera
10;887a;Pine forest 1;Dune system 1;09/05/2023 14:50;09/05/2023 15:00;10;Asteriscus aquaticus;95;95;Lasioglossum sp.;Halictidae;BE;2;2;obs;Cabrera
10;888;Pine forest 1;Dune system 1;09/05/2023 15:00;09/05/2023 15:10;10;Asteriscus aquaticus;3;3;Unknown insect;unknown family;unkown fg;1;1;obs;Cabrera
10;889;Pine forest 1;Dune system 1;09/05/2023 15:10;09/05/2023 15:20;10;Asteriscus aquaticus;4;4;;;;0;0;obs;Cabrera
10;890;Pine forest 1;Dune system 1;09/05/2023 15:20;09/05/2023 15:30;10;Asteriscus aquaticus;6;6;Pyrellia vivida;Muscidae;DI;1;;obs;Cabrera
10;890;Pine forest 1;Dune system 1;09/05/2023 15:20;09/05/2023 15:30;10;Asteriscus aquaticus;6;6;Lasioglossum sp.;Halictidae;BE;1;1;obs;Cabrera
10;891;Pine forest 1;Rocky coastal 1;09/05/2023 15:30;09/05/2023 15:40;10;Teucrium capitatum;21;21;Lasioglossum sp.;Halictidae;BE;2;2;obs;Cabrera
10;891;Pine forest 1;Rocky coastal 1;09/05/2023 15:30;09/05/2023 15:40;10;Teucrium capitatum;21;21;;;;0;0;obs;Cabrera
10;892;Pine forest 1;Rocky coastal 1;09/05/2023 15:40;09/05/2023 15:50;10;Teucrium capitatum;32;32;Lasioglossum sp.;Halictidae;BE;2;2;obs;Cabrera
10;892;Pine forest 1;Rocky coastal 1;09/05/2023 15:40;09/05/2023 15:50;10;Teucrium capitatum;32;32;Musca domestica;Muscidae;DI;1;1;obs;Cabrera
10;893;Pine forest 1;Rocky coastal 1;09/05/2023 15:50;09/05/2023 16:00;10;Teucrium capitatum;33;33;Lasioglossum sp.;Halictidae;BE;2;2;obs;Cabrera
10;893;Pine forest 1;Rocky coastal 1;09/05/2023 15:50;09/05/2023 16:00;10;Teucrium capitatum;33;33;Eupeodes corollae;Syrphidae;HO;1;1;obs;Cabrera
10;894;Pine forest 1;Rocky coastal 1;09/05/2023 16:00;09/05/2023 16:10;10;Teucrium capitatum;22;22;Lasioglossum sp.;Halictidae;BE;2;2;obs;Cabrera
10;894;Pine forest 1;Rocky coastal 1;09/05/2023 16:00;09/05/2023 16:10;10;Teucrium capitatum;22;22;Musca domestica;Muscidae;DI;1;1;obs;Cabrera
10;895;Pine forest 1;Rocky coastal 1;09/05/2023 16:10;09/05/2023 16:20;10;Teucrium capitatum;42;42;Lasioglossum sp.;Halictidae;BE;2;2;obs;Cabrera
10;895;Pine forest 1;Rocky coastal 1;09/05/2023 16:10;09/05/2023 16:20;10;Teucrium capitatum;42;42;Musca domestica;Muscidae;DI;1;1;obs;Cabrera
10;896;Pine forest 1;Rocky coastal 1;09/05/2023 16:20;09/05/2023 16:30;10;Teucrium capitatum;23;23;Lasioglossum sp.;Halictidae;BE;2;2;obs;Cabrera
10;896;Pine forest 1;Rocky coastal 1;09/05/2023 16:20;09/05/2023 16:30;10;Teucrium capitatum;23;23;Musca domestica;Muscidae;DI;1;1;obs;Cabrera
10;897;Pine forest 2;Rocky coastal 2;10/05/2023 10:00;10/05/2023 10:10;10;Teucrium capitatum;21;21;Meligethes sp.;Nitidulidae;CO;1;;obs;Cabrera
10;898;Pine forest 2;Rocky coastal 2;10/05/2023 10:10;10/05/2023 10:20;10;Teucrium capitatum;16;16;Lasioglossum sp.;Halictidae;BE;1;1;obs;Cabrera
10;899;Pine forest 2;Rocky coastal 2;10/05/2023 10:20;10/05/2023 10:30;10;Teucrium capitatum;12;12;Meligethes sp.;Nitidulidae;CO;1;;obs;Cabrera
10;900;Pine forest 2;Pine forest 2;10/05/2023 10:30;10/05/2023 10:40;10;Blackstonia perfoliata;14;14;Musca domestica;Muscidae;DI;1;1;obs;Cabrera
10;901;Pine forest 2;Pine forest 2;10/05/2023 10:40;10/05/2023 10:50;10;Blackstonia perfoliata;6;6;;;;0;0;obs;Cabrera
10;902;Pine forest 2;Pine forest 2;10/05/2023 10:50;10/05/2023 11:00;10;Blackstonia perfoliata;4;4;;;;0;0;obs;Cabrera
10;903;Pine forest 2;Pine forest 2;10/05/2023 11:00;10/05/2023 11:10;10;Blackstonia perfoliata;3;3;;;;0;0;obs;Cabrera
10;904;Pine forest 2;Pine forest 2;10/05/2023 11:10;10/05/2023 11:20;10;Blackstonia perfoliata;6;6;Unknown insect;unknown family;unkown fg;1;1;obs;Cabrera
10;905;Pine forest 2;Pine forest 2;10/05/2023 11:20;10/05/2023 11:30;10;Blackstonia perfoliata;3;3;;;;0;0;obs;Cabrera
10;906;Pine forest 2;Pine forest 2;10/05/2023 11:30;10/05/2023 11:40;10;Blackstonia perfoliata;8;8;;;;0;0;obs;Cabrera
10;907;Pine forest 2;Rocky coastal 2;10/05/2023 11:40;10/05/2023 11:50;10;Teucrium capitatum;17;17;Lasioglossum sp.;Halictidae;BE;2;2;obs;Cabrera
10;908;Pine forest 2;Rocky coastal 2;10/05/2023 11:50;10/05/2023 12:00;10;Teucrium capitatum;12;12;Musca domestica;Muscidae;DI;1;1;obs;Cabrera
10;909;Pine forest 2;Rocky coastal 2;10/05/2023 12:00;10/05/2023 12:10;10;Teucrium capitatum;14;14;Meligethes sp.;Nitidulidae;CO;2;2;obs;Cabrera
10;910;Pine forest 2;Rocky coastal 2;10/05/2023 12:10;10/05/2023 12:20;10;Teucrium capitatum;11;11;Exoprosopa cf. bowdeni;Bombyliidae;DI;1;1;obs;Cabrera
10;911;Pine forest 2;Rocky coastal 2;10/05/2023 12:20;10/05/2023 12:30;10;Teucrium capitatum;12;12;Eupeodes corollae;Syrphidae;HO;1;1;obs;Cabrera
10;912;Pine forest 2;Rocky coastal 2;10/05/2023 12:30;10/05/2023 12:40;10;Teucrium capitatum;10;10;;;;0;0;obs;Cabrera
10;913;Pine forest 2;Pine forest 2;10/05/2023 12:40;10/05/2023 12:50;10;Blackstonia perfoliata;6;6;;;;0;0;obs;Cabrera
10;914;Pine forest 2;Pine forest 2;10/05/2023 12:50;10/05/2023 13:00;10;Blackstonia perfoliata;7;7;;;;0;0;obs;Cabrera
10;915;Pine forest 2;Rocky coastal 2;10/05/2023 13:00;10/05/2023 13:10;10;Teucrium capitatum;16;16;Exoprosopa cf. bowdeni;Bombyliidae;DI;1;1;obs;Cabrera
10;916;Pine forest 2;Rocky coastal 2;10/05/2023 13:10;10/05/2023 13:20;10;Teucrium capitatum;17;17;Eupeodes corollae;Syrphidae;HO;1;1;obs;Cabrera
10;917;Pine forest 2;Rocky coastal 2;10/05/2023 13:20;10/05/2023 13:30;10;Helichrysum stoechas;22;22;;;;0;0;obs;Cabrera
10;918;Pine forest 2;Rocky coastal 2;10/05/2023 13:30;10/05/2023 13:40;10;Helichrysum stoechas;80;80;Lasioglossum sp.;Halictidae;BE;2;2;obs;Cabrera
10;918;Pine forest 2;Rocky coastal 2;10/05/2023 13:30;10/05/2023 13:40;10;Helichrysum stoechas;80;80;Exoprosopa cf. bowdeni;Bombyliidae;DI;1;1;obs;Cabrera
10;919;Pine forest 2;Rocky coastal 2;10/05/2023 13:40;10/05/2023 13:50;10;Helichrysum stoechas;16;16;;;;0;0;obs;Cabrera
10;920;Pine forest 2;Rocky coastal 2;10/05/2023 13:50;10/05/2023 14:00;10;Helichrysum stoechas;75;75;Eupeodes corollae;Syrphidae;HO;1;1;obs;Cabrera
10;920;Pine forest 2;Rocky coastal 2;10/05/2023 13:50;10/05/2023 14:00;10;Helichrysum stoechas;75;75;Lasioglossum sp.;Halictidae;BE;3;6;obs;Cabrera
10;921;Pine forest 2;Rocky coastal 2;10/05/2023 14:00;10/05/2023 14:10;10;Helichrysum stoechas;35;35;;;;0;0;obs;Cabrera
10;922;Pine forest 2;Rocky coastal 2;10/05/2023 14:10;10/05/2023 14:20;10;Helichrysum stoechas;36;36;;;;0;0;obs;Cabrera
10;923;Pine forest 2;Rocky coastal 2;10/05/2023 14:20;10/05/2023 14:30;10;Helichrysum stoechas;72;72;;;;0;0;obs;Cabrera
10;924;Pine forest 2;Rocky coastal 2;10/05/2023 14:30;10/05/2023 14:40;10;Helichrysum stoechas;62;62;Meligethes sp.;Nitidulidae;CO;1;1;obs;Cabrera
10;924;Pine forest 2;Rocky coastal 2;10/05/2023 14:30;10/05/2023 14:40;10;Helichrysum stoechas;62;62;Lasioglossum sp.;Halictidae;BE;2;6;obs;Cabrera
10;925;Pine forest 2;Rocky coastal 2;10/05/2023 14:40;10/05/2023 14:50;10;Helichrysum stoechas;75;75;Lasioglossum sp.;Halictidae;BE;2;4;obs;Cabrera
10;925;Pine forest 2;Rocky coastal 2;10/05/2023 14:40;10/05/2023 14:50;10;Helichrysum stoechas;75;75;Meligethes sp.;Nitidulidae;CO;1;1;obs;Cabrera
10;926;Pine forest 2;Rocky coastal 2;10/05/2023 12:00;10/05/2023 12:10;10;Helichrysum stoechas;63;63;Lasioglossum sp.;Halictidae;BE;2;4;obs;Cabrera
10;926;Pine forest 2;Rocky coastal 2;10/05/2023 12:00;10/05/2023 12:10;10;Helichrysum stoechas;63;63;Phthiria sp.;Bombyliidae;DI;1;1;obs;Cabrera
10;926;Pine forest 2;Rocky coastal 2;10/05/2023 12:00;10/05/2023 12:10;10;Helichrysum stoechas;63;63;Platypalpus sp.;Hybotidae;DI;1;1;obs;Cabrera
10;927;Pine forest 2;Rocky coastal 2;10/05/2023 12:10;10/05/2023 12:20;10;Helichrysum stoechas;28;28;Platypalpus sp.;Hybotidae;HO;1;2;obs;Cabrera
10;928;Pine forest 2;Rocky coastal 2;10/05/2023 12:20;10/05/2023 12:30;10;Helichrysum stoechas;18;18;Phthiria sp.;Bombyliidae;DI;1;1;obs;Cabrera
10;929;Pine forest 2;Rocky coastal 2;10/05/2023 12:30;10/05/2023 12:40;10;Helichrysum stoechas;25;25;Musca domestica;Muscidae;DI;1;1;obs;Cabrera
10;929;Pine forest 2;Rocky coastal 2;10/05/2023 12:30;10/05/2023 12:40;10;Helichrysum stoechas;25;25;Phthiria sp.;Bombyliidae;DI;1;1;obs;Cabrera
10;930;Pine forest 2;Rocky coastal 2;10/05/2023 12:40;10/05/2023 12:50;10;Helichrysum stoechas;37;37;Lasioglossum sp.;Halictidae;BE;2;6;obs;Cabrera
10;930;Pine forest 2;Rocky coastal 2;10/05/2023 12:40;10/05/2023 12:50;10;Helichrysum stoechas;37;37;Phthiria sp.;Bombyliidae;DI;1;1;obs;Cabrera
10;931;Dune system 2;Dune system 2;10/05/2023 14:50;10/05/2023 15:00;10;Cakile maritima;35;35;Lasioglossum sp.;Halictidae;BE;1;1;obs;Cabrera
10;932;Dune system 2;Dune system 2;10/05/2023 15:00;10/05/2023 15:10;10;Cakile maritima;18;18;Lasioglossum sp.;Halictidae;BE;2;4;obs;Cabrera
10;933;Dune system 2;Dune system 2;10/05/2023 15:10;10/05/2023 15:20;10;Cakile maritima;15;15;;;;0;0;obs;Cabrera
10;934;Dune system 2;Dune system 2;10/05/2023 15:20;10/05/2023 15:30;10;Cakile maritima;16;16;;;;0;0;obs;Cabrera
10;935;Dune system 2;Dune system 2;10/05/2023 15:30;10/05/2023 15:40;10;Cakile maritima;11;11;Meligethes sp.;Nitidulidae;CO;2;1;obs;Cabrera
10;936;Dune system 2;Dune system 2;10/05/2023 15:40;10/05/2023 15:50;10;Cakile maritima;15;15;;;;0;0;obs;Cabrera
10;937;Dune system 2;Dune system 2;10/05/2023 15:50;10/05/2023 16:00;10;Cakile maritima;17;17;Lasioglossum sp.;Halictidae;BE;2;2;obs;Cabrera
10;938;Dune system 2;Dune system 2;10/05/2023 16:00;10/05/2023 16:10;10;Cakile maritima;16;16;;;;0;0;obs;Cabrera
10;939;Dune system 2;Dune system 2;10/05/2023 16:10;10/05/2023 16:20;10;Cakile maritima;14;14;Lasioglossum sp.;Halictidae;BE;2;4;obs;Cabrera
10;940;Dune system 2;Dune system 2;10/05/2023 16:20;10/05/2023 16:30;10;Cakile maritima;39;39;Lasioglossum sp.;Halictidae;BE;2;6;obs;Cabrera
10;940;Dune system 2;Dune system 2;10/05/2023 16:20;10/05/2023 16:30;10;Cakile maritima;39;39;Meligethes sp.;Nitidulidae;CO;2;2;obs;Cabrera
10;941;Dune system 2;Dune system 2;10/05/2023 16:30;10/05/2023 16:40;10;Cakile maritima;13;13;;;;0;0;obs;Cabrera
10;942;Dune system 2;Dune system 2;10/05/2023 16:40;10/05/2023 16:50;10;Cakile maritima;16;16;Lasioglossum sp.;Halictidae;BE;2;4;obs;Cabrera
10;943;Dune system 2;Dune system 2;10/05/2023 16:50;10/05/2023 17:00;10;Teucrium capitatum;40;40;Lasioglossum sp.;Halictidae;BE;2;6;obs;Cabrera
10;943;Dune system 2;Dune system 2;10/05/2023 16:50;10/05/2023 17:00;10;Teucrium capitatum;40;40;Exoprosopa cf. bowdeni;Bombyliidae;DI;1;1;obs;Cabrera
10;944;Dune system 2;Dune system 2;10/05/2023 17:00;10/05/2023 17:10;10;Teucrium capitatum;50;50;Macroglossum stellatarum;Sphingidae;LE;1;4;obs;Cabrera
10;944;Dune system 2;Dune system 2;10/05/2023 17:00;10/05/2023 17:10;10;Teucrium capitatum;50;50;Lasioglossum sp.;Halictidae;BE;2;2;obs;Cabrera
10;945;Dune system 2;Dune system 2;10/05/2023 17:10;10/05/2023 17:20;10;Teucrium capitatum;55;55;Gonepterix cleopatra;Pieridae;LE;1;1;obs;Cabrera
10;945;Dune system 2;Dune system 2;10/05/2023 17:10;10/05/2023 17:20;10;Teucrium capitatum;55;55;Lasioglossum sp.;Halictidae;BE;2;6;obs;Cabrera
10;946;Dune system 2;Dune system 2;10/05/2023 17:20;10/05/2023 17:30;10;Teucrium capitatum;45;45;Eupeodes corollae;Syrphidae;HO;1;1;obs;Cabrera
10;946;Dune system 2;Dune system 2;10/05/2023 17:20;10/05/2023 17:30;10;Teucrium capitatum;45;45;Exoprosopa cf. bowdeni;Bombyliidae;DI;1;1;obs;Cabrera
10;947;Dune system 2;Rocky coastal 2;10/05/2023 14:40;10/05/2023 14:50;10;Lonicera implexa;50;50;Macroglossum stellatarum;Sphingidae;LE;1;4;obs;Cabrera
10;948;Dune system 2;Rocky coastal 2;10/05/2023 14:50;10/05/2023 15:00;10;Lonicera implexa;60;60;Gonepterix cleopatra;Pieridae;LE;1;1;obs;Cabrera
10;949;Dune system 2;Rocky coastal 2;10/05/2023 15:00;10/05/2023 15:10;10;Lonicera implexa;40;40;Macroglossum stellatarum;Sphingidae;LE;1;6;obs;Cabrera
10;950;Dune system 2;Rocky coastal 2;10/05/2023 15:10;10/05/2023 15:20;10;Lonicera implexa;30;30;Gonepterix cleopatra;Pieridae;LE;1;1;obs;Cabrera
10;951;Dune system 2;Dune system 2;10/05/2023 17:30;10/05/2023 17:40;10;Teucrium capitatum;35;35;Exoprosopa cf. bowdeni;Bombyliidae;DI;1;1;obs;Cabrera
10;951;Dune system 2;Dune system 2;10/05/2023 17:30;10/05/2023 17:40;10;Teucrium capitatum;35;35;Lasioglossum sp.;Halictidae;BE;2;2;obs;Cabrera
10;952;Dune system 2;Dune system 2;10/05/2023 17:40;10/05/2023 17:50;10;Teucrium capitatum;25;25;Exoprosopa cf. bowdeni;Bombyliidae;DI;1;1;obs;Cabrera
10;953;Dune system 2;Pine forest 2;10/05/2023 17:50;10/05/2023 18:00;10;Cistus monspeliensis;15;15;Anaspis sp.;Scraptiidae;CO;1;1;obs;Cabrera
10;954;Dune system 2;Pine forest 2;10/05/2023 15:20;10/05/2023 15:30;10;Cistus monspeliensis;13;13;Lasioglossum sp.;Halictidae;BE;2;3;obs;Cabrera
10;955;Dune system 2;Pine forest 2;10/05/2023 15:30;10/05/2023 15:40;10;Cistus monspeliensis;24;24;Anaspis sp.;Scraptiidae;CO;1;1;obs;Cabrera
10;956;Dune system 2;Pine forest 2;10/05/2023 15:40;10/05/2023 15:50;10;Cistus monspeliensis;22;22;Macroglossum stellatarum;Sphingidae;LE;1;5;obs;Cabrera
10;957;Dune system 2;Pine forest 2;10/05/2023 15:50;10/05/2023 16:00;10;Cistus monspeliensis;36;36;Anaspis sp.;Scraptiidae;CO;1;1;obs;Cabrera
10;958;Dune system 2;Pine forest 2;10/05/2023 15:50;10/05/2023 16:00;10;Cistus monspeliensis;36;36;Meligethes sp.;Nitidulidae;CO;1;1;obs;Cabrera
10;959;Dune system 2;Pine forest 2;10/05/2023 16:00;10/05/2023 16:10;10;Cistus monspeliensis;21;21;Lasioglossum sp.;Halictidae;BE;2;1;obs;Cabrera
10;960;Dune system 2;Dune system 2;10/05/2023 16:10;10/05/2023 16:20;10;Asteriscus aquaticus;12;12;Exoprosopa cf. bowdeni;Bombyliidae;DI;1;1;obs;Cabrera
10;961;Dune system 2;Dune system 2;10/05/2023 16:20;10/05/2023 16:30;10;Asteriscus aquaticus;15;15;Lasioglossum sp.;Halictidae;BE;1;1;obs;Cabrera
10;962;Dune system 2;Dune system 2;10/05/2023 16:30;10/05/2023 16:40;10;Asteriscus aquaticus;16;16;;;;0;0;obs;Cabrera
10;963;Dune system 2;Dune system 2;10/05/2023 16:40;10/05/2023 16:50;10;Asteriscus aquaticus;8;8;;;;0;0;obs;Cabrera
10;964;Dune system 2;Dune system 2;10/05/2023 16:50;10/05/2023 17:00;10;Asteriscus aquaticus;9;9;;;;0;0;obs;Cabrera
10;965;Dune system 2;Dune system 2;10/05/2023 17:00;10/05/2023 17:10;10;Asteriscus aquaticus;11;11;Lasioglossum sp.;Halictidae;BE;1;1;obs;Cabrera
10;966;Dune system 2;Dune system 2;10/05/2023 17:10;10/05/2023 17:20;10;Asteriscus aquaticus;7;7;;;;0;0;obs;Cabrera
10;967;Dune system 2;Dune system 2;10/05/2023 17:20;10/05/2023 17:30;10;Asteriscus aquaticus;6;6;;;;0;0;obs;Cabrera
10;968;Dune system 2;Dune system 2;10/05/2023 15:20;10/05/2023 15:30;10;Cakile maritima;35;35;Eupeodes corollae;Syrphidae;HO;1;1;obs;Cabrera
10;969;Dune system 2;Dune system 2;10/05/2023 15:30;10/05/2023 15:40;10;Cakile maritima;24;24;Meligethes sp.;Nitidulidae;CO;1;1;obs;Cabrera
10;970;Dune system 2;Dune system 2;10/05/2023 15:40;10/05/2023 15:50;10;Cakile maritima;23;23;Lasioglossum sp.;Halictidae;BE;2;2;obs;Cabrera
10;971;Dune system 2;Dune system 2;10/05/2023 15:50;10/05/2023 16:00;10;Cakile maritima;27;27;Lasioglossum sp.;Halictidae;BE;2;4;obs;Cabrera
10;972;Dune system 2;Dune system 2;10/05/2023 16:00;10/05/2023 16:10;10;Teucrium capitatum;40;40;Lasioglossum sp.;Halictidae;BE;2;6;obs;Cabrera
10;972;Dune system 2;Dune system 2;10/05/2023 16:00;10/05/2023 16:10;10;Teucrium capitatum;40;40;Macroglossum stellatarum;Sphingidae;LE;1;2;obs;Cabrera
10;973;Dune system 2;Dune system 2;10/05/2023 16:20;10/05/2023 16:30;10;Teucrium capitatum;23;23;Anaspis sp.;Scraptiidae;CO;1;1;obs;Cabrera
10;973;Dune system 2;Dune system 2;10/05/2023 16:20;10/05/2023 16:30;10;Teucrium capitatum;23;23;Eristalis similis;Syrphidae;HO;1;1;obs;Cabrera
10;973;Dune system 2;Dune system 2;10/05/2023 16:20;10/05/2023 16:30;10;Teucrium capitatum;23;23;Platypalpus sp.;Hybotidae;DI;1;1;obs;Cabrera
10;974;Dune system 2;Dune system 2;10/05/2023 16:30;10/05/2023 16:40;10;Teucrium capitatum;20;20;Platypalpus sp.;Hybotidae;BE;2;4;obs;Cabrera
10;975a;Dune system 2;Pine forest 2;10/05/2023 16:40;10/05/2023 16:50;10;Cistus monspeliensis;32;32;Macroglossum stellatarum;Sphingidae;LE;1;3;obs;Cabrera
10;975a;Dune system 2;Pine forest 2;10/05/2023 16:40;10/05/2023 16:50;10;Cistus monspeliensis;32;32;Eristalis similis;Syrphidae;HO;1;1;obs;Cabrera
10;975b;Dune system 2;Pine forest 2;10/05/2023 16:40;10/05/2023 16:50;10;Cistus monspeliensis;9;9;Anaspis sp.;Scraptiidae;CO;1;1;obs;Cabrera
10;976;Dune system 2;Pine forest 2;10/05/2023 16:50;10/05/2023 17:00;10;Cistus monspeliensis;11;11;Eristalis similis;Syrphidae;HO;1;1;obs;Cabrera
10;977;Dune system 2;Pine forest 2;10/05/2023 17:00;10/05/2023 17:10;10;Cistus monspeliensis;8;8;Lasioglossum sp.;Halictidae;BE;2;2;obs;Cabrera
10;978;Dune system 2;Pine forest 2;10/05/2023 17:10;10/05/2023 17:20;10;Cistus monspeliensis;10;10;Lasioglossum sp.;Halictidae;BE;2;4;obs;Cabrera
10;979;Dune system 2;Pine forest 2;10/05/2023 17:20;10/05/2023 17:30;10;Cistus monspeliensis;22;22;Anaspis sp.;Scraptiidae;CO;1;1;obs;Cabrera
10;980;Dune system 2;Pine forest 2;10/05/2023 17:30;10/05/2023 17:40;10;Cistus monspeliensis;12;12;Eristalis similis;Syrphidae;HO;1;1;obs;Cabrera
10;981;Rocky coastal 1;Rocky coastal 1;11/05/2023 10:00;11/05/2023 10:10;10;Teucrium capitatum;25;25;Lasioglossum sp.;Halictidae;BE;3;6;obs;Cabrera
10;982;Rocky coastal 1;Rocky coastal 1;11/05/2023 10:10;11/05/2023 10:20;10;Teucrium capitatum;15;15;Lasioglossum sp.;Halictidae;BE;2;6;obs;Cabrera
10;983;Rocky coastal 1;Rocky coastal 1;11/05/2023 10:20;11/05/2023 10:30;10;Teucrium capitatum;60;60;Gonepterix cleopatra;Pieridae;LE;1;1;obs;Cabrera
10;984;Rocky coastal 1;Rocky coastal 1;11/05/2023 10:20;11/05/2023 10:30;10;Teucrium capitatum;60;60;Lasioglossum sp.;Halictidae;BE;2;4;obs;Cabrera
10;985;Rocky coastal 1;Rocky coastal 1;11/05/2023 10:30;11/05/2023 10:40;10;Teucrium capitatum;20;20;Lasioglossum sp.;Halictidae;BE;3;6;obs;Cabrera
10;986;Rocky coastal 1;Rocky coastal 1;11/05/2023 10:40;11/05/2023 10:50;10;Daucus carota L. subsp. Majoricus;4;4;Anaspis sp.;Scraptiidae;CO;1;1;obs;Cabrera
10;987;Rocky coastal 1;Rocky coastal 1;11/05/2023 10:50;11/05/2023 11:00;10;Teucrium capitatum;55;55;Macroglossum stellatarum;Sphingidae;LE;1;3;obs;Cabrera
10;987;Rocky coastal 1;Rocky coastal 1;11/05/2023 10:50;11/05/2023 11:00;10;Teucrium capitatum;55;55;Lasioglossum sp.;Halictidae;BE;3;9;obs;Cabrera
10;988;Rocky coastal 1;Rocky coastal 1;11/05/2023 11:00;11/05/2023 11:10;10;Lonicera implexa;50;50;Macroglossum stellatarum;Sphingidae;LE;1;3;obs;Cabrera
10;989;Rocky coastal 1;Rocky coastal 1;11/05/2023 11:10;11/05/2023 11:20;10;Lonicera implexa;34;34;Macroglossum stellatarum;Sphingidae;LE;1;4;obs;Cabrera
10;990;Rocky coastal 1;Rocky coastal 1;11/05/2023 11:20;11/05/2023 11:30;10;Daucus carota L. subsp. Majoricus;4;4;Sarcophaga sp.;Sarcophagidae;DI;1;1;obs;Cabrera
10;991;Rocky coastal 1;Rocky coastal 1;11/05/2023 11:30;11/05/2023 11:40;10;Daucus carota L. subsp. Majoricus;5;5;Lasioglossum sp.;Halictidae;BE;2;4;obs;Cabrera
10;992;Rocky coastal 1;Rocky coastal 1;11/05/2023 11:40;11/05/2023 11:50;10;Daucus carota L. subsp. Majoricus;3;3;;;;0;0;obs;Cabrera
10;993;Rocky coastal 1;Rocky coastal 1;11/05/2023 11:50;11/05/2023 12:00;10;Daucus carota L. subsp. Majoricus;7;7;Eristalis similis;Syrphidae;HO;1;1;obs;Cabrera
10;993;Rocky coastal 1;Rocky coastal 1;11/05/2023 11:50;11/05/2023 12:00;10;Daucus carota L. subsp. Majoricus;7;7;Lasioglossum sp.;Halictidae;BE;2;6;obs;Cabrera
10;994;Rocky coastal 1;Rocky coastal 1;11/05/2023 12:00;11/05/2023 12:10;10;Daucus carota L. subsp. Majoricus;6;6;Lasioglossum sp.;Halictidae;BE;2;4;obs;Cabrera
10;995;Rocky coastal 1;Rocky coastal 1;11/05/2023 12:10;11/05/2023 12:20;10;Teucrium capitatum;13;13;Lasioglossum sp.;Halictidae;BE;2;6;obs;Cabrera
10;996;Rocky coastal 1;Rocky coastal 1;11/05/2023 12:20;11/05/2023 12:30;10;Teucrium capitatum;30;30;Lasioglossum sp.;Halictidae;BE;2;4;obs;Cabrera
10;997;Rocky coastal 1;Rocky coastal 1;11/05/2023 12:30;11/05/2023 12:40;10;Teucrium capitatum;25;25;;;;0;0;obs;Cabrera
10;998;Rocky coastal 1;Rocky coastal 1;11/05/2023 12:40;11/05/2023 12:50;10;Daucus carota L. subsp. Majoricus;5;5;Eristalis similis;Syrphidae;HO;1;1;obs;Cabrera
10;999;Rocky coastal 1;Rocky coastal 1;11/05/2023 12:50;11/05/2023 13:00;10;Daucus carota L. subsp. Majoricus;7;7;Lasioglossum sp.;Halictidae;BE;2;2;obs;Cabrera
10;1000;Rocky coastal 1;Rocky coastal 1;11/05/2023 13:00;11/05/2023 13:10;10;Daucus carota L. subsp. Majoricus;6;6;Sarcophaga sp.;Sarcophagidae;DI;1;1;obs;Cabrera
10;1001;Rocky coastal 1;Rocky coastal 1;11/05/2023 13:10;11/05/2023 13:20;10;Daucus carota L. subsp. Majoricus;8;8;Lasioglossum sp.;Halictidae;BE;1;2;obs;Cabrera
10;1002;Rocky coastal 1;Rocky coastal 1;11/05/2023 13:10;11/05/2023 13:20;10;Daucus carota L. subsp. Majoricus;8;8;Sarcophaga sp.;Sarcophagidae;DI;1;1;obs;Cabrera
10;1002;Rocky coastal 1;Rocky coastal 1;11/05/2023 13:10;11/05/2023 13:20;10;Daucus carota L. subsp. Majoricus;8;8;Eristalis similis;Syrphidae;HO;1;1;obs;Cabrera
10;1003;Rocky coastal 1;Rocky coastal 1;11/05/2023 13:20;11/05/2023 13:30;10;Helichrysum stoechas;180;180;Macroglossum stellatarum;Sphingidae;LE;1;5;obs;Cabrera
10;1003;Rocky coastal 1;Rocky coastal 1;11/05/2023 13:20;11/05/2023 13:30;10;Helichrysum stoechas;180;180;Lasioglossum sp.;Halictidae;BE;2;4;obs;Cabrera
10;1003;Rocky coastal 1;Rocky coastal 1;11/05/2023 13:20;11/05/2023 13:30;10;Helichrysum stoechas;180;180;Microdiptera sp1.;?;DI;1;1;obs;Cabrera
10;1004;Rocky coastal 1;Rocky coastal 1;11/05/2023 13:30;11/05/2023 13:40;10;Helichrysum stoechas;120;120;Macroglossum stellatarum;Sphingidae;LE;1;5;obs;Cabrera
10;1004;Rocky coastal 1;Rocky coastal 1;11/05/2023 13:30;11/05/2023 13:40;10;Helichrysum stoechas;120;120;Lasioglossum sp.;Halictidae;BE;2;4;obs;Cabrera
10;1004;Rocky coastal 1;Rocky coastal 1;11/05/2023 13:30;11/05/2023 13:40;10;Helichrysum stoechas;120;120;Microdiptera sp1.;?;DI;1;1;obs;Cabrera
10;1005;Rocky coastal 1;Rocky coastal 1;11/05/2023 13:40;11/05/2023 13:50;10;Helichrysum stoechas;110;110;Lasioglossum sp.;Halictidae;BE;2;6;obs;Cabrera
10;1006;Rocky coastal 1;Rocky coastal 1;11/05/2023 13:50;11/05/2023 14:00;10;Teucrium capitatum;45;45;Lasioglossum sp.;Halictidae;BE;2;6;obs;Cabrera
10;1007;Rocky coastal 1;Rocky coastal 1;11/05/2023 14:00;11/05/2023 14:10;10;Teucrium capitatum;35;35;Lasioglossum sp.;Halictidae;BE;2;4;obs;Cabrera
10;1008;Rocky coastal 1;Rocky coastal 1;11/05/2023 10:00;11/05/2023 10:10;10;Daucus carota L. subsp. Majoricus;7;7;Lasioglossum sp.;Halictidae;BE;2;4;obs;Cabrera
10;1009;Rocky coastal 1;Rocky coastal 1;11/05/2023 10:10;11/05/2023 10:20;10;Daucus carota L. subsp. Majoricus;9;9;Lasioglossum sp.;Halictidae;BE;2;2;obs;Cabrera
10;1010;Rocky coastal 1;Rocky coastal 1;11/05/2023 10:20;11/05/2023 10:30;10;Daucus carota L. subsp. Majoricus;8;8;Lasioglossum sp.;Halictidae;BE;2;2;obs;Cabrera
10;1011;Rocky coastal 1;Rocky coastal 1;11/05/2023 10:30;11/05/2023 10:40;10;Teucrium capitatum;20;20;Lasioglossum sp.;Halictidae;BE;2;2;obs;Cabrera
10;1012;Rocky coastal 1;Rocky coastal 1;11/05/2023 10:40;11/05/2023 10:50;10;Teucrium capitatum;40;40;Eupeodes corollae;Syrphidae;HO;1;1;obs;Cabrera
10;1012;Rocky coastal 1;Rocky coastal 1;11/05/2023 10:40;11/05/2023 10:50;10;Teucrium capitatum;40;40;Lasioglossum sp.;Halictidae;BE;2;2;obs;Cabrera
10;1013;Rocky coastal 1;Rocky coastal 1;11/05/2023 10:50;11/05/2023 11:00;10;Teucrium capitatum;35;35;Lasioglossum sp.;Halictidae;BE;2;6;obs;Cabrera
10;1014;Rocky coastal 1;Rocky coastal 1;11/05/2023 11:00;11/05/2023 11:10;10;Helichrysum stoechas;70;70;Lasioglossum sp.;Halictidae;BE;2;2;obs;Cabrera
10;1014;Rocky coastal 1;Rocky coastal 1;11/05/2023 11:00;11/05/2023 11:10;10;Helichrysum stoechas;70;70;Macroglossum stellatarum;Sphingidae;LE;1;3;obs;Cabrera
10;1015;Rocky coastal 1;Rocky coastal 1;11/05/2023 11:10;11/05/2023 11:20;10;Helichrysum stoechas;58;58;Lasioglossum sp.;Halictidae;BE;2;4;obs;Cabrera
10;1016;Rocky coastal 1;Rocky coastal 1;11/05/2023 11:20;11/05/2023 11:30;10;Helichrysum stoechas;67;67;Lasioglossum sp.;Halictidae;BE;2;2;obs;Cabrera
10;1017;Rocky coastal 1;Rocky coastal 1;11/05/2023 11:30;11/05/2023 11:40;10;Lonicera implexa;25;25;;;;0;0;obs;Cabrera
10;1018;Rocky coastal 1;Rocky coastal 1;11/05/2023 11:40;11/05/2023 11:50;10;Lonicera implexa;20;20;;;;0;0;obs;Cabrera
10;1019;Rocky coastal 1;Rocky coastal 1;11/05/2023 11:50;11/05/2023 12:00;10;Lonicera implexa;27;27;Macroglossum stellatarum;Sphingidae;LE;1;5;obs;Cabrera
10;1020;Rocky coastal 1;Rocky coastal 1;11/05/2023 12:00;11/05/2023 12:10;10;Daucus carota L. subsp. Majoricus;8;8;Lasioglossum sp.;Halictidae;BE;2;2;obs;Cabrera
10;1021;Rocky coastal 1;Rocky coastal 1;11/05/2023 12:10;11/05/2023 12:20;10;Daucus carota L. subsp. Majoricus;5;5;Lasioglossum sp.;Halictidae;BE;2;2;obs;Cabrera
10;1022;Rocky coastal 1;Rocky coastal 1;11/05/2023 12:20;11/05/2023 12:30;10;Daucus carota L. subsp. Majoricus;11;11;Lasioglossum sp.;Halictidae;BE;2;4;obs;Cabrera
10;1022;Rocky coastal 1;Rocky coastal 1;11/05/2023 12:20;11/05/2023 12:30;10;Daucus carota L. subsp. Majoricus;11;11;Eupeodes corollae;Syrphidae;HO;1;1;obs;Cabrera
10;1023;Rocky coastal 1;Rocky coastal 1;11/05/2023 12:30;11/05/2023 12:40;10;Teucrium capitatum;20;20;Lasioglossum sp.;Halictidae;BE;2;2;obs;Cabrera
10;1024;Rocky coastal 1;Rocky coastal 1;11/05/2023 12:40;11/05/2023 12:50;10;Teucrium capitatum;30;30;Lasioglossum sp.;Halictidae;BE;2;2;obs;Cabrera
10;1025;Rocky coastal 1;Rocky coastal 1;11/05/2023 12:50;11/05/2023 13:00;10;Teucrium capitatum;25;25;Lasioglossum sp.;Halictidae;BE;2;4;obs;Cabrera
10;1026;Rocky coastal 1;Rocky coastal 1;11/05/2023 13:00;11/05/2023 13:10;10;Helichrysum stoechas;45;45;Lasioglossum sp.;Halictidae;BE;2;2;obs;Cabrera
11;1027;Dune system 1;Dune system 1;25/05/2023 10:00;25/05/2023 10:10;10;Daucus carota L. subsp. Majoricus;4;4;Musca domestica;Muscidae;DI;1;1;obs;Cabrera
11;1027;Dune system 1;Dune system 1;25/05/2023 10:00;25/05/2023 10:10;10;Daucus carota L. subsp. Majoricus;4;4;Pyrellia vivida;Muscidae;DI;1;1;obs;Cabrera
11;1028;Dune system 1;Dune system 1;25/05/2023 10:10;25/05/2023 10:20;10;Daucus carota L. subsp. Majoricus;5;5;Musca domestica;Muscidae;DI;1;1;obs;Cabrera
11;1028;Dune system 1;Dune system 1;25/05/2023 10:10;25/05/2023 10:20;10;Daucus carota L. subsp. Majoricus;5;5;Pyrellia vivida;Muscidae;DI;1;1;obs;Cabrera
11;1029;Dune system 1;Dune system 1;25/05/2023 10:20;25/05/2023 10:30;10;Daucus carota L. subsp. Majoricus;7;7;Pyrellia vivida;Muscidae;DI;1;1;obs;Cabrera
11;1029;Dune system 1;Dune system 1;25/05/2023 10:20;25/05/2023 10:30;10;Daucus carota L. subsp. Majoricus;7;7;Vanessa atalanta;Nymphalidae;LE;1;1;obs;Cabrera
11;1029;Dune system 1;Dune system 1;25/05/2023 10:20;25/05/2023 10:30;10;Daucus carota L. subsp. Majoricus;7;7;Crematogaster sp.;Formicidae;OT;5;1;obs;Cabrera
11;1030;Dune system 1;Dune system 1;25/05/2023 10:30;25/05/2023 10:40;10;Daucus carota L. subsp. Majoricus;3;3;Crematogaster sp.;Formicidae;OT;7;1;obs;Cabrera
11;1031;Dune system 1;Rocky coastal 1;25/05/2023 10:40;25/05/2023 10:50;10;Allium sp.;1;1;Pyrellia vivida;Muscidae;DI;1;1;obs;Cabrera
11;1032;Dune system 1;Dune system 1;25/05/2023 10:50;25/05/2023 11:00;10;Daucus carota L. subsp. Majoricus;10;10;Sarcophaga sp.;Sarcophagidae;DI;1;1;obs;Cabrera
11;1032;Dune system 1;Dune system 1;25/05/2023 10:50;25/05/2023 11:00;10;Daucus carota L. subsp. Majoricus;10;10;Phthiria sp.;Bombyliidae;DI;1;1;obs;Cabrera
11;1033;Dune system 1;Dune system 1;25/05/2023 11:00;25/05/2023 11:10;10;Daucus carota L. subsp. Majoricus;8;8;Sphaerophoria sp.;Shyrphidae;HO;1;2;obs;Cabrera
11;1033;Dune system 1;Dune system 1;25/05/2023 11:00;25/05/2023 11:10;10;Daucus carota L. subsp. Majoricus;8;8;Meliscaeva auricollis;Shyrphidae;HO;1;3;obs;Cabrera
11;1033;Dune system 1;Dune system 1;25/05/2023 11:00;25/05/2023 11:10;10;Daucus carota L. subsp. Majoricus;8;8;Sarcophaga sp.;Sarcophagidae;DI;1;1;obs;Cabrera
11;1034;Dune system 1;Rocky coastal 1;25/05/2023 11:10;25/05/2023 11:20;10;Allium sp.;1;1;Vanessa atalanta;Nymphalidae;LE;1;1;obs;Cabrera
11;1035;Dune system 1;Dune system 1;25/05/2023 11:20;25/05/2023 11:30;10;Cakile maritima;70;70;Pyrellia vivida;Muscidae;DI;1;1;obs;Cabrera
11;1036;Dune system 1;Dune system 1;25/05/2023 11:30;25/05/2023 11:40;10;Cakile maritima;80;80;Sphaerophoria sp.;Shyrphidae;HO;1;2;obs;Cabrera
11;1036;Dune system 1;Dune system 1;25/05/2023 11:30;25/05/2023 11:40;10;Cakile maritima;80;80;Meliscaeva auricollis;Shyrphidae;HO;1;3;obs;Cabrera
11;1037;Dune system 1;Dune system 1;25/05/2023 11:40;25/05/2023 11:50;10;Cakile maritima;60;60;Sarcophaga sp.;Sarcophagidae;DI;1;1;obs;Cabrera
11;1037;Dune system 1;Dune system 1;25/05/2023 11:40;25/05/2023 11:50;10;Cakile maritima;60;60;Sphaerophoria sp.;Shyrphidae;HO;1;2;obs;Cabrera
11;1038;Dune system 1;Dune system 1;25/05/2023 11:50;25/05/2023 12:00;10;Cakile maritima;65;65;Meliscaeva auricollis;Shyrphidae;HO;1;2;obs;Cabrera
11;1038;Dune system 1;Dune system 1;25/05/2023 11:50;25/05/2023 12:00;10;Cakile maritima;65;65;Pyrellia vivida;Muscidae;DI;1;1;obs;Cabrera
11;1039;Dune system 1;Dune system 1;25/05/2023 12:00;25/05/2023 12:10;10;Cakile maritima;75;75;Tapinoma nigerrinum;Formicidae;OT;2;1;obs;Cabrera
11;1039;Dune system 1;Dune system 1;25/05/2023 12:00;25/05/2023 12:10;10;Cakile maritima;75;75;Meliscaeva auricollis;Shyrphidae;HO;1;2;obs;Cabrera
11;1040;Dune system 1;Dune system 1;25/05/2023 12:10;25/05/2023 12:20;10;Cakile maritima;85;85;Sphaerophoria sp.;Shyrphidae;HO;1;2;obs;Cabrera
11;1041;Dune system 1;Dune system 1;25/05/2023 12:20;25/05/2023 12:30;10;Cakile maritima;95;95;Meliscaeva auricollis;Shyrphidae;HO;1;3;obs;Cabrera
11;1041;Dune system 1;Dune system 1;25/05/2023 12:20;25/05/2023 12:30;10;Cakile maritima;95;95;Lasioglossum sp.;Halictidae;BE;3;6;obs;Cabrera
11;1042;Dune system 1;Dune system 1;25/05/2023 12:30;25/05/2023 12:40;10;Limonium sp.;100;100;Eristalinus sepulcharis;Shyrphidae;HO;1;2;obs;Cabrera
11;1043;Dune system 1;Dune system 1;25/05/2023 12:40;25/05/2023 12:50;10;Limonium sp.;240;240;;;;0;0;obs;Cabrera
11;1044;Dune system 1;Dune system 1;25/05/2023 12:50;25/05/2023 13:00;10;Limonium sp.;300;300;;;;0;0;obs;Cabrera
11;1045;Dune system 1;Dune system 1;25/05/2023 13:00;25/05/2023 13:10;10;Limonium sp.;600;600;Eristalinus sepulcharis;Shyrphidae;HO;1;2;obs;Cabrera
11;1046;Dune system 1;Dune system 1;25/05/2023 13:10;25/05/2023 13:20;10;Limonium sp.;1000;1000;Sarcophaga sp.;Sarcophagidae;DI;1;1;obs;Cabrera
11;1046;Dune system 1;Dune system 1;25/05/2023 13:10;25/05/2023 13:20;10;Limonium sp.;1000;1000;Lasioglossum sp.;Halictidae;BE;4;12;obs;Cabrera
11;1047;Dune system 1;Dune system 1;25/05/2023 13:20;25/05/2023 13:30;10;Limonium sp.;50;50;;;;0;0;obs;Cabrera
11;1048;Dune system 1;Rocky coastal 1;25/05/2023 13:30;25/05/2023 13:40;10;Allium sp.;1;1;Musca domestica;Muscidae;DI;1;1;obs;Cabrera
11;1049;Dune system 1;Rocky coastal 1;25/05/2023 13:40;25/05/2023 13:50;10;Allium sp.;1;1;Sphaerophoria sp.;Shyrphidae;HO;1;1;obs;Cabrera
11;1050;Dune system 1;Dune system 1;25/05/2023 13:50;25/05/2023 14:00;10;Daucus carota L. subsp. Majoricus;10;10;Musca domestica;Muscidae;DI;1;3;obs;Cabrera
11;1050;Dune system 1;Dune system 1;25/05/2023 13:50;25/05/2023 14:00;10;Daucus carota L. subsp. Majoricus;10;10;Sphaerophoria sp.;Shyrphidae;HO;1;2;obs;Cabrera
11;1051;Dune system 1;Dune system 1;25/05/2023 14:00;25/05/2023 14:10;10;Daucus carota L. subsp. Majoricus;4;4;Meliscaeva auricollis;Shyrphidae;HO;1;1;obs;Cabrera
11;1052;Dune system 1;Rocky coastal 1;25/05/2023 14:10;25/05/2023 14:20;10;Allium sp.;1;1;;;;0;0;obs;Cabrera
11;1053;Dune system 1;Rocky coastal 1;25/05/2023 14:20;25/05/2023 14:30;10;Allium sp.;1;1;Sarcophaga sp.;Sarcophagidae;DI;1;1;obs;Cabrera
11;1054;Rocky coastal 2;Dune system 2;25/05/2023 14:30;25/05/2023 14:40;10;Cakile maritima;41;41;Sarcophaga sp.;Sarcophagidae;DI;1;1;obs;Cabrera
11;1054;Rocky coastal 2;Dune system 2;25/05/2023 14:30;25/05/2023 14:40;10;Cakile maritima;41;41;Meliscaeva auricollis;Shyrphidae;HO;1;1;obs;Cabrera
11;1055;Rocky coastal 2;Dune system 2;25/05/2023 14:40;25/05/2023 14:50;10;Cakile maritima;38;38;Pyrellia vivida;Muscidae;DI;1;1;obs;Cabrera
11;1055;Rocky coastal 2;Dune system 2;25/05/2023 14:40;25/05/2023 14:50;10;Cakile maritima;38;38;Lasioglossum sp.;Halictidae;BE;2;5;obs;Cabrera
11;1056;Rocky coastal 2;Dune system 2;25/05/2023 14:50;25/05/2023 15:00;10;Cakile maritima;60;60;Microdiptera sp1.;?;DI;1;1;obs;Cabrera
11;1056;Rocky coastal 2;Dune system 2;25/05/2023 14:50;25/05/2023 15:00;10;Cakile maritima;60;60;Lasioglossum sp.;Halictidae;BE;2;2;obs;Cabrera
11;1056;Rocky coastal 2;Dune system 2;25/05/2023 14:50;25/05/2023 15:00;10;Cakile maritima;60;60;Ancistrocerus ebusianus;Eumenidae;WA;1;2;obs;Cabrera
11;1057;Rocky coastal 2;Dune system 2;25/05/2023 15:00;25/05/2023 15:10;10;Cakile maritima;21;21;Microdiptera sp1.;?;DI;1;1;obs;Cabrera
11;1058;Rocky coastal 2;Dune system 2;25/05/2023 15:10;25/05/2023 15:20;10;Cakile maritima;24;24;Ancistrocerus ebusianus;Eumenidae;WA;1;2;obs;Cabrera
11;1058;Rocky coastal 2;Dune system 2;25/05/2023 15:10;25/05/2023 15:20;10;Cakile maritima;24;24;Lasioglossum sp.;Halictidae;BE;4;8;obs;Cabrera
11;1059;Rocky coastal 2;Dune system 2;25/05/2023 15:20;25/05/2023 15:30;10;Cakile maritima;31;31;Musca domestica;Muscidae;DI;1;1;obs;Cabrera
11;1059;Rocky coastal 2;Dune system 2;25/05/2023 15:20;25/05/2023 15:30;10;Cakile maritima;31;31;Sphaerophoria sp.;Shyrphidae;HO;1;2;obs;Cabrera
11;1060;Rocky coastal 2;Dune system 2;25/05/2023 15:30;25/05/2023 15:40;10;Cakile maritima;22;22;Anaspis sp.;Scraptiidae;CO;1;1;obs;Cabrera
11;1060;Rocky coastal 2;Dune system 2;25/05/2023 15:30;25/05/2023 15:40;10;Cakile maritima;22;22;Meliscaeva auricollis;Shyrphidae;HO;1;1;obs;Cabrera
11;1061;Rocky coastal 2;Dune system 2;25/05/2023 15:40;25/05/2023 15:50;10;Cakile maritima;15;15;Pyrellia vivida;Muscidae;DI;1;1;obs;Cabrera
11;1062;Rocky coastal 2;Dune system 2;25/05/2023 15:50;25/05/2023 16:00;10;Cakile maritima;50;50;Pyrellia vivida;Muscidae;DI;1;1;obs;Cabrera
11;1062;Rocky coastal 2;Dune system 2;25/05/2023 15:50;25/05/2023 16:00;10;Cakile maritima;50;50;Lasioglossum sp.;Halictidae;BE;4;8;obs;Cabrera
11;1063;Rocky coastal 2;Dune system 2;25/05/2023 16:00;25/05/2023 16:10;10;Cakile maritima;60;60;Phthiria sp.;Bombyliidae;DI;1;1;obs;Cabrera
11;1063;Rocky coastal 2;Dune system 2;25/05/2023 16:00;25/05/2023 16:10;10;Cakile maritima;60;60;Anaspis sp.;Scraptiidae;CO;1;1;obs;Cabrera
11;1063;Rocky coastal 2;Dune system 2;25/05/2023 16:00;25/05/2023 16:10;10;Cakile maritima;60;60;Meliscaeva auricollis;Shyrphidae;HO;1;1;obs;Cabrera
11;1064;Rocky coastal 2;Dune system 2;25/05/2023 16:10;25/05/2023 16:20;10;Cakile maritima;35;35;Lasioglossum sp.;Halictidae;BE;6;12;obs;Cabrera
11;1065;Rocky coastal 2;Dune system 2;25/05/2023 16:20;25/05/2023 16:30;10;Cakile maritima;45;45;Lasioglossum sp.;Halictidae;BE;4;8;obs;Cabrera
11;1066;Rocky coastal 2;Rocky coastal 2;25/05/2023 16:30;25/05/2023 16:40;10;Teucrium capitatum;60;60;Eupeodes corollae;Shyrphidae;HO;1;2;obs;Cabrera
11;1066;Rocky coastal 2;Rocky coastal 2;25/05/2023 16:30;25/05/2023 16:40;10;Teucrium capitatum;60;60;Microdiptera sp1.;?;DI;1;1;obs;Cabrera
11;1067;Rocky coastal 2;Rocky coastal 2;25/05/2023 16:40;25/05/2023 16:50;10;Teucrium capitatum;22;22;Sarcophaga sp.;Sarcophagidae;DI;1;1;obs;Cabrera
11;1068;Rocky coastal 2;Rocky coastal 2;25/05/2023 16:50;25/05/2023 17:00;10;Teucrium capitatum;9;9;Microdiptera sp1.;?;DI;1;1;obs;Cabrera
11;1069;Rocky coastal 2;Rocky coastal 2;25/05/2023 17:00;25/05/2023 17:10;10;Teucrium capitatum;32;32;Eupeodes corollae;Shyrphidae;HO;1;2;obs;Cabrera
11;1070;Rocky coastal 2;Rocky coastal 2;25/05/2023 17:10;25/05/2023 17:20;10;Teucrium capitatum;11;11;Eupeodes corollae;Shyrphidae;HO;1;2;obs;Cabrera
11;1071;Rocky coastal 2;Rocky coastal 2;25/05/2023 17:20;25/05/2023 17:30;10;Teucrium capitatum;21;21;Microdiptera sp1.;?;DI;1;1;obs;Cabrera
11;1072;Rocky coastal 2;Rocky coastal 2;25/05/2023 17:30;25/05/2023 17:40;10;Allium ampeloprasum;1;1;Microdiptera sp1.;?;DI;1;1;obs;Cabrera
11;1073;Rocky coastal 2;Rocky coastal 2;25/05/2023 17:40;25/05/2023 17:50;10;Allium ampeloprasum;1;1;Microdiptera sp1.;?;DI;1;1;obs;Cabrera
11;1074;Rocky coastal 2;Rocky coastal 2;25/05/2023 17:50;25/05/2023 18:00;10;Allium ampeloprasum;1;1;Microdiptera sp1.;?;DI;1;1;obs;Cabrera
11;1075;Rocky coastal 2;Rocky coastal 2;25/05/2023 13:50;25/05/2023 14:00;10;Allium ampeloprasum;1;1;Eupeodes corollae;Shyrphidae;HO;1;2;obs;Cabrera
11;1076;Rocky coastal 2;Rocky coastal 2;25/05/2023 14:00;25/05/2023 14:10;10;Allium ampeloprasum;1;1;;;;0;0;obs;Cabrera
11;1077;Rocky coastal 2;Rocky coastal 2;25/05/2023 14:10;25/05/2023 14:20;10;Allium ampeloprasum;1;1;;;;0;0;obs;Cabrera
11;1078;Rocky coastal 2;Rocky coastal 2;25/05/2023 14:20;25/05/2023 14:30;10;Allium ampeloprasum;1;1;Microdiptera sp1.;?;DI;1;1;obs;Cabrera
11;1079;Rocky coastal 2;Rocky coastal 2;25/05/2023 14:30;25/05/2023 14:40;10;Teucrium capitatum;42;42;Sarcophaga sp.;Sarcophagidae;DI;1;1;obs;Cabrera
11;1080;Rocky coastal 2;Rocky coastal 2;25/05/2023 14:40;25/05/2023 14:50;10;Teucrium capitatum;23;23;Lasioglossum sp.;Halictidae;BE;1;1;obs;Cabrera
11;1081;Rocky coastal 2;Rocky coastal 2;25/05/2023 14:50;25/05/2023 15:00;10;Teucrium capitatum;32;32;Sarcophaga sp.;Sarcophagidae;DI;1;1;obs;Cabrera
11;1082;Rocky coastal 2;Rocky coastal 2;25/05/2023 15:00;25/05/2023 15:10;10;Teucrium capitatum;11;11;Lasioglossum sp.;Halictidae;BE;1;1;obs;Cabrera
11;1083;Rocky coastal 2;Rocky coastal 2;25/05/2023 15:10;25/05/2023 15:20;10;Teucrium capitatum;21;21;;;;0;0;obs;Cabrera
11;1084;Rocky coastal 2;Rocky coastal 2;25/05/2023 15:20;25/05/2023 15:30;10;Teucrium capitatum;22;22;;;;0;0;obs;Cabrera
12;1085;Dune system 2;Dune system 2;06/06/2023 10:00;06/06/2023 10:10;10;Asteriscus aquaticus;3;3;Exoprosopa cf. bowdeni;Bombyliidae;DI;1;1;obs;Cabrera
12;1086;Dune system 2;Dune system 2;06/06/2023 10:10;06/06/2023 10:20;10;Teucrium capitatum;225;225;Lasioglossum sp.;Halictidae;BE;1;1;obs;Cabrera
12;1086;Dune system 2;Dune system 2;06/06/2023 10:10;06/06/2023 10:20;10;Teucrium capitatum;225;225;Phthiria sp.;Bombyliidae;DI;1;1;obs;Cabrera
12;1086;Dune system 2;Dune system 2;06/06/2023 10:10;06/06/2023 10:20;10;Teucrium capitatum;225;225;Exoprosopa cf. bowdeni;Bombyliidae;DI;1;1;obs;Cabrera
12;1087;Dune system 2;Dune system 2;06/06/2023 10:20;06/06/2023 10:30;10;Asteriscus aquaticus;4;4;;;;0;0;obs;Cabrera
12;1088;Dune system 2;Dune system 2;06/06/2023 10:30;06/06/2023 10:40;10;Asteriscus aquaticus;6;6;Exoprosopa cf. bowdeni;Bombyliidae;DI;1;1;obs;Cabrera
12;1089;Dune system 2;Dune system 2;06/06/2023 10:40;06/06/2023 10:50;10;Asteriscus aquaticus;5;5;;;;0;0;obs;Cabrera
12;1090;Dune system 2;Dune system 2;06/06/2023 10:50;06/06/2023 11:00;10;Limonium sp.;34;34;;;;0;0;obs;Cabrera
12;1091;Dune system 2;Dune system 2;06/06/2023 11:00;06/06/2023 11:10;10;Limonium sp.;69;69;Lasioglossum sp.;Halictidae;BE;1;1;obs;Cabrera
12;1092;Dune system 2;Dune system 2;06/06/2023 11:10;06/06/2023 11:20;10;Limonium sp.;32;32;;;;0;0;obs;Cabrera
12;1093;Dune system 2;Dune system 2;06/06/2023 11:20;06/06/2023 11:30;10;Limonium sp.;102;102;Lasioglossum sp.;Halictidae;BE;1;1;obs;Cabrera
12;1093;Dune system 2;Dune system 2;06/06/2023 11:20;06/06/2023 11:30;10;Limonium sp.;102;102;Lasioglossum sp.;Halictidae;BE;1;1;obs;Cabrera
12;1094;Dune system 2;Dune system 2;06/06/2023 11:30;06/06/2023 11:40;10;Limonium sp.;38;38;Lasioglossum sp.;Halictidae;BE;1;1;obs;Cabrera
12;1095;Dune system 2;Dune system 2;06/06/2023 11:40;06/06/2023 11:50;10;Limonium sp.;67;67;;;;0;0;obs;Cabrera
12;1096;Dune system 2;Dune system 2;06/06/2023 11:50;06/06/2023 12:00;10;Cakile maritima;16;16;Lasioglossum sp.;Halictidae;BE;1;1;obs;Cabrera
12;1096;Dune system 2;Dune system 2;06/06/2023 11:50;06/06/2023 12:00;10;Cakile maritima;16;16;Exoprosopa cf. bowdeni;Bombyliidae;DI;1;1;obs;Cabrera
12;1096;Dune system 2;Dune system 2;06/06/2023 11:50;06/06/2023 12:00;10;Cakile maritima;16;16;Lasioglossum sp.;Halictidae;BE;1;1;obs;Cabrera
12;1097;Dune system 2;Dune system 2;06/06/2023 12:00;06/06/2023 12:10;10;Cakile maritima;10;10;Lasioglossum sp.;Halictidae;BE;1;1;obs;Cabrera
12;1097;Dune system 2;Dune system 2;06/06/2023 12:00;06/06/2023 12:10;10;Cakile maritima;10;10;Exoprosopa cf. bowdeni;Bombyliidae;DI;1;1;obs;Cabrera
12;1097;Dune system 2;Dune system 2;06/06/2023 12:00;06/06/2023 12:10;10;Cakile maritima;10;10;Lasioglossum sp.;Halictidae;BE;1;1;obs;Cabrera
12;1098;Dune system 2;Dune system 2;06/06/2023 12:10;06/06/2023 12:20;10;Cakile maritima;21;21;Lasioglossum sp.;Halictidae;BE;1;1;obs;Cabrera
12;1098;Dune system 2;Dune system 2;06/06/2023 12:10;06/06/2023 12:20;10;Cakile maritima;21;21;Exoprosopa cf. bowdeni;Bombyliidae;DI;1;1;obs;Cabrera
12;1098;Dune system 2;Dune system 2;06/06/2023 12:10;06/06/2023 12:20;10;Cakile maritima;21;21;Lasioglossum sp.;Halictidae;BE;1;1;obs;Cabrera
12;1099;Dune system 2;Dune system 2;06/06/2023 12:20;06/06/2023 12:30;10;Cakile maritima;19;19;Exoprosopa cf. bowdeni;Bombyliidae;DI;1;1;obs;Cabrera
12;1099;Dune system 2;Dune system 2;06/06/2023 12:20;06/06/2023 12:30;10;Cakile maritima;19;19;Lasioglossum sp.;Halictidae;BE;1;1;obs;Cabrera
12;1099;Dune system 2;Dune system 2;06/06/2023 12:20;06/06/2023 12:30;10;Cakile maritima;19;19;Podarcis lilfordi;Lacertidae;VE;1;1;obs;Cabrera
12;1100;Dune system 2;Dune system 2;06/06/2023 12:30;06/06/2023 12:40;10;Cakile maritima;22;22;Lasioglossum sp.;Halictidae;BE;1;1;obs;Cabrera
12;1100;Dune system 2;Dune system 2;06/06/2023 12:30;06/06/2023 12:40;10;Cakile maritima;22;22;Ancistrocerus ebusianus;Eumenidae;WA;1;2;obs;Cabrera
12;1100;Dune system 2;Dune system 2;06/06/2023 12:30;06/06/2023 12:40;10;Cakile maritima;22;22;Microdiptera sp1.;?;DI;1;1;obs;Cabrera
12;1100;Dune system 2;Dune system 2;06/06/2023 12:30;06/06/2023 12:40;10;Cakile maritima;22;22;Phthiria sp.;Bombyliidae;DI;1;1;obs;Cabrera
12;1101;Dune system 2;Dune system 2;06/06/2023 12:40;06/06/2023 12:50;10;Cakile maritima;29;29;Lasioglossum sp.;Halictidae;BE;1;1;obs;Cabrera
12;1101;Dune system 2;Dune system 2;06/06/2023 12:40;06/06/2023 12:50;10;Cakile maritima;29;29;Lasioglossum sp.;Halictidae;BE;1;1;obs;Cabrera
12;1101;Dune system 2;Dune system 2;06/06/2023 12:40;06/06/2023 12:50;10;Cakile maritima;29;29;Microdiptera sp1.;?;DI;1;1;obs;Cabrera
12;1101;Dune system 2;Dune system 2;06/06/2023 12:40;06/06/2023 12:50;10;Cakile maritima;29;29;Phthiria sp.;Bombyliidae;DI;1;1;obs;Cabrera
12;1102;Dune system 2;Dune system 2;06/06/2023 12:50;06/06/2023 13:00;10;Asteriscus aquaticus;3;3;Exoprosopa cf. bowdeni;Bombyliidae;DI;1;1;obs;Cabrera
12;1103;Dune system 2;Dune system 2;06/06/2023 13:00;06/06/2023 13:10;10;Asteriscus aquaticus;6;6;Exoprosopa cf. bowdeni;Bombyliidae;DI;1;1;obs;Cabrera
12;1104;Dune system 2;Dune system 2;06/06/2023 13:10;06/06/2023 13:20;10;Asteriscus aquaticus;7;7;;;;0;0;obs;Cabrera
12;1105;Dune system 2;Dune system 2;06/06/2023 13:20;06/06/2023 13:30;10;Cakile maritima;10;10;Lasioglossum sp.;Halictidae;BE;1;1;obs;Cabrera
12;1105;Dune system 2;Dune system 2;06/06/2023 13:20;06/06/2023 13:30;10;Cakile maritima;10;10;Ancistrocerus ebusianus;Eumenidae;WA;1;2;obs;Cabrera
12;1105;Dune system 2;Dune system 2;06/06/2023 13:20;06/06/2023 13:30;10;Cakile maritima;10;10;Lasioglossum sp.;Halictidae;BE;1;1;obs;Cabrera
12;1106;Dune system 2;Dune system 2;06/06/2023 13:30;06/06/2023 13:40;10;Cakile maritima;17;17;Lasioglossum sp.;Halictidae;BE;2;4;obs;Cabrera
12;1106;Dune system 2;Dune system 2;06/06/2023 13:30;06/06/2023 13:40;10;Cakile maritima;17;17;Exoprosopa cf. bowdeni;Bombyliidae;DI;1;1;obs;Cabrera
12;1106;Dune system 2;Dune system 2;06/06/2023 13:30;06/06/2023 13:40;10;Cakile maritima;17;17;Lasioglossum sp.;Halictidae;BE;1;1;obs;Cabrera
12;1107;Dune system 2;Dune system 2;06/06/2023 10:00;06/06/2023 10:10;10;Cakile maritima;20;20;Lasioglossum sp.;Halictidae;BE;1;1;obs;Cabrera
12;1107;Dune system 2;Dune system 2;06/06/2023 10:00;06/06/2023 10:10;10;Cakile maritima;20;20;Ancistrocerus ebusianus;Eumenidae;WA;1;2;obs;Cabrera
12;1107;Dune system 2;Dune system 2;06/06/2023 10:00;06/06/2023 10:10;10;Cakile maritima;20;20;Lasioglossum sp.;Halictidae;BE;1;1;obs;Cabrera
12;1108;Dune system 2;Dune system 2;06/06/2023 10:10;06/06/2023 10:20;10;Cakile maritima;23;23;Lasioglossum sp.;Halictidae;BE;1;1;obs;Cabrera
12;1108;Dune system 2;Dune system 2;06/06/2023 10:10;06/06/2023 10:20;10;Cakile maritima;23;23;Lasioglossum sp.;Halictidae;BE;2;8;obs;Cabrera
12;1108;Dune system 2;Dune system 2;06/06/2023 10:10;06/06/2023 10:20;10;Cakile maritima;23;23;Sarcophaga sp.;Sarcophagidae;DI;1;1;obs;Cabrera
12;1109;Dune system 2;Dune system 2;06/06/2023 10:20;06/06/2023 10:30;10;Cakile maritima;35;35;Sarcophaga sp.;Sarcophagidae;DI;1;1;obs;Cabrera
12;1109;Dune system 2;Dune system 2;06/06/2023 10:20;06/06/2023 10:30;10;Cakile maritima;35;35;Microdiptera sp1.;?;DI;1;1;obs;Cabrera
12;1109;Dune system 2;Dune system 2;06/06/2023 10:20;06/06/2023 10:30;10;Cakile maritima;35;35;Musca domestica;Muscidae;DI;1;1;obs;Cabrera
12;1110;Dune system 2;Dune system 2;06/06/2023 10:30;06/06/2023 10:40;10;Cakile maritima;42;42;Microdiptera sp1.;?;DI;1;1;obs;Cabrera
12;1110;Dune system 2;Dune system 2;06/06/2023 10:30;06/06/2023 10:40;10;Cakile maritima;42;42;Musca domestica;Muscidae;DI;1;1;obs;Cabrera
12;1110;Dune system 2;Dune system 2;06/06/2023 10:30;06/06/2023 10:40;10;Cakile maritima;42;42;Lasioglossum sp.;Halictidae;BE;1;1;obs;Cabrera
12;1111;Dune system 2;Dune system 2;06/06/2023 10:40;06/06/2023 10:50;10;Asteriscus aquaticus;7;7;;;;0;0;obs;Cabrera
12;1112;Dune system 2;Dune system 2;06/06/2023 10:50;06/06/2023 11:00;10;Asteriscus aquaticus;3;3;;;;0;0;obs;Cabrera
12;1113;Dune system 2;Dune system 2;06/06/2023 11:00;06/06/2023 11:10;10;Limonium sp.;250;250;Lasioglossum sp.;Halictidae;BE;1;1;obs;Cabrera
12;1114;Dune system 2;Dune system 2;06/06/2023 11:10;06/06/2023 11:20;10;Limonium sp.;65;65;Lasioglossum sp.;Halictidae;BE;2;6;obs;Cabrera
12;1115;Dune system 2;Dune system 2;06/06/2023 11:20;06/06/2023 11:30;10;Limonium sp.;200;200;Lasioglossum sp.;Halictidae;BE;2;6;obs;Cabrera
12;1115;Dune system 2;Dune system 2;06/06/2023 11:20;06/06/2023 11:30;10;Limonium sp.;200;200;Exoprosopa cf. bowdeni;Bombyliidae;DI;1;1;obs;Cabrera
12;1116;Dune system 2;Dune system 2;06/06/2023 11:30;06/06/2023 11:40;10;Limonium sp.;2000;1000;Ancistrocerus ebusianus;Eumenidae;WA;1;2;obs;Cabrera
12;1116;Dune system 2;Dune system 2;06/06/2023 11:30;06/06/2023 11:40;10;Limonium sp.;2000;1000;Lasioglossum sp.;Halictidae;BE;2;6;obs;Cabrera
12;1117;Dune system 2;Dune system 2;06/06/2023 11:40;06/06/2023 11:50;10;Limonium sp.;300;300;Exoprosopa cf. bowdeni;Bombyliidae;DI;1;1;obs;Cabrera
12;1118;Dune system 2;Dune system 2;06/06/2023 11:50;06/06/2023 12:00;10;Limonium sp.;250;250;;;;0;0;obs;Cabrera
12;1119;Dune system 2;Dune system 2;06/06/2023 12:00;06/06/2023 12:10;10;Teucrium capitatum;50;50;Sarcophaga sp.;Sarcophagidae;DI;1;1;obs;Cabrera
12;1119;Dune system 2;Dune system 2;06/06/2023 12:00;06/06/2023 12:10;10;Teucrium capitatum;50;50;Microdiptera sp1.;?;DI;1;1;obs;Cabrera
12;1120;Dune system 2;Dune system 2;06/06/2023 12:10;06/06/2023 12:20;10;Teucrium capitatum;70;70;Musca domestica;Muscidae;DI;1;1;obs;Cabrera
12;1120;Dune system 2;Dune system 2;06/06/2023 12:10;06/06/2023 12:20;10;Teucrium capitatum;70;70;Lasioglossum sp.;Halictidae;BE;2;6;obs;Cabrera
12;1121;Dune system 2;Dune system 2;06/06/2023 12:20;06/06/2023 12:30;10;Teucrium capitatum;60;60;Lasioglossum sp.;Halictidae;BE;3;12;obs;Cabrera
12;1121;Dune system 2;Dune system 2;06/06/2023 12:20;06/06/2023 12:30;10;Teucrium capitatum;60;60;Lasioglossum sp.;Halictidae;BE;1;1;obs;Cabrera
12;1122;Dune system 2;Dune system 2;06/06/2023 12:30;06/06/2023 12:40;10;Teucrium capitatum;26;26;;;;0;0;obs;Cabrera
12;1123;Dune system 2;Dune system 2;06/06/2023 12:40;06/06/2023 12:50;10;Teucrium capitatum;49;49;;;;0;0;obs;Cabrera
12;1124;Dune system 2;Dune system 2;06/06/2023 12:50;06/06/2023 13:00;10;Teucrium capitatum;52;52;Lasioglossum sp.;Halictidae;BE;3;6;obs;Cabrera
12;1125;Rocky coastal 1;Dune system 1;06/06/2023 14:00;06/06/2023 14:10;10;Limonium sp.;320;320;Lasioglossum sp.;Halictidae;BE;3;12;obs;Cabrera
12;1125;Rocky coastal 1;Dune system 1;06/06/2023 14:00;06/06/2023 14:10;10;Limonium sp.;320;320;Ancistrocerus ebusianus;Eumenidae;WA;1;2;obs;Cabrera
12;1126;Rocky coastal 1;Dune system 1;06/06/2023 14:10;06/06/2023 14:20;10;Limonium sp.;170;170;Lasioglossum sp.;Halictidae;BE;3;12;obs;Cabrera
12;1127;Rocky coastal 1;Dune system 1;06/06/2023 14:20;06/06/2023 14:30;10;Limonium sp.;145;145;Exoprosopa cf. bowdeni;Bombyliidae;DI;1;1;obs;Cabrera
12;1128;Rocky coastal 1;Dune system 1;06/06/2023 14:30;06/06/2023 14:40;10;Limonium sp.;310;310;Lasioglossum sp.;Halictidae;BE;2;6;obs;Cabrera
12;1128;Rocky coastal 1;Dune system 1;06/06/2023 14:30;06/06/2023 14:40;10;Limonium sp.;310;310;Ancistrocerus ebusianus;Eumenidae;WA;1;2;obs;Cabrera
12;1129;Rocky coastal 1;Dune system 1;06/06/2023 14:40;06/06/2023 14:50;10;Limonium sp.;85;85;Lasioglossum sp.;Halictidae;BE;3;12;obs;Cabrera
12;1130;Rocky coastal 1;Dune system 1;06/06/2023 14:50;06/06/2023 15:00;10;Limonium sp.;190;190;Anaspis sp.;Scraptiidae;CO;1;1;obs;Cabrera
12;1130;Rocky coastal 1;Dune system 1;06/06/2023 14:50;06/06/2023 15:00;10;Limonium sp.;190;190;Lasioglossum sp.;Halictidae;BE;3;12;obs;Cabrera
12;1131;Rocky coastal 1;Dune system 1;06/06/2023 15:00;06/06/2023 15:10;10;Limonium sp.;230;230;Anaspis sp.;Scraptiidae;CO;1;1;obs;Cabrera
12;1131;Rocky coastal 1;Dune system 1;06/06/2023 15:00;06/06/2023 15:10;10;Limonium sp.;230;230;Lasioglossum sp.;Halictidae;BE;3;12;obs;Cabrera
12;1132;Rocky coastal 1;Dune system 1;06/06/2023 15:10;06/06/2023 15:20;10;Limonium sp.;180;180;Exoprosopa cf. bowdeni;Bombyliidae;DI;1;1;obs;Cabrera
12;1133;Rocky coastal 1;Dune system 1;06/06/2023 15:20;06/06/2023 15:30;10;Limonium sp.;1000;500;Lasioglossum sp.;Halictidae;BE;3;9;obs;Cabrera
12;1133;Rocky coastal 1;Dune system 1;06/06/2023 15:20;06/06/2023 15:30;10;Limonium sp.;1000;500;Ancistrocerus ebusianus;Eumenidae;WA;1;2;obs;Cabrera
12;1134;Rocky coastal 1;Dune system 1;06/06/2023 15:30;06/06/2023 15:40;10;Limonium sp.;2000;1000;Lasioglossum sp.;Halictidae;BE;4;12;obs;Cabrera
12;1134;Rocky coastal 1;Dune system 1;06/06/2023 15:30;06/06/2023 15:40;10;Limonium sp.;2000;1000;Lasioglossum sp.;Halictidae;BE;1;1;obs;Cabrera
12;1135;Rocky coastal 1;Dune system 1;06/06/2023 15:40;06/06/2023 15:50;10;Limonium sp.;2000;1000;Lasioglossum sp.;Halictidae;BE;2;12;obs;Cabrera
12;1135;Rocky coastal 1;Dune system 1;06/06/2023 15:40;06/06/2023 15:50;10;Limonium sp.;2000;1000;Lasioglossum sp.;Halictidae;BE;2;4;obs;Cabrera
12;1135;Rocky coastal 1;Dune system 1;06/06/2023 15:40;06/06/2023 15:50;10;Limonium sp.;2000;1000;Anaspis sp.;Scraptiidae;CO;1;1;obs;Cabrera
12;1136;Rocky coastal 1;Dune system 1;06/06/2023 15:50;06/06/2023 16:00;10;Limonium sp.;2000;1000;Eumenes dubius;Eumenidae;WA;1;1;obs;Cabrera
12;1136;Rocky coastal 1;Dune system 1;06/06/2023 15:50;06/06/2023 16:00;10;Limonium sp.;2000;1000;Anaspis sp.;Scraptiidae;CO;1;1;obs;Cabrera
12;1137;Dune system 1;Dune system 1;06/06/2023 14:00;06/06/2023 14:10;10;Cakile maritima;37;37;Mordellistena sp.;Mordellidae;CO;1;1;obs;Cabrera
12;1138;Dune system 1;Dune system 1;06/06/2023 14:10;06/06/2023 14:20;10;Cakile maritima;13;13;Exoprosopa cf. bowdeni;Bombyliidae;DI;1;1;obs;Cabrera
12;1139;Dune system 1;Dune system 1;06/06/2023 14:20;06/06/2023 14:30;10;Cakile maritima;35;35;Ancistrocerus ebusianus;Eumenidae;WA;1;2;obs;Cabrera
12;1140;Dune system 1;Dune system 1;06/06/2023 14:30;06/06/2023 14:40;10;Cakile maritima;67;67;Lasioglossum sp.;Halictidae;BE;2;4;obs;Cabrera
12;1141;Dune system 1;Dune system 1;06/06/2023 14:40;06/06/2023 14:50;10;Cakile maritima;16;16;Mordellistena sp.;Mordellidae;CO;1;1;obs;Cabrera
12;1142;Dune system 1;Dune system 1;06/06/2023 14:50;06/06/2023 15:00;10;Cakile maritima;22;22;Lasioglossum sp.;Halictidae;BE;1;1;obs;Cabrera
12;1143;Dune system 1;Dune system 1;06/06/2023 15:00;06/06/2023 15:10;10;Limonium sp.;300;130;Anaspis sp.;Scraptiidae;CO;1;1;obs;Cabrera
12;1143;Dune system 1;Dune system 1;06/06/2023 15:00;06/06/2023 15:10;10;Limonium sp.;300;130;Lasioglossum sp.;Halictidae;BE;3;6;obs;Cabrera
12;1144;Dune system 1;Dune system 1;06/06/2023 15:10;06/06/2023 15:20;10;Limonium sp.;200;130;Lasioglossum sp.;Halictidae;BE;2;4;obs;Cabrera
12;1144;Dune system 1;Dune system 1;06/06/2023 15:10;06/06/2023 15:20;10;Limonium sp.;200;130;Mordellistena sp.;Mordellidae;CO;1;1;obs;Cabrera
12;1145;Dune system 1;Dune system 1;06/06/2023 15:20;06/06/2023 15:30;10;Limonium sp.;700;265;Lasioglossum sp.;Halictidae;BE;3;12;obs;Cabrera
12;1146;Rocky coastal 1;Rocky coastal 1;07/06/2023 10:00;07/06/2023 10:10;10;Dorycnium fulgurans;600;344;Ancistrocerus ebusianus;Eumenidae;WA;6;18;obs;Cabrera
12;1146;Rocky coastal 1;Rocky coastal 1;07/06/2023 10:00;07/06/2023 10:10;10;Dorycnium fulgurans;600;344;Lasioglossum sp.;Halictidae;BE;3;6;obs;Cabrera
12;1147;Rocky coastal 1;Rocky coastal 1;07/06/2023 10:10;07/06/2023 10:20;10;Ruta chalepensis;6;6;Ancistrocerus ebusianus;Eumenidae;WA;1;2;obs;Cabrera
12;1148;Rocky coastal 1;Rocky coastal 1;07/06/2023 10:20;07/06/2023 10:30;10;Helichrysum stoechas;19;19;Ancistrocerus ebusianus;Eumenidae;WA;1;2;obs;Cabrera
12;1148;Rocky coastal 1;Rocky coastal 1;07/06/2023 10:20;07/06/2023 10:30;10;Helichrysum stoechas;19;19;Lasioglossum sp.;Halictidae;BE;2;4;obs;Cabrera
12;1149;Rocky coastal 1;Dune system 1;07/06/2023 10:30;07/06/2023 10:40;10;Limonium sp.;800;255;Lasioglossum sp.;Halictidae;BE;3;12;obs;Cabrera
12;1150;Rocky coastal 1;Rocky coastal 1;07/06/2023 10:40;07/06/2023 10:50;10;Daucus carota L. subsp. Majoricus;5;5;Vanessa atalanta;Nymphalidae;LE;1;1;obs;Cabrera
12;1150;Rocky coastal 1;Rocky coastal 1;07/06/2023 10:40;07/06/2023 10:50;10;Daucus carota L. subsp. Majoricus;5;5;Lasioglossum sp.;Halictidae;BE;1;1;obs;Cabrera
12;1151;Rocky coastal 1;Dune system 1;07/06/2023 10:50;07/06/2023 11:00;10;Limonium sp.;700;250;Lasioglossum sp.;Halictidae;BE;2;4;obs;Cabrera
12;1152;Rocky coastal 1;Rocky coastal 1;07/06/2023 11:00;07/06/2023 11:10;10;Daucus carota L. subsp. Majoricus;11;11;Lasioglossum sp.;Halictidae;BE;1;1;obs;Cabrera
12;1152;Rocky coastal 1;Rocky coastal 1;07/06/2023 11:00;07/06/2023 11:10;10;Daucus carota L. subsp. Majoricus;11;11;Vanessa atalanta;Nymphalidae;LE;1;1;obs;Cabrera
12;1153;Rocky coastal 1;Rocky coastal 1;07/06/2023 11:10;07/06/2023 11:20;10;Daucus carota L. subsp. Majoricus;4;4;Pyrellia vivida;Muscidae;DI;1;1;obs;Cabrera
12;1154;Rocky coastal 1;Rocky coastal 1;07/06/2023 11:20;07/06/2023 11:30;10;Dorycnium fulgurans;700;344;Ancistrocerus ebusianus;Eumenidae;WA;3;18;obs;Cabrera
12;1154;Rocky coastal 1;Rocky coastal 1;07/06/2023 11:20;07/06/2023 11:30;10;Dorycnium fulgurans;700;344;Lasioglossum sp.;Halictidae;BE;3;6;obs;Cabrera
12;1155;Rocky coastal 1;Rocky coastal 1;07/06/2023 11:30;07/06/2023 11:40;10;Ruta chalepensis;7;7;Ancistrocerus ebusianus;Eumenidae;WA;1;2;obs;Cabrera
12;1156;Rocky coastal 1;Rocky coastal 1;07/06/2023 11:40;07/06/2023 11:50;10;Helichrysum stoechas;21;21;Lasioglossum sp.;Halictidae;BE;1;1;obs;Cabrera
12;1157;Rocky coastal 1;Dune system 1;07/06/2023 11:50;07/06/2023 12:00;10;Limonium sp.;1000;500;Lasioglossum sp.;Halictidae;BE;6;30;obs;Cabrera
12;1158;Rocky coastal 1;Rocky coastal 1;07/06/2023 12:00;07/06/2023 12:10;10;Dorycnium fulgurans;450;450;Ancistrocerus ebusianus;Eumenidae;WA;2;4;obs;Cabrera
12;1159;Rocky coastal 1;Rocky coastal 1;07/06/2023 12:10;07/06/2023 12:20;10;Ruta chalepensis;9;9;;;;0;0;obs;Cabrera
12;1160;Rocky coastal 1;Rocky coastal 1;07/06/2023 12:20;07/06/2023 12:30;10;Helichrysum stoechas;29;29;Ancistrocerus ebusianus;Eumenidae;WA;1;1;obs;Cabrera
12;1161;Rocky coastal 1;Dune system 1;07/06/2023 12:30;07/06/2023 12:40;10;Limonium sp.;500;240;Lasioglossum sp.;Halictidae;BE;1;1;obs;Cabrera
12;1162;Rocky coastal 1;Rocky coastal 1;07/06/2023 12:40;07/06/2023 12:50;10;Daucus carota L. subsp. Majoricus;8;8;Pyrellia vivida;Muscidae;DI;1;1;obs;Cabrera
12;1163;Rocky coastal 1;Dune system 1;07/06/2023 12:50;07/06/2023 13:00;10;Limonium sp.;600;360;Lasioglossum sp.;Halictidae;BE;1;1;obs;Cabrera
12;1164;Rocky coastal 1;Rocky coastal 1;07/06/2023 13:00;07/06/2023 13:10;10;Daucus carota L. subsp. Majoricus;9;9;Mordellistena sp.;Mordellidae;CO;1;1;obs;Cabrera
12;1165;Rocky coastal 1;Dune system 1;07/06/2023 13:10;07/06/2023 13:20;10;Limonium sp.;450;450;Lasioglossum sp.;Halictidae;BE;1;1;obs;Cabrera
12;1166;Rocky coastal 1;Rocky coastal 1;07/06/2023 13:20;07/06/2023 13:30;10;Daucus carota L. subsp. Majoricus;12;12;Exoprosopa cf. bowdeni;Bombyliidae;DI;1;1;obs;Cabrera
12;1166;Rocky coastal 1;Rocky coastal 1;07/06/2023 13:20;07/06/2023 13:30;10;Daucus carota L. subsp. Majoricus;12;12;Lasioglossum sp.;Halictidae;BE;1;1;obs;Cabrera
12;1167;Rocky coastal 1;Rocky coastal 1;07/06/2023 13:30;07/06/2023 13:40;10;Dorycnium fulgurans;550;550;Ancistrocerus ebusianus;Eumenidae;WA;2;6;obs;Cabrera
12;1168;Rocky coastal 1;Rocky coastal 1;07/06/2023 13:40;07/06/2023 13:50;10;Ruta chalepensis;4;4;;;;0;0;obs;Cabrera
12;1169;Rocky coastal 1;Rocky coastal 1;07/06/2023 13:50;07/06/2023 14:00;10;Helichrysum stoechas;12;12;Lasioglossum sp.;Halictidae;BE;5;10;obs;Cabrera
12;1170;Rocky coastal 1;Dune system 1;07/06/2023 14:00;07/06/2023 14:10;10;Limonium sp.;200;200;Lasioglossum sp.;Halictidae;BE;2;6;obs;Cabrera
12;1171;Rocky coastal 1;Rocky coastal 1;07/06/2023 14:10;07/06/2023 14:20;10;Daucus carota L. subsp. Majoricus;11;11;Pyrellia vivida;Muscidae;DI;1;1;obs;Cabrera
12;1172;Rocky coastal 1;Dune system 1;07/06/2023 14:20;07/06/2023 14:30;10;Limonium sp.;120;120;Meligethes sp.;Nitidulidae;CO;4;4;obs;Cabrera
12;1173;Rocky coastal 1;Rocky coastal 1;07/06/2023 14:30;07/06/2023 14:40;10;Dorycnium fulgurans;1000;1000;Lasioglossum sp.;Halictidae;BE;2;4;obs;Cabrera
12;1173;Rocky coastal 1;Rocky coastal 1;07/06/2023 14:30;07/06/2023 14:40;10;Dorycnium fulgurans;1000;1000;Ancistrocerus ebusianus;Eumenidae;WA;2;4;obs;Cabrera
12;1174;Rocky coastal 1;Rocky coastal 1;07/06/2023 14:40;07/06/2023 14:50;10;Ruta chalepensis;11;11;Lasioglossum sp.;Halictidae;BE;1;1;obs;Cabrera
12;1175;Rocky coastal 1;Rocky coastal 1;07/06/2023 14:50;07/06/2023 15:00;10;Helichrysum stoechas;17;17;Ancistrocerus ebusianus;Eumenidae;WA;1;1;obs;Cabrera
12;1176;Rocky coastal 1;Rocky coastal 1;07/06/2023 15:00;07/06/2023 15:10;10;Daucus carota L. subsp. Majoricus;6;6;Exoprosopa cf. bowdeni;Bombyliidae;DI;1;1;obs;Cabrera
12;1177;Rocky coastal 1;Dune system 1;07/06/2023 15:10;07/06/2023 15:20;10;Limonium sp.;90;90;Lasioglossum sp.;Halictidae;BE;3;6;obs;Cabrera
12;1177;Rocky coastal 1;Dune system 1;07/06/2023 15:10;07/06/2023 15:20;10;Limonium sp.;90;90;Mordellistena sp.;Mordellidae;CO;1;1;obs;Cabrera
12;1178;Rocky coastal 1;Rocky coastal 1;07/06/2023 15:20;07/06/2023 15:30;10;Dorycnium fulgurans;340;267;Ancistrocerus ebusianus;Eumenidae;WA;1;1;obs;Cabrera
12;1179;Rocky coastal 1;Rocky coastal 1;07/06/2023 15:30;07/06/2023 15:40;10;Ruta chalepensis;8;8;;;;0;0;obs;Cabrera
12;1180;Rocky coastal 1;Rocky coastal 1;07/06/2023 10:00;07/06/2023 10:10;10;Helichrysum stoechas;22;22;Lasioglossum sp.;Halictidae;BE;2;4;obs;Cabrera
12;1181;Rocky coastal 1;Rocky coastal 1;07/06/2023 10:10;07/06/2023 10:20;10;Daucus carota L. subsp. Majoricus;9;9;Meligethes sp.;Nitidulidae;CO;1;1;obs;Cabrera
12;1181;Rocky coastal 1;Rocky coastal 1;07/06/2023 10:10;07/06/2023 10:20;10;Daucus carota L. subsp. Majoricus;9;9;Exoprosopa cf. bowdeni;Bombyliidae;DI;1;1;obs;Cabrera
12;1182;Rocky coastal 1;Dune system 1;07/06/2023 10:20;07/06/2023 10:30;10;Limonium sp.;350;155;Lasioglossum sp.;Halictidae;BE;3;12;obs;Cabrera
12;1182;Rocky coastal 1;Dune system 1;07/06/2023 10:20;07/06/2023 10:30;10;Limonium sp.;350;155;Meligethes sp.;Nitidulidae;CO;1;1;obs;Cabrera
12;1183;Rocky coastal 1;Rocky coastal 1;07/06/2023 10:30;07/06/2023 10:40;10;Dorycnium fulgurans;400;250;Lasioglossum sp.;Halictidae;BE;4;8;obs;Cabrera
12;1184;Rocky coastal 1;Rocky coastal 1;07/06/2023 10:40;07/06/2023 10:50;10;Ruta chalepensis;12;12;;;;0;0;obs;Cabrera
12;1185;Rocky coastal 1;Rocky coastal 1;07/06/2023 10:50;07/06/2023 11:00;10;Helichrysum stoechas;13;13;Lasioglossum sp.;Halictidae;BE;1;1;obs;Cabrera
12;1186;Rocky coastal 1;Rocky coastal 1;07/06/2023 11:00;07/06/2023 11:10;10;Daucus carota L. subsp. Majoricus;15;15;Meligethes sp.;Nitidulidae;CO;1;1;obs;Cabrera
12;1186;Rocky coastal 1;Rocky coastal 1;07/06/2023 11:00;07/06/2023 11:10;10;Daucus carota L. subsp. Majoricus;15;15;Mordellistena sp.;Mordellidae;CO;1;1;obs;Cabrera
12;1187;Rocky coastal 1;Rocky coastal 1;07/06/2023 11:10;07/06/2023 11:20;10;Dorycnium fulgurans;500;500;Lasioglossum sp.;Halictidae;BE;3;9;obs;Cabrera
12;1188;Rocky coastal 1;Rocky coastal 1;07/06/2023 11:20;07/06/2023 11:30;10;Ruta chalepensis;6;6;;;;0;0;obs;Cabrera
12;1189;Rocky coastal 1;Rocky coastal 1;07/06/2023 11:30;07/06/2023 11:40;10;Helichrysum stoechas;87;87;Lasioglossum sp.;Halictidae;BE;1;1;obs;Cabrera
12;1190;Rocky coastal 1;Dune system 1;07/06/2023 11:40;07/06/2023 11:50;10;Limonium sp.;250;150;Lasioglossum sp.;Halictidae;BE;3;6;obs;Cabrera
12;1190;Rocky coastal 1;Dune system 1;07/06/2023 11:40;07/06/2023 11:50;10;Limonium sp.;250;150;Meligethes sp.;Nitidulidae;CO;1;1;obs;Cabrera
12;1191;Rocky coastal 1;Rocky coastal 1;07/06/2023 11:50;07/06/2023 12:00;10;Daucus carota L. subsp. Majoricus;11;11;Meligethes sp.;Nitidulidae;CO;3;3;obs;Cabrera
12;1191;Rocky coastal 1;Rocky coastal 1;07/06/2023 11:50;07/06/2023 12:00;10;Daucus carota L. subsp. Majoricus;11;11;Mordellistena sp.;Mordellidae;CO;2;2;obs;Cabrera
12;1192;Rocky coastal 1;Rocky coastal 1;07/06/2023 12:00;07/06/2023 12:10;10;Dorycnium fulgurans;1000;450;;;;0;0;obs;Cabrera
12;1193;Rocky coastal 1;Rocky coastal 1;07/06/2023 12:10;07/06/2023 12:20;10;Ruta chalepensis;15;15;;;;0;0;obs;Cabrera
12;1194;Rocky coastal 1;Rocky coastal 1;07/06/2023 12:20;07/06/2023 12:30;10;Helichrysum stoechas;250;187;Lasioglossum sp.;Halictidae;BE;3;9;obs;Cabrera
12;1195;Rocky coastal 1;Dune system 1;07/06/2023 12:30;07/06/2023 12:40;10;Limonium sp.;290;189;Meligethes sp.;Nitidulidae;CO;2;2;obs;Cabrera
12;1195;Rocky coastal 1;Dune system 1;07/06/2023 12:30;07/06/2023 12:40;10;Limonium sp.;290;189;Mordellistena sp.;Mordellidae;CO;2;2;obs;Cabrera
12;1196;Rocky coastal 1;Rocky coastal 1;07/06/2023 12:40;07/06/2023 12:50;10;Daucus carota L. subsp. Majoricus;8;8;Meligethes sp.;Nitidulidae;CO;2;2;obs;Cabrera
12;1196;Rocky coastal 1;Rocky coastal 1;07/06/2023 12:40;07/06/2023 12:50;10;Daucus carota L. subsp. Majoricus;8;8;Mordellistena sp.;Mordellidae;CO;2;2;obs;Cabrera
12;1197;Rocky coastal 1;Rocky coastal 1;07/06/2023 12:50;07/06/2023 13:00;10;Rosmarinus officinalis;120;67;;;;0;0;obs;Cabrera
12;1198;Rocky coastal 1;Rocky coastal 1;07/06/2023 13:00;07/06/2023 13:10;10;Rosmarinus officinalis;150;75;Lasioglossum sp.;Halictidae;BE;5;10;obs;Cabrera
12;1199;Rocky coastal 1;Rocky coastal 1;07/06/2023 13:10;07/06/2023 13:20;10;Rosmarinus officinalis;90;90;;;;0;0;obs;Cabrera
12;1200;Rocky coastal 1;Rocky coastal 1;07/06/2023 13:20;07/06/2023 13:30;10;Dorycnium fulgurans;300;300;Lasioglossum sp.;Halictidae;BE;10;20;obs;Cabrera
12;1201;Rocky coastal 1;Rocky coastal 1;07/06/2023 13:30;07/06/2023 13:40;10;Ruta chalepensis;13;13;;;;0;0;obs;Cabrera
12;1202;Rocky coastal 1;Rocky coastal 1;07/06/2023 13:40;07/06/2023 13:50;10;Helichrysum stoechas;100;75;Lasioglossum sp.;Halictidae;BE;2;6;obs;Cabrera
12;1203;Rocky coastal 1;Rocky coastal 1;07/06/2023 13:50;07/06/2023 14:00;10;Rosmarinus officinalis;22;22;;;;0;0;obs;Cabrera
12;1204;Rocky coastal 1;Rocky coastal 1;07/06/2023 14:00;07/06/2023 14:10;10;Rosmarinus officinalis;87;87;Lasioglossum sp.;Halictidae;BE;7;14;obs;Cabrera
12;1205;Rocky coastal 1;Rocky coastal 1;07/06/2023 14:10;07/06/2023 14:20;10;Rosmarinus officinalis;63;63;;;;0;0;obs;Cabrera
12;1206;Dune system 1;Dune system 1;07/06/2023 16:00;07/06/2023 16:10;10;Daucus carota L. subsp. Majoricus;10;10;Anaspis sp.;Scraptiidae;CO;5;1;obs;Cabrera
12;1206;Dune system 1;Dune system 1;07/06/2023 16:00;07/06/2023 16:10;10;Daucus carota L. subsp. Majoricus;10;10;Lasioglossum sp.;Halictidae;BE;3;6;obs;Cabrera
12;1206;Dune system 1;Dune system 1;07/06/2023 16:00;07/06/2023 16:10;10;Daucus carota L. subsp. Majoricus;10;10;Lasioglossum sp.;Halictidae;BE;1;1;obs;Cabrera
12;1207;Dune system 1;Dune system 1;07/06/2023 16:10;07/06/2023 16:20;10;Daucus carota L. subsp. Majoricus;9;9;Muscidae sp.;Muscidae;DI;1;1;obs;Cabrera
12;1207;Dune system 1;Dune system 1;07/06/2023 16:10;07/06/2023 16:20;10;Daucus carota L. subsp. Majoricus;9;9;Gasteruption spp.;Gasteruptidae;WA;1;1;obs;Cabrera
12;1208;Dune system 1;Dune system 1;07/06/2023 16:20;07/06/2023 16:30;10;Daucus carota L. subsp. Majoricus;8;8;Crematogaster sp.;Formicidae;OT;2;1;obs;Cabrera
12;1208;Dune system 1;Dune system 1;07/06/2023 16:20;07/06/2023 16:30;10;Daucus carota L. subsp. Majoricus;8;8;Pyrellia vivida;Muscidae;DI;1;1;obs;Cabrera
12;1208;Dune system 1;Dune system 1;07/06/2023 16:20;07/06/2023 16:30;10;Daucus carota L. subsp. Majoricus;8;8;Lasioglossum sp.;Halictidae;BE;2;4;obs;Cabrera
12;1208;Dune system 1;Dune system 1;07/06/2023 16:20;07/06/2023 16:30;10;Daucus carota L. subsp. Majoricus;8;8;Anaspis sp.;Scraptiidae;CO;5;1;obs;Cabrera
12;1209;Dune system 1;Dune system 1;07/06/2023 16:30;07/06/2023 16:40;10;Daucus carota L. subsp. Majoricus;5;5;Anaspis sp.;Scraptiidae;CO;15;1;obs;Cabrera
12;1209;Dune system 1;Dune system 1;07/06/2023 16:30;07/06/2023 16:40;10;Daucus carota L. subsp. Majoricus;5;5;Crematogaster sp.;Formicidae;OT;2;1;obs;Cabrera
12;1209;Dune system 1;Dune system 1;07/06/2023 16:30;07/06/2023 16:40;10;Daucus carota L. subsp. Majoricus;5;5;Musca domestica;Muscidae;DI;1;1;obs;Cabrera
12;1210;Dune system 1;Dune system 1;07/06/2023 16:40;07/06/2023 16:50;10;Daucus carota L. subsp. Majoricus;9;9;Anaspis sp.;Scraptiidae;CO;20;4;obs;Cabrera
12;1211;Dune system 1;Dune system 1;07/06/2023 16:50;07/06/2023 17:00;10;Daucus carota L. subsp. Majoricus;11;11;Crematogaster sp.;Formicidae;OT;2;1;obs;Cabrera
12;1211;Dune system 1;Dune system 1;07/06/2023 16:50;07/06/2023 17:00;10;Daucus carota L. subsp. Majoricus;11;11;Eupeodes corollae;Syrphidae;HO;1;1;obs;Cabrera
12;1212;Dune system 1;Dune system 1;07/06/2023 17:00;07/06/2023 17:10;10;Daucus carota L. subsp. Majoricus;5;5;Musca domestica;Muscidae;DI;1;1;obs;Cabrera
12;1212;Dune system 1;Dune system 1;07/06/2023 17:00;07/06/2023 17:10;10;Daucus carota L. subsp. Majoricus;5;5;Eupeodes corollae;Syrphidae;HO;1;1;obs;Cabrera
12;1213;Dune system 1;Dune system 1;07/06/2023 17:10;07/06/2023 17:20;10;Daucus carota L. subsp. Majoricus;12;12;Anaspis sp.;Scraptiidae;CO;20;5;obs;Cabrera
12;1214;Dune system 1;Dune system 1;07/06/2023 17:20;07/06/2023 17:30;10;Daucus carota L. subsp. Majoricus;6;6;Anaspis sp.;Scraptiidae;CO;15;1;obs;Cabrera
12;1214;Dune system 1;Dune system 1;07/06/2023 17:20;07/06/2023 17:30;10;Daucus carota L. subsp. Majoricus;6;6;Musca domestica;Muscidae;DI;1;1;obs;Cabrera
12;1215;Dune system 1;Dune system 1;07/06/2023 17:30;07/06/2023 17:40;10;Daucus carota L. subsp. Majoricus;7;7;Chelosia sp.;Syrphidae;HO;1;1;obs;Cabrera
12;1215;Dune system 1;Dune system 1;07/06/2023 17:30;07/06/2023 17:40;10;Daucus carota L. subsp. Majoricus;7;7;Lasioglossum sp.;Halictidae;BE;1;1;obs;Cabrera
12;1216;Dune system 1;Dune system 1;07/06/2023 16:00;07/06/2023 16:10;10;Daucus carota L. subsp. Majoricus;9;9;Anaspis sp.;Scraptiidae;CO;20;2;obs;Cabrera
12;1217;Dune system 1;Dune system 1;07/06/2023 16:10;07/06/2023 16:20;10;Daucus carota L. subsp. Majoricus;11;11;Anaspis sp.;Scraptiidae;CO;20;2;obs;Cabrera
12;1218;Dune system 1;Dune system 1;07/06/2023 16:20;07/06/2023 16:30;10;Limonium sp.;63;33;Stenopterus sp.;Cerambycidae;CO;2;1;obs;Cabrera
12;1219;Dune system 1;Dune system 1;07/06/2023 16:30;07/06/2023 16:40;10;Limonium sp.;78;38;Eupeodes corollae;Syrphidae;HO;1;1;obs;Cabrera
12;1219;Dune system 1;Dune system 1;07/06/2023 16:30;07/06/2023 16:40;10;Limonium sp.;78;38;Thyridanthrax elegans;Bombyliidae;DI;2;1;obs;Cabrera
12;1220;Dune system 1;Dune system 1;07/06/2023 16:40;07/06/2023 16:50;10;Limonium sp.;102;82;Exoprosopa cf. bowdeni;Bombyliidae;DI;1;1;obs;Cabrera
12;1220;Dune system 1;Dune system 1;07/06/2023 16:40;07/06/2023 16:50;10;Limonium sp.;102;82;Thyridanthrax elegans;Bombyliidae;DI;1;1;obs;Cabrera
12;1220;Dune system 1;Dune system 1;07/06/2023 16:40;07/06/2023 16:50;10;Limonium sp.;102;82;Lasioglossum sp.;Halictidae;BE;3;3;obs;Cabrera
12;1221;Dune system 1;Dune system 1;07/06/2023 16:50;07/06/2023 17:00;10;Limonium sp.;93;43;Thyridanthrax elegans;Bombyliidae;DI;1;1;obs;Cabrera
12;1221;Dune system 1;Dune system 1;07/06/2023 16:50;07/06/2023 17:00;10;Limonium sp.;93;43;Eupeodes corollae;Syrphidae;HO;1;1;obs;Cabrera
12;1222;Dune system 1;Dune system 1;07/06/2023 17:00;07/06/2023 17:10;10;Limonium sp.;86;66;Exoprosopa cf. bowdeni;Bombyliidae;DI;1;1;obs;Cabrera
12;1222;Dune system 1;Dune system 1;07/06/2023 17:00;07/06/2023 17:10;10;Limonium sp.;86;66;Thyridanthrax elegans;Bombyliidae;DI;1;1;obs;Cabrera
12;1222;Dune system 1;Dune system 1;07/06/2023 17:00;07/06/2023 17:10;10;Limonium sp.;86;66;Lasioglossum sp.;Halictidae;BE;3;3;obs;Cabrera
12;1223;Rocky coastal 2;Dune system 2;08/06/2023 10:00;08/06/2023 10:10;10;Cakile maritima;37;37;Lasioglossum sp.;Halictidae;BE;1;2;obs;Cabrera
12;1223;Rocky coastal 2;Dune system 2;08/06/2023 10:00;08/06/2023 10:10;10;Cakile maritima;37;37;Microdiptera sp1.;?;DI;1;1;obs;Cabrera
12;1224;Rocky coastal 2;Dune system 2;08/06/2023 10:10;08/06/2023 10:20;10;Cakile maritima;17;17;Microdiptera sp1.;?;DI;1;1;obs;Cabrera
12;1224;Rocky coastal 2;Dune system 2;08/06/2023 10:10;08/06/2023 10:20;10;Cakile maritima;17;17;Ancistrocerus ebusianus;Eumenidae;WA;1;1;obs;Cabrera
12;1225;Rocky coastal 2;Dune system 2;08/06/2023 10:20;08/06/2023 10:30;10;Cakile maritima;42;42;Eupeodes corollae;Syrphidae;HO;1;1;obs;Cabrera
12;1226;Rocky coastal 2;Rocky coastal 2;08/06/2023 10:30;08/06/2023 10:40;10;Daucus carota L. subsp. Majoricus;8;8;Lasioglossum sp.;Halictidae;BE;1;3;obs;Cabrera
12;1226;Rocky coastal 2;Rocky coastal 2;08/06/2023 10:30;08/06/2023 10:40;10;Daucus carota L. subsp. Majoricus;8;8;Musca domestica;Muscidae;DI;1;1;obs;Cabrera
12;1226;Rocky coastal 2;Rocky coastal 2;08/06/2023 10:30;08/06/2023 10:40;10;Daucus carota L. subsp. Majoricus;8;8;Sarcophaga sp.;Sarcophagidae;DI;1;1;obs;Cabrera
12;1227;Rocky coastal 2;Dune system 2;08/06/2023 10:40;08/06/2023 10:50;10;Cakile maritima;22;22;Ancistrocerus ebusianus;Eumenidae;WA;1;1;obs;Cabrera
12;1228;Rocky coastal 2;Dune system 2;08/06/2023 10:50;08/06/2023 11:00;10;Cakile maritima;14;14;;;;0;0;obs;Cabrera
12;1229;Rocky coastal 2;Dune system 2;08/06/2023 11:00;08/06/2023 11:10;10;Cakile maritima;13;13;;;;0;0;obs;Cabrera
12;1230;Rocky coastal 2;Dune system 2;08/06/2023 11:10;08/06/2023 11:20;10;Cakile maritima;35;35;Sphaerophoria sp.;Syrphidae;HO;1;1;obs;Cabrera
12;1230;Rocky coastal 2;Dune system 2;08/06/2023 11:10;08/06/2023 11:20;10;Cakile maritima;35;35;Eupeodes corollae;Syrphidae;HO;1;1;obs;Cabrera
12;1230;Rocky coastal 2;Dune system 2;08/06/2023 11:10;08/06/2023 11:20;10;Cakile maritima;35;35;Lasioglossum sp.;Halictidae;BE;1;2;obs;Cabrera
12;1230;Rocky coastal 2;Dune system 2;08/06/2023 11:10;08/06/2023 11:20;10;Cakile maritima;35;35;Exoprosopa cf. bowdeni;Bombyliidae;DI;1;1;obs;Cabrera
12;1231;Rocky coastal 2;Dune system 2;08/06/2023 11:20;08/06/2023 11:30;10;Limonium sp.;30;30;Ancistrocerus ebusianus;Eumenidae;WA;1;1;obs;Cabrera
12;1232;Rocky coastal 2;Dune system 2;08/06/2023 11:30;08/06/2023 11:40;10;Limonium sp.;19;19;;;;0;0;obs;Cabrera
12;1233;Rocky coastal 2;Dune system 2;08/06/2023 11:40;08/06/2023 11:50;10;Limonium sp.;17;17;;;;0;0;obs;Cabrera
12;1234;Rocky coastal 2;Dune system 2;08/06/2023 11:50;08/06/2023 12:00;10;Limonium sp.;16;16;Lasioglossum sp.;Halictidae;BE;1;2;obs;Cabrera
12;1235;Rocky coastal 2;Dune system 2;08/06/2023 12:00;08/06/2023 12:10;10;Limonium sp.;23;23;;;;0;0;obs;Cabrera
12;1236;Rocky coastal 2;Dune system 2;08/06/2023 12:10;08/06/2023 12:20;10;Limonium sp.;15;15;;;;0;0;obs;Cabrera
12;1237;Rocky coastal 2;Dune system 2;08/06/2023 12:20;08/06/2023 12:30;10;Cakile maritima;41;41;Ancistrocerus ebusianus;Eumenidae;WA;1;5;obs;Cabrera
12;1237;Rocky coastal 2;Dune system 2;08/06/2023 12:20;08/06/2023 12:30;10;Cakile maritima;41;41;Lasioglossum sp.;Halictidae;BE;1;2;obs;Cabrera
12;1237;Rocky coastal 2;Dune system 2;08/06/2023 12:20;08/06/2023 12:30;10;Cakile maritima;41;41;Podarcis lilfordi;Lacertidae;VE;1;4;obs;Cabrera
12;1238;Rocky coastal 2;Dune system 2;08/06/2023 12:30;08/06/2023 12:40;10;Cakile maritima;58;58;Sphaerophoria sp.;Syrphidae;HO;1;1;obs;Cabrera
12;1238;Rocky coastal 2;Dune system 2;08/06/2023 12:30;08/06/2023 12:40;10;Cakile maritima;58;58;Lasioglossum sp.;Halictidae;BE;1;2;obs;Cabrera
12;1238;Rocky coastal 2;Dune system 2;08/06/2023 12:30;08/06/2023 12:40;10;Cakile maritima;58;58;Ancistrocerus ebusianus;Eumenidae;WA;1;1;obs;Cabrera
12;1239;Rocky coastal 2;Rocky coastal 2;08/06/2023 12:40;08/06/2023 12:50;10;Daucus carota L. subsp. Majoricus;15;15;Anaspis sp.;Scraptiidae;CO;3;1;obs;Cabrera
12;1239;Rocky coastal 2;Rocky coastal 2;08/06/2023 12:40;08/06/2023 12:50;10;Daucus carota L. subsp. Majoricus;15;15;Lasioglossum sp.;Halictidae;BE;1;2;obs;Cabrera
12;1240;Rocky coastal 2;Rocky coastal 2;08/06/2023 12:50;08/06/2023 13:00;10;Daucus carota L. subsp. Majoricus;11;11;Anaspis sp.;Scraptiidae;CO;20;5;obs;Cabrera
12;1240;Rocky coastal 2;Rocky coastal 2;08/06/2023 12:50;08/06/2023 13:00;10;Daucus carota L. subsp. Majoricus;11;11;Lasioglossum sp.;Halictidae;BE;1;2;obs;Cabrera
12;1240;Rocky coastal 2;Rocky coastal 2;08/06/2023 12:50;08/06/2023 13:00;10;Daucus carota L. subsp. Majoricus;11;11;Stenopterus sp.;Cerambycidae;CO;1;1;obs;Cabrera
12;1241;Rocky coastal 2;Rocky coastal 2;08/06/2023 13:00;08/06/2023 13:10;10;Daucus carota L. subsp. Majoricus;2;2;Pyrellia vivida;Muscidae;DI;1;1;obs;Cabrera
12;1242;Rocky coastal 2;Rocky coastal 2;08/06/2023 13:10;08/06/2023 13:20;10;Daucus carota L. subsp. Majoricus;13;13;Anaspis sp.;Scraptiidae;CO;3;1;obs;Cabrera
12;1242;Rocky coastal 2;Rocky coastal 2;08/06/2023 13:10;08/06/2023 13:20;10;Daucus carota L. subsp. Majoricus;13;13;Lasioglossum sp.;Halictidae;BE;10;10;obs;Cabrera
12;1243;Rocky coastal 2;Rocky coastal 2;08/06/2023 13:20;08/06/2023 13:30;10;Allium sp.;1;1;Mordellistena sp.;Mordellidae;CO;1;1;obs;Cabrera
12;1244;Rocky coastal 2;Rocky coastal 2;08/06/2023 13:30;08/06/2023 13:40;10;Teucrium capitatum;7;7;;;;0;0;obs;Cabrera
12;1245;Rocky coastal 2;Rocky coastal 2;08/06/2023 13:40;08/06/2023 13:50;10;Allium sp.;1;1;Mordellistena sp.;Mordellidae;CO;5;1;obs;Cabrera
12;1246;Rocky coastal 2;Rocky coastal 2;08/06/2023 13:50;08/06/2023 14:00;10;Allium sp.;1;1;Stomorhina lunata;Rhiniidae;DI;1;1;obs;Cabrera
12;1247;Rocky coastal 2;Dune system 2;08/06/2023 14:00;08/06/2023 14:10;10;Cakile maritima;30;30;Stomorhina lunata;Rhiniidae;DI;1;1;obs;Cabrera
12;1248;Rocky coastal 2;Dune system 2;08/06/2023 14:10;08/06/2023 14:20;10;Cakile maritima;22;22;;;;0;0;obs;Cabrera
12;1249;Rocky coastal 2;Rocky coastal 2;08/06/2023 14:20;08/06/2023 14:30;10;Teucrium capitatum;20;20;Anaspis sp.;Scraptiidae;CO;3;1;obs;Cabrera
12;1250;Rocky coastal 2;Rocky coastal 2;08/06/2023 14:30;08/06/2023 14:40;10;Teucrium capitatum;80;80;;;;0;0;obs;Cabrera
12;1251;Rocky coastal 2;Rocky coastal 2;08/06/2023 14:40;08/06/2023 14:50;10;Teucrium capitatum;35;35;Anaspis sp.;Scraptiidae;CO;3;1;obs;Cabrera
12;1252;Rocky coastal 2;Rocky coastal 2;08/06/2023 14:50;08/06/2023 15:00;10;Teucrium capitatum;47;47;;;;0;0;obs;Cabrera
12;1253;Rocky coastal 2;Rocky coastal 2;08/06/2023 15:00;08/06/2023 15:10;10;Teucrium capitatum;32;32;;;;0;0;obs;Cabrera
12;1254;Rocky coastal 2;Dune system 2;08/06/2023 15:10;08/06/2023 15:20;10;Cakile maritima;15;15;;;;0;0;obs;Cabrera
12;1255;Rocky coastal 2;Dune system 2;08/06/2023 15:20;08/06/2023 15:30;10;Limonium sp.;80;80;;;;0;0;obs;Cabrera
12;1256;Rocky coastal 2;Dune system 2;08/06/2023 15:30;08/06/2023 15:40;10;Limonium sp.;20;20;;;;0;0;obs;Cabrera
12;1257;Rocky coastal 2;Rocky coastal 2;08/06/2023 15:40;08/06/2023 15:50;10;Daucus carota L. subsp. Majoricus;5;5;Anaspis sp.;Scraptiidae;CO;2;1;obs;Cabrera
12;1258;Rocky coastal 2;Rocky coastal 2;08/06/2023 15:50;08/06/2023 16:00;10;Allium sp.;1;1;;;;0;0;obs;Cabrera
13;1259;Dune system 1;Dune system 1;16/06/2023 10:00;16/06/2023 10:10;10;Limonium sp.;102;102;Lasioglossum sp.;Halictidae;BE;1;2;obs;Cabrera
13;1260;Dune system 1;Dune system 1;16/06/2023 10:10;16/06/2023 10:20;10;Limonium sp.;23;23;Lasioglossum sp.;Halictidae;BE;1;2;obs;Cabrera
13;1261;Dune system 1;Dune system 1;16/06/2023 10:20;16/06/2023 10:30;10;Limonium sp.;82;82;Lasioglossum sp.;Halictidae;BE;1;2;obs;Cabrera
13;1261;Dune system 1;Dune system 1;16/06/2023 10:20;16/06/2023 10:30;10;Limonium sp.;82;82;Mordellistena sp.;Mordellidae;CO;3;1;obs;Cabrera
13;1262;Dune system 1;Dune system 1;16/06/2023 10:30;16/06/2023 10:40;10;Sedum sediforme;2;2;Anaspis sp.;Scraptiidae;CO;2;1;obs;Cabrera
13;1263;Dune system 1;Dune system 1;16/06/2023 10:40;16/06/2023 10:50;10;Sedum sediforme;3;3;Mordellistena sp.;Mordellidae;CO;2;1;obs;Cabrera
13;1264;Dune system 1;Dune system 1;16/06/2023 10:50;16/06/2023 11:00;10;Limonium sp.;52;52;Lasioglossum sp.;Halictidae;BE;1;2;obs;Cabrera
13;1265;Dune system 1;Dune system 1;16/06/2023 11:00;16/06/2023 11:10;10;Limonium sp.;19;19;Lasioglossum sp.;Halictidae;BE;2;6;obs;Cabrera
13;1266;Dune system 1;Dune system 1;16/06/2023 11:10;16/06/2023 11:20;10;Limonium sp.;14;14;Lasioglossum sp.;Halictidae;BE;2;4;obs;Cabrera
13;1267;Dune system 1;Dune system 1;16/06/2023 11:20;16/06/2023 11:30;10;Limonium sp.;86;86;;;;0;0;obs;Cabrera
13;1268;Dune system 1;Dune system 1;16/06/2023 11:30;16/06/2023 11:40;10;Limonium sp.;18;18;Lasioglossum sp.;Halictidae;BE;2;4;obs;Cabrera
13;1269;Dune system 1;Dune system 1;16/06/2023 11:40;16/06/2023 11:50;10;Limonium sp.;26;26;Lasioglossum sp.;Halictidae;BE;2;4;obs;Cabrera
13;1270;Dune system 1;Dune system 1;16/06/2023 11:50;16/06/2023 12:00;10;Sedum sediforme;2;2;;;;0;0;obs;Cabrera
13;1271;Dune system 1;Dune system 1;16/06/2023 12:00;16/06/2023 12:10;10;Sedum sediforme;3;3;;;;0;0;obs;Cabrera
13;1272;Dune system 1;Dune system 1;16/06/2023 12:10;16/06/2023 12:20;10;Asteriscus aquaticus;4;4;;;;0;0;obs;Cabrera
13;1273;Dune system 1;Dune system 1;16/06/2023 12:20;16/06/2023 12:30;10;Asteriscus aquaticus;5;5;;;;0;0;obs;Cabrera
13;1274;Dune system 1;Dune system 1;16/06/2023 12:30;16/06/2023 12:40;10;Asteriscus aquaticus;6;6;;;;0;0;obs;Cabrera
13;1275;Dune system 1;Dune system 1;16/06/2023 12:40;16/06/2023 12:50;10;Asteriscus aquaticus;8;8;Lasioglossum sp.;Halictidae;BE;1;1;obs;Cabrera
13;1276;Dune system 1;Dune system 1;16/06/2023 12:50;16/06/2023 13:00;10;Sedum sediforme;3;3;Lasioglossum sp.;Halictidae;BE;1;2;obs;Cabrera
13;1277;Dune system 1;Dune system 1;16/06/2023 13:00;16/06/2023 13:10;10;Sedum sediforme;4;4;Lasioglossum sp.;Halictidae;BE;1;3;obs;Cabrera
13;1278;Dune system 1;Dune system 1;16/06/2023 13:10;16/06/2023 13:20;10;Sedum sediforme;5;5;Lasioglossum sp.;Halictidae;BE;2;4;obs;Cabrera
13;1279;Dune system 1;Dune system 1;16/06/2023 13:20;16/06/2023 13:30;10;Sedum sediforme;8;8;Megachile sp.;Megachilidae;BE;1;2;obs;Cabrera
13;1279;Dune system 1;Dune system 1;16/06/2023 13:20;16/06/2023 13:30;10;Sedum sediforme;8;8;Anaspis sp.;Scraptiidae;CO;2;1;obs;Cabrera
13;1280;Dune system 1;Dune system 1;16/06/2023 13:30;16/06/2023 13:40;10;Asteriscus aquaticus;9;9;;;;0;0;obs;Cabrera
13;1281;Dune system 1;Dune system 1;16/06/2023 13:40;16/06/2023 13:50;10;Asteriscus aquaticus;11;11;;;;0;0;obs;Cabrera
13;1282;Dune system 1;Dune system 1;16/06/2023 13:50;16/06/2023 14:00;10;Sedum sediforme;7;7;Megachile sp.;Megachilidae;BE;1;2;obs;Cabrera
13;1282;Dune system 1;Dune system 1;16/06/2023 13:50;16/06/2023 14:00;10;Sedum sediforme;7;7;Lasioglossum sp.;Halictidae;BE;2;4;obs;Cabrera
13;1283;Rocky coastal 2;Rocky coastal 2;16/06/2023 15:00;16/06/2023 15:10;10;Ruta chalepensis;5;5;Lasioglossum sp.;Halictidae;BE;1;1;obs;Cabrera
13;1284;Rocky coastal 2;Rocky coastal 2;16/06/2023 15:10;16/06/2023 15:20;10;Globularia alypum;5;5;Lasioglossum sp.;Halictidae;BE;1;2;obs;Cabrera
13;1285;Rocky coastal 2;Dune system 2;16/06/2023 15:20;16/06/2023 15:30;10;Cakile maritima;119;97;Lasioglossum sp.;Halictidae;BE;1;3;obs;Cabrera
13;1285;Rocky coastal 2;Dune system 2;16/06/2023 15:20;16/06/2023 15:30;10;Cakile maritima;119;97;Exoprosopa cf. bowdeni;Bombyliidae;DI;1;1;obs;Cabrera
13;1285;Rocky coastal 2;Dune system 2;16/06/2023 15:20;16/06/2023 15:30;10;Cakile maritima;119;97;Anaspis sp.;Scraptiidae;CO;4;1;obs;Cabrera
13;1286;Rocky coastal 2;Dune system 2;16/06/2023 15:30;16/06/2023 15:40;10;Cakile maritima;81;56;Lasioglossum sp.;Halictidae;BE;1;3;obs;Cabrera
13;1286;Rocky coastal 2;Dune system 2;16/06/2023 15:30;16/06/2023 15:40;10;Cakile maritima;81;56;Mordellistena sp.;Mordellidae;CO;1;1;obs;Cabrera
13;1287;Rocky coastal 2;Dune system 2;16/06/2023 15:40;16/06/2023 15:50;10;Cakile maritima;117;82;Anaspis sp.;Scraptiidae;CO;4;1;obs;Cabrera
13;1287;Rocky coastal 2;Dune system 2;16/06/2023 15:40;16/06/2023 15:50;10;Cakile maritima;117;82;Lasioglossum sp.;Halictidae;BE;1;2;obs;Cabrera
13;1287;Rocky coastal 2;Dune system 2;16/06/2023 15:40;16/06/2023 15:50;10;Cakile maritima;117;82;Microdiptera sp1.;?;DI;1;1;obs;Cabrera
13;1288;Rocky coastal 2;Dune system 2;16/06/2023 15:50;16/06/2023 16:00;10;Cakile maritima;121;91;Lasioglossum sp.;Halictidae;BE;1;3;obs;Cabrera
13;1289;Rocky coastal 2;Rocky coastal 2;16/06/2023 16:00;16/06/2023 16:10;10;Ruta chalepensis;7;7;Lasioglossum sp.;Halictidae;BE;1;3;obs;Cabrera
13;1289;Rocky coastal 2;Rocky coastal 2;16/06/2023 16:00;16/06/2023 16:10;10;Ruta chalepensis;7;7;Sphaerophoria sp.;Syrphidae;HO;1;1;obs;Cabrera
13;1290;Rocky coastal 2;Rocky coastal 2;16/06/2023 16:10;16/06/2023 16:20;10;Ruta chalepensis;5;5;Lasioglossum sp.;Halictidae;BE;1;2;obs;Cabrera
13;1291;Rocky coastal 2;Rocky coastal 2;16/06/2023 16:20;16/06/2023 16:30;10;Globularia alypum;3;3;;;;0;0;obs;Cabrera
13;1292;Rocky coastal 2;Rocky coastal 2;16/06/2023 16:30;16/06/2023 16:40;10;Globularia alypum;2;2;;;;0;0;obs;Cabrera
13;1293;Rocky coastal 2;Rocky coastal 2;16/06/2023 16:40;16/06/2023 16:50;10;Ruta chalepensis;3;3;;;;0;0;obs;Cabrera
13;1294;Rocky coastal 2;Rocky coastal 2;16/06/2023 16:50;16/06/2023 17:00;10;Ruta chalepensis;6;6;;;;0;0;obs;Cabrera
13;1295;Rocky coastal 2;Rocky coastal 2;16/06/2023 17:00;16/06/2023 17:10;10;Ruta chalepensis;4;4;Lasioglossum sp.;Halictidae;BE;1;2;obs;Cabrera
13;1296;Dune system 2;Dune system 2;17/06/2023 10:00;17/06/2023 10:10;10;Limonium sp.;220;120;Lasioglossum sp.;Halictidae;BE;1;2;obs;Cabrera
13;1296;Dune system 2;Dune system 2;17/06/2023 10:00;17/06/2023 10:10;10;Limonium sp.;220;120;Sphaerophoria sp.;Syrphidae;HO;1;1;obs;Cabrera
13;1297;Dune system 2;Dune system 2;17/06/2023 10:10;17/06/2023 10:20;10;Limonium sp.;100;60;Lasioglossum sp.;Halictidae;BE;1;2;obs;Cabrera
13;1297;Dune system 2;Dune system 2;17/06/2023 10:10;17/06/2023 10:20;10;Limonium sp.;100;60;Anaspis sp.;Scraptiidae;CO;4;1;obs;Cabrera
13;1298;Dune system 2;Dune system 2;17/06/2023 10:20;17/06/2023 10:30;10;Limonium sp.;700;290;Lasioglossum sp.;Halictidae;BE;1;2;obs;Cabrera
13;1298;Dune system 2;Dune system 2;17/06/2023 10:20;17/06/2023 10:30;10;Limonium sp.;700;290;Sphaerophoria sp.;Syrphidae;HO;1;1;obs;Cabrera
13;1299;Dune system 2;Dune system 2;17/06/2023 10:30;17/06/2023 10:40;10;Limonium sp.;87;87;Lasioglossum sp.;Halictidae;BE;1;2;obs;Cabrera
13;1300;Dune system 2;Dune system 2;17/06/2023 10:40;17/06/2023 10:50;10;Limonium sp.;63;63;;;;0;0;obs;Cabrera
13;1301;Dune system 2;Dune system 2;17/06/2023 10:50;17/06/2023 11:00;10;Limonium sp.;25;25;;;;0;0;obs;Cabrera
13;1302;Dune system 2;Dune system 2;17/06/2023 11:00;17/06/2023 11:10;10;Limonium sp.;1000;200;Lasioglossum sp.;Halictidae;BE;1;2;obs;Cabrera
13;1302;Dune system 2;Dune system 2;17/06/2023 11:00;17/06/2023 11:10;10;Limonium sp.;1000;200;Anaspis sp.;Scraptiidae;CO;20;20;obs;Cabrera
13;1303;Dune system 2;Dune system 2;17/06/2023 11:10;17/06/2023 11:20;10;Limonium sp.;500;120;Ancistrocerus ebusianus;Eumenidae;WA;1;1;obs;Cabrera
13;1303;Dune system 2;Dune system 2;17/06/2023 11:10;17/06/2023 11:20;10;Limonium sp.;500;120;Lasioglossum sp.;Halictidae;BE;3;9;obs;Cabrera
13;1304;Dune system 2;Dune system 2;17/06/2023 11:20;17/06/2023 11:30;10;Limonium sp.;300;90;Lasioglossum sp.;Halictidae;BE;2;6;obs;Cabrera
13;1304;Dune system 2;Dune system 2;17/06/2023 11:20;17/06/2023 11:30;10;Limonium sp.;300;90;Exoprosopa cf. bowdeni;Bombyliidae;DI;1;1;obs;Cabrera
13;1305;Dune system 2;Dune system 2;17/06/2023 11:30;17/06/2023 11:40;10;Cakile maritima;32;32;Lasioglossum sp.;Halictidae;BE;3;6;obs;Cabrera
13;1306;Dune system 2;Dune system 2;17/06/2023 11:40;17/06/2023 11:50;10;Cakile maritima;12;12;Lasioglossum sp.;Halictidae;BE;3;6;obs;Cabrera
13;1307;Dune system 2;Dune system 2;17/06/2023 11:50;17/06/2023 12:00;10;Cakile maritima;7;7;;;;0;0;obs;Cabrera
13;1308;Dune system 2;Dune system 2;17/06/2023 12:00;17/06/2023 12:10;10;Cakile maritima;6;6;Lasioglossum sp.;Halictidae;BE;3;6;obs;Cabrera
13;1309;Dune system 2;Dune system 2;17/06/2023 12:10;17/06/2023 12:20;10;Cakile maritima;8;8;;;;0;0;obs;Cabrera
13;1310;Dune system 2;Dune system 2;17/06/2023 12:20;17/06/2023 12:30;10;Cakile maritima;9;9;;;;0;0;obs;Cabrera
13;1311;Rocky coastal 1;Rocky coastal 1;19/06/2023 10:00;19/06/2023 10:10;10;Daucus carota L. subsp. Majoricus;13;13;Lasioglossum sp.;Halictidae;BE;4;8;obs;Cabrera
13;1312;Rocky coastal 1;Rocky coastal 1;19/06/2023 10:10;19/06/2023 10:20;10;Daucus carota L. subsp. Majoricus;9;9;Lasioglossum sp.;Halictidae;BE;3;3;obs;Cabrera
13;1313;Rocky coastal 1;Rocky coastal 1;19/06/2023 10:20;19/06/2023 10:30;10;Daucus carota L. subsp. Majoricus;2;2;;;;0;0;obs;Cabrera
13;1314;Rocky coastal 1;Dune system 1;19/06/2023 10:30;19/06/2023 10:40;10;Limonium sp.;4;4;;;;0;0;obs;Cabrera
13;1315;Rocky coastal 1;Rocky coastal 1;19/06/2023 10:40;19/06/2023 10:50;10;Daucus carota L. subsp. Majoricus;4;4;Lasioglossum sp.;Halictidae;BE;2;4;obs;Cabrera
13;1316;Rocky coastal 1;Rocky coastal 1;19/06/2023 10:50;19/06/2023 11:00;10;Sedum sediforme;5;5;Lasioglossum sp.;Halictidae;BE;1;1;obs;Cabrera
13;1317;Rocky coastal 1;Rocky coastal 1;19/06/2023 11:00;19/06/2023 11:10;10;Daucus carota L. subsp. Majoricus;6;6;Sarcophaga sp.;Sarcophagidae;DI;1;2;obs;Cabrera
13;1318;Rocky coastal 1;Dune system 1;19/06/2023 11:10;19/06/2023 11:20;10;Limonium sp.;17;17;Lasioglossum sp.;Halictidae;BE;1;1;obs;Cabrera
13;1319;Rocky coastal 1;Rocky coastal 1;19/06/2023 11:20;19/06/2023 11:30;10;Daucus carota L. subsp. Majoricus;2;2;;;;0;0;obs;Cabrera
13;1320;Rocky coastal 1;Rocky coastal 1;19/06/2023 11:30;19/06/2023 11:40;10;Daucus carota L. subsp. Majoricus;10;10;Lasioglossum sp.;Halictidae;BE;6;6;obs;Cabrera
13;1320;Rocky coastal 1;Rocky coastal 1;19/06/2023 11:30;19/06/2023 11:40;10;Daucus carota L. subsp. Majoricus;10;10;Anaspis sp.;Scraptiidae;CO;1;1;obs;Cabrera
13;1320;Rocky coastal 1;Rocky coastal 1;19/06/2023 11:30;19/06/2023 11:40;10;Daucus carota L. subsp. Majoricus;10;10;Mordellistena sp.;Mordellidae;CO;1;1;obs;Cabrera
13;1321;Rocky coastal 1;Rocky coastal 1;19/06/2023 11:40;19/06/2023 11:50;10;Daucus carota L. subsp. Majoricus;2;2;Lasioglossum sp.;Halictidae;BE;1;2;obs;Cabrera
13;1322;Rocky coastal 1;Rocky coastal 1;19/06/2023 11:50;19/06/2023 12:00;10;Daucus carota L. subsp. Majoricus;5;5;Lasioglossum sp.;Halictidae;BE;4;8;obs;Cabrera
13;1323;Rocky coastal 1;Dune system 1;19/06/2023 12:00;19/06/2023 12:10;10;Limonium sp.;108;60;Vanessa cardui;Nymphalidae;LE;1;1;obs;Cabrera
13;1324;Rocky coastal 1;Dune system 1;19/06/2023 12:10;19/06/2023 12:20;10;Limonium sp.;76;66;Lasioglossum sp.;Halictidae;BE;2;2;obs;Cabrera
13;1325;Rocky coastal 1;Rocky coastal 1;19/06/2023 12:20;19/06/2023 12:30;10;Daucus carota L. subsp. Majoricus;3;3;Sarcophaga sp.;Sarcophagidae;DI;1;1;obs;Cabrera
13;1326;Rocky coastal 1;Dune system 1;19/06/2023 12:30;19/06/2023 12:40;10;Limonium sp.;9;9;;;;0;0;obs;Cabrera
13;1327;Rocky coastal 1;Dune system 1;19/06/2023 12:40;19/06/2023 12:50;10;Limonium sp.;13;13;Lasioglossum sp.;Halictidae;BE;2;2;obs;Cabrera
13;1328;Rocky coastal 1;Rocky coastal 1;19/06/2023 12:50;19/06/2023 13:00;10;Daucus carota L. subsp. Majoricus;6;6;;;;0;0;obs;Cabrera
13;1329;Rocky coastal 1;Dune system 1;19/06/2023 13:00;19/06/2023 13:10;10;Limonium sp.;28;28;;;;0;0;obs;Cabrera
13;1330;Rocky coastal 1;Dune system 1;19/06/2023 13:10;19/06/2023 13:20;10;Limonium sp.;114;114;Lasioglossum sp.;Halictidae;BE;4;4;obs;Cabrera
13;1331;Rocky coastal 1;Dune system 1;19/06/2023 13:20;19/06/2023 13:30;10;Limonium sp.;82;82;Lasioglossum sp.;Halictidae;BE;2;2;obs;Cabrera
13;1332;Rocky coastal 1;Rocky coastal 1;19/06/2023 13:30;19/06/2023 13:40;10;Daucus carota L. subsp. Majoricus;5;5;Lasioglossum sp.;Halictidae;BE;2;4;obs;Cabrera
13;1333;Rocky coastal 1;Rocky coastal 1;19/06/2023 13:40;19/06/2023 13:50;10;Sedum sediforme;2;2;Mordellistena sp.;Mordellidae;CO;1;1;obs;Cabrera
13;1334;Rocky coastal 1;Rocky coastal 1;19/06/2023 13:50;19/06/2023 14:00;10;Daucus carota L. subsp. Majoricus;7;7;Lasioglossum sp.;Halictidae;BE;1;1;obs;Cabrera
13;1334;Rocky coastal 1;Rocky coastal 1;19/06/2023 13:50;19/06/2023 14:00;10;Daucus carota L. subsp. Majoricus;7;7;Acanthiophilus helianthi;Tephritidae;DI;1;1;obs;Cabrera
13;1334;Rocky coastal 1;Rocky coastal 1;19/06/2023 13:50;19/06/2023 14:00;10;Daucus carota L. subsp. Majoricus;7;7;Mordellistena sp.;Mordellidae;CO;1;1;obs;Cabrera
13;1334;Rocky coastal 1;Rocky coastal 1;19/06/2023 13:50;19/06/2023 14:00;10;Daucus carota L. subsp. Majoricus;7;7;Acanthiophilus helianthi;Tephritidae;;1;1;obs;Cabrera
13;1335;Rocky coastal 1;Rocky coastal 1;19/06/2023 14:00;19/06/2023 14:10;10;Sedum sediforme;1;1;Lasioglossum sp.;Halictidae;BE;1;1;obs;Cabrera
13;1336;Rocky coastal 1;Rocky coastal 1;19/06/2023 14:10;19/06/2023 14:20;10;Daucus carota L. subsp. Majoricus;7;7;Acanthiophilus helianthi;Tephritidae;DI;1;1;obs;Cabrera
13;1337;Rocky coastal 1;Rocky coastal 1;19/06/2023 14:20;19/06/2023 14:30;10;Sedum sediforme;1;1;;;;0;0;obs;Cabrera
13;1338;Rocky coastal 1;Rocky coastal 1;19/06/2023 14:30;19/06/2023 14:40;10;Daucus carota L. subsp. Majoricus;7;7;Lasioglossum sp.;Halictidae;BE;1;1;obs;Cabrera
13;1338;Rocky coastal 1;Rocky coastal 1;19/06/2023 14:30;19/06/2023 14:40;10;Daucus carota L. subsp. Majoricus;7;7;Mordellistena sp.;Mordellidae;CO;1;1;obs;Cabrera
13;1338;Rocky coastal 1;Rocky coastal 1;19/06/2023 14:30;19/06/2023 14:40;10;Daucus carota L. subsp. Majoricus;7;7;Dasytes nigroaeneus;Dasytidae;CO;1;1;obs;Cabrera
13;1339;Rocky coastal 1;Rocky coastal 1;19/06/2023 14:40;19/06/2023 14:50;10;Daucus carota L. subsp. Majoricus;5;5;Lasioglossum sp.;Halictidae;BE;1;1;obs;Cabrera
13;1339;Rocky coastal 1;Rocky coastal 1;19/06/2023 14:40;19/06/2023 14:50;10;Daucus carota L. subsp. Majoricus;5;5;Crematogaster sp.;Formicidae;OT;1;1;obs;Cabrera
13;1340;Rocky coastal 1;Dune system 1;19/06/2023 14:50;19/06/2023 15:00;10;Limonium sp.;77;77;Lasioglossum sp.;Halictidae;BE;4;4;obs;Cabrera
13;1341;Rocky coastal 1;Rocky coastal 1;19/06/2023 15:00;19/06/2023 15:10;10;Sedum sediforme;4;4;Mordellistena sp.;Mordellidae;CO;1;1;obs;Cabrera
13;1342;Rocky coastal 1;Dune system 1;19/06/2023 15:10;19/06/2023 15:20;10;Limonium sp.;28;28;Lasioglossum sp.;Halictidae;BE;3;3;obs;Cabrera
13;1343;Rocky coastal 1;Dune system 1;19/06/2023 15:20;19/06/2023 15:30;10;Limonium sp.;100;30;Mordellistena sp.;Mordellidae;CO;1;1;obs;Cabrera
13;1343;Rocky coastal 1;Dune system 1;19/06/2023 15:20;19/06/2023 15:30;10;Limonium sp.;100;30;Lasioglossum sp.;Halictidae;BE;6;20;obs;Cabrera
13;1344;Rocky coastal 1;Rocky coastal 1;19/06/2023 15:30;19/06/2023 15:40;10;Sedum sediforme;1;1;;;;0;0;obs;Cabrera
13;1345;Rocky coastal 1;Rocky coastal 1;19/06/2023 15:40;19/06/2023 15:50;10;Sedum sediforme;4;4;Lasioglossum sp.;Halictidae;BE;1;1;obs;Cabrera
13;1346;Rocky coastal 1;Rocky coastal 1;19/06/2023 15:50;19/06/2023 16:00;10;Sedum sediforme;7;7;Lasioglossum sp.;Halictidae;BE;1;1;obs;Cabrera
13;1347;Rocky coastal 1;Rocky coastal 1;19/06/2023 16:00;19/06/2023 16:10;10;Sedum sediforme;2;2;;;;0;0;obs;Cabrera
13;1348;Rocky coastal 1;Rocky coastal 1;19/06/2023 16:10;19/06/2023 16:20;10;Sedum sediforme;9;9;Lasioglossum sp.;Halictidae;BE;1;1;obs;Cabrera
13;1349;Rocky coastal 1;Rocky coastal 1;19/06/2023 16:20;19/06/2023 16:30;10;Sedum sediforme;6;6;Lasioglossum sp.;Halictidae;BE;1;1;obs;Cabrera
13;1350;Rocky coastal 1;Rocky coastal 1;19/06/2023 16:30;19/06/2023 16:40;10;Sedum sediforme;4;4;;;;0;0;obs;Cabrera
13;1351;Rocky coastal 1;Rocky coastal 1;19/06/2023 16:40;19/06/2023 16:50;10;Sedum sediforme;5;5;Lasioglossum sp.;Halictidae;BE;1;1;obs;Cabrera
13;1352;Rocky coastal 1;Rocky coastal 1;19/06/2023 16:50;19/06/2023 17:00;10;Sedum sediforme;3;3;;;;0;0;obs;Cabrera
7;1353;Pine forest 1;Pine forest 1;14/03/2023 10:10;14/03/2023 11:00;50;Asphodelus fistulosus;20;14;Anthophora balearica;Apidae;BE;1;2;rpi;Cabrera
7;1353;Pine forest 1;Pine forest 1;14/03/2023 10:10;14/03/2023 11:00;50;Asphodelus fistulosus;20;14;Anthophora balearica;Apidae;BE;1;2;rpi;Cabrera
7;1353;Pine forest 1;Pine forest 1;14/03/2023 10:10;14/03/2023 11:00;50;Asphodelus fistulosus;20;14;Anthophora balearica;Apidae;BE;1;1;rpi;Cabrera
7;1353;Pine forest 1;Pine forest 1;14/03/2023 10:10;14/03/2023 11:00;50;Asphodelus fistulosus;20;14;Anthophora balearica;Apidae;BE;1;1;rpi;Cabrera
7;1353;Pine forest 1;Pine forest 1;14/03/2023 10:10;14/03/2023 11:00;50;Asphodelus fistulosus;20;14;Anthophora balearica;Apidae;BE;1;1;rpi;Cabrera
7;1353;Pine forest 1;Pine forest 1;14/03/2023 10:10;14/03/2023 11:00;50;Asphodelus fistulosus;20;14;Anthophora balearica;Apidae;BE;1;1;rpi;Cabrera
7;1353;Pine forest 1;Pine forest 1;14/03/2023 10:10;14/03/2023 11:00;50;Asphodelus fistulosus;20;14;Anthophora balearica;Apidae;BE;1;1;rpi;Cabrera
7;1354;Dune system 2;Dune system 2;15/03/2023 10:10;15/03/2023 10:40;30;Cakile maritima;5;5;Anthomyiidae sp.;Anthomyiidae;DI;1;1;rpi;Cabrera
7;1354;Dune system 2;Dune system 2;15/03/2023 10:10;15/03/2023 10:40;30;Cakile maritima;5;5;Anthophora balearica;Apidae;BE;1;1;rpi;Cabrera
7;1354;Dune system 2;Dune system 2;15/03/2023 10:10;15/03/2023 10:40;30;Cakile maritima;5;5;Anthophora balearica;Apidae;BE;1;1;rpi;Cabrera
7;1355;Dune system 2;Dune system 2;15/03/2023 11:10;15/03/2023 11:40;30;Cakile maritima;175;25;Anthomyiidae sp.;Anthomyiidae;DI;1;1;rpi;Cabrera
7;1355;Dune system 2;Dune system 2;15/03/2023 11:10;15/03/2023 11:40;30;Cakile maritima;175;25;Anthomyiidae sp.;Anthomyiidae;DI;1;1;rpi;Cabrera
7;1355;Dune system 2;Dune system 2;15/03/2023 11:10;15/03/2023 11:40;30;Cakile maritima;175;25;Lasioglossum sp.;Halictidae;BE;1;2;rpi;Cabrera
7;1355;Dune system 2;Dune system 2;15/03/2023 11:10;15/03/2023 11:40;30;Cakile maritima;175;25;Anthomyiidae sp.;Anthomyiidae;DI;1;1;rpi;Cabrera
7;1355;Dune system 2;Dune system 2;15/03/2023 11:10;15/03/2023 11:40;30;Cakile maritima;175;25;Anthomyiidae sp.;Anthomyiidae;DI;1;1;rpi;Cabrera
7;1355;Dune system 2;Dune system 2;15/03/2023 11:10;15/03/2023 11:40;30;Cakile maritima;175;25;Anthomyiidae sp.;Anthomyiidae;DI;1;1;rpi;Cabrera
7;1355;Dune system 2;Dune system 2;15/03/2023 11:10;15/03/2023 11:40;30;Cakile maritima;175;25;Anthophora balearica;Apidae;BE;1;1;rpi;Cabrera
7;1356;Dune system 2;Dune system 2;15/03/2023 11:20;15/03/2023 11:50;30;Cakile maritima;175;25;Anthophora balearica;Apidae;BE;1;3;rpi;Cabrera
7;1356;Dune system 2;Dune system 2;15/03/2023 11:20;15/03/2023 11:50;30;Cakile maritima;175;25;Anthophora balearica;Apidae;BE;1;4;rpi;Cabrera
7;1356;Dune system 2;Dune system 2;15/03/2023 11:20;15/03/2023 11:50;30;Cakile maritima;175;25;Anthophora balearica;Apidae;BE;1;2;rpi;Cabrera
7;1356;Dune system 2;Dune system 2;15/03/2023 11:20;15/03/2023 11:50;30;Cakile maritima;175;25;Anthophora balearica;Apidae;BE;1;2;rpi;Cabrera
7;1356;Dune system 2;Dune system 2;15/03/2023 11:20;15/03/2023 11:50;30;Cakile maritima;175;25;Anthophora balearica;Apidae;BE;1;9;rpi;Cabrera
7;1356;Dune system 2;Dune system 2;15/03/2023 11:20;15/03/2023 11:50;30;Cakile maritima;175;25;Anthophora balearica;Apidae;BE;1;4;rpi;Cabrera
7;1356;Dune system 2;Dune system 2;15/03/2023 11:20;15/03/2023 11:50;30;Cakile maritima;175;25;Anthophora balearica;Apidae;BE;1;3;rpi;Cabrera
7;1357;Dune system 2;Dune system 2;15/03/2023 11:20;15/03/2023 11:50;30;Cakile maritima;175;25;Anthomyiidae sp.;Anthomyiidae;DI;1;1;rpi;Cabrera
7;1357;Dune system 2;Dune system 2;15/03/2023 11:20;15/03/2023 11:50;30;Cakile maritima;175;25;Anthophora balearica;Apidae;BE;1;9;rpi;Cabrera
7;1358;Dune system 2;Dune system 2;15/03/2023 11:40;15/03/2023 12:10;30;Cakile maritima;175;25;Anthophora balearica;Apidae;BE;1;3;rpi;Cabrera
7;1358;Dune system 2;Dune system 2;15/03/2023 11:40;15/03/2023 12:10;30;Cakile maritima;175;25;Anthophora balearica;Apidae;BE;1;4;rpi;Cabrera
7;1358;Dune system 2;Dune system 2;15/03/2023 11:40;15/03/2023 12:10;30;Cakile maritima;175;25;Anthophora balearica;Apidae;BE;1;7;rpi;Cabrera
7;1358;Dune system 2;Dune system 2;15/03/2023 11:40;15/03/2023 12:10;30;Cakile maritima;175;25;Anthophora balearica;Apidae;BE;1;2;rpi;Cabrera
7;1358;Dune system 2;Dune system 2;15/03/2023 11:40;15/03/2023 12:10;30;Cakile maritima;175;25;Anthomyiidae sp.;Anthomyiidae;DI;1;1;rpi;Cabrera
7;1358;Dune system 2;Dune system 2;15/03/2023 11:40;15/03/2023 12:10;30;Cakile maritima;175;25;Anthophora balearica;Apidae;BE;1;4;rpi;Cabrera
7;1358;Dune system 2;Dune system 2;15/03/2023 11:40;15/03/2023 12:10;30;Cakile maritima;175;25;Anthophora balearica;Apidae;BE;1;3;rpi;Cabrera
7;1359;Dune system 2;Dune system 2;15/03/2023 12:00;15/03/2023 12:30;30;Cakile maritima;175;25;Anthomyiidae sp.;Anthomyiidae;DI;1;1;rpi;Cabrera
7;1359;Dune system 2;Dune system 2;15/03/2023 12:00;15/03/2023 12:30;30;Cakile maritima;175;25;Anthophora balearica;Apidae;BE;1;3;rpi;Cabrera
7;1360;Pine forest 2;Pine forest 2;15/03/2023 14:00;15/03/2023 14:50;50;Fumana ericoides;2;2;Eupeodes corollae;Syrphidae;HO;1;1;rpi;Cabrera
7;1360;Pine forest 2;Pine forest 2;15/03/2023 14:00;15/03/2023 14:50;50;Fumana ericoides;2;2;Podarcis lilfordi;Lacertidae;VE;1;2;rpi;Cabrera
7;1360;Pine forest 2;Pine forest 2;15/03/2023 14:00;15/03/2023 14:50;50;Fumana ericoides;2;2;Podarcis lilfordi;Lacertidae;VE;1;1;rpi;Cabrera
7;1361;Pine forest 2;Pine forest 2;15/03/2023 16:00;15/03/2023 16:50;50;Globularia alypum;2;2;Lasioglossum sp.;Halictidae;BE;1;1;rpi;Cabrera
7;1361;Pine forest 2;Pine forest 2;15/03/2023 16:00;15/03/2023 16:50;50;Globularia alypum;2;2;Lasioglossum sp.;Halictidae;BE;1;1;rpi;Cabrera
7;1362;Dune system 1;Rocky coastal 1;16/03/2023 10:10;16/03/2023 10:40;30;Euphorbia dendroides;500;41;Anthomyiidae sp.;Anthomyiidae;DI;1;1;rpi;Cabrera
7;1362;Dune system 1;Rocky coastal 1;16/03/2023 10:10;16/03/2023 10:40;30;Euphorbia dendroides;500;41;Podarcis lilfordi;Lacertidae;VE;1;11;rpi;Cabrera
7;1362;Dune system 1;Rocky coastal 1;16/03/2023 10:10;16/03/2023 10:40;30;Euphorbia dendroides;500;41;Podarcis lilfordi;Lacertidae;VE;1;8;rpi;Cabrera
7;1362;Dune system 1;Rocky coastal 1;16/03/2023 10:10;16/03/2023 10:40;30;Euphorbia dendroides;500;41;Sarcophaga sp.;Sarcophagidae;DI;1;9;rpi;Cabrera
7;1362;Dune system 1;Rocky coastal 1;16/03/2023 10:10;16/03/2023 10:40;30;Euphorbia dendroides;500;41;Anthomyiidae sp.;Anthomyiidae;DI;1;1;rpi;Cabrera
7;1362;Dune system 1;Rocky coastal 1;16/03/2023 10:10;16/03/2023 10:40;30;Euphorbia dendroides;500;41;Podarcis lilfordi;Lacertidae;VE;1;14;rpi;Cabrera
7;1362;Dune system 1;Rocky coastal 1;16/03/2023 10:10;16/03/2023 10:40;30;Euphorbia dendroides;500;41;Calliphoridae sp.;Calliphoridae;DI;1;1;rpi;Cabrera
7;1362;Dune system 1;Rocky coastal 1;16/03/2023 10:10;16/03/2023 10:40;30;Euphorbia dendroides;500;41;Podarcis lilfordi;Lacertidae;VE;1;5;rpi;Cabrera
7;1363;Dune system 1;Rocky coastal 1;16/03/2023 11:00;16/03/2023 11:30;30;Euphorbia dendroides;500;32;Podarcis lilfordi;Lacertidae;VE;1;13;rpi;Cabrera
7;1363;Dune system 1;Rocky coastal 1;16/03/2023 11:00;16/03/2023 11:30;30;Euphorbia dendroides;500;32;Podarcis lilfordi;Lacertidae;VE;1;3;rpi;Cabrera
7;1363;Dune system 1;Rocky coastal 1;16/03/2023 11:00;16/03/2023 11:30;30;Euphorbia dendroides;500;32;Podarcis lilfordi;Lacertidae;VE;1;11;rpi;Cabrera
7;1364;Dune system 1;Rocky coastal 1;16/03/2023 11:10;16/03/2023 11:40;30;Euphorbia dendroides;500;32;Podarcis lilfordi;Lacertidae;VE;1;4;rpi;Cabrera
7;1364;Dune system 1;Rocky coastal 1;16/03/2023 11:10;16/03/2023 11:40;30;Euphorbia dendroides;500;32;Podarcis lilfordi;Lacertidae;VE;1;2;rpi;Cabrera
7;1364;Dune system 1;Rocky coastal 1;16/03/2023 11:10;16/03/2023 11:40;30;Euphorbia dendroides;500;32;Podarcis lilfordi;Lacertidae;VE;1;4;rpi;Cabrera
7;1365;Dune system 1;Dune system 1;16/03/2023 11:20;16/03/2023 12:10;50;Rosmarinus officinalis;104;62;Macroglossum stellatarum;Sphingidae;LE;1;1;rpi;Cabrera
7;1365;Dune system 1;Dune system 1;16/03/2023 11:20;16/03/2023 12:10;50;Rosmarinus officinalis;104;62;Anthophora balearica;Apidae;BE;1;1;rpi;Cabrera
7;1365;Dune system 1;Dune system 1;16/03/2023 11:20;16/03/2023 12:10;50;Rosmarinus officinalis;104;62;Anthophora balearica;Apidae;BE;1;3;rpi;Cabrera
7;1366;Dune system 1;Dune system 1;16/03/2023 11:20;16/03/2023 12:10;50;Rosmarinus officinalis;104;62;Anthophora balearica;Apidae;BE;1;1;rpi;Cabrera
7;1366;Dune system 1;Dune system 1;16/03/2023 11:20;16/03/2023 12:10;50;Rosmarinus officinalis;104;62;Anthophora balearica;Apidae;BE;1;1;rpi;Cabrera
7;1366;Dune system 1;Dune system 1;16/03/2023 11:20;16/03/2023 12:10;50;Rosmarinus officinalis;104;62;Anthophora balearica;Apidae;BE;1;1;rpi;Cabrera
7;1366;Dune system 1;Dune system 1;16/03/2023 11:20;16/03/2023 12:10;50;Rosmarinus officinalis;104;62;Podarcis lilfordi;Lacertidae;VE;1;7;rpi;Cabrera
7;1366;Dune system 1;Dune system 1;16/03/2023 11:20;16/03/2023 12:10;50;Rosmarinus officinalis;104;62;Podarcis lilfordi;Lacertidae;VE;1;8;rpi;Cabrera
7;1366;Dune system 1;Dune system 1;16/03/2023 11:20;16/03/2023 12:10;50;Rosmarinus officinalis;104;62;Podarcis lilfordi;Lacertidae;VE;1;6;rpi;Cabrera
7;1366;Dune system 1;Dune system 1;16/03/2023 11:20;16/03/2023 12:10;50;Rosmarinus officinalis;104;62;Podarcis lilfordi;Lacertidae;VE;1;4;rpi;Cabrera
7;1367;Dune system 1;Dune system 1;16/03/2023 11:20;16/03/2023 12:10;50;Rosmarinus officinalis;104;62;Anthophora balearica;Apidae;BE;1;1;rpi;Cabrera
7;1367;Dune system 1;Dune system 1;16/03/2023 11:20;16/03/2023 12:10;50;Rosmarinus officinalis;104;62;Anthophora balearica;Apidae;BE;1;4;rpi;Cabrera
7;1367;Dune system 1;Dune system 1;16/03/2023 11:20;16/03/2023 12:10;50;Rosmarinus officinalis;104;62;Podarcis lilfordi;Lacertidae;VE;1;2;rpi;Cabrera
7;1368;Dune system 1;Dune system 1;16/03/2023 11:20;16/03/2023 12:10;50;Rosmarinus officinalis;104;62;Anthophora balearica;Apidae;BE;1;1;rpi;Cabrera
7;1368;Dune system 1;Dune system 1;16/03/2023 11:20;16/03/2023 12:10;50;Rosmarinus officinalis;104;62;Podarcis lilfordi;Lacertidae;VE;1;6;rpi;Cabrera
7;1368;Dune system 1;Dune system 1;16/03/2023 11:20;16/03/2023 12:10;50;Rosmarinus officinalis;104;62;Podarcis lilfordi;Lacertidae;VE;1;3;rpi;Cabrera
7;1368;Dune system 1;Dune system 1;16/03/2023 11:20;16/03/2023 12:10;50;Rosmarinus officinalis;104;62;Podarcis lilfordi;Lacertidae;VE;1;3;rpi;Cabrera
7;1368;Dune system 1;Dune system 1;16/03/2023 11:20;16/03/2023 12:10;50;Rosmarinus officinalis;104;62;Anthophora balearica;Apidae;BE;1;1;rpi;Cabrera
7;1369;Dune system 1;Dune system 1;16/03/2023 11:20;16/03/2023 12:10;50;Rosmarinus officinalis;104;62;Podarcis lilfordi;Lacertidae;VE;1;3;rpi;Cabrera
7;1369;Dune system 1;Dune system 1;16/03/2023 11:20;16/03/2023 12:10;50;Rosmarinus officinalis;104;62;Anthophora balearica;Apidae;BE;1;1;rpi;Cabrera
7;1369;Dune system 1;Dune system 1;16/03/2023 11:20;16/03/2023 12:10;50;Rosmarinus officinalis;104;62;Anthophora balearica;Apidae;BE;1;1;rpi;Cabrera
7;1369;Dune system 1;Dune system 1;16/03/2023 11:20;16/03/2023 12:10;50;Rosmarinus officinalis;104;62;Anthophora balearica;Apidae;BE;1;5;rpi;Cabrera
7;1369;Dune system 1;Dune system 1;16/03/2023 11:20;16/03/2023 12:10;50;Rosmarinus officinalis;104;62;Podarcis lilfordi;Lacertidae;VE;1;2;rpi;Cabrera
7;1369;Dune system 1;Dune system 1;16/03/2023 11:20;16/03/2023 12:10;50;Rosmarinus officinalis;104;62;Podarcis lilfordi;Lacertidae;VE;1;4;rpi;Cabrera
7;1370;Dune system 1;Dune system 1;16/03/2023 11:20;16/03/2023 12:10;50;Rosmarinus officinalis;104;62;Podarcis lilfordi;Lacertidae;VE;1;3;rpi;Cabrera
7;1370;Dune system 1;Dune system 1;16/03/2023 11:20;16/03/2023 12:10;50;Rosmarinus officinalis;104;62;Podarcis lilfordi;Lacertidae;VE;1;5;rpi;Cabrera
7;1370;Dune system 1;Dune system 1;16/03/2023 11:20;16/03/2023 12:10;50;Rosmarinus officinalis;104;62;Podarcis lilfordi;Lacertidae;VE;1;3;rpi;Cabrera
7;1370;Dune system 1;Dune system 1;16/03/2023 11:20;16/03/2023 12:10;50;Rosmarinus officinalis;104;62;Podarcis lilfordi;Lacertidae;VE;1;4;rpi;Cabrera
7;1370;Dune system 1;Dune system 1;16/03/2023 11:20;16/03/2023 12:10;50;Rosmarinus officinalis;104;62;Podarcis lilfordi;Lacertidae;VE;1;6;rpi;Cabrera
7;1370;Dune system 1;Dune system 1;16/03/2023 11:20;16/03/2023 12:10;50;Rosmarinus officinalis;104;62;Podarcis lilfordi;Lacertidae;VE;1;11;rpi;Cabrera
7;1370;Dune system 1;Dune system 1;16/03/2023 11:20;16/03/2023 12:10;50;Rosmarinus officinalis;104;62;Podarcis lilfordi;Lacertidae;VE;1;4;rpi;Cabrera
7;1370;Dune system 1;Dune system 1;16/03/2023 11:20;16/03/2023 12:10;50;Rosmarinus officinalis;104;62;Podarcis lilfordi;Lacertidae;VE;1;9;rpi;Cabrera
7;1370;Dune system 1;Dune system 1;16/03/2023 11:20;16/03/2023 12:10;50;Rosmarinus officinalis;104;62;Podarcis lilfordi;Lacertidae;VE;1;6;rpi;Cabrera
7;1370;Dune system 1;Dune system 1;16/03/2023 11:20;16/03/2023 12:10;50;Rosmarinus officinalis;104;62;Podarcis lilfordi;Lacertidae;VE;1;3;rpi;Cabrera
7;1371;Dune system 1;Dune system 1;16/03/2023 11:20;16/03/2023 12:10;50;Rosmarinus officinalis;104;62;Anthophora balearica;Apidae;BE;1;1;rpi;Cabrera
7;1371;Dune system 1;Dune system 1;16/03/2023 11:20;16/03/2023 12:10;50;Rosmarinus officinalis;104;62;Podarcis lilfordi;Lacertidae;VE;1;4;rpi;Cabrera
7;1371;Dune system 1;Dune system 1;16/03/2023 11:20;16/03/2023 12:10;50;Rosmarinus officinalis;104;62;Podarcis lilfordi;Lacertidae;VE;1;6;rpi;Cabrera
7;1371;Dune system 1;Dune system 1;16/03/2023 11:20;16/03/2023 12:10;50;Rosmarinus officinalis;104;62;Podarcis lilfordi;Lacertidae;VE;1;4;rpi;Cabrera
7;1371;Dune system 1;Dune system 1;16/03/2023 11:20;16/03/2023 12:10;50;Rosmarinus officinalis;104;62;Podarcis lilfordi;Lacertidae;VE;1;5;rpi;Cabrera
7;1371;Dune system 1;Dune system 1;16/03/2023 11:20;16/03/2023 12:10;50;Rosmarinus officinalis;104;62;Podarcis lilfordi;Lacertidae;VE;1;3;rpi;Cabrera
7;1371;Dune system 1;Dune system 1;16/03/2023 11:20;16/03/2023 12:10;50;Rosmarinus officinalis;104;62;Podarcis lilfordi;Lacertidae;VE;1;2;rpi;Cabrera
7;1371;Dune system 1;Dune system 1;16/03/2023 11:20;16/03/2023 12:10;50;Rosmarinus officinalis;104;62;Anthophora balearica;Apidae;BE;1;1;rpi;Cabrera
7;1371;Dune system 1;Dune system 1;16/03/2023 11:20;16/03/2023 12:10;50;Rosmarinus officinalis;104;62;Anthophora balearica;Apidae;BE;1;1;rpi;Cabrera
7;1372;Dune system 1;Dune system 1;16/03/2023 11:20;16/03/2023 12:10;50;Rosmarinus officinalis;104;62;Anthophora balearica;Apidae;BE;2;2;rpi;Cabrera
7;1372;Dune system 1;Dune system 1;16/03/2023 11:20;16/03/2023 12:10;50;Rosmarinus officinalis;104;62;Anthophora balearica;Apidae;BE;1;4;rpi;Cabrera
7;1372;Dune system 1;Dune system 1;16/03/2023 11:20;16/03/2023 12:10;50;Rosmarinus officinalis;104;62;Anthophora balearica;Apidae;BE;1;3;rpi;Cabrera
7;1372;Dune system 1;Dune system 1;16/03/2023 11:20;16/03/2023 12:10;50;Rosmarinus officinalis;104;62;Anthophora balearica;Apidae;BE;2;6;rpi;Cabrera
7;1372;Dune system 1;Dune system 1;16/03/2023 11:20;16/03/2023 12:10;50;Rosmarinus officinalis;104;62;Anthophora balearica;Apidae;BE;2;7;rpi;Cabrera
7;1372;Dune system 1;Dune system 1;16/03/2023 11:20;16/03/2023 12:10;50;Rosmarinus officinalis;104;62;Podarcis lilfordi;Lacertidae;VE;1;1;rpi;Cabrera
7;1372;Dune system 1;Dune system 1;16/03/2023 11:20;16/03/2023 12:10;50;Rosmarinus officinalis;104;62;Podarcis lilfordi;Lacertidae;VE;1;2;rpi;Cabrera
7;1372;Dune system 1;Dune system 1;16/03/2023 11:20;16/03/2023 12:10;50;Rosmarinus officinalis;104;62;Podarcis lilfordi;Lacertidae;VE;2;6;rpi;Cabrera
7;1372;Dune system 1;Dune system 1;16/03/2023 11:20;16/03/2023 12:10;50;Rosmarinus officinalis;104;62;Anthophora balearica;Apidae;BE;1;6;rpi;Cabrera
7;1372;Dune system 1;Dune system 1;16/03/2023 11:20;16/03/2023 12:10;50;Rosmarinus officinalis;104;62;Podarcis lilfordi;Lacertidae;VE;1;7;rpi;Cabrera
7;1372;Dune system 1;Dune system 1;16/03/2023 11:20;16/03/2023 12:10;50;Rosmarinus officinalis;104;62;Anthophora balearica;Apidae;BE;1;1;rpi;Cabrera
7;1372;Dune system 1;Dune system 1;16/03/2023 11:20;16/03/2023 12:10;50;Rosmarinus officinalis;104;62;Anthophora balearica;Apidae;BE;1;1;rpi;Cabrera
7;1372;Dune system 1;Dune system 1;16/03/2023 11:20;16/03/2023 12:10;50;Rosmarinus officinalis;104;62;Podarcis lilfordi;Lacertidae;VE;1;4;rpi;Cabrera
7;1372;Dune system 1;Dune system 1;16/03/2023 11:20;16/03/2023 12:10;50;Rosmarinus officinalis;104;62;Anthophora balearica;Apidae;BE;1;1;rpi;Cabrera
7;1372;Dune system 1;Dune system 1;16/03/2023 11:20;16/03/2023 12:10;50;Rosmarinus officinalis;104;62;Lasioglossum sp.;Halictidae;BE;1;2;rpi;Cabrera
7;1373;Dune system 1;Dune system 1;16/03/2023 11:20;16/03/2023 12:10;50;Rosmarinus officinalis;104;62;Podarcis lilfordi;Lacertidae;VE;1;1;rpi;Cabrera
7;1373;Dune system 1;Dune system 1;16/03/2023 11:20;16/03/2023 12:10;50;Rosmarinus officinalis;104;62;Anthophora balearica;Apidae;BE;1;5;rpi;Cabrera
7;1373;Dune system 1;Dune system 1;16/03/2023 11:20;16/03/2023 12:10;50;Rosmarinus officinalis;104;62;Podarcis lilfordi;Lacertidae;VE;3;9;rpi;Cabrera
7;1373;Dune system 1;Dune system 1;16/03/2023 11:20;16/03/2023 12:10;50;Rosmarinus officinalis;104;62;Podarcis lilfordi;Lacertidae;VE;2;4;rpi;Cabrera
7;1373;Dune system 1;Dune system 1;16/03/2023 11:20;16/03/2023 12:10;50;Rosmarinus officinalis;104;62;Podarcis lilfordi;Lacertidae;VE;1;2;rpi;Cabrera
7;1373;Dune system 1;Dune system 1;16/03/2023 11:20;16/03/2023 12:10;50;Rosmarinus officinalis;104;62;Podarcis lilfordi;Lacertidae;VE;1;3;rpi;Cabrera
7;1373;Dune system 1;Dune system 1;16/03/2023 11:20;16/03/2023 12:10;50;Rosmarinus officinalis;104;62;Podarcis lilfordi;Lacertidae;VE;2;4;rpi;Cabrera
7;1373;Dune system 1;Dune system 1;16/03/2023 11:20;16/03/2023 12:10;50;Rosmarinus officinalis;104;62;Podarcis lilfordi;Lacertidae;VE;3;9;rpi;Cabrera
7;1374;Dune system 1;Dune system 1;16/03/2023 11:20;16/03/2023 12:10;50;Rosmarinus officinalis;104;62;Podarcis lilfordi;Lacertidae;VE;4;12;rpi;Cabrera
7;1374;Dune system 1;Dune system 1;16/03/2023 11:20;16/03/2023 12:10;50;Rosmarinus officinalis;104;62;Podarcis lilfordi;Lacertidae;VE;1;6;rpi;Cabrera
7;1374;Dune system 1;Dune system 1;16/03/2023 11:20;16/03/2023 12:10;50;Rosmarinus officinalis;104;62;Podarcis lilfordi;Lacertidae;VE;3;7;rpi;Cabrera
7;1374;Dune system 1;Dune system 1;16/03/2023 11:20;16/03/2023 12:10;50;Rosmarinus officinalis;104;62;Podarcis lilfordi;Lacertidae;VE;1;8;rpi;Cabrera
7;1374;Dune system 1;Dune system 1;16/03/2023 11:20;16/03/2023 12:10;50;Rosmarinus officinalis;104;62;Podarcis lilfordi;Lacertidae;VE;2;5;rpi;Cabrera
7;1374;Dune system 1;Dune system 1;16/03/2023 11:20;16/03/2023 12:10;50;Rosmarinus officinalis;104;62;Podarcis lilfordi;Lacertidae;VE;2;4;rpi;Cabrera
7;1375;Rocky coastal 1;Rocky coastal 1;16/03/2023 15:00;16/03/2023 15:50;50;Astragalus balearicus;125;70;Anthophora balearica;Apidae;BE;1;1;rpi;Cabrera
7;1375;Rocky coastal 1;Rocky coastal 1;16/03/2023 15:00;16/03/2023 15:50;50;Astragalus balearicus;125;70;Podarcis lilfordi;Lacertidae;VE;1;1;rpi;Cabrera
7;1375;Rocky coastal 1;Rocky coastal 1;16/03/2023 15:00;16/03/2023 15:50;50;Astragalus balearicus;125;70;Podarcis lilfordi;Lacertidae;VE;1;1;rpi;Cabrera
7;1375;Rocky coastal 1;Rocky coastal 1;16/03/2023 15:00;16/03/2023 15:50;50;Astragalus balearicus;125;70;Anthophora balearica;Apidae;BE;1;1;rpi;Cabrera
7;1376;Rocky coastal 1;Rocky coastal 1;16/03/2023 15:30;16/03/2023 16:20;50;Astragalus balearicus;65;45;Podarcis lilfordi;Lacertidae;VE;1;1;rpi;Cabrera
7;1376;Rocky coastal 1;Rocky coastal 1;16/03/2023 15:30;16/03/2023 16:20;50;Astragalus balearicus;65;45;Anthophora balearica;Apidae;BE;1;1;rpi;Cabrera
7;1376;Rocky coastal 1;Rocky coastal 1;16/03/2023 15:30;16/03/2023 16:20;50;Astragalus balearicus;65;45;Anthophora balearica;Apidae;BE;1;1;rpi;Cabrera
7;1376;Rocky coastal 1;Rocky coastal 1;16/03/2023 15:30;16/03/2023 16:20;50;Astragalus balearicus;65;45;Tapinoma sp;Formicidae;OT;1;1;rpi;Cabrera
7;1376;Rocky coastal 1;Rocky coastal 1;16/03/2023 15:30;16/03/2023 16:20;50;Astragalus balearicus;65;45;Anthophora balearica;Apidae;BE;1;5;rpi;Cabrera
7;1377;Rocky coastal 1;Rocky coastal 1;16/03/2023 16:00;16/03/2023 16:50;50;Astragalus balearicus;165;45;Podarcis lilfordi;Lacertidae;VE;1;3;rpi;Cabrera
7;1377;Rocky coastal 1;Rocky coastal 1;16/03/2023 16:00;16/03/2023 16:50;50;Astragalus balearicus;165;45;Podarcis lilfordi;Lacertidae;VE;1;2;rpi;Cabrera
7;1377;Rocky coastal 1;Rocky coastal 1;16/03/2023 16:00;16/03/2023 16:50;50;Astragalus balearicus;165;45;Anthophora balearica;Apidae;BE;1;3;rpi;Cabrera
7;1377;Rocky coastal 1;Rocky coastal 1;16/03/2023 16:00;16/03/2023 16:50;50;Astragalus balearicus;165;45;Dasytes nigroaeneus;Dasytidae;CO;1;1;rpi;Cabrera
7;1378;Rocky coastal 2;Pine forest 2;16/03/2023 17:00;16/03/2023 17:50;50;Cistus monspeliensis;18;9;Anaspis sp.;Scraptiidae;CO;1;1;rpi;Cabrera
7;1378;Rocky coastal 2;Pine forest 2;16/03/2023 17:00;16/03/2023 17:50;50;Cistus monspeliensis;18;9;Ancistrocerus ebusianus;Eumenidae;WA;1;1;rpi;Cabrera
7;1378;Rocky coastal 2;Pine forest 2;16/03/2023 17:00;16/03/2023 17:50;50;Cistus monspeliensis;18;9;Podarcis lilfordi;Lacertidae;VE;1;1;rpi;Cabrera
7;1378;Rocky coastal 2;Pine forest 2;16/03/2023 17:00;16/03/2023 17:50;50;Cistus monspeliensis;18;9;Podarcis lilfordi;Lacertidae;VE;1;3;rpi;Cabrera
7;1379;Rocky coastal 2;Pine forest 2;16/03/2023 17:00;16/03/2023 17:50;50;Cistus monspeliensis;18;9;Eristalis similis;Syrphidae;HO;1;1;rpi;Cabrera
7;1379;Rocky coastal 2;Pine forest 2;16/03/2023 17:00;16/03/2023 17:50;50;Cistus monspeliensis;18;9;Podarcis lilfordi;Lacertidae;VE;1;2;rpi;Cabrera
7;1379;Rocky coastal 2;Pine forest 2;16/03/2023 17:00;16/03/2023 17:50;50;Cistus monspeliensis;18;9;Eristalis similis;Syrphidae;HO;1;5;rpi;Cabrera
7;1379;Rocky coastal 2;Pine forest 2;16/03/2023 17:00;16/03/2023 17:50;50;Cistus monspeliensis;18;9;Podarcis lilfordi;Lacertidae;VE;1;2;rpi;Cabrera
7;1380;Pine forest 2;Pine forest 2;15/03/2023 15:00;15/03/2023 15:50;50;Fumana ericoides;6;6;Lasioglossum sp.;Halictidae;BE;1;1;rpi;Cabrera
7;1380;Pine forest 2;Pine forest 2;15/03/2023 15:00;15/03/2023 15:50;50;Fumana ericoides;6;6;Podarcis lilfordi;Lacertidae;VE;1;1;rpi;Cabrera
7;1380;Pine forest 2;Pine forest 2;15/03/2023 15:00;15/03/2023 15:50;50;Fumana ericoides;6;6;Podarcis lilfordi;Lacertidae;VE;1;2;rpi;Cabrera
7;1380;Pine forest 2;Pine forest 2;15/03/2023 15:00;15/03/2023 15:50;50;Fumana ericoides;6;6;Podarcis lilfordi;Lacertidae;VE;1;1;rpi;Cabrera
7;1381;Pine forest 2;Pine forest 2;15/03/2023 15:00;15/03/2023 15:50;50;Fumana ericoides;6;6;Podarcis lilfordi;Lacertidae;VE;1;1;rpi;Cabrera
7;1381;Pine forest 2;Pine forest 2;15/03/2023 15:00;15/03/2023 15:50;50;Fumana ericoides;6;6;Podarcis lilfordi;Lacertidae;VE;1;1;rpi;Cabrera
7;1382;Pine forest 2;Pine forest 2;15/03/2023 14:00;15/03/2023 14:50;50;Fumana ericoides;4;4;Podarcis lilfordi;Lacertidae;VE;1;1;rpi;Cabrera
7;1382;Pine forest 2;Pine forest 2;15/03/2023 14:00;15/03/2023 14:50;50;Fumana ericoides;4;4;Lasioglossum sp.;Halictidae;BE;1;2;rpi;Cabrera
7;1382;Pine forest 2;Pine forest 2;15/03/2023 14:00;15/03/2023 14:50;50;Fumana ericoides;4;4;Anthomyiidae sp.;Anthomyiidae;DI;1;1;rpi;Cabrera
7;1383;Pine forest 2;Pine forest 2;15/03/2023 14:00;15/03/2023 14:50;50;Globularia alypum;1;1;Lasioglossum sp.;Halictidae;BE;6;1;rpi;Cabrera
7;1384;Dune system 1;Rocky coastal 1;16/03/2023 11:00;16/03/2023 11:50;50;Euphorbia dendroides;1000;90;Podarcis lilfordi;Lacertidae;VE;1;1;rpi;Cabrera
7;1384;Dune system 1;Rocky coastal 1;16/03/2023 11:00;16/03/2023 11:50;50;Euphorbia dendroides;1000;90;Mordellistena sp.;Mordellidae;CO;1;1;rpi;Cabrera
7;1384;Dune system 1;Rocky coastal 1;16/03/2023 11:00;16/03/2023 11:50;50;Euphorbia dendroides;1000;90;Podarcis lilfordi;Lacertidae;VE;1;13;rpi;Cabrera
8;1385;Rocky coastal 2;Pine forest 2;07/04/2023 10:00;07/04/2023 10:50;50;Cistus monspeliensis;55;11;Dasytes nigroaeneus;Dasytidae;CO;1;1;rpi;Cabrera
8;1385;Rocky coastal 2;Pine forest 2;07/04/2023 10:00;07/04/2023 10:50;50;Cistus monspeliensis;55;11;Dasytes nigroaeneus;Dasytidae;CO;1;1;rpi;Cabrera
8;1385;Rocky coastal 2;Pine forest 2;07/04/2023 10:00;07/04/2023 10:50;50;Cistus monspeliensis;55;11;Podarcis lilfordi;Lacertidae;VE;1;2;rpi;Cabrera
8;1385;Rocky coastal 2;Pine forest 2;07/04/2023 10:00;07/04/2023 10:50;50;Cistus monspeliensis;55;11;Dasytes nigroaeneus;Dasytidae;CO;1;1;rpi;Cabrera
8;1385;Rocky coastal 2;Pine forest 2;07/04/2023 10:00;07/04/2023 10:50;50;Cistus monspeliensis;55;11;Podarcis lilfordi;Lacertidae;VE;1;2;rpi;Cabrera
8;1386;Rocky coastal 2;Rocky coastal 2;07/04/2023 10:10;07/04/2023 11:00;50;Euphorbia dendroides;500;62;Mordellistena sp.;Mordellidae;CO;1;1;rpi;Cabrera
8;1386;Rocky coastal 2;Rocky coastal 2;07/04/2023 10:10;07/04/2023 11:00;50;Euphorbia dendroides;500;62;Sarcophaga sp.;Sarcophagidae;DI;1;1;rpi;Cabrera
8;1386;Rocky coastal 2;Rocky coastal 2;07/04/2023 10:10;07/04/2023 11:00;50;Euphorbia dendroides;500;62;Musca domestica;Muscidae;DI;1;1;rpi;Cabrera
8;1386;Rocky coastal 2;Rocky coastal 2;07/04/2023 10:10;07/04/2023 11:00;50;Euphorbia dendroides;500;62;Podarcis lilfordi;Lacertidae;VE;1;2;rpi;Cabrera
8;1386;Rocky coastal 2;Rocky coastal 2;07/04/2023 10:10;07/04/2023 11:00;50;Euphorbia dendroides;500;62;Podarcis lilfordi;Lacertidae;VE;1;8;rpi;Cabrera
8;1386;Rocky coastal 2;Rocky coastal 2;07/04/2023 10:10;07/04/2023 11:00;50;Euphorbia dendroides;500;62;Podarcis lilfordi;Lacertidae;VE;1;1;rpi;Cabrera
8;1386;Rocky coastal 2;Rocky coastal 2;07/04/2023 10:10;07/04/2023 11:00;50;Euphorbia dendroides;500;62;Podarcis lilfordi;Lacertidae;VE;1;4;rpi;Cabrera
8;1386;Rocky coastal 2;Rocky coastal 2;07/04/2023 10:10;07/04/2023 11:00;50;Euphorbia dendroides;500;62;Podarcis lilfordi;Lacertidae;VE;1;2;rpi;Cabrera
8;1387;Pine forest 2;Pine forest 2;08/04/2023 13:00;08/04/2023 13:50;50;Cistus monspeliensis;23;4;Anthomyiidae sp.;Anthomyiidae;DI;1;1;rpi;Cabrera
8;1387;Pine forest 2;Pine forest 2;08/04/2023 13:00;08/04/2023 13:50;50;Cistus monspeliensis;23;4;Lasioglossum sp.;Halictidae;BE;1;2;rpi;Cabrera
8;1388;Pine forest 2;Pine forest 2;08/04/2023 13:10;08/04/2023 14:00;50;Fumana ericoides;2;2;Dasytes nigroaeneus;Dasytidae;CO;1;1;rpi;Cabrera
8;1388;Pine forest 2;Pine forest 2;08/04/2023 13:10;08/04/2023 14:00;50;Fumana ericoides;2;2;Lasioglossum sp.;Halictidae;BE;1;1;rpi;Cabrera
8;1389;Pine forest 1;Pine forest 1;09/04/2023 12:00;09/04/2023 12:50;50;Anacamptis pyramidalis;2;2;Podarcis lilfordi;Lacertidae;VE;1;1;rpi;Cabrera
8;1390;Pine forest 1;Pine forest 1;09/04/2023 12:20;09/04/2023 13:10;50;Asphodelus fistulosus;4;4;Anthophora balearica;Apidae;BE;1;1;rpi;Cabrera
8;1391;Pine forest 1;Pine forest 1;09/04/2023 14:00;09/04/2023 14:50;50;Astragalus balearicus;31;19;Meligethes sp.;Nitidulidae;CO;1;1;rpi;Cabrera
8;1391;Pine forest 1;Pine forest 1;09/04/2023 14:00;09/04/2023 14:50;50;Astragalus balearicus;31;19;Phthiria sp.;Bombyliidae;DI;1;1;rpi;Cabrera
8;1392;Pine forest 1;Pine forest 1;09/04/2023 13:50;09/04/2023 14:40;50;Cistus monspeliensis;49;31;Meligethes sp.;Nitidulidae;CO;1;1;rpi;Cabrera
8;1392;Pine forest 1;Pine forest 1;09/04/2023 13:50;09/04/2023 14:40;50;Cistus monspeliensis;49;31;Eristalis similis;Syrphidae;HO;1;1;rpi;Cabrera
8;1392;Pine forest 1;Pine forest 1;09/04/2023 13:50;09/04/2023 14:40;50;Cistus monspeliensis;49;31;Lasioglossum sp.;Halictidae;BE;1;1;rpi;Cabrera
8;1392;Pine forest 1;Pine forest 1;09/04/2023 13:50;09/04/2023 14:40;50;Cistus monspeliensis;49;31;Podarcis lilfordi;Lacertidae;VE;1;4;rpi;Cabrera
8;1392;Pine forest 1;Pine forest 1;09/04/2023 13:50;09/04/2023 14:40;50;Cistus monspeliensis;49;31;Podarcis lilfordi;Lacertidae;VE;1;3;rpi;Cabrera
8;1393;Pine forest 1;Pine forest 1;09/04/2023 12:00;09/04/2023 12:50;50;Euphorbia serrata;12;9;Meligethes sp.;Nitidulidae;CO;1;1;rpi;Cabrera
8;1394;Pine forest 1;Pine forest 1;09/04/2023 12:30;09/04/2023 13:20;50;Euphorbia serrata;24;20;Podarcis lilfordi;Lacertidae;VE;1;4;rpi;Cabrera
8;1394;Pine forest 1;Pine forest 1;09/04/2023 12:30;09/04/2023 13:20;50;Euphorbia serrata;24;20;Podarcis lilfordi;Lacertidae;VE;1;6;rpi;Cabrera
8;1394;Pine forest 1;Pine forest 1;09/04/2023 12:30;09/04/2023 13:20;50;Euphorbia serrata;24;20;Podarcis lilfordi;Lacertidae;VE;1;5;rpi;Cabrera
8;1394;Pine forest 1;Pine forest 1;09/04/2023 12:30;09/04/2023 13:20;50;Euphorbia serrata;24;20;Podarcis lilfordi;Lacertidae;VE;1;3;rpi;Cabrera
8;1394;Pine forest 1;Pine forest 1;09/04/2023 12:30;09/04/2023 13:20;50;Euphorbia serrata;24;20;Podarcis lilfordi;Lacertidae;VE;1;4;rpi;Cabrera
8;1395;Pine forest 1;Pine forest 1;09/04/2023 11:00;09/04/2023 11:50;50;Cistus monspeliensis;19;6;Eristalis similis;Syrphidae;HO;1;1;rpi;Cabrera
8;1396;Pine forest 1;Pine forest 1;09/04/2023 11:00;09/04/2023 11:50;50;Cistus monspeliensis;19;6;Eristalis similis;Syrphidae;HO;1;1;rpi;Cabrera
8;1396;Pine forest 1;Pine forest 1;09/04/2023 11:00;09/04/2023 11:50;50;Cistus monspeliensis;19;6;Lasioglossum sp.;Halictidae;BE;1;1;rpi;Cabrera
8;1397;Pine forest 1;Pine forest 1;09/04/2023 11:00;09/04/2023 11:50;50;Cistus monspeliensis;19;6;Lasioglossum sp.;Halictidae;BE;1;1;rpi;Cabrera
8;1397;Pine forest 1;Pine forest 1;09/04/2023 11:00;09/04/2023 11:50;50;Cistus monspeliensis;19;6;Lasioglossum sp.;Halictidae;BE;1;1;rpi;Cabrera
8;1398;Pine forest 1;Pine forest 1;09/04/2023 11:00;09/04/2023 11:50;50;Cistus monspeliensis;19;6;Lasioglossum sp.;Halictidae;BE;1;1;rpi;Cabrera
8;1398;Pine forest 1;Pine forest 1;09/04/2023 11:00;09/04/2023 11:50;50;Cistus monspeliensis;19;6;Lasioglossum sp.;Halictidae;BE;1;1;rpi;Cabrera
8;1399;Pine forest 1;Pine forest 1;09/04/2023 12:00;09/04/2023 12:50;50;Euphorbia serrata;15;13;Podarcis lilfordi;Lacertidae;VE;1;3;rpi;Cabrera
8;1399;Pine forest 1;Pine forest 1;09/04/2023 12:00;09/04/2023 12:50;50;Euphorbia serrata;15;13;Podarcis lilfordi;Lacertidae;VE;2;2;rpi;Cabrera
8;1400;Pine forest 1;Pine forest 1;09/04/2023 12:00;09/04/2023 12:50;50;Euphorbia serrata;15;13;Podarcis lilfordi;Lacertidae;VE;1;6;rpi;Cabrera
8;1400;Pine forest 1;Pine forest 1;09/04/2023 12:00;09/04/2023 12:50;50;Euphorbia serrata;15;13;Podarcis lilfordi;Lacertidae;VE;1;3;rpi;Cabrera
8;1400;Pine forest 1;Pine forest 1;09/04/2023 12:00;09/04/2023 12:50;50;Euphorbia serrata;15;13;Podarcis lilfordi;Lacertidae;VE;1;1;rpi;Cabrera
8;1401;Pine forest 1;Pine forest 1;09/04/2023 12:00;09/04/2023 12:50;50;Euphorbia serrata;15;13;Podarcis lilfordi;Lacertidae;VE;1;1;rpi;Cabrera
;;;nan;;;;;;;;;;;;;
8;1403;Rocky coastal 1;Rocky coastal 1;10/04/2023 15:00;10/04/2023 15:50;50;Astragalus balearicus;120;76;Anthophora balearica;Apidae;BE;1;2;rpi;Cabrera
8;1403;Rocky coastal 1;Rocky coastal 1;10/04/2023 15:00;10/04/2023 15:50;50;Astragalus balearicus;120;76;Anthophora balearica;Apidae;BE;1;2;rpi;Cabrera
8;1403;Rocky coastal 1;Rocky coastal 1;10/04/2023 15:00;10/04/2023 15:50;50;Astragalus balearicus;120;76;Anthophora balearica;Apidae;BE;1;1;rpi;Cabrera
8;1404;Rocky coastal 1;Rocky coastal 1;10/04/2023 14:00;10/04/2023 14:50;50;Astragalus balearicus;200;100;Lasioglossum sp.;Halictidae;BE;2;2;rpi;Cabrera
8;1404;Rocky coastal 1;Rocky coastal 1;10/04/2023 14:00;10/04/2023 14:50;50;Astragalus balearicus;200;100;Tapinoma sp;Formicidae;OT;1;5;rpi;Cabrera
8;1405;Rocky coastal 1;Rocky coastal 1;10/04/2023 14:10;10/04/2023 15:00;50;Astragalus balearicus;40;25;Anthophora balearica;Apidae;BE;1;1;rpi;Cabrera
8;1405;Rocky coastal 1;Rocky coastal 1;10/04/2023 14:10;10/04/2023 15:00;50;Astragalus balearicus;40;25;Anthophora balearica;Apidae;BE;1;1;rpi;Cabrera
8;1405;Rocky coastal 1;Rocky coastal 1;10/04/2023 14:10;10/04/2023 15:00;50;Astragalus balearicus;40;25;Anthophora balearica;Apidae;BE;1;1;rpi;Cabrera
8;1405;Rocky coastal 1;Rocky coastal 1;10/04/2023 14:10;10/04/2023 15:00;50;Astragalus balearicus;40;25;Anthophora balearica;Apidae;BE;1;1;rpi;Cabrera
8;1405;Rocky coastal 1;Rocky coastal 1;10/04/2023 14:10;10/04/2023 15:00;50;Astragalus balearicus;40;25;Anthophora balearica;Apidae;BE;1;1;rpi;Cabrera
8;1406;Rocky coastal 1;Rocky coastal 1;10/04/2023 13:00;10/04/2023 13:50;50;Daucus carota L. subsp. Majoricus;2;2;Tapinoma sp;Formicidae;OT;5;2;rpi;Cabrera
8;1406;Rocky coastal 1;Rocky coastal 1;10/04/2023 13:00;10/04/2023 13:50;50;Daucus carota L. subsp. Majoricus;2;2;Lasioglossum sp.;Halictidae;BE;2;1;rpi;Cabrera
8;1406;Rocky coastal 1;Rocky coastal 1;10/04/2023 13:00;10/04/2023 13:50;50;Daucus carota L. subsp. Majoricus;2;2;Sarcophaga sp.;Sarcophagidae;DI;4;2;rpi;Cabrera
8;1406;Rocky coastal 1;Rocky coastal 1;10/04/2023 13:00;10/04/2023 13:50;50;Daucus carota L. subsp. Majoricus;2;2;Phthiria sp.;Bombyliidae;DI;1;1;rpi;Cabrera
8;1406;Rocky coastal 1;Rocky coastal 1;10/04/2023 13:00;10/04/2023 13:50;50;Daucus carota L. subsp. Majoricus;2;2;Podarcis lilfordi;Lacertidae;VE;1;1;rpi;Cabrera
8;1407;Rocky coastal 1;Rocky coastal 1;10/04/2023 12:00;10/04/2023 12:50;50;Astragalus balearicus;1000;1000;Podarcis lilfordi;Lacertidae;VE;1;5;rpi;Cabrera
8;1407;Rocky coastal 1;Rocky coastal 1;10/04/2023 12:00;10/04/2023 12:50;50;Astragalus balearicus;1000;1000;Sarcophaga sp.;Sarcophagidae;DI;1;2;rpi;Cabrera
8;1407;Rocky coastal 1;Rocky coastal 1;10/04/2023 12:00;10/04/2023 12:50;50;Astragalus balearicus;1000;1000;Podarcis lilfordi;Lacertidae;VE;1;14;rpi;Cabrera
8;1408;Rocky coastal 1;Rocky coastal 1;10/04/2023 12:00;10/04/2023 12:50;50;Astragalus balearicus;1000;1000;Podarcis lilfordi;Lacertidae;VE;5;;rpi;Cabrera
9;1409;Pine forest 1;Pine forest 1;18/04/2023 12:00;18/04/2023 12:50;50;Cistus monspeliensis;15;9;Meligethes sp.;Nitidulidae;CO;2;2;rpi;Cabrera
9;1409;Pine forest 1;Pine forest 1;18/04/2023 12:00;18/04/2023 12:50;50;Cistus monspeliensis;15;9;Phthiria sp.;Bombyliidae;DI;1;1;rpi;Cabrera
9;1409;Pine forest 1;Pine forest 1;18/04/2023 12:00;18/04/2023 12:50;50;Cistus monspeliensis;15;9;Lasioglossum sp.;Halictidae;BE;2;2;rpi;Cabrera
9;1410;Pine forest 1;Pine forest 1;18/04/2023 12:20;18/04/2023 13:10;50;Cistus monspeliensis;45;17;Eristalis similis;Syrphidae;HO;1;1;rpi;Cabrera
9;1410;Pine forest 1;Pine forest 1;18/04/2023 12:20;18/04/2023 13:10;50;Cistus monspeliensis;45;17;Phthiria sp.;Bombyliidae;DI;1;1;rpi;Cabrera
9;1410;Pine forest 1;Pine forest 1;18/04/2023 12:20;18/04/2023 13:10;50;Cistus monspeliensis;45;17;Anaspis sp.;Scraptiidae;CO;1;1;rpi;Cabrera
9;1411;Rocky coastal 1;Rocky coastal 1;19/04/2023 12:30;19/04/2023 13:10;40;Allium sp.;1;1;Mordellistena sp.;Mordellidae;CO;1;1;rpi;Cabrera
9;1412;Pine forest 1;Pine forest 1;18/04/2023 11:00;18/04/2023 11:50;50;Euphorbia serrata;21;17;Podarcis lilfordi;Lacertidae;VE;1;3;rpi;Cabrera
9;1412;Pine forest 1;Pine forest 1;18/04/2023 11:00;18/04/2023 11:50;50;Euphorbia serrata;21;17;Podarcis lilfordi;Lacertidae;VE;1;3;rpi;Cabrera
9;1412;Pine forest 1;Pine forest 1;18/04/2023 11:00;18/04/2023 11:50;50;Euphorbia serrata;21;17;Phthiria sp.;Bombyliidae;DI;1;1;rpi;Cabrera
9;1412;Pine forest 1;Pine forest 1;18/04/2023 11:00;18/04/2023 11:50;50;Euphorbia serrata;21;17;Podarcis lilfordi;Lacertidae;VE;1;2;rpi;Cabrera
9;1413;Pine forest 1;Pine forest 1;18/04/2023 11:00;18/04/2023 11:50;50;Euphorbia serrata;21;17;Lasioglossum sp.;Halictidae;BE;1;1;rpi;Cabrera
9;1413;Pine forest 1;Pine forest 1;18/04/2023 11:00;18/04/2023 11:50;50;Euphorbia serrata;21;17;Lasioglossum sp.;Halictidae;BE;1;1;rpi;Cabrera
9;1413;Pine forest 1;Pine forest 1;18/04/2023 11:00;18/04/2023 11:50;50;Euphorbia serrata;21;17;Podarcis lilfordi;Lacertidae;VE;1;3;rpi;Cabrera
9;1413;Pine forest 1;Pine forest 1;18/04/2023 11:00;18/04/2023 11:50;50;Euphorbia serrata;21;17;Lasioglossum sp.;Halictidae;BE;1;3;rpi;Cabrera
9;1414;Dune system 1;Dune system 1;20/04/2023 10:00;20/04/2023 10:50;50;Cakile maritima;36;26;Eupeodes corollae;Syrphidae;HO;1;1;rpi;Cabrera
9;1415;Dune system 1;Dune system 1;20/04/2023 10:10;20/04/2023 11:00;50;Cakile maritima;25;21;Meligethes sp.;Nitidulidae;CO;1;1;rpi;Cabrera
9;1416;Rocky coastal 1;Rocky coastal 1;20/04/2023 16:00;20/04/2023 16:50;50;Allium sp.;5;3;Lasioglossum sp.;Halictidae;BE;1;1;rpi;Cabrera
9;1416;Rocky coastal 1;Rocky coastal 1;20/04/2023 16:00;20/04/2023 16:50;50;Allium sp.;5;3;Meligethes sp.;Nitidulidae;CO;1;1;rpi;Cabrera
9;1417;Pine forest 2;Pine forest 2;19/04/2023 12:00;19/04/2023 12:50;50;Cistus monspeliensis;11;6;Eristalis similis;Syrphidae;HO;1;2;rpi;Cabrera
9;1417;Pine forest 2;Pine forest 2;19/04/2023 12:00;19/04/2023 12:50;50;Cistus monspeliensis;11;6;Meligethes sp.;Nitidulidae;CO;2;2;rpi;Cabrera
9;1417;Pine forest 2;Pine forest 2;19/04/2023 12:00;19/04/2023 12:50;50;Cistus monspeliensis;11;6;Podarcis lilfordi;Lacertidae;VE;1;1;rpi;Cabrera
9;1417;Pine forest 2;Pine forest 2;19/04/2023 12:00;19/04/2023 12:50;50;Cistus monspeliensis;11;6;Lasioglossum sp.;Halictidae;BE;1;1;rpi;Cabrera
9;1418;Rocky coastal 1;Rocky coastal 1;20/04/2023 15:00;20/04/2023 15:50;50;Astragalus balearicus;1000;500;Podarcis lilfordi;Lacertidae;VE;2;4;rpi;Cabrera
9;1418;Rocky coastal 1;Rocky coastal 1;20/04/2023 15:00;20/04/2023 15:50;50;Astragalus balearicus;1000;500;Meliscaeva auricollis;Syrphidae;HO;1;3;rpi;Cabrera
9;1418;Rocky coastal 1;Rocky coastal 1;20/04/2023 15:00;20/04/2023 15:50;50;Astragalus balearicus;1000;500;Lasioglossum sp.;Halictidae;BE;1;1;rpi;Cabrera
9;1418;Rocky coastal 1;Rocky coastal 1;20/04/2023 15:00;20/04/2023 15:50;50;Astragalus balearicus;1000;500;Podarcis lilfordi;Lacertidae;VE;1;3;rpi;Cabrera
9;1419;Pine forest 2;Pine forest 2;19/04/2023 12:20;19/04/2023 13:10;50;Cistus monspeliensis;18;10;Lasioglossum sp.;Halictidae;BE;3;3;rpi;Cabrera
9;1419;Pine forest 2;Pine forest 2;19/04/2023 12:20;19/04/2023 13:10;50;Cistus monspeliensis;18;10;Podarcis lilfordi;Lacertidae;VE;1;2;rpi;Cabrera
9;1419;Pine forest 2;Pine forest 2;19/04/2023 12:20;19/04/2023 13:10;50;Cistus monspeliensis;18;10;Mordellistena sp.;Mordellidae;CO;1;1;rpi;Cabrera
10;1420;Rocky coastal 2;Pine forest 2;09/05/2023 10:00;09/05/2023 10:50;50;Cistus monspeliensis;28;18;Mordellistena sp.;Mordellidae;CO;5;5;rpi;Cabrera
10;1420;Rocky coastal 2;Pine forest 2;09/05/2023 10:00;09/05/2023 10:50;50;Cistus monspeliensis;28;18;Meligethes sp.;Nitidulidae;CO;3;3;rpi;Cabrera
10;1420;Rocky coastal 2;Pine forest 2;09/05/2023 10:00;09/05/2023 10:50;50;Cistus monspeliensis;28;18;Lasioglossum sp.;Halictidae;BE;2;2;rpi;Cabrera
10;1420;Rocky coastal 2;Pine forest 2;09/05/2023 10:00;09/05/2023 10:50;50;Cistus monspeliensis;28;18;Anaspis sp.;Scraptiidae;CO;6;6;rpi;Cabrera
10;1420;Rocky coastal 2;Pine forest 2;09/05/2023 10:00;09/05/2023 10:50;50;Cistus monspeliensis;28;18;Lasioglossum sp.;Halictidae;BE;3;4;rpi;Cabrera
10;1421;Rocky coastal 2;Pine forest 2;09/05/2023 10:20;09/05/2023 11:10;50;Cistus monspeliensis;4;2;Eupeodes corollae;Syrphidae;HO;1;1;rpi;Cabrera
10;1421;Rocky coastal 2;Pine forest 2;09/05/2023 10:20;09/05/2023 11:10;50;Cistus monspeliensis;4;2;Meligethes sp.;Nitidulidae;CO;2;2;rpi;Cabrera
10;1421;Rocky coastal 2;Pine forest 2;09/05/2023 10:20;09/05/2023 11:10;50;Cistus monspeliensis;4;2;Tapinoma sp;Formicidae;OT;3;1;rpi;Cabrera
10;1421;Rocky coastal 2;Pine forest 2;09/05/2023 10:20;09/05/2023 11:10;50;Cistus monspeliensis;4;2;Anthomyiidae sp.;Anthomyiidae;DI;1;1;rpi;Cabrera
10;1421;Rocky coastal 2;Pine forest 2;09/05/2023 10:20;09/05/2023 11:10;50;Cistus monspeliensis;4;2;Musca domestica;Muscidae;DI;1;1;rpi;Cabrera
10;1422;Dune system 2;Dune system 2;10/05/2023 13:00;10/05/2023 13:40;40;Asteriscus aquaticus;24;24;Tapinoma sp;Formicidae;OT;3;1;rpi;Cabrera
10;1422;Dune system 2;Dune system 2;10/05/2023 13:00;10/05/2023 13:40;40;Asteriscus aquaticus;24;24;Phthiria sp.;Bombyliidae;DI;1;2;rpi;Cabrera
10;1423;Pine forest 2;Rocky coastal 2;10/05/2023 13:00;10/05/2023 13:50;50;Helichrysum stoechas;50;43;Phthiria sp.;Bombyliidae;DI;1;1;rpi;Cabrera
10;1423;Pine forest 2;Rocky coastal 2;10/05/2023 13:00;10/05/2023 13:50;50;Helichrysum stoechas;50;43;Meligethes sp.;Nitidulidae;CO;1;1;rpi;Cabrera
10;1423;Pine forest 2;Rocky coastal 2;10/05/2023 13:00;10/05/2023 13:50;50;Helichrysum stoechas;50;43;Dasytes nigroaeneus;Dasytidae;CO;1;1;rpi;Cabrera
10;1423;Pine forest 2;Rocky coastal 2;10/05/2023 13:00;10/05/2023 13:50;50;Helichrysum stoechas;50;43;Eupeodes corollae;Syrphidae;HO;1;1;rpi;Cabrera
10;1423;Pine forest 2;Rocky coastal 2;10/05/2023 13:00;10/05/2023 13:50;50;Helichrysum stoechas;50;43;Anthomyiidae sp.;Anthomyiidae;DI;3;3;rpi;Cabrera
10;1423;Pine forest 2;Rocky coastal 2;10/05/2023 13:00;10/05/2023 13:50;50;Helichrysum stoechas;50;43;Tapinoma sp;Formicidae;OT;1;1;rpi;Cabrera
10;1424;Pine forest 2;Rocky coastal 2;10/05/2023 14:40;10/05/2023 15:30;50;Helichrysum stoechas;45;34;Anthomyiidae sp.;Anthomyiidae;DI;3;3;rpi;Cabrera
10;1424;Pine forest 2;Rocky coastal 2;10/05/2023 14:40;10/05/2023 15:30;50;Helichrysum stoechas;45;34;Lasioglossum sp.;Halictidae;BE;8;12;rpi;Cabrera
10;1424;Pine forest 2;Rocky coastal 2;10/05/2023 14:40;10/05/2023 15:30;50;Helichrysum stoechas;45;34;Podarcis lilfordi;Lacertidae;VE;1;1;rpi;Cabrera
10;1424;Pine forest 2;Rocky coastal 2;10/05/2023 14:40;10/05/2023 15:30;50;Helichrysum stoechas;45;34;Dasytes nigroaeneus;Dasytidae;CO;1;1;rpi;Cabrera
10;1424;Pine forest 2;Rocky coastal 2;10/05/2023 14:40;10/05/2023 15:30;50;Helichrysum stoechas;45;34;Eristalis similis;Syrphidae;HO;1;1;rpi;Cabrera
10;1425;Pine forest 2;Rocky coastal 2;10/05/2023 15:00;10/05/2023 15:40;40;Teucrium capitatum;7;7;Anthomyiidae sp.;Anthomyiidae;DI;1;1;rpi;Cabrera
10;1425;Pine forest 2;Rocky coastal 2;10/05/2023 15:00;10/05/2023 15:40;40;Teucrium capitatum;7;7;Phthiria cf pulicularia;Bombyliidae;DI;2;2;rpi;Cabrera
10;1425;Pine forest 2;Rocky coastal 2;10/05/2023 15:00;10/05/2023 15:40;40;Teucrium capitatum;7;7;Lasioglossum sp.;Halictidae;BE;1;1;rpi;Cabrera
10;1425;Pine forest 2;Rocky coastal 2;10/05/2023 15:00;10/05/2023 15:40;40;Teucrium capitatum;7;7;Exoprosopa cf. bowdeni;Bombyliidae;DI;2;2;rpi;Cabrera
10;1425;Pine forest 2;Rocky coastal 2;10/05/2023 15:00;10/05/2023 15:40;40;Teucrium capitatum;7;7;Eupeodes corollae;Syrphidae;HO;3;6;rpi;Cabrera
10;1426;Pine forest 2;Rocky coastal 2;10/05/2023 15:00;10/05/2023 15:40;40;Teucrium capitatum;45;34;Sphaerophoria sp.;Syrphidae;HO;1;2;rpi;Cabrera
10;1426;Pine forest 2;Rocky coastal 2;10/05/2023 15:00;10/05/2023 15:40;40;Teucrium capitatum;45;34;Dasytes nigroaeneus;Dasytidae;CO;1;1;rpi;Cabrera
10;1426;Pine forest 2;Rocky coastal 2;10/05/2023 15:00;10/05/2023 15:40;40;Teucrium capitatum;45;34;Meligethes sp.;Nitidulidae;CO;1;1;rpi;Cabrera
10;1426;Pine forest 2;Rocky coastal 2;10/05/2023 15:00;10/05/2023 15:40;40;Teucrium capitatum;45;34;Exoprosopa cf. bowdeni;Bombyliidae;DI;1;1;rpi;Cabrera
10;1426;Pine forest 2;Rocky coastal 2;10/05/2023 15:00;10/05/2023 15:40;40;Teucrium capitatum;45;34;Musca domestica;Muscidae;DI;1;1;rpi;Cabrera
10;1427;Dune system 2;Dune system 2;10/05/2023 14:10;10/05/2023 15:00;50;Cakile maritima;15;13;Lasioglossum sp.;Halictidae;BE;3;9;rpi;Cabrera
10;1428;Rocky coastal 1;Rocky coastal 1;11/05/2023 10:00;11/05/2023 10:50;50;Daucus carota L. subsp. Majoricus;2;2;Lasioglossum sp.;Halictidae;BE;3;2;rpi;Cabrera
10;1428;Rocky coastal 1;Rocky coastal 1;11/05/2023 10:00;11/05/2023 10:50;50;Daucus carota L. subsp. Majoricus;2;2;Anthomyiidae sp.;Anthomyiidae;DI;2;2;rpi;Cabrera
10;1429;Rocky coastal 1;Rocky coastal 1;11/05/2023 11:00;11/05/2023 11:50;50;Lonicera implexa;110;60;Macroglossum stellatarum;Sphingidae;LE;1;1;rpi;Cabrera
10;1429;Rocky coastal 1;Rocky coastal 1;11/05/2023 11:00;11/05/2023 11:50;50;Lonicera implexa;110;60;Lasioglossum sp.;Halictidae;BE;3;9;rpi;Cabrera
10;1430;Dune system 1;Dune system 1;11/05/2023 11:20;11/05/2023 12:10;50;Teucrium capitatum;65;32;Lasioglossum sp.;Halictidae;BE;4;12;rpi;Cabrera
10;1431;Pine forest 2;Rocky coastal 2;10/05/2023 14:00;10/05/2023 14:50;50;Helichrysum stoechas;33;33;Anaspis sp.;Scraptiidae;CO;1;1;rpi;Cabrera
10;1431;Pine forest 2;Rocky coastal 2;10/05/2023 14:00;10/05/2023 14:50;50;Helichrysum stoechas;33;33;Phthiria sp.;Bombyliidae;DI;1;3;rpi;Cabrera
10;1431;Pine forest 2;Rocky coastal 2;10/05/2023 14:00;10/05/2023 14:50;50;Helichrysum stoechas;33;33;Eupeodes corollae;Syrphidae;HO;1;2;rpi;Cabrera
10;1431;Pine forest 2;Rocky coastal 2;10/05/2023 14:00;10/05/2023 14:50;50;Helichrysum stoechas;33;33;Podarcis lilfordi;Lacertidae;VE;1;3;rpi;Cabrera
10;1431;Pine forest 2;Rocky coastal 2;10/05/2023 14:00;10/05/2023 14:50;50;Helichrysum stoechas;33;33;Anthomyiidae sp.;Anthomyiidae;DI;1;1;rpi;Cabrera
10;1432;Dune system 2;Dune system 2;10/05/2023 15:00;10/05/2023 15:50;50;Asteriscus aquaticus;24;20;Musca domestica;Muscidae;DI;1;1;rpi;Cabrera
10;1432;Dune system 2;Dune system 2;10/05/2023 15:00;10/05/2023 15:50;50;Asteriscus aquaticus;24;20;Eristalis similis;Syrphidae;HO;1;1;rpi;Cabrera
10;1433;Rocky coastal 1;Rocky coastal 1;11/05/2023 10:00;11/05/2023 10:50;50;Helichrysum stoechas;100;60;Lasioglossum sp.;Halictidae;BE;2;4;rpi;Cabrera
10;1433;Rocky coastal 1;Rocky coastal 1;11/05/2023 10:00;11/05/2023 10:50;50;Helichrysum stoechas;100;60;Meliscaeva auricollis;Syrphidae;HO;1;1;rpi;Cabrera
11;1434;Dune system 1;Dune system 1;25/05/2023 10:00;25/05/2023 10:50;50;Daucus carota L. subsp. Majoricus;1;1;Sphaerophoria sp.;Syrphidae;HO;4;1;rpi;Cabrera
11;1434;Dune system 1;Dune system 1;25/05/2023 10:00;25/05/2023 10:50;50;Daucus carota L. subsp. Majoricus;1;1;Sarcophaga sp.;Sarcophagidae;DI;5;1;rpi;Cabrera
11;1434;Dune system 1;Dune system 1;25/05/2023 10:00;25/05/2023 10:50;50;Daucus carota L. subsp. Majoricus;1;1;Pyrellia vivida;Muscidae;DI;4;1;rpi;Cabrera
11;1434;Dune system 1;Dune system 1;25/05/2023 10:00;25/05/2023 10:50;50;Daucus carota L. subsp. Majoricus;1;1;Lasioglossum sp.;Halictidae;BE;8;1;rpi;Cabrera
11;1435;Dune system 1;Dune system 1;25/05/2023 11:00;25/05/2023 11:50;50;Cakile maritima;20;12;Sphaerophoria sp.;Syrphidae;HO;1;2;rpi;Cabrera
11;1435;Dune system 1;Dune system 1;25/05/2023 11:00;25/05/2023 11:50;50;Cakile maritima;20;12;Lasioglossum sp.;Halictidae;BE;3;4;rpi;Cabrera
11;1435;Dune system 1;Dune system 1;25/05/2023 11:00;25/05/2023 11:50;50;Cakile maritima;20;12;Phthiria sp.;Bombyliidae;DI;1;2;rpi;Cabrera
11;1435;Dune system 1;Dune system 1;25/05/2023 11:00;25/05/2023 11:50;50;Cakile maritima;20;12;Anthomyiidae sp.;Anthomyiidae;DI;2;4;rpi;Cabrera
11;1436;Dune system 1;Dune system 1;25/05/2023 11:00;25/05/2023 11:50;50;Cakile maritima;20;12;Lasioglossum sp.;Halictidae;BE;2;4;rpi;Cabrera
11;1436;Dune system 1;Dune system 1;25/05/2023 11:00;25/05/2023 11:50;50;Cakile maritima;20;12;Eristalis similis;Syrphidae;HO;1;1;rpi;Cabrera
11;1436;Dune system 1;Dune system 1;25/05/2023 11:00;25/05/2023 11:50;50;Cakile maritima;20;12;Sarcophaga sp.;Sarcophagidae;DI;1;1;rpi;Cabrera
11;1436;Dune system 1;Dune system 1;25/05/2023 11:00;25/05/2023 11:50;50;Cakile maritima;20;12;Musca domestica;Muscidae;DI;1;1;rpi;Cabrera
11;1437;Dune system 1;Pine forest 1;25/05/2023 11:40;25/05/2023 12:50;70;Allium ampeloprasum;1;1;Mordellistena sp.;Mordellidae;CO;2;1;rpi;Cabrera
11;1437;Dune system 1;Pine forest 1;25/05/2023 11:40;25/05/2023 12:50;70;Allium ampeloprasum;1;1;Eupeodes corollae;Syrphidae;HO;1;1;rpi;Cabrera
11;1438;Dune system 1;Pine forest 1;25/05/2023 11:40;25/05/2023 12:50;70;Allium ampeloprasum;1;1;Eristalis similis;Syrphidae;HO;1;1;rpi;Cabrera
11;1438;Dune system 1;Pine forest 1;25/05/2023 11:40;25/05/2023 12:50;70;Allium ampeloprasum;1;1;Musca domestica;Muscidae;DI;1;1;rpi;Cabrera
11;1439;Pine forest 2;Rocky coastal 2;25/05/2023 15:00;25/05/2023 15:50;50;Teucrium capitatum;7;7;Eupeodes corollae;Syrphidae;HO;1;2;rpi;Cabrera
11;1439;Pine forest 2;Rocky coastal 2;25/05/2023 15:00;25/05/2023 15:50;50;Teucrium capitatum;7;7;Phthiria sp.;Bombyliidae;DI;1;2;rpi;Cabrera
11;1439;Pine forest 2;Rocky coastal 2;25/05/2023 15:00;25/05/2023 15:50;50;Teucrium capitatum;7;7;Meligethes sp.;?;CO;2;2;rpi;Cabrera
11;1440;Dune system 1;Dune system 1;25/05/2023 14:00;25/05/2023 14:50;50;Cakile maritima;31;27;Phthiria cf pulicularia;Bombyliidae;DI;2;4;rpi;Cabrera
11;1440;Dune system 1;Dune system 1;25/05/2023 14:00;25/05/2023 14:50;50;Cakile maritima;31;27;Anthomyiidae sp.;Anthomyiidae;DI;3;6;rpi;Cabrera
11;1440;Dune system 1;Dune system 1;25/05/2023 14:00;25/05/2023 14:50;50;Cakile maritima;31;27;Lasioglossum sp.;Halictidae;BE;3;6;rpi;Cabrera
11;1441;Dune system 1;Dune system 1;25/05/2023 14:00;25/05/2023 14:50;50;Cakile maritima;31;27;Musca domestica;Muscidae;DI;1;1;rpi;Cabrera
11;1441;Dune system 1;Dune system 1;25/05/2023 14:00;25/05/2023 14:50;50;Cakile maritima;31;27;Eupeodes corollae;Syrphidae;HO;1;1;rpi;Cabrera
11;1441;Dune system 1;Dune system 1;25/05/2023 14:00;25/05/2023 14:50;50;Cakile maritima;31;27;Ancistrocerus ebusianus;Eumenidae;WA;1;2;rpi;Cabrera
11;1441;Dune system 1;Dune system 1;25/05/2023 14:00;25/05/2023 14:50;50;Cakile maritima;31;27;Anthomyiidae sp.;Anthomyiidae;DI;2;4;rpi;Cabrera
11;1441;Dune system 1;Dune system 1;25/05/2023 14:00;25/05/2023 14:50;50;Cakile maritima;31;27;Lasioglossum sp.;Halictidae;BE;2;4;rpi;Cabrera
11;1442;Rocky coastal 2;Rocky coastal 2;25/05/2023 10:00;25/05/2023 10:50;50;Helichrysum stoechas;15;15;Podarcis lilfordi;Lacertidae;VE;2;7;rpi;Cabrera
11;1442;Rocky coastal 2;Rocky coastal 2;25/05/2023 10:00;25/05/2023 10:50;50;Helichrysum stoechas;15;15;Exoprosopa cf. bowdeni;Bombyliidae;DI;1;1;rpi;Cabrera
11;1442;Rocky coastal 2;Rocky coastal 2;25/05/2023 10:00;25/05/2023 10:50;50;Helichrysum stoechas;15;15;Meligethes sp.;Nitidulidae;CO;2;2;rpi;Cabrera
11;1442;Rocky coastal 2;Rocky coastal 2;25/05/2023 10:00;25/05/2023 10:50;50;Helichrysum stoechas;15;15;Anthomyiidae sp.;Anthomyiidae;DI;3;6;rpi;Cabrera
11;1443;Rocky coastal 2;Rocky coastal 2;25/05/2023 10:00;25/05/2023 10:50;50;Helichrysum stoechas;15;15;Podarcis lilfordi;Lacertidae;VE;1;7;rpi;Cabrera
11;1443;Rocky coastal 2;Rocky coastal 2;25/05/2023 10:00;25/05/2023 10:50;50;Helichrysum stoechas;15;15;Anthomyiidae sp.;Anthomyiidae;DI;2;3;rpi;Cabrera
11;1443;Rocky coastal 2;Rocky coastal 2;25/05/2023 10:00;25/05/2023 10:50;50;Helichrysum stoechas;15;15;Eupeodes corollae;Syrphidae;HO;1;2;rpi;Cabrera
12;1444;Dune system 2;Dune system 2;06/06/2023 10:00;06/06/2023 10:50;50;Cakile maritima;43;28;Lasioglossum sp.;Halictidae;BE;7;14;rpi;Cabrera
12;1444;Dune system 2;Dune system 2;06/06/2023 10:00;06/06/2023 10:50;50;Cakile maritima;43;28;Ancistrocerus ebusianus;Eumenidae;WA;1;1;rpi;Cabrera
12;1445;Dune system 2;Dune system 2;06/06/2023 10:00;06/06/2023 10:50;50;Cakile maritima;43;28;Lasioglossum sp.;Halictidae;BE;12;24;rpi;Cabrera
12;1445;Dune system 2;Dune system 2;06/06/2023 10:00;06/06/2023 10:50;50;Cakile maritima;43;28;Ancistrocerus ebusianus;Eumenidae;WA;1;6;rpi;Cabrera
12;1446;Dune system 2;Dune system 2;06/06/2023 10:00;06/06/2023 10:50;50;Cakile maritima;43;28;Lasioglossum sp.;Halictidae;BE;7;14;rpi;Cabrera
12;1447;Rocky coastal 1;Dune system 1;06/06/2023 14:00;06/06/2023 14:50;50;Limonium sp.;120;80;Dasytes nigroaeneus;Dasytidae;CO;2;2;rpi;Cabrera
12;1447;Rocky coastal 1;Dune system 1;06/06/2023 14:00;06/06/2023 14:50;50;Limonium sp.;120;80;Anthomyiidae sp.;Anthomyiidae;DI;2;2;rpi;Cabrera
12;1447;Rocky coastal 1;Dune system 1;06/06/2023 14:00;06/06/2023 14:50;50;Limonium sp.;120;80;Lasioglossum sp.;Halictidae;BE;3;3;rpi;Cabrera
12;1448;Rocky coastal 1;Dune system 1;06/06/2023 14:00;06/06/2023 14:50;50;Limonium sp.;120;80;Lasioglossum sp.;Halictidae;BE;2;2;rpi;Cabrera
12;1449;Dune system 2;Dune system 2;06/06/2023 12:00;06/06/2023 12:50;50;Teucrium capitatum;125;35;Exoprosopa cf. bowdeni;Bombyliidae;DI;1;1;rpi;Cabrera
12;1449;Dune system 2;Dune system 2;06/06/2023 12:00;06/06/2023 12:50;50;Teucrium capitatum;125;35;Anthomyiidae sp.;Anthomyiidae;DI;2;2;rpi;Cabrera
12;1449;Dune system 2;Dune system 2;06/06/2023 12:00;06/06/2023 12:50;50;Teucrium capitatum;125;35;Stictopleurus abutilon;Rhopalidae;OT;1;1;rpi;Cabrera
12;1449;Dune system 2;Dune system 2;06/06/2023 12:00;06/06/2023 12:50;50;Teucrium capitatum;125;35;Exoprosopa cf. bowdeni;Bombyliidae;DI;2;2;rpi;Cabrera
12;1450;Dune system 2;Dune system 2;06/06/2023 12:00;06/06/2023 12:50;50;Teucrium capitatum;125;35;Exoprosopa cf. bowdeni;Bombyliidae;DI;3;3;rpi;Cabrera
12;1450;Dune system 2;Dune system 2;06/06/2023 12:00;06/06/2023 12:50;50;Teucrium capitatum;125;35;Lasioglossum sp.;Halictidae;BE;4;4;rpi;Cabrera
12;1450;Dune system 2;Dune system 2;06/06/2023 12:00;06/06/2023 12:50;50;Teucrium capitatum;125;35;Phthiria cf pulicularia;Bombyliidae;DI;3;3;rpi;Cabrera
12;1451;Dune system 2;Dune system 2;06/06/2023 12:00;06/06/2023 12:50;50;Teucrium capitatum;125;35;Exoprosopa cf. bowdeni;Bombyliidae;DI;2;2;rpi;Cabrera
12;1451;Dune system 2;Dune system 2;06/06/2023 12:00;06/06/2023 12:50;50;Teucrium capitatum;125;35;Phthiria cf pulicularia;Bombyliidae;DI;2;2;rpi;Cabrera
12;1451;Dune system 2;Dune system 2;06/06/2023 12:00;06/06/2023 12:50;50;Teucrium capitatum;125;35;Lasioglossum sp.;Halictidae;BE;1;3;rpi;Cabrera
12;1451;Dune system 2;Dune system 2;06/06/2023 12:00;06/06/2023 12:50;50;Teucrium capitatum;125;35;Anthomyiidae sp.;Anthomyiidae;DI;1;2;rpi;Cabrera
12;1452;Dune system 2;Dune system 2;06/06/2023 15:00;06/06/2023 15:50;50;Asteriscus aquaticus;12;12;Sarcophaga sp.;Sarcophagidae;DI;1;1;rpi;Cabrera
12;1452;Dune system 2;Dune system 2;06/06/2023 15:00;06/06/2023 15:50;50;Asteriscus aquaticus;12;12;Phthiria sp.;Bombyliidae;DI;2;2;rpi;Cabrera
12;1452;Dune system 2;Dune system 2;06/06/2023 15:00;06/06/2023 15:50;50;Asteriscus aquaticus;12;12;Exoprosopa cf. bowdeni;Bombyliidae;DI;2;4;rpi;Cabrera
12;1453;Dune system 2;Dune system 2;06/06/2023 15:00;06/06/2023 15:50;50;Asteriscus aquaticus;12;12;Exoprosopa cf. bowdeni;Bombyliidae;DI;4;8;rpi;Cabrera
12;1453;Dune system 2;Dune system 2;06/06/2023 15:00;06/06/2023 15:50;50;Asteriscus aquaticus;12;12;Lasioglossum sp.;Halictidae;BE;1;4;rpi;Cabrera
12;1453;Dune system 2;Dune system 2;06/06/2023 15:00;06/06/2023 15:50;50;Asteriscus aquaticus;12;12;Phthiria sp.;Bombyliidae;DI;2;3;rpi;Cabrera
12;1454;Dune system 2;Dune system 2;06/06/2023 15:00;06/06/2023 15:50;50;Asteriscus aquaticus;12;12;Exoprosopa cf. bowdeni;Bombyliidae;DI;1;2;rpi;Cabrera
12;1454;Dune system 2;Dune system 2;06/06/2023 15:00;06/06/2023 15:50;50;Asteriscus aquaticus;12;12;Phthiria sp.;Bombyliidae;DI;1;1;rpi;Cabrera
12;1455;Dune system 2;Dune system 2;06/06/2023 16:00;06/06/2023 16:50;50;Limonium sp.;300;100;Phthiria cf pulicularia;Bombyliidae;DI;2;2;rpi;Cabrera
12;1455;Dune system 2;Dune system 2;06/06/2023 16:00;06/06/2023 16:50;50;Limonium sp.;300;100;Dasytes nigroaeneus;Dasytidae;CO;9;9;rpi;Cabrera
12;1456;Dune system 2;Dune system 2;06/06/2023 16:00;06/06/2023 16:50;50;Limonium sp.;300;100;Sarcophaga sp.;Sarcophagidae;DI;1;1;rpi;Cabrera
12;1456;Dune system 2;Dune system 2;06/06/2023 16:00;06/06/2023 16:50;50;Limonium sp.;300;100;Anaspis sp.;Scraptiidae;CO;11;11;rpi;Cabrera
12;1456;Dune system 2;Dune system 2;06/06/2023 16:00;06/06/2023 16:50;50;Limonium sp.;300;100;Lasioglossum sp.;Halictidae;BE;1;1;rpi;Cabrera
12;1457;Dune system 2;Dune system 2;06/06/2023 16:20;06/06/2023 17:10;50;Limonium sp.;29;21;Lasioglossum sp.;Halictidae;BE;3;12;rpi;Cabrera
12;1458;Dune system 2;Dune system 2;06/06/2023 16:50;06/06/2023 17:40;50;Limonium sp.;120;80;Anaspis sp.;Scraptiidae;CO;12;12;rpi;Cabrera
12;1458;Dune system 2;Dune system 2;06/06/2023 16:50;06/06/2023 17:40;50;Limonium sp.;120;80;Mordellistena sp.;Mordellidae;CO;3;3;rpi;Cabrera
12;1458;Dune system 2;Dune system 2;06/06/2023 16:50;06/06/2023 17:40;50;Limonium sp.;120;80;Stenopterus sp.;Cerambycidae;CO;2;1;rpi;Cabrera
12;1458;Dune system 2;Dune system 2;06/06/2023 16:50;06/06/2023 17:40;50;Limonium sp.;120;80;Sarcophaga sp.;Sarcophagidae;DI;1;4;rpi;Cabrera
12;1458;Dune system 2;Dune system 2;06/06/2023 16:50;06/06/2023 17:40;50;Limonium sp.;120;80;Meliscaeva auricollis;Syrphidae;HO;1;3;rpi;Cabrera
12;1458;Dune system 2;Dune system 2;06/06/2023 16:50;06/06/2023 17:40;50;Limonium sp.;120;80;Bombyliidae sp.;Bombyliidae;DI;1;5;rpi;Cabrera
12;1459;Dune system 2;Dune system 2;06/06/2023 16:50;06/06/2023 17:40;50;Limonium sp.;120;80;Bombyliidae sp.;Bombyliidae;DI;1;5;rpi;Cabrera
12;1459;Dune system 2;Dune system 2;06/06/2023 16:50;06/06/2023 17:40;50;Limonium sp.;120;80;Lasioglossum sp.;Halictidae;BE;1;1;rpi;Cabrera
12;1459;Dune system 2;Dune system 2;06/06/2023 16:50;06/06/2023 17:40;50;Limonium sp.;120;80;Podarcis lilfordi;Lacertidae;VE;1;1;rpi;Cabrera
12;1459;Dune system 2;Dune system 2;06/06/2023 16:50;06/06/2023 17:40;50;Limonium sp.;120;80;Anaspis sp.;Scraptiidae;CO;14;14;rpi;Cabrera
12;1460;Rocky coastal 1;Rocky coastal 1;07/06/2023 10:00;07/06/2023 10:50;50;Daucus carota L. subsp. Majoricus;5;3;Anthomyiidae sp.;Anthomyiidae;DI;1;1;rpi;Cabrera
12;1460;Rocky coastal 1;Rocky coastal 1;07/06/2023 10:00;07/06/2023 10:50;50;Daucus carota L. subsp. Majoricus;5;3;Lasioglossum sp.;Halictidae;BE;3;2;rpi;Cabrera
12;1461;Rocky coastal 1;Rocky coastal 1;07/06/2023 10:30;07/06/2023 11:20;50;Dorycnium fulgurans;300;150;Ancistrocerus ebusianus;Eumenidae;WA;11;35;rpi;Cabrera
12;1462;Rocky coastal 1;Rocky coastal 1;07/06/2023 11:00;07/06/2023 11:50;50;Dorycnium fulgurans;600;200;Lasioglossum sp.;Halictidae;BE;4;6;rpi;Cabrera
12;1462;Rocky coastal 1;Rocky coastal 1;07/06/2023 11:00;07/06/2023 11:50;50;Dorycnium fulgurans;600;200;Ancistrocerus ebusianus;Eumenidae;WA;1;3;rpi;Cabrera
12;1463;Rocky coastal 1;Rocky coastal 1;07/06/2023 11:20;07/06/2023 12:10;50;Dorycnium fulgurans;200;90;Lasioglossum sp.;Halictidae;BE;3;6;rpi;Cabrera
12;1463;Rocky coastal 1;Rocky coastal 1;07/06/2023 11:20;07/06/2023 12:10;50;Dorycnium fulgurans;200;90;Exoprosopa cf. bowdeni;Bombyliidae;DI;1;1;rpi;Cabrera
12;1464;Rocky coastal 1;Rocky coastal 1;07/06/2023 10:10;07/06/2023 11:00;50;Ruta chalepensis;8;8;Pyrellia vivida;Muscidae;DI;1;1;rpi;Cabrera
12;1465;Rocky coastal 1;Rocky coastal 1;07/06/2023 11:10;07/06/2023 12:00;50;Ruta chalepensis;14;12;Lasioglossum sp.;Halictidae;BE;6;12;rpi;Cabrera
12;1466;Rocky coastal 1;Rocky coastal 1;07/06/2023 11:10;07/06/2023 12:00;50;Ruta chalepensis;14;12;Lasioglossum sp.;Halictidae;BE;3;6;rpi;Cabrera
12;1466;Rocky coastal 1;Rocky coastal 1;07/06/2023 11:10;07/06/2023 12:00;50;Ruta chalepensis;14;12;Podarcis lilfordi;Lacertidae;VE;1;4;rpi;Cabrera
12;1467;Rocky coastal 1;Rocky coastal 1;07/06/2023 11:10;07/06/2023 12:00;50;Ruta chalepensis;14;12;Lasioglossum sp.;Halictidae;BE;3;6;rpi;Cabrera
12;1468;Rocky coastal 2;Dune system 2;08/06/2023 10:00;08/06/2023 10:50;50;Cakile maritima;8;6;Lasioglossum sp.;Halictidae;BE;2;4;rpi;Cabrera
12;1468;Rocky coastal 2;Dune system 2;08/06/2023 10:00;08/06/2023 10:50;50;Cakile maritima;8;6;Eupeodes corollae;Syrphidae;HO;2;4;rpi;Cabrera
12;1468;Rocky coastal 2;Dune system 2;08/06/2023 10:00;08/06/2023 10:50;50;Cakile maritima;8;6;Sphaerophoria sp.;Syrphidae;HO;1;3;rpi;Cabrera
12;1469;Rocky coastal 2;Rocky coastal 2;08/06/2023 10:30;08/06/2023 11:20;50;Daucus carota L. subsp. Majoricus;1;1;Lasioglossum sp.;Halictidae;BE;6;1;rpi;Cabrera
12;1469;Rocky coastal 2;Rocky coastal 2;08/06/2023 10:30;08/06/2023 11:20;50;Daucus carota L. subsp. Majoricus;1;1;Pyrellia vivida;Muscidae;DI;1;1;rpi;Cabrera
12;1469;Rocky coastal 2;Rocky coastal 2;08/06/2023 10:30;08/06/2023 11:20;50;Daucus carota L. subsp. Majoricus;1;1;Anaspis sp.;Scraptiidae;CO;10;1;rpi;Cabrera
12;1469;Rocky coastal 2;Rocky coastal 2;08/06/2023 10:30;08/06/2023 11:20;50;Daucus carota L. subsp. Majoricus;1;1;Phthiria sp.;Bombyliidae;DI;1;1;rpi;Cabrera
12;1469;Rocky coastal 2;Rocky coastal 2;08/06/2023 10:30;08/06/2023 11:20;50;Daucus carota L. subsp. Majoricus;1;1;Musca domestica;Muscidae;DI;3;3;rpi;Cabrera
12;1469;Rocky coastal 2;Rocky coastal 2;08/06/2023 10:30;08/06/2023 11:20;50;Daucus carota L. subsp. Majoricus;1;1;Anthomyiidae sp.;Anthomyiidae;DI;2;2;rpi;Cabrera
12;1470;Rocky coastal 2;Rocky coastal 2;08/06/2023 10:50;08/06/2023 11:40;50;Teucrium capitatum;7;7;Exoprosopa cf. bowdeni;Bombyliidae;DI;2;2;rpi;Cabrera
12;1470;Rocky coastal 2;Rocky coastal 2;08/06/2023 10:50;08/06/2023 11:40;50;Teucrium capitatum;7;7;Meligethes sp.;Nitidulidae;CO;1;1;rpi;Cabrera
13;1471;Dune system 1;Dune system 1;16/06/2023 10:00;16/06/2023 10:50;50;Asteriscus aquaticus;4;4;Anthomyiidae sp.;Anthomyiidae;DI;2;2;rpi;Cabrera
13;1471;Dune system 1;Dune system 1;16/06/2023 10:00;16/06/2023 10:50;50;Asteriscus aquaticus;4;4;Bombyliidae sp.;Bombyliidae;DI;1;2;rpi;Cabrera
13;1472;Rocky coastal 2;Dune system 2;16/06/2023 15:00;16/06/2023 15:40;40;Cakile maritima;12;7;Mordellistena sp.;Mordellidae;CO;6;6;rpi;Cabrera
13;1472;Rocky coastal 2;Dune system 2;16/06/2023 15:00;16/06/2023 15:40;40;Cakile maritima;12;7;Ancistrocerus ebusianus;Eumenidae;WA;1;1;rpi;Cabrera
13;1472;Rocky coastal 2;Dune system 2;16/06/2023 15:00;16/06/2023 15:40;40;Cakile maritima;12;7;Lasioglossum sp.;Halictidae;BE;4;6;rpi;Cabrera
13;1472;Rocky coastal 2;Dune system 2;16/06/2023 15:00;16/06/2023 15:40;40;Cakile maritima;12;7;Eristalis similis;Syrphidae;HO;1;1;rpi;Cabrera
13;1472;Rocky coastal 2;Dune system 2;16/06/2023 15:00;16/06/2023 15:40;40;Cakile maritima;12;7;Anthomyiidae sp.;Anthomyiidae;DI;1;1;rpi;Cabrera
13;1473;Rocky coastal 2;Rocky coastal 2;16/06/2023 15:10;16/06/2023 16:00;50;Globularia alypum;1;1;Lasioglossum sp.;Halictidae;BE;1;1;rpi;Cabrera
13;1473;Rocky coastal 2;Rocky coastal 2;16/06/2023 15:10;16/06/2023 16:00;50;Globularia alypum;1;1;Eristalis similis;Syrphidae;HO;2;2;rpi;Cabrera
13;1474;Rocky coastal 2;Rocky coastal 2;16/06/2023 15:10;16/06/2023 16:00;50;Globularia alypum;1;1;Phthiria sp.;Bombyliidae;DI;1;1;rpi;Cabrera
13;1474;Rocky coastal 2;Rocky coastal 2;16/06/2023 15:10;16/06/2023 16:00;50;Globularia alypum;1;1;Eristalis similis;Syrphidae;HO;1;1;rpi;Cabrera
13;1474;Rocky coastal 2;Rocky coastal 2;16/06/2023 15:10;16/06/2023 16:00;50;Globularia alypum;1;1;Exoprosopa cf. bowdeni;Bombyliidae;DI;1;1;rpi;Cabrera
13;1474;Rocky coastal 2;Rocky coastal 2;16/06/2023 15:10;16/06/2023 16:00;50;Globularia alypum;1;1;Lasioglossum sp.;Halictidae;BE;2;1;rpi;Cabrera
13;1475;Dune system 1;Dune system 1;16/06/2023 10:00;16/06/2023 10:50;50;Limonium sp.;45;35;Podarcis lilfordi;Lacertidae;VE;1;5;rpi;Cabrera
13;1475;Dune system 1;Dune system 1;16/06/2023 10:00;16/06/2023 10:50;50;Limonium sp.;45;35;Anaspis sp.;Scraptiidae;CO;1;1;rpi;Cabrera
13;1475;Dune system 1;Dune system 1;16/06/2023 10:00;16/06/2023 10:50;50;Limonium sp.;45;35;Phthiria cf pulicularia;Bombyliidae;DI;3;6;rpi;Cabrera
13;1475;Dune system 1;Dune system 1;16/06/2023 10:00;16/06/2023 10:50;50;Limonium sp.;45;35;Anthomyiidae sp.;Anthomyiidae;DI;1;1;rpi;Cabrera
13;1475;Dune system 1;Dune system 1;16/06/2023 10:00;16/06/2023 10:50;50;Limonium sp.;45;35;Lasioglossum sp.;Halictidae;BE;2;4;rpi;Cabrera
13;1476;Dune system 1;Dune system 1;16/06/2023 10:00;16/06/2023 10:50;50;Limonium sp.;45;35;Podarcis lilfordi;Lacertidae;VE;1;4;rpi;Cabrera
13;1476;Dune system 1;Dune system 1;16/06/2023 10:00;16/06/2023 10:50;50;Limonium sp.;45;35;Lasioglossum sp.;Halictidae;BE;7;14;rpi;Cabrera
13;1476;Dune system 1;Dune system 1;16/06/2023 10:00;16/06/2023 10:50;50;Limonium sp.;45;35;Anthomyiidae sp.;Anthomyiidae;DI;1;1;rpi;Cabrera
13;1476;Dune system 1;Dune system 1;16/06/2023 10:00;16/06/2023 10:50;50;Limonium sp.;45;35;Exoprosopa cf. bowdeni;Bombyliidae;DI;1;2;rpi;Cabrera
13;1477;Dune system 1;Dune system 1;16/06/2023 10:00;16/06/2023 10:50;50;Limonium sp.;45;35;Anthomyiidae sp.;Anthomyiidae;DI;3;6;rpi;Cabrera
13;1477;Dune system 1;Dune system 1;16/06/2023 10:00;16/06/2023 10:50;50;Limonium sp.;45;35;Lasioglossum sp.;Halictidae;BE;6;12;rpi;Cabrera
13;1477;Dune system 1;Dune system 1;16/06/2023 10:00;16/06/2023 10:50;50;Limonium sp.;45;35;Podarcis lilfordi;Lacertidae;VE;2;6;rpi;Cabrera
13;1478;Dune system 1;Dune system 1;16/06/2023 11:00;16/06/2023 11:50;50;Limonium sp.;25;15;Lasioglossum sp.;Halictidae;BE;5;15;rpi;Cabrera
13;1478;Dune system 1;Dune system 1;16/06/2023 11:00;16/06/2023 11:50;50;Limonium sp.;25;15;Podarcis lilfordi;Lacertidae;VE;1;2;rpi;Cabrera
13;1479;Dune system 1;Dune system 1;16/06/2023 11:00;16/06/2023 11:50;50;Limonium sp.;25;15;Podarcis lilfordi;Lacertidae;VE;2;10;rpi;Cabrera
13;1479;Dune system 1;Dune system 1;16/06/2023 11:00;16/06/2023 11:50;50;Limonium sp.;25;15;Lasioglossum sp.;Halictidae;BE;6;18;rpi;Cabrera
13;1480;Dune system 1;Dune system 1;16/06/2023 11:30;16/06/2023 12:20;50;Sedum sediforme;16;16;Anaspis sp.;Scraptiidae;CO;8;8;rpi;Cabrera
13;1480;Dune system 1;Dune system 1;16/06/2023 11:30;16/06/2023 12:20;50;Sedum sediforme;16;16;Lasioglossum sp.;Halictidae;BE;6;12;rpi;Cabrera
13;1480;Dune system 1;Dune system 1;16/06/2023 11:30;16/06/2023 12:20;50;Sedum sediforme;16;16;Mordellistena sp.;Mordellidae;CO;4;4;rpi;Cabrera
13;1481;Rocky coastal 2;Rocky coastal 2;16/06/2023 15:00;16/06/2023 15:50;50;Ruta chalepensis;7;7;Lasioglossum sp.;Halictidae;BE;8;7;rpi;Cabrera
13;1482;Dune system 2;Dune system 2;17/06/2023 10:00;17/06/2023 10:50;50;Cakile maritima;9;4;Lasioglossum sp.;Halictidae;BE;6;1;rpi;Cabrera
13;1482;Dune system 2;Dune system 2;17/06/2023 10:00;17/06/2023 10:50;50;Cakile maritima;9;4;Anthomyiidae sp.;Anthomyiidae;DI;1;1;rpi;Cabrera
13;1482;Dune system 2;Dune system 2;17/06/2023 10:00;17/06/2023 10:50;50;Cakile maritima;9;4;Ancistrocerus ebusianus;Eumenidae;WA;1;1;rpi;Cabrera
13;1482a;Dune system 2;Dune system 2;17/06/2023 13:00;17/06/2023 13:50;50;Limonium sp.;120;80;Anaspis sp.;Scraptiidae;CO;20;20;rpi;Cabrera
13;1482a;Dune system 2;Dune system 2;17/06/2023 13:00;17/06/2023 13:50;50;Limonium sp.;120;80;Lasioglossum sp.;Halictidae;BE;8;24;rpi;Cabrera
13;1483;Dune system 2;Dune system 2;17/06/2023 12:00;17/06/2023 12:50;50;Limonium sp.;35;35;Lasioglossum sp.;Halictidae;BE;6;12;rpi;Cabrera
13;1484;Rocky coastal 1;Dune system 1;19/06/2023 16:00;19/06/2023 16:50;50;Cakile maritima;24;14;Spilostethus pandurus;Lygaeidae;OT;1;1;rpi;Cabrera
13;1484;Rocky coastal 1;Dune system 1;19/06/2023 16:00;19/06/2023 16:50;50;Cakile maritima;24;14;Ancistrocerus ebusianus;Eumenidae;WA;1;3;rpi;Cabrera
13;1484;Rocky coastal 1;Dune system 1;19/06/2023 16:00;19/06/2023 16:50;50;Cakile maritima;24;14;Lasioglossum sp.;Halictidae;BE;4;8;rpi;Cabrera
13;1484;Rocky coastal 1;Dune system 1;19/06/2023 16:00;19/06/2023 16:50;50;Cakile maritima;24;14;Anaspis sp.;Scraptiidae;CO;7;14;rpi;Cabrera
13;1485;Rocky coastal 1;Dune system 1;19/06/2023 15:00;19/06/2023 15:50;50;Limonium sp.;16;16;Lasioglossum sp.;Halictidae;BE;7;7;rpi;Cabrera
13;1486;Rocky coastal 1;Rocky coastal 1;19/06/2023 16:00;19/06/2023 16:50;50;Daucus carota L. subsp. Majoricus;1;1;Lasioglossum sp.;Halictidae;BE;3;1;rpi;Cabrera
13;1487;Rocky coastal 1;Dune system 1;19/06/2023 16:20;19/06/2023 17:10;50;Limonium sp.;21;12;Lasioglossum sp.;Halictidae;BE;4;4;rpi;Cabrera
13;1488;Rocky coastal 1;Dune system 1;19/06/2023 16:30;19/06/2023 17:20;50;Limonium sp.;45;45;Lasioglossum sp.;Halictidae;BE;6;6;rpi;Cabrera
13;1489;Rocky coastal 1;Rocky coastal 1;19/06/2023 15:00;19/06/2023 15:50;50;Sedum sediforme;2;2;Lasioglossum sp.;Halictidae;BE;6;6;rpi;Cabrera
13;1490;Rocky coastal 1;Rocky coastal 1;19/06/2023 16:50;19/06/2023 17:40;50;Sedum sediforme;6;6;Anaspis sp.;Scraptiidae;CO;3;3;rpi;Cabrera
13;1490;Rocky coastal 1;Rocky coastal 1;19/06/2023 16:50;19/06/2023 17:40;50;Sedum sediforme;6;6;Anthomyiidae sp.;Anthomyiidae;DI;1;1;rpi;Cabrera
13;1490;Rocky coastal 1;Rocky coastal 1;19/06/2023 16:50;19/06/2023 17:40;50;Sedum sediforme;6;6;Lasioglossum sp.;Halictidae;BE;6;6;rpi;Cabrera
1;1491;Pine forest 2;Rocky coastal 2;20/04/2022 16:02;20/04/2022 16:52;50;Teucrium capitatum;18;18;Stictopleurus abutilon;Rhopalidae;OT;1;1;rpi;Cabrera
1;1491;Pine forest 2;Rocky coastal 2;20/04/2022 16:02;20/04/2022 16:52;50;Teucrium capitatum;18;18;Anaspis sp.;Scraptiidae;CO;1;1;rpi;Cabrera
10;1492a;Pine forest 1;Pine forest 1;09/05/2023 14:00;09/05/2023 14:50;50;Cistus monspeliensis;21;21;Eupeodes corollae;Syrphidae;HO;1;1;rpi;Cabrera
10;1492a;Pine forest 1;Pine forest 1;09/05/2023 14:00;09/05/2023 14:50;50;Cistus monspeliensis;21;21;Pyrellia vivida;Muscidae;DI;1;1;rpi;Cabrera
10;1492b;Pine forest 1;Pine forest 1;09/05/2023 14:00;09/05/2023 14:50;50;Cistus monspeliensis;24;24;Ancistrocerus ebusianus;Eumenidae;WA;1;1;rpi;Cabrera
10;1492b;Pine forest 1;Pine forest 1;09/05/2023 14:00;09/05/2023 14:50;50;Cistus monspeliensis;24;24;Dasytes nigroaeneus;Dasytidae;CO;1;1;rpi;Cabrera
10;1492c;Pine forest 1;Pine forest 1;09/05/2023 14:00;09/05/2023 14:50;50;Cistus monspeliensis;46;46;Exoprosopa cf. bowdeni;Bombyliidae;DI;1;1;rpi;Cabrera
1;1493;Dune system 1;Dune system 1;19/04/2022 18:05;19/04/2022 18:15;10;Daucus carota L. subsp. Majoricus;1;1;Spilostethus pandurus;Lygaeidae;OT;1;1;rpi;Cabrera
3;1494;Dune system 2;Dune system 2;18/05/2022 15:40;18/05/2022 15:50;10;Cakile maritima;25;25;Spilostethus pandurus;Lygaeidae;OT;1;2;rpi;Cabrera
5;1495;Dune system 2;Dune system 2;15/06/2022 12:15;15/06/2022 12:25;10;Cakile maritima;15;15;Anthomyia confusanea;Anthomyiidae;DI;1;1;rpi;Cabrera
7;1496;Dune system 1;Dune system 1;16/03/2023 11:15;16/03/2023 11:25;10;Rosmarinus officinalis;3;3;Meliscaeva auricollis;Syrphidae;HO;1;1;rpi;Cabrera
10;1497;Dune system 2;Dune system 2;10/05/2023 17:10;10/05/2023 17:20;10;Teucrium capitatum;55;55;Gonepterix cleopatra;Pieridae;LE;1;1;rpi;Cabrera
11;1498;Dune system 1;Dune system 1;25/05/2023 12:30;25/05/2023 12:40;10;Limonium sp.;100;100;Eristalinus sepulcharis;Shyrphidae;HO;1;2;rpi;Cabrera
13;1499;Dune system 1;Dune system 1;16/06/2023 13:20;16/06/2023 13:30;10;Sedum sediforme;8;8;Megachile sp.;Megachilidae;BE;1;2;rpi;Cabrera
