Study_id,Network_id,Sampling_method,Authors_habitat,EuPPollNet_habitat,Bioregion,Country,Locality,Latitude,Longitude,Date,Interaction,Plant_original_name,Plant_accepted_name,Plant_rank,Plant_order,Plant_family,Plant_genus,Pollinator_original_name,Pollinator_accepted_name,Pollinator_rank,Pollinator_order,Pollinator_family,Pollinator_genus,Flower_data,Flower_data_merger,Year,Month,Day,layer_id,weight,Plant_abundance,Plant_module,Pollinator_abundance,Pollinator_module
1_Bartomeus,BAT1CA,Focal_observation,Coastal shrubland,Sclerophyllous vegetation,Mediterranean,Spain,Cap de Creus Natural Park,42.352,3.177,2005-03-28,1,Urospermum picroides,Urospermum picroides,SPECIES,Asterales,Asteraceae,Urospermum,Oedemera flavipes,Oedemera flavipes,SPECIES,Coleoptera,Oedemeridae,Oedemera,No,BAT1CA,2005,3,28,BAT1CA_3,1,100,5,49,8
1_Bartomeus,BAT1CA,Focal_observation,Coastal shrubland,Sclerophyllous vegetation,Mediterranean,Spain,Cap de Creus Natural Park,42.352,3.177,2005-04-09,1,Sonchus tenerrinus,Sonchus tenerrimus,SPECIES,Asterales,Asteraceae,Sonchus,Anthidium sticticum,Rhodanthidium sticticum,SPECIES,Hymenoptera,Megachilidae,Rhodanthidium,No,BAT1CA,2005,4,9,BAT1CA_4,4,166,5,66,8
1_Bartomeus,BAT1CA,Focal_observation,Coastal shrubland,Sclerophyllous vegetation,Mediterranean,Spain,Cap de Creus Natural Park,42.352,3.177,2005-04-09,1,Sonchus tenerrinus,Sonchus tenerrimus,SPECIES,Asterales,Asteraceae,Sonchus,Oedemera lurida,Oedemera lurida,SPECIES,Coleoptera,Oedemeridae,Oedemera,No,BAT1CA,2005,4,9,BAT1CA_4,3,166,5,75,8
1_Bartomeus,BAT1CA,Focal_observation,Coastal shrubland,Sclerophyllous vegetation,Mediterranean,Spain,Cap de Creus Natural Park,42.352,3.177,2005-03-13,1,Lavandula stoechas,Lavandula stoechas,SPECIES,Lamiales,Lamiaceae,Lavandula,Anthidium sticticum,Rhodanthidium sticticum,SPECIES,Hymenoptera,Megachilidae,Rhodanthidium,No,BAT1CA,2005,3,13,BAT1CA_3,1,91,9,66,8
1_Bartomeus,BAT1CA,Focal_observation,Coastal shrubland,Sclerophyllous vegetation,Mediterranean,Spain,Cap de Creus Natural Park,42.352,3.177,2005-03-13,1,Lavandula stoechas,Lavandula stoechas,SPECIES,Lamiales,Lamiaceae,Lavandula,Anthidium sticticum,Rhodanthidium sticticum,SPECIES,Hymenoptera,Megachilidae,Rhodanthidium,No,BAT1CA,2005,3,13,BAT1CA_3,5,91,9,66,8
1_Bartomeus,BAT1CA,Focal_observation,Coastal shrubland,Sclerophyllous vegetation,Mediterranean,Spain,Cap de Creus Natural Park,42.352,3.177,2005-04-09,1,Sonchus tenerrinus,Sonchus tenerrimus,SPECIES,Asterales,Asteraceae,Sonchus,Psilothrix viridicoerulea,Psilothrix viridicoerulea,SPECIES,Coleoptera,Dasytidae,Psilothrix,No,BAT1CA,2005,4,9,BAT1CA_4,2,166,5,45,6
1_Bartomeus,BAT1CA,Focal_observation,Coastal shrubland,Sclerophyllous vegetation,Mediterranean,Spain,Cap de Creus Natural Park,42.352,3.177,2005-04-09,1,Sonchus tenerrinus,Sonchus tenerrimus,SPECIES,Asterales,Asteraceae,Sonchus,Psilothrix viridicoerulea,Psilothrix viridicoerulea,SPECIES,Coleoptera,Dasytidae,Psilothrix,No,BAT1CA,2005,4,9,BAT1CA_4,2,166,5,45,6
1_Bartomeus,BAT1CA,Focal_observation,Coastal shrubland,Sclerophyllous vegetation,Mediterranean,Spain,Cap de Creus Natural Park,42.352,3.177,2005-03-13,1,Aetheorrhiza bulbosa,Sonchus bulbosus,SPECIES,Asterales,Asteraceae,Sonchus,Psilothrix viridicoerulea,Psilothrix viridicoerulea,SPECIES,Coleoptera,Dasytidae,Psilothrix,No,BAT1CA,2005,3,13,BAT1CA_3,1,70,5,45,6
1_Bartomeus,BAT1CA,Focal_observation,Coastal shrubland,Sclerophyllous vegetation,Mediterranean,Spain,Cap de Creus Natural Park,42.352,3.177,2005-03-13,1,Aetheorrhiza bulbosa,Sonchus bulbosus,SPECIES,Asterales,Asteraceae,Sonchus,Cryptocephalus,Cryptocephalus,GENUS,Coleoptera,Chrysomelidae,Cryptocephalus,No,BAT1CA,2005,3,13,BAT1CA_3,2,70,5,40,7
1_Bartomeus,BAT1CA,Focal_observation,Coastal shrubland,Sclerophyllous vegetation,Mediterranean,Spain,Cap de Creus Natural Park,42.352,3.177,2005-03-13,1,Lavandula stoechas,Lavandula stoechas,SPECIES,Lamiales,Lamiaceae,Lavandula,Osmia aurulenta,Osmia aurulenta,SPECIES,Hymenoptera,Megachilidae,Osmia,No,BAT1CA,2005,3,13,BAT1CA_3,1,91,9,24,8
1_Bartomeus,BAT1CA,Focal_observation,Coastal shrubland,Sclerophyllous vegetation,Mediterranean,Spain,Cap de Creus Natural Park,42.352,3.177,2005-03-13,1,Lavandula stoechas,Lavandula stoechas,SPECIES,Lamiales,Lamiaceae,Lavandula,Osmia aurulenta,Osmia aurulenta,SPECIES,Hymenoptera,Megachilidae,Osmia,No,BAT1CA,2005,3,13,BAT1CA_3,2,91,9,24,8
1_Bartomeus,BAT1CA,Focal_observation,Coastal shrubland,Sclerophyllous vegetation,Mediterranean,Spain,Cap de Creus Natural Park,42.352,3.177,2005-03-13,1,Lavandula stoechas,Lavandula stoechas,SPECIES,Lamiales,Lamiaceae,Lavandula,Osmia aurulenta,Osmia aurulenta,SPECIES,Hymenoptera,Megachilidae,Osmia,No,BAT1CA,2005,3,13,BAT1CA_3,5,91,9,24,8
1_Bartomeus,BAT1CA,Focal_observation,Coastal shrubland,Sclerophyllous vegetation,Mediterranean,Spain,Cap de Creus Natural Park,42.352,3.177,2005-03-13,1,Lavandula stoechas,Lavandula stoechas,SPECIES,Lamiales,Lamiaceae,Lavandula,Osmia aurulenta,Osmia aurulenta,SPECIES,Hymenoptera,Megachilidae,Osmia,No,BAT1CA,2005,3,13,BAT1CA_3,3,91,9,24,8
1_Bartomeus,BAT1CA,Focal_observation,Coastal shrubland,Sclerophyllous vegetation,Mediterranean,Spain,Cap de Creus Natural Park,42.352,3.177,2005-03-13,1,Lavandula stoechas,Lavandula stoechas,SPECIES,Lamiales,Lamiaceae,Lavandula,Osmia aurulenta,Osmia aurulenta,SPECIES,Hymenoptera,Megachilidae,Osmia,No,BAT1CA,2005,3,13,BAT1CA_3,5,91,9,24,8
1_Bartomeus,BAT1CA,Focal_observation,Coastal shrubland,Sclerophyllous vegetation,Mediterranean,Spain,Cap de Creus Natural Park,42.352,3.177,2005-03-13,1,Lavandula stoechas,Lavandula stoechas,SPECIES,Lamiales,Lamiaceae,Lavandula,Anthophora aestivalis,Anthophora aestivalis,SPECIES,Hymenoptera,Apidae,Anthophora,No,BAT1CA,2005,3,13,BAT1CA_3,3,91,9,33,4
1_Bartomeus,BAT1CA,Focal_observation,Coastal shrubland,Sclerophyllous vegetation,Mediterranean,Spain,Cap de Creus Natural Park,42.352,3.177,2005-03-13,1,Lavandula stoechas,Lavandula stoechas,SPECIES,Lamiales,Lamiaceae,Lavandula,Anthophora aestivalis,Anthophora aestivalis,SPECIES,Hymenoptera,Apidae,Anthophora,No,BAT1CA,2005,3,13,BAT1CA_3,2,91,9,33,4
1_Bartomeus,BAT1CA,Focal_observation,Coastal shrubland,Sclerophyllous vegetation,Mediterranean,Spain,Cap de Creus Natural Park,42.352,3.177,2005-03-13,1,Lavandula stoechas,Lavandula stoechas,SPECIES,Lamiales,Lamiaceae,Lavandula,Anthophora aestivalis,Anthophora aestivalis,SPECIES,Hymenoptera,Apidae,Anthophora,No,BAT1CA,2005,3,13,BAT1CA_3,4,91,9,33,4
1_Bartomeus,BAT1CA,Focal_observation,Coastal shrubland,Sclerophyllous vegetation,Mediterranean,Spain,Cap de Creus Natural Park,42.352,3.177,2005-03-13,1,Aetheorrhiza bulbosa,Sonchus bulbosus,SPECIES,Asterales,Asteraceae,Sonchus,Andrena cinerea,Andrena cinerea,SPECIES,Hymenoptera,Andrenidae,Andrena,No,BAT1CA,2005,3,13,BAT1CA_3,5,70,5,8,1
1_Bartomeus,BAT1CA,Focal_observation,Coastal shrubland,Sclerophyllous vegetation,Mediterranean,Spain,Cap de Creus Natural Park,42.352,3.177,2005-03-13,1,Aetheorrhiza bulbosa,Sonchus bulbosus,SPECIES,Asterales,Asteraceae,Sonchus,Andrena cinerea,Andrena cinerea,SPECIES,Hymenoptera,Andrenidae,Andrena,No,BAT1CA,2005,3,13,BAT1CA_3,5,70,5,8,1
1_Bartomeus,BAT1CA,Focal_observation,Coastal shrubland,Sclerophyllous vegetation,Mediterranean,Spain,Cap de Creus Natural Park,42.352,3.177,2005-03-13,1,Lavandula stoechas,Lavandula stoechas,SPECIES,Lamiales,Lamiaceae,Lavandula,Andrena cinerea,Andrena cinerea,SPECIES,Hymenoptera,Andrenidae,Andrena,No,BAT1CA,2005,3,13,BAT1CA_3,5,91,9,8,1
1_Bartomeus,BAT1CA,Focal_observation,Coastal shrubland,Sclerophyllous vegetation,Mediterranean,Spain,Cap de Creus Natural Park,42.352,3.177,2005-04-09,1,Sonchus tenerrinus,Sonchus tenerrimus,SPECIES,Asterales,Asteraceae,Sonchus,Cryptocephalus,Cryptocephalus,GENUS,Coleoptera,Chrysomelidae,Cryptocephalus,No,BAT1CA,2005,4,9,BAT1CA_4,1,166,5,40,7
1_Bartomeus,BAT1CA,Focal_observation,Coastal shrubland,Sclerophyllous vegetation,Mediterranean,Spain,Cap de Creus Natural Park,42.352,3.177,2005-03-21,1,Lavandula stoechas,Lavandula stoechas,SPECIES,Lamiales,Lamiaceae,Lavandula,Anthidium sticticum,Rhodanthidium sticticum,SPECIES,Hymenoptera,Megachilidae,Rhodanthidium,No,BAT1CA,2005,3,21,BAT1CA_3,3,91,9,66,8
1_Bartomeus,BAT1CA,Focal_observation,Coastal shrubland,Sclerophyllous vegetation,Mediterranean,Spain,Cap de Creus Natural Park,42.352,3.177,2005-03-21,1,Lavandula stoechas,Lavandula stoechas,SPECIES,Lamiales,Lamiaceae,Lavandula,Anthidium sticticum,Rhodanthidium sticticum,SPECIES,Hymenoptera,Megachilidae,Rhodanthidium,No,BAT1CA,2005,3,21,BAT1CA_3,2,91,9,66,8
1_Bartomeus,BAT1CA,Focal_observation,Coastal shrubland,Sclerophyllous vegetation,Mediterranean,Spain,Cap de Creus Natural Park,42.352,3.177,2005-03-21,1,Lavandula stoechas,Lavandula stoechas,SPECIES,Lamiales,Lamiaceae,Lavandula,Apis melifera,Apis mellifera,SPECIES,Hymenoptera,Apidae,Apis,No,BAT1CA,2005,3,21,BAT1CA_3,2,91,9,59,3
1_Bartomeus,BAT1CA,Focal_observation,Coastal shrubland,Sclerophyllous vegetation,Mediterranean,Spain,Cap de Creus Natural Park,42.352,3.177,2005-03-21,1,Euphorbia segetalis,Euphorbia segetalis,SPECIES,Malpighiales,Euphorbiaceae,Euphorbia,Polistes gallicus,Polistes gallicus,SPECIES,Hymenoptera,Eumenidae,Polistes,No,BAT1CA,2005,3,21,BAT1CA_3,2,6,3,36,5
1_Bartomeus,BAT1CA,Focal_observation,Coastal shrubland,Sclerophyllous vegetation,Mediterranean,Spain,Cap de Creus Natural Park,42.352,3.177,2005-04-24,1,Urospermum picroides,Urospermum picroides,SPECIES,Asterales,Asteraceae,Urospermum,Oedemera lurida,Oedemera lurida,SPECIES,Coleoptera,Oedemeridae,Oedemera,No,BAT1CA,2005,4,24,BAT1CA_4,5,100,5,75,8
1_Bartomeus,BAT1CA,Focal_observation,Coastal shrubland,Sclerophyllous vegetation,Mediterranean,Spain,Cap de Creus Natural Park,42.352,3.177,2005-03-21,1,Lavandula stoechas,Lavandula stoechas,SPECIES,Lamiales,Lamiaceae,Lavandula,Adelidae,Adelidae,FAMILY,Lepidoptera,Adelidae,,No,BAT1CA,2005,3,21,BAT1CA_3,4,91,9,26,10
1_Bartomeus,BAT1CA,Focal_observation,Coastal shrubland,Sclerophyllous vegetation,Mediterranean,Spain,Cap de Creus Natural Park,42.352,3.177,2005-03-21,1,Aetheorrhiza bulbosa,Sonchus bulbosus,SPECIES,Asterales,Asteraceae,Sonchus,Coleoptera,Coleoptera,ORDER,Coleoptera,,,No,BAT1CA,2005,3,21,BAT1CA_3,2,70,5,73,5
1_Bartomeus,BAT1CA,Focal_observation,Coastal shrubland,Sclerophyllous vegetation,Mediterranean,Spain,Cap de Creus Natural Park,42.352,3.177,2005-03-21,1,Aetheorrhiza bulbosa,Sonchus bulbosus,SPECIES,Asterales,Asteraceae,Sonchus,Psilothrix viridicoerulea,Psilothrix viridicoerulea,SPECIES,Coleoptera,Dasytidae,Psilothrix,No,BAT1CA,2005,3,21,BAT1CA_3,3,70,5,45,6
1_Bartomeus,BAT1CA,Focal_observation,Coastal shrubland,Sclerophyllous vegetation,Mediterranean,Spain,Cap de Creus Natural Park,42.352,3.177,2005-03-21,1,Lavandula stoechas,Lavandula stoechas,SPECIES,Lamiales,Lamiaceae,Lavandula,Lasioglossum bimaculatum,Lasioglossum bimaculatum,SPECIES,Hymenoptera,Halictidae,Lasioglossum,No,BAT1CA,2005,3,21,BAT1CA_3,4,91,9,33,1
1_Bartomeus,BAT1CA,Focal_observation,Coastal shrubland,Sclerophyllous vegetation,Mediterranean,Spain,Cap de Creus Natural Park,42.352,3.177,2005-03-21,1,Lavandula stoechas,Lavandula stoechas,SPECIES,Lamiales,Lamiaceae,Lavandula,Anthophora retusa,Anthophora retusa,SPECIES,Hymenoptera,Apidae,Anthophora,No,BAT1CA,2005,3,21,BAT1CA_3,1,91,9,30,4
1_Bartomeus,BAT1CA,Focal_observation,Coastal shrubland,Sclerophyllous vegetation,Mediterranean,Spain,Cap de Creus Natural Park,42.352,3.177,2005-03-21,1,Lavandula stoechas,Lavandula stoechas,SPECIES,Lamiales,Lamiaceae,Lavandula,Anthophora retusa,Anthophora retusa,SPECIES,Hymenoptera,Apidae,Anthophora,No,BAT1CA,2005,3,21,BAT1CA_3,4,91,9,30,4
1_Bartomeus,BAT1CA,Focal_observation,Coastal shrubland,Sclerophyllous vegetation,Mediterranean,Spain,Cap de Creus Natural Park,42.352,3.177,2005-03-21,1,Aetheorrhiza bulbosa,Sonchus bulbosus,SPECIES,Asterales,Asteraceae,Sonchus,Andrena senecionis,Andrena senecionis,SPECIES,Hymenoptera,Andrenidae,Andrena,No,BAT1CA,2005,3,21,BAT1CA_3,3,70,5,35,9
1_Bartomeus,BAT1CA,Focal_observation,Coastal shrubland,Sclerophyllous vegetation,Mediterranean,Spain,Cap de Creus Natural Park,42.352,3.177,2005-03-28,1,Lavandula stoechas,Lavandula stoechas,SPECIES,Lamiales,Lamiaceae,Lavandula,Anthidium sticticum,Rhodanthidium sticticum,SPECIES,Hymenoptera,Megachilidae,Rhodanthidium,No,BAT1CA,2005,3,28,BAT1CA_3,5,91,9,66,8
1_Bartomeus,BAT1CA,Focal_observation,Coastal shrubland,Sclerophyllous vegetation,Mediterranean,Spain,Cap de Creus Natural Park,42.352,3.177,2005-03-28,1,Lavandula stoechas,Lavandula stoechas,SPECIES,Lamiales,Lamiaceae,Lavandula,Anthidium sticticum,Rhodanthidium sticticum,SPECIES,Hymenoptera,Megachilidae,Rhodanthidium,No,BAT1CA,2005,3,28,BAT1CA_3,4,91,9,66,8
1_Bartomeus,BAT1CA,Focal_observation,Coastal shrubland,Sclerophyllous vegetation,Mediterranean,Spain,Cap de Creus Natural Park,42.352,3.177,2005-03-28,1,Lavandula stoechas,Lavandula stoechas,SPECIES,Lamiales,Lamiaceae,Lavandula,Anthidium sticticum,Rhodanthidium sticticum,SPECIES,Hymenoptera,Megachilidae,Rhodanthidium,No,BAT1CA,2005,3,28,BAT1CA_3,2,91,9,66,8
1_Bartomeus,BAT1CA,Focal_observation,Coastal shrubland,Sclerophyllous vegetation,Mediterranean,Spain,Cap de Creus Natural Park,42.352,3.177,2005-04-24,1,Sonchus tenerrinus,Sonchus tenerrimus,SPECIES,Asterales,Asteraceae,Sonchus,Oedemera lurida,Oedemera lurida,SPECIES,Coleoptera,Oedemeridae,Oedemera,No,BAT1CA,2005,4,24,BAT1CA_4,5,166,5,75,8
1_Bartomeus,BAT1CA,Focal_observation,Coastal shrubland,Sclerophyllous vegetation,Mediterranean,Spain,Cap de Creus Natural Park,42.352,3.177,2005-04-24,1,Sonchus tenerrinus,Sonchus tenerrimus,SPECIES,Asterales,Asteraceae,Sonchus,Oedemera lurida,Oedemera lurida,SPECIES,Coleoptera,Oedemeridae,Oedemera,No,BAT1CA,2005,4,24,BAT1CA_4,4,166,5,75,8
1_Bartomeus,BAT1CA,Focal_observation,Coastal shrubland,Sclerophyllous vegetation,Mediterranean,Spain,Cap de Creus Natural Park,42.352,3.177,2005-03-28,1,Aetheorrhiza bulbosa,Sonchus bulbosus,SPECIES,Asterales,Asteraceae,Sonchus,Oedemera lurida,Oedemera lurida,SPECIES,Coleoptera,Oedemeridae,Oedemera,No,BAT1CA,2005,3,28,BAT1CA_3,2,70,5,75,8
1_Bartomeus,BAT1CA,Focal_observation,Coastal shrubland,Sclerophyllous vegetation,Mediterranean,Spain,Cap de Creus Natural Park,42.352,3.177,2005-04-24,1,Sonchus tenerrinus,Sonchus tenerrimus,SPECIES,Asterales,Asteraceae,Sonchus,Cryptocephalus,Cryptocephalus,GENUS,Coleoptera,Chrysomelidae,Cryptocephalus,No,BAT1CA,2005,4,24,BAT1CA_4,3,166,5,40,7
1_Bartomeus,BAT1CA,Focal_observation,Coastal shrubland,Sclerophyllous vegetation,Mediterranean,Spain,Cap de Creus Natural Park,42.352,3.177,2005-03-28,1,Lavandula stoechas,Lavandula stoechas,SPECIES,Lamiales,Lamiaceae,Lavandula,Chalicodoma pyrenaica,Megachile pyrenaica,SPECIES,Hymenoptera,Megachilidae,Megachile,No,BAT1CA,2005,3,28,BAT1CA_3,4,91,9,33,8
1_Bartomeus,BAT1CA,Focal_observation,Coastal shrubland,Sclerophyllous vegetation,Mediterranean,Spain,Cap de Creus Natural Park,42.352,3.177,2005-03-28,1,Lavandula stoechas,Lavandula stoechas,SPECIES,Lamiales,Lamiaceae,Lavandula,Anthophora aestivalis,Anthophora aestivalis,SPECIES,Hymenoptera,Apidae,Anthophora,No,BAT1CA,2005,3,28,BAT1CA_3,2,91,9,33,4
1_Bartomeus,BAT1CA,Focal_observation,Coastal shrubland,Sclerophyllous vegetation,Mediterranean,Spain,Cap de Creus Natural Park,42.352,3.177,2005-04-03,1,Sonchus tenerrinus,Sonchus tenerrimus,SPECIES,Asterales,Asteraceae,Sonchus,Panurgus calcaratus,Panurgus calcaratus,SPECIES,Hymenoptera,Andrenidae,Panurgus,No,BAT1CA,2005,4,3,BAT1CA_4,2,166,5,23,10
1_Bartomeus,BAT1CA,Focal_observation,Coastal shrubland,Sclerophyllous vegetation,Mediterranean,Spain,Cap de Creus Natural Park,42.352,3.177,2005-04-09,1,Lavandula stoechas,Lavandula stoechas,SPECIES,Lamiales,Lamiaceae,Lavandula,Anthidium sticticum,Rhodanthidium sticticum,SPECIES,Hymenoptera,Megachilidae,Rhodanthidium,No,BAT1CA,2005,4,9,BAT1CA_4,1,91,9,66,8
1_Bartomeus,BAT1CA,Focal_observation,Coastal shrubland,Sclerophyllous vegetation,Mediterranean,Spain,Cap de Creus Natural Park,42.352,3.177,2005-04-09,1,Lavandula stoechas,Lavandula stoechas,SPECIES,Lamiales,Lamiaceae,Lavandula,Anthidium sticticum,Rhodanthidium sticticum,SPECIES,Hymenoptera,Megachilidae,Rhodanthidium,No,BAT1CA,2005,4,9,BAT1CA_4,1,91,9,66,8
1_Bartomeus,BAT1CA,Focal_observation,Coastal shrubland,Sclerophyllous vegetation,Mediterranean,Spain,Cap de Creus Natural Park,42.352,3.177,2005-04-09,1,Lavandula stoechas,Lavandula stoechas,SPECIES,Lamiales,Lamiaceae,Lavandula,Anthidium sticticum,Rhodanthidium sticticum,SPECIES,Hymenoptera,Megachilidae,Rhodanthidium,No,BAT1CA,2005,4,9,BAT1CA_4,3,91,9,66,8
1_Bartomeus,BAT1CA,Focal_observation,Coastal shrubland,Sclerophyllous vegetation,Mediterranean,Spain,Cap de Creus Natural Park,42.352,3.177,2005-04-09,1,Lavandula stoechas,Lavandula stoechas,SPECIES,Lamiales,Lamiaceae,Lavandula,Anthidium sticticum,Rhodanthidium sticticum,SPECIES,Hymenoptera,Megachilidae,Rhodanthidium,No,BAT1CA,2005,4,9,BAT1CA_4,1,91,9,66,8
1_Bartomeus,BAT1CA,Focal_observation,Coastal shrubland,Sclerophyllous vegetation,Mediterranean,Spain,Cap de Creus Natural Park,42.352,3.177,2005-04-09,1,Lavandula stoechas,Lavandula stoechas,SPECIES,Lamiales,Lamiaceae,Lavandula,Anthidium sticticum,Rhodanthidium sticticum,SPECIES,Hymenoptera,Megachilidae,Rhodanthidium,No,BAT1CA,2005,4,9,BAT1CA_4,3,91,9,66,8
1_Bartomeus,BAT1CA,Focal_observation,Coastal shrubland,Sclerophyllous vegetation,Mediterranean,Spain,Cap de Creus Natural Park,42.352,3.177,2005-04-09,1,Convolvulus althaeoides,Convolvulus althaeoides,SPECIES,Solanales,Convolvulaceae,Convolvulus,Coleoptera,Coleoptera,ORDER,Coleoptera,,,No,BAT1CA,2005,4,9,BAT1CA_4,3,44,9,73,5
1_Bartomeus,BAT1CA,Focal_observation,Coastal shrubland,Sclerophyllous vegetation,Mediterranean,Spain,Cap de Creus Natural Park,42.352,3.177,2005-04-09,1,Aetheorrhiza bulbosa,Sonchus bulbosus,SPECIES,Asterales,Asteraceae,Sonchus,Oedemera flavipes,Oedemera flavipes,SPECIES,Coleoptera,Oedemeridae,Oedemera,No,BAT1CA,2005,4,9,BAT1CA_4,1,70,5,49,8
1_Bartomeus,BAT1CA,Focal_observation,Coastal shrubland,Sclerophyllous vegetation,Mediterranean,Spain,Cap de Creus Natural Park,42.352,3.177,2005-04-09,1,Aetheorrhiza bulbosa,Sonchus bulbosus,SPECIES,Asterales,Asteraceae,Sonchus,Oedemera flavipes,Oedemera flavipes,SPECIES,Coleoptera,Oedemeridae,Oedemera,No,BAT1CA,2005,4,9,BAT1CA_4,2,70,5,49,8
1_Bartomeus,BAT1CA,Focal_observation,Coastal shrubland,Sclerophyllous vegetation,Mediterranean,Spain,Cap de Creus Natural Park,42.352,3.177,2005-04-08,1,Lavandula stoechas,Lavandula stoechas,SPECIES,Lamiales,Lamiaceae,Lavandula,Ichneumonidae,Ichneumonidae,FAMILY,Hymenoptera,Ichneumonidae,,No,BAT1CA,2005,4,8,BAT1CA_4,1,91,9,23,2
1_Bartomeus,BAT1CA,Focal_observation,Coastal shrubland,Sclerophyllous vegetation,Mediterranean,Spain,Cap de Creus Natural Park,42.352,3.177,2005-04-24,1,Convolvulus althaeoides,Convolvulus althaeoides,SPECIES,Solanales,Convolvulaceae,Convolvulus,Oedemera lurida,Oedemera lurida,SPECIES,Coleoptera,Oedemeridae,Oedemera,No,BAT1CA,2005,4,24,BAT1CA_4,1,44,9,75,8
1_Bartomeus,BAT1CA,Focal_observation,Coastal shrubland,Sclerophyllous vegetation,Mediterranean,Spain,Cap de Creus Natural Park,42.352,3.177,2005-04-24,1,Lavandula stoechas,Lavandula stoechas,SPECIES,Lamiales,Lamiaceae,Lavandula,Chalicodoma pyrenaica,Megachile pyrenaica,SPECIES,Hymenoptera,Megachilidae,Megachile,No,BAT1CA,2005,4,24,BAT1CA_4,3,91,9,33,8
1_Bartomeus,BAT1CA,Focal_observation,Coastal shrubland,Sclerophyllous vegetation,Mediterranean,Spain,Cap de Creus Natural Park,42.352,3.177,2005-04-24,1,Lavandula stoechas,Lavandula stoechas,SPECIES,Lamiales,Lamiaceae,Lavandula,Sphecodes,Sphecodes,GENUS,Hymenoptera,Halictidae,Sphecodes,No,BAT1CA,2005,4,24,BAT1CA_4,1,91,9,17,1
1_Bartomeus,BAT1CA,Focal_observation,Coastal shrubland,Sclerophyllous vegetation,Mediterranean,Spain,Cap de Creus Natural Park,42.352,3.177,2005-04-24,1,Lavandula stoechas,Lavandula stoechas,SPECIES,Lamiales,Lamiaceae,Lavandula,Anthidium septemspinosum,Anthidium septemspinosum,SPECIES,Hymenoptera,Megachilidae,Anthidium,No,BAT1CA,2005,4,24,BAT1CA_4,4,91,9,46,1
1_Bartomeus,BAT1CA,Focal_observation,Coastal shrubland,Sclerophyllous vegetation,Mediterranean,Spain,Cap de Creus Natural Park,42.352,3.177,2005-04-24,1,Lavandula stoechas,Lavandula stoechas,SPECIES,Lamiales,Lamiaceae,Lavandula,Halictus rubicundus,Halictus rubicundus,SPECIES,Hymenoptera,Halictidae,Halictus,No,BAT1CA,2005,4,24,BAT1CA_4,2,91,9,13,1
1_Bartomeus,BAT1CA,Focal_observation,Coastal shrubland,Sclerophyllous vegetation,Mediterranean,Spain,Cap de Creus Natural Park,42.352,3.177,2005-03-21,1,Alyssum maritimum,Lobularia maritima,SPECIES,Brassicales,Brassicaceae,Lobularia,Anthidium sticticum,Rhodanthidium sticticum,SPECIES,Hymenoptera,Megachilidae,Rhodanthidium,No,BAT1CA,2005,3,21,BAT1CA_3,5,25,9,66,8
1_Bartomeus,BAT1CA,Focal_observation,Coastal shrubland,Sclerophyllous vegetation,Mediterranean,Spain,Cap de Creus Natural Park,42.352,3.177,2005-04-09,1,Alyssum maritimum,Lobularia maritima,SPECIES,Brassicales,Brassicaceae,Lobularia,Oedemera flavipes,Oedemera flavipes,SPECIES,Coleoptera,Oedemeridae,Oedemera,No,BAT1CA,2005,4,9,BAT1CA_4,1,25,9,49,8
1_Bartomeus,BAT1CA,Focal_observation,Coastal shrubland,Sclerophyllous vegetation,Mediterranean,Spain,Cap de Creus Natural Park,42.352,3.177,2005-04-24,1,Lathyrus clymenum,Lathyrus clymenum,SPECIES,Fabales,Fabaceae,Lathyrus,Anthidium sticticum,Rhodanthidium sticticum,SPECIES,Hymenoptera,Megachilidae,Rhodanthidium,No,BAT1CA,2005,4,24,BAT1CA_4,4,14,6,66,8
1_Bartomeus,BAT1CA,Focal_observation,Coastal shrubland,Sclerophyllous vegetation,Mediterranean,Spain,Cap de Creus Natural Park,42.352,3.177,2005-04-24,1,Lathyrus clymenum,Lathyrus clymenum,SPECIES,Fabales,Fabaceae,Lathyrus,Anthidium sticticum,Rhodanthidium sticticum,SPECIES,Hymenoptera,Megachilidae,Rhodanthidium,No,BAT1CA,2005,4,24,BAT1CA_4,3,14,6,66,8
1_Bartomeus,BAT1CA,Random walk,Coastal shrubland,Sclerophyllous vegetation,Mediterranean,Spain,Cap de Creus Natural Park,42.352,3.177,2005-02-28,1,Thymelaea hirsuta,Thymelaea hirsuta,SPECIES,Malvales,Thymelaeaceae,Thymelaea,Apis melifera,Apis mellifera,SPECIES,Hymenoptera,Apidae,Apis,No,BAT1CA,2005,2,28,BAT1CA_2,5,66,7,59,3
1_Bartomeus,BAT1CA,Random walk,Coastal shrubland,Sclerophyllous vegetation,Mediterranean,Spain,Cap de Creus Natural Park,42.352,3.177,2005-02-28,1,Thymelaea hirsuta,Thymelaea hirsuta,SPECIES,Malvales,Thymelaeaceae,Thymelaea,Apis melifera,Apis mellifera,SPECIES,Hymenoptera,Apidae,Apis,No,BAT1CA,2005,2,28,BAT1CA_2,4,66,7,59,3
1_Bartomeus,BAT1CA,Random walk,Coastal shrubland,Sclerophyllous vegetation,Mediterranean,Spain,Cap de Creus Natural Park,42.352,3.177,2005-02-28,1,Thymelaea hirsuta,Thymelaea hirsuta,SPECIES,Malvales,Thymelaeaceae,Thymelaea,Polistes gallicus,Polistes gallicus,SPECIES,Hymenoptera,Eumenidae,Polistes,No,BAT1CA,2005,2,28,BAT1CA_2,5,66,7,36,5
1_Bartomeus,BAT1CA,Random walk,Coastal shrubland,Sclerophyllous vegetation,Mediterranean,Spain,Cap de Creus Natural Park,42.352,3.177,2005-02-28,1,Thymelaea hirsuta,Thymelaea hirsuta,SPECIES,Malvales,Thymelaeaceae,Thymelaea,Bibionidae,Bibionidae,FAMILY,Diptera,Bibionidae,,No,BAT1CA,2005,2,28,BAT1CA_2,3,66,7,20,1
1_Bartomeus,BAT1CA,Focal_observation,Coastal shrubland,Sclerophyllous vegetation,Mediterranean,Spain,Cap de Creus Natural Park,42.352,3.177,2005-03-13,1,Thymelaea hirsuta,Thymelaea hirsuta,SPECIES,Malvales,Thymelaeaceae,Thymelaea,Anthidium sticticum,Rhodanthidium sticticum,SPECIES,Hymenoptera,Megachilidae,Rhodanthidium,No,BAT1CA,2005,3,13,BAT1CA_3,2,66,7,66,8
1_Bartomeus,BAT1CA,Focal_observation,Coastal shrubland,Sclerophyllous vegetation,Mediterranean,Spain,Cap de Creus Natural Park,42.352,3.177,2005-03-21,1,Thymelaea hirsuta,Thymelaea hirsuta,SPECIES,Malvales,Thymelaeaceae,Thymelaea,Milichidae,Milichiidae,FAMILY,Diptera,Milichiidae,,No,BAT1CA,2005,3,21,BAT1CA_3,1,66,7,26,7
1_Bartomeus,BAT1CA,Focal_observation,Coastal shrubland,Sclerophyllous vegetation,Mediterranean,Spain,Cap de Creus Natural Park,42.352,3.177,2005-03-28,1,Thymelaea hirsuta,Thymelaea hirsuta,SPECIES,Malvales,Thymelaeaceae,Thymelaea,Polistes gallicus,Polistes gallicus,SPECIES,Hymenoptera,Eumenidae,Polistes,No,BAT1CA,2005,3,28,BAT1CA_3,5,66,7,36,5
1_Bartomeus,BAT1CA,Focal_observation,Coastal shrubland,Sclerophyllous vegetation,Mediterranean,Spain,Cap de Creus Natural Park,42.352,3.177,2005-03-28,1,Thymelaea hirsuta,Thymelaea hirsuta,SPECIES,Malvales,Thymelaeaceae,Thymelaea,Bibionidae,Bibionidae,FAMILY,Diptera,Bibionidae,,No,BAT1CA,2005,3,28,BAT1CA_3,2,66,7,20,1
1_Bartomeus,BAT1CA,Focal_observation,Coastal shrubland,Sclerophyllous vegetation,Mediterranean,Spain,Cap de Creus Natural Park,42.352,3.177,2005-03-28,1,Thymelaea hirsuta,Thymelaea hirsuta,SPECIES,Malvales,Thymelaeaceae,Thymelaea,Andrena agilissima,Andrena agilissima,SPECIES,Hymenoptera,Andrenidae,Andrena,No,BAT1CA,2005,3,28,BAT1CA_3,4,66,7,21,9
1_Bartomeus,BAT2CA,Transect,Coastal shrubland,Sclerophyllous vegetation,Mediterranean,Spain,Cap de Creus Natural Park,42.354,3.175,2005-03-21,1,Sonchus tenerrinus,Sonchus tenerrimus,SPECIES,Asterales,Asteraceae,Sonchus,Psilothrix viridicoerulea,Psilothrix viridicoerulea,SPECIES,Coleoptera,Dasytidae,Psilothrix,No,BAT2CA,2005,3,21,BAT2CA_3,3,166,5,45,6
1_Bartomeus,BAT2CA,Transect,Coastal shrubland,Sclerophyllous vegetation,Mediterranean,Spain,Cap de Creus Natural Park,42.354,3.175,2005-03-21,1,Sonchus tenerrinus,Sonchus tenerrimus,SPECIES,Asterales,Asteraceae,Sonchus,Psilothrix viridicoerulea,Psilothrix viridicoerulea,SPECIES,Coleoptera,Dasytidae,Psilothrix,No,BAT2CA,2005,3,21,BAT2CA_3,2,166,5,45,6
1_Bartomeus,BAT2CA,Transect,Coastal shrubland,Sclerophyllous vegetation,Mediterranean,Spain,Cap de Creus Natural Park,42.354,3.175,2005-03-21,1,Sonchus tenerrinus,Sonchus tenerrimus,SPECIES,Asterales,Asteraceae,Sonchus,Psilothrix viridicoerulea,Psilothrix viridicoerulea,SPECIES,Coleoptera,Dasytidae,Psilothrix,No,BAT2CA,2005,3,21,BAT2CA_3,3,166,5,45,6
1_Bartomeus,BAT2CA,Transect,Coastal shrubland,Sclerophyllous vegetation,Mediterranean,Spain,Cap de Creus Natural Park,42.354,3.175,2005-03-21,1,Sonchus tenerrinus,Sonchus tenerrimus,SPECIES,Asterales,Asteraceae,Sonchus,Cryptocephalus,Cryptocephalus,GENUS,Coleoptera,Chrysomelidae,Cryptocephalus,No,BAT2CA,2005,3,21,BAT2CA_3,4,166,5,40,7
1_Bartomeus,BAT2CA,Transect,Coastal shrubland,Sclerophyllous vegetation,Mediterranean,Spain,Cap de Creus Natural Park,42.354,3.175,2005-03-21,1,Sonchus tenerrinus,Sonchus tenerrimus,SPECIES,Asterales,Asteraceae,Sonchus,Mordella bipunctata,Mediimorda bipunctata,SPECIES,Coleoptera,Mordellidae,Mediimorda,No,BAT2CA,2005,3,21,BAT2CA_3,3,166,5,48,5
1_Bartomeus,BAT2CA,Transect,Coastal shrubland,Sclerophyllous vegetation,Mediterranean,Spain,Cap de Creus Natural Park,42.354,3.175,2005-03-21,1,Sonchus tenerrinus,Sonchus tenerrimus,SPECIES,Asterales,Asteraceae,Sonchus,Mordella bipunctata,Mediimorda bipunctata,SPECIES,Coleoptera,Mordellidae,Mediimorda,No,BAT2CA,2005,3,21,BAT2CA_3,5,166,5,48,5
1_Bartomeus,BAT2CA,Transect,Coastal shrubland,Sclerophyllous vegetation,Mediterranean,Spain,Cap de Creus Natural Park,42.354,3.175,2005-03-28,1,Urospermum picroides,Urospermum picroides,SPECIES,Asterales,Asteraceae,Urospermum,Helorus coruscus,Helorus ruficornis,SPECIES,Hymenoptera,Heloridae,Helorus,No,BAT2CA,2005,3,28,BAT2CA_3,5,100,5,9,7
1_Bartomeus,BAT2CA,Transect,Coastal shrubland,Sclerophyllous vegetation,Mediterranean,Spain,Cap de Creus Natural Park,42.354,3.175,2005-03-28,1,Sonchus tenerrinus,Sonchus tenerrimus,SPECIES,Asterales,Asteraceae,Sonchus,Psilothrix viridicoerulea,Psilothrix viridicoerulea,SPECIES,Coleoptera,Dasytidae,Psilothrix,No,BAT2CA,2005,3,28,BAT2CA_3,2,166,5,45,6
1_Bartomeus,BAT2CA,Transect,Coastal shrubland,Sclerophyllous vegetation,Mediterranean,Spain,Cap de Creus Natural Park,42.354,3.175,2005-03-28,1,Sonchus tenerrinus,Sonchus tenerrimus,SPECIES,Asterales,Asteraceae,Sonchus,Psilothrix viridicoerulea,Psilothrix viridicoerulea,SPECIES,Coleoptera,Dasytidae,Psilothrix,No,BAT2CA,2005,3,28,BAT2CA_3,3,166,5,45,6
1_Bartomeus,BAT2CA,Transect,Coastal shrubland,Sclerophyllous vegetation,Mediterranean,Spain,Cap de Creus Natural Park,42.354,3.175,2005-03-28,1,Sonchus tenerrinus,Sonchus tenerrimus,SPECIES,Asterales,Asteraceae,Sonchus,Andrena senecionis,Andrena senecionis,SPECIES,Hymenoptera,Andrenidae,Andrena,No,BAT2CA,2005,3,28,BAT2CA_3,3,166,5,35,9
1_Bartomeus,BAT2CA,Random walk,Coastal shrubland,Sclerophyllous vegetation,Mediterranean,Spain,Cap de Creus Natural Park,42.354,3.175,2005-04-09,1,Urospermum picroides,Urospermum picroides,SPECIES,Asterales,Asteraceae,Urospermum,Colletes,Colletes,GENUS,Hymenoptera,Colletidae,Colletes,No,BAT2CA,2005,4,9,BAT2CA_4,3,100,5,23,5
1_Bartomeus,BAT2CA,Transect,Coastal shrubland,Sclerophyllous vegetation,Mediterranean,Spain,Cap de Creus Natural Park,42.354,3.175,2005-03-28,1,Urospermum picroides,Urospermum picroides,SPECIES,Asterales,Asteraceae,Urospermum,Oedemera flavipes,Oedemera flavipes,SPECIES,Coleoptera,Oedemeridae,Oedemera,No,BAT2CA,2005,3,28,BAT2CA_3,1,100,5,49,8
1_Bartomeus,BAT2CA,Transect,Coastal shrubland,Sclerophyllous vegetation,Mediterranean,Spain,Cap de Creus Natural Park,42.354,3.175,2005-03-28,1,Urospermum picroides,Urospermum picroides,SPECIES,Asterales,Asteraceae,Urospermum,Oedemera flavipes,Oedemera flavipes,SPECIES,Coleoptera,Oedemeridae,Oedemera,No,BAT2CA,2005,3,28,BAT2CA_3,2,100,5,49,8
1_Bartomeus,BAT2CA,Transect,Coastal shrubland,Sclerophyllous vegetation,Mediterranean,Spain,Cap de Creus Natural Park,42.354,3.175,2005-03-28,1,Sonchus tenerrinus,Sonchus tenerrimus,SPECIES,Asterales,Asteraceae,Sonchus,Andrena colletiformis,Andrena colletiformis,SPECIES,Hymenoptera,Andrenidae,Andrena,No,BAT2CA,2005,3,28,BAT2CA_3,3,166,5,12,9
1_Bartomeus,BAT2CA,Random walk,Coastal shrubland,Sclerophyllous vegetation,Mediterranean,Spain,Cap de Creus Natural Park,42.354,3.175,2005-04-08,1,Sonchus tenerrinus,Sonchus tenerrimus,SPECIES,Asterales,Asteraceae,Sonchus,Oedemera lurida,Oedemera lurida,SPECIES,Coleoptera,Oedemeridae,Oedemera,No,BAT2CA,2005,4,8,BAT2CA_4,5,166,5,75,8
1_Bartomeus,BAT2CA,Random walk,Coastal shrubland,Sclerophyllous vegetation,Mediterranean,Spain,Cap de Creus Natural Park,42.354,3.175,2005-04-08,1,Sonchus tenerrinus,Sonchus tenerrimus,SPECIES,Asterales,Asteraceae,Sonchus,Oedemera lurida,Oedemera lurida,SPECIES,Coleoptera,Oedemeridae,Oedemera,No,BAT2CA,2005,4,8,BAT2CA_4,2,166,5,75,8
1_Bartomeus,BAT2CA,Random walk,Coastal shrubland,Sclerophyllous vegetation,Mediterranean,Spain,Cap de Creus Natural Park,42.354,3.175,2005-04-08,1,Sonchus tenerrinus,Sonchus tenerrimus,SPECIES,Asterales,Asteraceae,Sonchus,Oedemera lurida,Oedemera lurida,SPECIES,Coleoptera,Oedemeridae,Oedemera,No,BAT2CA,2005,4,8,BAT2CA_4,4,166,5,75,8
1_Bartomeus,BAT2CA,Random walk,Coastal shrubland,Sclerophyllous vegetation,Mediterranean,Spain,Cap de Creus Natural Park,42.354,3.175,2005-04-09,1,Urospermum picroides,Urospermum picroides,SPECIES,Asterales,Asteraceae,Urospermum,Oxythyrea funesta,Oxythyrea funesta,SPECIES,Coleoptera,Scarabaeidae,Oxythyrea,No,BAT2CA,2005,4,9,BAT2CA_4,4,100,5,54,3
1_Bartomeus,BAT2CA,Random walk,Coastal shrubland,Sclerophyllous vegetation,Mediterranean,Spain,Cap de Creus Natural Park,42.354,3.175,2005-04-09,1,Urospermum picroides,Urospermum picroides,SPECIES,Asterales,Asteraceae,Urospermum,Psilothrix viridicoerulea,Psilothrix viridicoerulea,SPECIES,Coleoptera,Dasytidae,Psilothrix,No,BAT2CA,2005,4,9,BAT2CA_4,5,100,5,45,6
1_Bartomeus,BAT2CA,Transect,Coastal shrubland,Sclerophyllous vegetation,Mediterranean,Spain,Cap de Creus Natural Park,42.354,3.175,2005-02-28,1,Aetheorrhiza bulbosa,Sonchus bulbosus,SPECIES,Asterales,Asteraceae,Sonchus,Halictus gemmeus,Seladonia gemmea,SPECIES,Hymenoptera,Halictidae,Seladonia,No,BAT2CA,2005,2,28,BAT2CA_2,1,70,5,22,1
1_Bartomeus,BAT2CA,Random walk,Coastal shrubland,Sclerophyllous vegetation,Mediterranean,Spain,Cap de Creus Natural Park,42.354,3.175,2005-04-09,1,Urospermum picroides,Urospermum picroides,SPECIES,Asterales,Asteraceae,Urospermum,Cryptocephalus,Cryptocephalus,GENUS,Coleoptera,Chrysomelidae,Cryptocephalus,No,BAT2CA,2005,4,9,BAT2CA_4,4,100,5,40,7
1_Bartomeus,BAT2CA,Transect,Coastal shrubland,Sclerophyllous vegetation,Mediterranean,Spain,Cap de Creus Natural Park,42.354,3.175,2005-02-28,1,Euphorbia segetalis,Euphorbia segetalis,SPECIES,Malpighiales,Euphorbiaceae,Euphorbia,Plagiolepis pygmaea,Plagiolepis pygmaea,SPECIES,Hymenoptera,Formicidae,Plagiolepis,No,BAT2CA,2005,2,28,BAT2CA_2,2,6,3,41,4
1_Bartomeus,BAT2CA,Random walk,Coastal shrubland,Sclerophyllous vegetation,Mediterranean,Spain,Cap de Creus Natural Park,42.354,3.175,2005-04-09,1,Sonchus tenerrinus,Sonchus tenerrimus,SPECIES,Asterales,Asteraceae,Sonchus,Cryptocephalus,Cryptocephalus,GENUS,Coleoptera,Chrysomelidae,Cryptocephalus,No,BAT2CA,2005,4,9,BAT2CA_4,3,166,5,40,7
1_Bartomeus,BAT2CA,Transect,Coastal shrubland,Sclerophyllous vegetation,Mediterranean,Spain,Cap de Creus Natural Park,42.354,3.175,2005-03-13,1,Carpobrotus affinis acinaciformis,Carpobrotus acinaciformis,SPECIES,Caryophyllales,Aizoaceae,Carpobrotus,Anthidium sticticum,Rhodanthidium sticticum,SPECIES,Hymenoptera,Megachilidae,Rhodanthidium,No,BAT2CA,2005,3,13,BAT2CA_3,1,129,2,66,8
1_Bartomeus,BAT2CA,Transect,Coastal shrubland,Sclerophyllous vegetation,Mediterranean,Spain,Cap de Creus Natural Park,42.354,3.175,2005-03-13,1,Lavandula stoechas,Lavandula stoechas,SPECIES,Lamiales,Lamiaceae,Lavandula,Anthidium sticticum,Rhodanthidium sticticum,SPECIES,Hymenoptera,Megachilidae,Rhodanthidium,No,BAT2CA,2005,3,13,BAT2CA_3,4,91,9,66,8
1_Bartomeus,BAT2CA,Transect,Coastal shrubland,Sclerophyllous vegetation,Mediterranean,Spain,Cap de Creus Natural Park,42.354,3.175,2005-03-13,1,Lavandula stoechas,Lavandula stoechas,SPECIES,Lamiales,Lamiaceae,Lavandula,Anthidium sticticum,Rhodanthidium sticticum,SPECIES,Hymenoptera,Megachilidae,Rhodanthidium,No,BAT2CA,2005,3,13,BAT2CA_3,1,91,9,66,8
1_Bartomeus,BAT2CA,Transect,Coastal shrubland,Sclerophyllous vegetation,Mediterranean,Spain,Cap de Creus Natural Park,42.354,3.175,2005-03-13,1,Lavandula stoechas,Lavandula stoechas,SPECIES,Lamiales,Lamiaceae,Lavandula,Anthidium sticticum,Rhodanthidium sticticum,SPECIES,Hymenoptera,Megachilidae,Rhodanthidium,No,BAT2CA,2005,3,13,BAT2CA_3,2,91,9,66,8
1_Bartomeus,BAT2CA,Transect,Coastal shrubland,Sclerophyllous vegetation,Mediterranean,Spain,Cap de Creus Natural Park,42.354,3.175,2005-03-13,1,Aetheorrhiza bulbosa,Sonchus bulbosus,SPECIES,Asterales,Asteraceae,Sonchus,Lasioglossum pauxillum,Lasioglossum pauxillum,SPECIES,Hymenoptera,Halictidae,Lasioglossum,No,BAT2CA,2005,3,13,BAT2CA_3,3,70,5,38,1
1_Bartomeus,BAT2CA,Random walk,Coastal shrubland,Sclerophyllous vegetation,Mediterranean,Spain,Cap de Creus Natural Park,42.354,3.175,2005-04-08,1,Sonchus tenerrinus,Sonchus tenerrimus,SPECIES,Asterales,Asteraceae,Sonchus,Oedemera flavipes,Oedemera flavipes,SPECIES,Coleoptera,Oedemeridae,Oedemera,No,BAT2CA,2005,4,8,BAT2CA_4,4,166,5,49,8
1_Bartomeus,BAT2CA,Random walk,Coastal shrubland,Sclerophyllous vegetation,Mediterranean,Spain,Cap de Creus Natural Park,42.354,3.175,2005-04-08,1,Sonchus tenerrinus,Sonchus tenerrimus,SPECIES,Asterales,Asteraceae,Sonchus,Oedemera flavipes,Oedemera flavipes,SPECIES,Coleoptera,Oedemeridae,Oedemera,No,BAT2CA,2005,4,8,BAT2CA_4,3,166,5,49,8
1_Bartomeus,BAT2CA,Random walk,Coastal shrubland,Sclerophyllous vegetation,Mediterranean,Spain,Cap de Creus Natural Park,42.354,3.175,2005-04-08,1,Sonchus tenerrinus,Sonchus tenerrimus,SPECIES,Asterales,Asteraceae,Sonchus,Oedemera flavipes,Oedemera flavipes,SPECIES,Coleoptera,Oedemeridae,Oedemera,No,BAT2CA,2005,4,8,BAT2CA_4,5,166,5,49,8
1_Bartomeus,BAT2CA,Random walk,Coastal shrubland,Sclerophyllous vegetation,Mediterranean,Spain,Cap de Creus Natural Park,42.354,3.175,2005-04-08,1,Sonchus tenerrinus,Sonchus tenerrimus,SPECIES,Asterales,Asteraceae,Sonchus,Oedemera flavipes,Oedemera flavipes,SPECIES,Coleoptera,Oedemeridae,Oedemera,No,BAT2CA,2005,4,8,BAT2CA_4,1,166,5,49,8
1_Bartomeus,BAT2CA,Transect,Coastal shrubland,Sclerophyllous vegetation,Mediterranean,Spain,Cap de Creus Natural Park,42.354,3.175,2005-03-13,1,Carpobrotus affinis acinaciformis,Carpobrotus acinaciformis,SPECIES,Caryophyllales,Aizoaceae,Carpobrotus,Oxythyrea funesta,Oxythyrea funesta,SPECIES,Coleoptera,Scarabaeidae,Oxythyrea,No,BAT2CA,2005,3,13,BAT2CA_3,2,129,2,54,3
1_Bartomeus,BAT2CA,Transect,Coastal shrubland,Sclerophyllous vegetation,Mediterranean,Spain,Cap de Creus Natural Park,42.354,3.175,2005-03-13,1,Carpobrotus affinis acinaciformis,Carpobrotus acinaciformis,SPECIES,Caryophyllales,Aizoaceae,Carpobrotus,Oxythyrea funesta,Oxythyrea funesta,SPECIES,Coleoptera,Scarabaeidae,Oxythyrea,No,BAT2CA,2005,3,13,BAT2CA_3,2,129,2,54,3
1_Bartomeus,BAT2CA,Transect,Coastal shrubland,Sclerophyllous vegetation,Mediterranean,Spain,Cap de Creus Natural Park,42.354,3.175,2005-03-13,1,Aetheorrhiza bulbosa,Sonchus bulbosus,SPECIES,Asterales,Asteraceae,Sonchus,Psilothrix viridicoerulea,Psilothrix viridicoerulea,SPECIES,Coleoptera,Dasytidae,Psilothrix,No,BAT2CA,2005,3,13,BAT2CA_3,2,70,5,45,6
1_Bartomeus,BAT2CA,Transect,Coastal shrubland,Sclerophyllous vegetation,Mediterranean,Spain,Cap de Creus Natural Park,42.354,3.175,2005-03-13,1,Aetheorrhiza bulbosa,Sonchus bulbosus,SPECIES,Asterales,Asteraceae,Sonchus,Psilothrix viridicoerulea,Psilothrix viridicoerulea,SPECIES,Coleoptera,Dasytidae,Psilothrix,No,BAT2CA,2005,3,13,BAT2CA_3,1,70,5,45,6
1_Bartomeus,BAT2CA,Transect,Coastal shrubland,Sclerophyllous vegetation,Mediterranean,Spain,Cap de Creus Natural Park,42.354,3.175,2005-03-13,1,Aetheorrhiza bulbosa,Sonchus bulbosus,SPECIES,Asterales,Asteraceae,Sonchus,Psilothrix viridicoerulea,Psilothrix viridicoerulea,SPECIES,Coleoptera,Dasytidae,Psilothrix,No,BAT2CA,2005,3,13,BAT2CA_3,3,70,5,45,6
1_Bartomeus,BAT2CA,Transect,Coastal shrubland,Sclerophyllous vegetation,Mediterranean,Spain,Cap de Creus Natural Park,42.354,3.175,2005-03-13,1,Aetheorrhiza bulbosa,Sonchus bulbosus,SPECIES,Asterales,Asteraceae,Sonchus,Psilothrix viridicoerulea,Psilothrix viridicoerulea,SPECIES,Coleoptera,Dasytidae,Psilothrix,No,BAT2CA,2005,3,13,BAT2CA_3,2,70,5,45,6
1_Bartomeus,BAT2CA,Transect,Coastal shrubland,Sclerophyllous vegetation,Mediterranean,Spain,Cap de Creus Natural Park,42.354,3.175,2005-03-13,1,Euphorbia segetalis,Euphorbia segetalis,SPECIES,Malpighiales,Euphorbiaceae,Euphorbia,Nomada,Nomada,GENUS,Hymenoptera,Apidae,Nomada,No,BAT2CA,2005,3,13,BAT2CA_3,3,6,3,21,6
1_Bartomeus,BAT2CA,Transect,Coastal shrubland,Sclerophyllous vegetation,Mediterranean,Spain,Cap de Creus Natural Park,42.354,3.175,2005-03-13,1,Carpobrotus affinis acinaciformis,Carpobrotus acinaciformis,SPECIES,Caryophyllales,Aizoaceae,Carpobrotus,Psilothrix viridicoerulea,Psilothrix viridicoerulea,SPECIES,Coleoptera,Dasytidae,Psilothrix,No,BAT2CA,2005,3,13,BAT2CA_3,3,129,2,45,6
1_Bartomeus,BAT2CA,Transect,Coastal shrubland,Sclerophyllous vegetation,Mediterranean,Spain,Cap de Creus Natural Park,42.354,3.175,2005-03-13,1,Carpobrotus affinis acinaciformis,Carpobrotus acinaciformis,SPECIES,Caryophyllales,Aizoaceae,Carpobrotus,Psilothrix viridicoerulea,Psilothrix viridicoerulea,SPECIES,Coleoptera,Dasytidae,Psilothrix,No,BAT2CA,2005,3,13,BAT2CA_3,2,129,2,45,6
1_Bartomeus,BAT2CA,Transect,Coastal shrubland,Sclerophyllous vegetation,Mediterranean,Spain,Cap de Creus Natural Park,42.354,3.175,2005-03-13,1,Carpobrotus affinis acinaciformis,Carpobrotus acinaciformis,SPECIES,Caryophyllales,Aizoaceae,Carpobrotus,Psilothrix viridicoerulea,Psilothrix viridicoerulea,SPECIES,Coleoptera,Dasytidae,Psilothrix,No,BAT2CA,2005,3,13,BAT2CA_3,3,129,2,45,6
1_Bartomeus,BAT2CA,Transect,Coastal shrubland,Sclerophyllous vegetation,Mediterranean,Spain,Cap de Creus Natural Park,42.354,3.175,2005-03-13,1,Carpobrotus affinis acinaciformis,Carpobrotus acinaciformis,SPECIES,Caryophyllales,Aizoaceae,Carpobrotus,Psilothrix viridicoerulea,Psilothrix viridicoerulea,SPECIES,Coleoptera,Dasytidae,Psilothrix,No,BAT2CA,2005,3,13,BAT2CA_3,3,129,2,45,6
1_Bartomeus,BAT2CA,Transect,Coastal shrubland,Sclerophyllous vegetation,Mediterranean,Spain,Cap de Creus Natural Park,42.354,3.175,2005-03-13,1,Carpobrotus affinis acinaciformis,Carpobrotus acinaciformis,SPECIES,Caryophyllales,Aizoaceae,Carpobrotus,Psilothrix viridicoerulea,Psilothrix viridicoerulea,SPECIES,Coleoptera,Dasytidae,Psilothrix,No,BAT2CA,2005,3,13,BAT2CA_3,5,129,2,45,6
1_Bartomeus,BAT2CA,Transect,Coastal shrubland,Sclerophyllous vegetation,Mediterranean,Spain,Cap de Creus Natural Park,42.354,3.175,2005-03-13,1,Lavandula stoechas,Lavandula stoechas,SPECIES,Lamiales,Lamiaceae,Lavandula,Callophrys rubi,Callophrys rubi,SPECIES,Lepidoptera,Lycaenidae,Callophrys,No,BAT2CA,2005,3,13,BAT2CA_3,1,91,9,13,5
1_Bartomeus,BAT2CA,Transect,Coastal shrubland,Sclerophyllous vegetation,Mediterranean,Spain,Cap de Creus Natural Park,42.354,3.175,2005-03-13,1,Lavandula stoechas,Lavandula stoechas,SPECIES,Lamiales,Lamiaceae,Lavandula,Lasioglossum bimaculatum,Lasioglossum bimaculatum,SPECIES,Hymenoptera,Halictidae,Lasioglossum,No,BAT2CA,2005,3,13,BAT2CA_3,4,91,9,33,1
1_Bartomeus,BAT2CA,Transect,Coastal shrubland,Sclerophyllous vegetation,Mediterranean,Spain,Cap de Creus Natural Park,42.354,3.175,2005-03-13,1,Lavandula stoechas,Lavandula stoechas,SPECIES,Lamiales,Lamiaceae,Lavandula,Lasioglossum bimaculatum,Lasioglossum bimaculatum,SPECIES,Hymenoptera,Halictidae,Lasioglossum,No,BAT2CA,2005,3,13,BAT2CA_3,1,91,9,33,1
1_Bartomeus,BAT2CA,Transect,Coastal shrubland,Sclerophyllous vegetation,Mediterranean,Spain,Cap de Creus Natural Park,42.354,3.175,2005-03-13,1,Lavandula stoechas,Lavandula stoechas,SPECIES,Lamiales,Lamiaceae,Lavandula,Anthophora retusa,Anthophora retusa,SPECIES,Hymenoptera,Apidae,Anthophora,No,BAT2CA,2005,3,13,BAT2CA_3,2,91,9,30,4
1_Bartomeus,BAT2CA,Transect,Coastal shrubland,Sclerophyllous vegetation,Mediterranean,Spain,Cap de Creus Natural Park,42.354,3.175,2005-03-13,1,Lavandula stoechas,Lavandula stoechas,SPECIES,Lamiales,Lamiaceae,Lavandula,Anthophora retusa,Anthophora retusa,SPECIES,Hymenoptera,Apidae,Anthophora,No,BAT2CA,2005,3,13,BAT2CA_3,3,91,9,30,4
1_Bartomeus,BAT2CA,Transect,Coastal shrubland,Sclerophyllous vegetation,Mediterranean,Spain,Cap de Creus Natural Park,42.354,3.175,2005-03-21,1,Carpobrotus affinis acinaciformis,Carpobrotus acinaciformis,SPECIES,Caryophyllales,Aizoaceae,Carpobrotus,Anthidium sticticum,Rhodanthidium sticticum,SPECIES,Hymenoptera,Megachilidae,Rhodanthidium,No,BAT2CA,2005,3,21,BAT2CA_3,5,129,2,66,8
1_Bartomeus,BAT2CA,Random walk,Coastal shrubland,Sclerophyllous vegetation,Mediterranean,Spain,Cap de Creus Natural Park,42.354,3.175,2005-04-08,1,Sonchus tenerrinus,Sonchus tenerrimus,SPECIES,Asterales,Asteraceae,Sonchus,Nomada merceti,Nomada merceti,SPECIES,Hymenoptera,Apidae,Nomada,No,BAT2CA,2005,4,8,BAT2CA_4,2,166,5,10,4
1_Bartomeus,BAT2CA,Transect,Coastal shrubland,Sclerophyllous vegetation,Mediterranean,Spain,Cap de Creus Natural Park,42.354,3.175,2005-03-21,1,Carpobrotus affinis acinaciformis,Carpobrotus acinaciformis,SPECIES,Caryophyllales,Aizoaceae,Carpobrotus,Oxythyrea funesta,Oxythyrea funesta,SPECIES,Coleoptera,Scarabaeidae,Oxythyrea,No,BAT2CA,2005,3,21,BAT2CA_3,3,129,2,54,3
1_Bartomeus,BAT2CA,Transect,Coastal shrubland,Sclerophyllous vegetation,Mediterranean,Spain,Cap de Creus Natural Park,42.354,3.175,2005-03-21,1,Carpobrotus affinis acinaciformis,Carpobrotus acinaciformis,SPECIES,Caryophyllales,Aizoaceae,Carpobrotus,Oxythyrea funesta,Oxythyrea funesta,SPECIES,Coleoptera,Scarabaeidae,Oxythyrea,No,BAT2CA,2005,3,21,BAT2CA_3,3,129,2,54,3
1_Bartomeus,BAT2CA,Transect,Coastal shrubland,Sclerophyllous vegetation,Mediterranean,Spain,Cap de Creus Natural Park,42.354,3.175,2005-03-21,1,Carpobrotus affinis acinaciformis,Carpobrotus acinaciformis,SPECIES,Caryophyllales,Aizoaceae,Carpobrotus,Psilothrix viridicoerulea,Psilothrix viridicoerulea,SPECIES,Coleoptera,Dasytidae,Psilothrix,No,BAT2CA,2005,3,21,BAT2CA_3,4,129,2,45,6
1_Bartomeus,BAT2CA,Transect,Coastal shrubland,Sclerophyllous vegetation,Mediterranean,Spain,Cap de Creus Natural Park,42.354,3.175,2005-03-21,1,Carpobrotus affinis acinaciformis,Carpobrotus acinaciformis,SPECIES,Caryophyllales,Aizoaceae,Carpobrotus,Psilothrix viridicoerulea,Psilothrix viridicoerulea,SPECIES,Coleoptera,Dasytidae,Psilothrix,No,BAT2CA,2005,3,21,BAT2CA_3,2,129,2,45,6
1_Bartomeus,BAT2CA,Transect,Coastal shrubland,Sclerophyllous vegetation,Mediterranean,Spain,Cap de Creus Natural Park,42.354,3.175,2005-03-21,1,Carpobrotus affinis acinaciformis,Carpobrotus acinaciformis,SPECIES,Caryophyllales,Aizoaceae,Carpobrotus,Psilothrix viridicoerulea,Psilothrix viridicoerulea,SPECIES,Coleoptera,Dasytidae,Psilothrix,No,BAT2CA,2005,3,21,BAT2CA_3,3,129,2,45,6
1_Bartomeus,BAT2CA,Transect,Coastal shrubland,Sclerophyllous vegetation,Mediterranean,Spain,Cap de Creus Natural Park,42.354,3.175,2005-03-21,1,Carpobrotus affinis acinaciformis,Carpobrotus acinaciformis,SPECIES,Caryophyllales,Aizoaceae,Carpobrotus,Psilothrix viridicoerulea,Psilothrix viridicoerulea,SPECIES,Coleoptera,Dasytidae,Psilothrix,No,BAT2CA,2005,3,21,BAT2CA_3,5,129,2,45,6
1_Bartomeus,BAT2CA,Transect,Coastal shrubland,Sclerophyllous vegetation,Mediterranean,Spain,Cap de Creus Natural Park,42.354,3.175,2005-03-21,1,Carpobrotus affinis acinaciformis,Carpobrotus acinaciformis,SPECIES,Caryophyllales,Aizoaceae,Carpobrotus,Psilothrix viridicoerulea,Psilothrix viridicoerulea,SPECIES,Coleoptera,Dasytidae,Psilothrix,No,BAT2CA,2005,3,21,BAT2CA_3,3,129,2,45,6
1_Bartomeus,BAT2CA,Random walk,Coastal shrubland,Sclerophyllous vegetation,Mediterranean,Spain,Cap de Creus Natural Park,42.354,3.175,2005-04-08,1,Sonchus tenerrinus,Sonchus tenerrimus,SPECIES,Asterales,Asteraceae,Sonchus,Andrena cinerea,Andrena cinerea,SPECIES,Hymenoptera,Andrenidae,Andrena,No,BAT2CA,2005,4,8,BAT2CA_4,5,166,5,8,1
1_Bartomeus,BAT2CA,Random walk,Coastal shrubland,Sclerophyllous vegetation,Mediterranean,Spain,Cap de Creus Natural Park,42.354,3.175,2005-04-08,1,Sonchus tenerrinus,Sonchus tenerrimus,SPECIES,Asterales,Asteraceae,Sonchus,Hylaeus gredleri,Hylaeus gredleri,SPECIES,Hymenoptera,Colletidae,Hylaeus,No,BAT2CA,2005,4,8,BAT2CA_4,2,166,5,18,5
1_Bartomeus,BAT2CA,Random walk,Coastal shrubland,Sclerophyllous vegetation,Mediterranean,Spain,Cap de Creus Natural Park,42.354,3.175,2005-04-08,1,Sonchus tenerrinus,Sonchus tenerrimus,SPECIES,Asterales,Asteraceae,Sonchus,Hylaeus gredleri,Hylaeus gredleri,SPECIES,Hymenoptera,Colletidae,Hylaeus,No,BAT2CA,2005,4,8,BAT2CA_4,3,166,5,18,5
1_Bartomeus,BAT2CA,Transect,Coastal shrubland,Sclerophyllous vegetation,Mediterranean,Spain,Cap de Creus Natural Park,42.354,3.175,2005-03-21,1,Aetheorrhiza bulbosa,Sonchus bulbosus,SPECIES,Asterales,Asteraceae,Sonchus,Mordella bipunctata,Mediimorda bipunctata,SPECIES,Coleoptera,Mordellidae,Mediimorda,No,BAT2CA,2005,3,21,BAT2CA_3,1,70,5,48,5
1_Bartomeus,BAT2CA,Transect,Coastal shrubland,Sclerophyllous vegetation,Mediterranean,Spain,Cap de Creus Natural Park,42.354,3.175,2005-03-21,1,Lavandula stoechas,Lavandula stoechas,SPECIES,Lamiales,Lamiaceae,Lavandula,Callophrys rubi,Callophrys rubi,SPECIES,Lepidoptera,Lycaenidae,Callophrys,No,BAT2CA,2005,3,21,BAT2CA_3,3,91,9,13,5
1_Bartomeus,BAT2CA,Transect,Coastal shrubland,Sclerophyllous vegetation,Mediterranean,Spain,Cap de Creus Natural Park,42.354,3.175,2005-03-21,1,Lavandula stoechas,Lavandula stoechas,SPECIES,Lamiales,Lamiaceae,Lavandula,Osmia aurulenta,Osmia aurulenta,SPECIES,Hymenoptera,Megachilidae,Osmia,No,BAT2CA,2005,3,21,BAT2CA_3,3,91,9,24,8
1_Bartomeus,BAT2CA,Transect,Coastal shrubland,Sclerophyllous vegetation,Mediterranean,Spain,Cap de Creus Natural Park,42.354,3.175,2005-03-21,1,Lavandula stoechas,Lavandula stoechas,SPECIES,Lamiales,Lamiaceae,Lavandula,Anthophora retusa,Anthophora retusa,SPECIES,Hymenoptera,Apidae,Anthophora,No,BAT2CA,2005,3,21,BAT2CA_3,3,91,9,30,4
1_Bartomeus,BAT2CA,Transect,Coastal shrubland,Sclerophyllous vegetation,Mediterranean,Spain,Cap de Creus Natural Park,42.354,3.175,2005-03-21,1,Lavandula stoechas,Lavandula stoechas,SPECIES,Lamiales,Lamiaceae,Lavandula,Anthophora retusa,Anthophora retusa,SPECIES,Hymenoptera,Apidae,Anthophora,No,BAT2CA,2005,3,21,BAT2CA_3,4,91,9,30,4
1_Bartomeus,BAT2CA,Transect,Coastal shrubland,Sclerophyllous vegetation,Mediterranean,Spain,Cap de Creus Natural Park,42.354,3.175,2005-03-21,1,Carpobrotus affinis acinaciformis,Carpobrotus acinaciformis,SPECIES,Caryophyllales,Aizoaceae,Carpobrotus,Eucera,Eucera,GENUS,Hymenoptera,Apidae,Eucera,No,BAT2CA,2005,3,21,BAT2CA_3,3,129,2,29,4
1_Bartomeus,BAT2CA,Random walk,Coastal shrubland,Sclerophyllous vegetation,Mediterranean,Spain,Cap de Creus Natural Park,42.354,3.175,2005-04-24,1,Urospermum picroides,Urospermum picroides,SPECIES,Asterales,Asteraceae,Urospermum,Cryptocephalus,Cryptocephalus,GENUS,Coleoptera,Chrysomelidae,Cryptocephalus,No,BAT2CA,2005,4,24,BAT2CA_4,5,100,5,40,7
1_Bartomeus,BAT2CA,Transect,Coastal shrubland,Sclerophyllous vegetation,Mediterranean,Spain,Cap de Creus Natural Park,42.354,3.175,2005-03-28,1,Carpobrotus affinis acinaciformis,Carpobrotus acinaciformis,SPECIES,Caryophyllales,Aizoaceae,Carpobrotus,Anthidium sticticum,Rhodanthidium sticticum,SPECIES,Hymenoptera,Megachilidae,Rhodanthidium,No,BAT2CA,2005,3,28,BAT2CA_3,3,129,2,66,8
1_Bartomeus,BAT2CA,Random walk,Coastal shrubland,Sclerophyllous vegetation,Mediterranean,Spain,Cap de Creus Natural Park,42.354,3.175,2005-04-24,1,Sonchus tenerrinus,Sonchus tenerrimus,SPECIES,Asterales,Asteraceae,Sonchus,Andrena senecionis,Andrena senecionis,SPECIES,Hymenoptera,Andrenidae,Andrena,No,BAT2CA,2005,4,24,BAT2CA_4,3,166,5,35,9
1_Bartomeus,BAT2CA,Random walk,Coastal shrubland,Sclerophyllous vegetation,Mediterranean,Spain,Cap de Creus Natural Park,42.354,3.175,2005-04-24,1,Sonchus tenerrinus,Sonchus tenerrimus,SPECIES,Asterales,Asteraceae,Sonchus,Andrena senecionis,Andrena senecionis,SPECIES,Hymenoptera,Andrenidae,Andrena,No,BAT2CA,2005,4,24,BAT2CA_4,5,166,5,35,9
1_Bartomeus,BAT2CA,Random walk,Coastal shrubland,Sclerophyllous vegetation,Mediterranean,Spain,Cap de Creus Natural Park,42.354,3.175,2005-04-24,1,Sonchus tenerrinus,Sonchus tenerrimus,SPECIES,Asterales,Asteraceae,Sonchus,Andrena senecionis,Andrena senecionis,SPECIES,Hymenoptera,Andrenidae,Andrena,No,BAT2CA,2005,4,24,BAT2CA_4,3,166,5,35,9
1_Bartomeus,BAT2CA,Transect,Coastal shrubland,Sclerophyllous vegetation,Mediterranean,Spain,Cap de Creus Natural Park,42.354,3.175,2005-03-28,1,Carpobrotus affinis acinaciformis,Carpobrotus acinaciformis,SPECIES,Caryophyllales,Aizoaceae,Carpobrotus,Oedemera lurida,Oedemera lurida,SPECIES,Coleoptera,Oedemeridae,Oedemera,No,BAT2CA,2005,3,28,BAT2CA_3,2,129,2,75,8
1_Bartomeus,BAT2CA,Random walk,Coastal shrubland,Sclerophyllous vegetation,Mediterranean,Spain,Cap de Creus Natural Park,42.354,3.175,2005-04-24,1,Sonchus tenerrinus,Sonchus tenerrimus,SPECIES,Asterales,Asteraceae,Sonchus,Andrena colletiformis,Andrena colletiformis,SPECIES,Hymenoptera,Andrenidae,Andrena,No,BAT2CA,2005,4,24,BAT2CA_4,3,166,5,12,9
1_Bartomeus,BAT2CA,Transect,Coastal shrubland,Sclerophyllous vegetation,Mediterranean,Spain,Cap de Creus Natural Park,42.354,3.175,2005-03-28,1,Carpobrotus affinis acinaciformis,Carpobrotus acinaciformis,SPECIES,Caryophyllales,Aizoaceae,Carpobrotus,Coleoptera,Coleoptera,ORDER,Coleoptera,,,No,BAT2CA,2005,3,28,BAT2CA_3,3,129,2,73,5
1_Bartomeus,BAT2CA,Transect,Coastal shrubland,Sclerophyllous vegetation,Mediterranean,Spain,Cap de Creus Natural Park,42.354,3.175,2005-03-28,1,Aetheorrhiza bulbosa,Sonchus bulbosus,SPECIES,Asterales,Asteraceae,Sonchus,Psilothrix viridicoerulea,Psilothrix viridicoerulea,SPECIES,Coleoptera,Dasytidae,Psilothrix,No,BAT2CA,2005,3,28,BAT2CA_3,3,70,5,45,6
1_Bartomeus,BAT2CA,Transect,Coastal shrubland,Sclerophyllous vegetation,Mediterranean,Spain,Cap de Creus Natural Park,42.354,3.175,2005-03-28,1,Aetheorrhiza bulbosa,Sonchus bulbosus,SPECIES,Asterales,Asteraceae,Sonchus,Cryptocephalus,Cryptocephalus,GENUS,Coleoptera,Chrysomelidae,Cryptocephalus,No,BAT2CA,2005,3,28,BAT2CA_3,3,70,5,40,7
1_Bartomeus,BAT2CA,Transect,Coastal shrubland,Sclerophyllous vegetation,Mediterranean,Spain,Cap de Creus Natural Park,42.354,3.175,2005-03-28,1,Aetheorrhiza bulbosa,Sonchus bulbosus,SPECIES,Asterales,Asteraceae,Sonchus,Nomada fallax,Nomada fallax,SPECIES,Hymenoptera,Apidae,Nomada,No,BAT2CA,2005,3,28,BAT2CA_3,3,70,5,9,4
1_Bartomeus,BAT2CA,Random walk,Coastal shrubland,Sclerophyllous vegetation,Mediterranean,Spain,Cap de Creus Natural Park,42.354,3.175,2005-04-09,1,Carpobrotus affinis acinaciformis,Carpobrotus acinaciformis,SPECIES,Caryophyllales,Aizoaceae,Carpobrotus,Anthidium sticticum,Rhodanthidium sticticum,SPECIES,Hymenoptera,Megachilidae,Rhodanthidium,No,BAT2CA,2005,4,9,BAT2CA_4,5,129,2,66,8
1_Bartomeus,BAT2CA,Random walk,Coastal shrubland,Sclerophyllous vegetation,Mediterranean,Spain,Cap de Creus Natural Park,42.354,3.175,2005-04-09,1,Carpobrotus affinis acinaciformis,Carpobrotus acinaciformis,SPECIES,Caryophyllales,Aizoaceae,Carpobrotus,Apis melifera,Apis mellifera,SPECIES,Hymenoptera,Apidae,Apis,No,BAT2CA,2005,4,9,BAT2CA_4,1,129,2,59,3
1_Bartomeus,BAT2CA,Random walk,Coastal shrubland,Sclerophyllous vegetation,Mediterranean,Spain,Cap de Creus Natural Park,42.354,3.175,2005-04-09,1,Carpobrotus affinis acinaciformis,Carpobrotus acinaciformis,SPECIES,Caryophyllales,Aizoaceae,Carpobrotus,Apis melifera,Apis mellifera,SPECIES,Hymenoptera,Apidae,Apis,No,BAT2CA,2005,4,9,BAT2CA_4,5,129,2,59,3
1_Bartomeus,BAT2CA,Random walk,Coastal shrubland,Sclerophyllous vegetation,Mediterranean,Spain,Cap de Creus Natural Park,42.354,3.175,2005-04-09,1,Carpobrotus affinis acinaciformis,Carpobrotus acinaciformis,SPECIES,Caryophyllales,Aizoaceae,Carpobrotus,Apis melifera,Apis mellifera,SPECIES,Hymenoptera,Apidae,Apis,No,BAT2CA,2005,4,9,BAT2CA_4,3,129,2,59,3
1_Bartomeus,BAT2CA,Random walk,Coastal shrubland,Sclerophyllous vegetation,Mediterranean,Spain,Cap de Creus Natural Park,42.354,3.175,2005-04-09,1,Carpobrotus affinis acinaciformis,Carpobrotus acinaciformis,SPECIES,Caryophyllales,Aizoaceae,Carpobrotus,Apis melifera,Apis mellifera,SPECIES,Hymenoptera,Apidae,Apis,No,BAT2CA,2005,4,9,BAT2CA_4,2,129,2,59,3
1_Bartomeus,BAT2CA,Random walk,Coastal shrubland,Sclerophyllous vegetation,Mediterranean,Spain,Cap de Creus Natural Park,42.354,3.175,2005-04-09,1,Sonchus tenerrinus,Sonchus tenerrimus,SPECIES,Asterales,Asteraceae,Sonchus,Andrena taraxaci,Andrena taraxaci,SPECIES,Hymenoptera,Andrenidae,Andrena,No,BAT2CA,2005,4,9,BAT2CA_4,4,166,5,35,9
1_Bartomeus,BAT2CA,Transect,Coastal shrubland,Sclerophyllous vegetation,Mediterranean,Spain,Cap de Creus Natural Park,42.354,3.175,2005-03-13,1,Carpobrotus affinis acinaciformis,Carpobrotus acinaciformis,SPECIES,Caryophyllales,Aizoaceae,Carpobrotus,Andrena nigroaenea,Andrena nigroaenea,SPECIES,Hymenoptera,Andrenidae,Andrena,No,BAT2CA,2005,3,13,BAT2CA_3,1,129,2,31,9
1_Bartomeus,BAT2CA,Transect,Coastal shrubland,Sclerophyllous vegetation,Mediterranean,Spain,Cap de Creus Natural Park,42.354,3.175,2005-03-13,1,Carpobrotus affinis acinaciformis,Carpobrotus acinaciformis,SPECIES,Caryophyllales,Aizoaceae,Carpobrotus,Andrena nigroaenea,Andrena nigroaenea,SPECIES,Hymenoptera,Andrenidae,Andrena,No,BAT2CA,2005,3,13,BAT2CA_3,4,129,2,31,9
1_Bartomeus,BAT2CA,Transect,Coastal shrubland,Sclerophyllous vegetation,Mediterranean,Spain,Cap de Creus Natural Park,42.354,3.175,2005-03-21,1,Lavandula stoechas,Lavandula stoechas,SPECIES,Lamiales,Lamiaceae,Lavandula,Anthidium sticticum,Rhodanthidium sticticum,SPECIES,Hymenoptera,Megachilidae,Rhodanthidium,No,BAT2CA,2005,3,21,BAT2CA_3,1,91,9,66,8
1_Bartomeus,BAT2CA,Transect,Coastal shrubland,Sclerophyllous vegetation,Mediterranean,Spain,Cap de Creus Natural Park,42.354,3.175,2005-03-21,1,Lavandula stoechas,Lavandula stoechas,SPECIES,Lamiales,Lamiaceae,Lavandula,Anthidium sticticum,Rhodanthidium sticticum,SPECIES,Hymenoptera,Megachilidae,Rhodanthidium,No,BAT2CA,2005,3,21,BAT2CA_3,3,91,9,66,8
1_Bartomeus,BAT2CA,Transect,Coastal shrubland,Sclerophyllous vegetation,Mediterranean,Spain,Cap de Creus Natural Park,42.354,3.175,2005-03-21,1,Lavandula stoechas,Lavandula stoechas,SPECIES,Lamiales,Lamiaceae,Lavandula,Anthidium sticticum,Rhodanthidium sticticum,SPECIES,Hymenoptera,Megachilidae,Rhodanthidium,No,BAT2CA,2005,3,21,BAT2CA_3,2,91,9,66,8
1_Bartomeus,BAT2CA,Transect,Coastal shrubland,Sclerophyllous vegetation,Mediterranean,Spain,Cap de Creus Natural Park,42.354,3.175,2005-03-21,1,Lavandula stoechas,Lavandula stoechas,SPECIES,Lamiales,Lamiaceae,Lavandula,Anthidium sticticum,Rhodanthidium sticticum,SPECIES,Hymenoptera,Megachilidae,Rhodanthidium,No,BAT2CA,2005,3,21,BAT2CA_3,2,91,9,66,8
1_Bartomeus,BAT2CA,Transect,Coastal shrubland,Sclerophyllous vegetation,Mediterranean,Spain,Cap de Creus Natural Park,42.354,3.175,2005-03-21,1,Carpobrotus affinis acinaciformis,Carpobrotus acinaciformis,SPECIES,Caryophyllales,Aizoaceae,Carpobrotus,Plagiolepis pygmaea,Plagiolepis pygmaea,SPECIES,Hymenoptera,Formicidae,Plagiolepis,No,BAT2CA,2005,3,21,BAT2CA_3,3,129,2,41,4
1_Bartomeus,BAT2CA,Transect,Coastal shrubland,Sclerophyllous vegetation,Mediterranean,Spain,Cap de Creus Natural Park,42.354,3.175,2005-03-21,1,Carpobrotus affinis acinaciformis,Carpobrotus acinaciformis,SPECIES,Caryophyllales,Aizoaceae,Carpobrotus,Plagiolepis pygmaea,Plagiolepis pygmaea,SPECIES,Hymenoptera,Formicidae,Plagiolepis,No,BAT2CA,2005,3,21,BAT2CA_3,1,129,2,41,4
1_Bartomeus,BAT2CA,Transect,Coastal shrubland,Sclerophyllous vegetation,Mediterranean,Spain,Cap de Creus Natural Park,42.354,3.175,2005-03-21,1,Carpobrotus affinis acinaciformis,Carpobrotus acinaciformis,SPECIES,Caryophyllales,Aizoaceae,Carpobrotus,Coleoptera,Coleoptera,ORDER,Coleoptera,,,No,BAT2CA,2005,3,21,BAT2CA_3,5,129,2,73,5
1_Bartomeus,BAT2CA,Transect,Coastal shrubland,Sclerophyllous vegetation,Mediterranean,Spain,Cap de Creus Natural Park,42.354,3.175,2005-03-21,1,Aetheorrhiza bulbosa,Sonchus bulbosus,SPECIES,Asterales,Asteraceae,Sonchus,Psilothrix viridicoerulea,Psilothrix viridicoerulea,SPECIES,Coleoptera,Dasytidae,Psilothrix,No,BAT2CA,2005,3,21,BAT2CA_3,4,70,5,45,6
1_Bartomeus,BAT2CA,Transect,Coastal shrubland,Sclerophyllous vegetation,Mediterranean,Spain,Cap de Creus Natural Park,42.354,3.175,2005-03-21,1,Aetheorrhiza bulbosa,Sonchus bulbosus,SPECIES,Asterales,Asteraceae,Sonchus,Psilothrix viridicoerulea,Psilothrix viridicoerulea,SPECIES,Coleoptera,Dasytidae,Psilothrix,No,BAT2CA,2005,3,21,BAT2CA_3,5,70,5,45,6
1_Bartomeus,BAT2CA,Transect,Coastal shrubland,Sclerophyllous vegetation,Mediterranean,Spain,Cap de Creus Natural Park,42.354,3.175,2005-03-21,1,Aetheorrhiza bulbosa,Sonchus bulbosus,SPECIES,Asterales,Asteraceae,Sonchus,Psilothrix viridicoerulea,Psilothrix viridicoerulea,SPECIES,Coleoptera,Dasytidae,Psilothrix,No,BAT2CA,2005,3,21,BAT2CA_3,1,70,5,45,6
1_Bartomeus,BAT2CA,Transect,Coastal shrubland,Sclerophyllous vegetation,Mediterranean,Spain,Cap de Creus Natural Park,42.354,3.175,2005-03-21,1,Aetheorrhiza bulbosa,Sonchus bulbosus,SPECIES,Asterales,Asteraceae,Sonchus,Psilothrix viridicoerulea,Psilothrix viridicoerulea,SPECIES,Coleoptera,Dasytidae,Psilothrix,No,BAT2CA,2005,3,21,BAT2CA_3,1,70,5,45,6
1_Bartomeus,BAT2CA,Transect,Coastal shrubland,Sclerophyllous vegetation,Mediterranean,Spain,Cap de Creus Natural Park,42.354,3.175,2005-03-21,1,Aetheorrhiza bulbosa,Sonchus bulbosus,SPECIES,Asterales,Asteraceae,Sonchus,Cryptocephalus,Cryptocephalus,GENUS,Coleoptera,Chrysomelidae,Cryptocephalus,No,BAT2CA,2005,3,21,BAT2CA_3,3,70,5,40,7
1_Bartomeus,BAT2CA,Transect,Coastal shrubland,Sclerophyllous vegetation,Mediterranean,Spain,Cap de Creus Natural Park,42.354,3.175,2005-03-21,1,Aetheorrhiza bulbosa,Sonchus bulbosus,SPECIES,Asterales,Asteraceae,Sonchus,Cryptocephalus,Cryptocephalus,GENUS,Coleoptera,Chrysomelidae,Cryptocephalus,No,BAT2CA,2005,3,21,BAT2CA_3,5,70,5,40,7
1_Bartomeus,BAT2CA,Transect,Coastal shrubland,Sclerophyllous vegetation,Mediterranean,Spain,Cap de Creus Natural Park,42.354,3.175,2005-03-21,1,Aetheorrhiza bulbosa,Sonchus bulbosus,SPECIES,Asterales,Asteraceae,Sonchus,Cryptocephalus,Cryptocephalus,GENUS,Coleoptera,Chrysomelidae,Cryptocephalus,No,BAT2CA,2005,3,21,BAT2CA_3,2,70,5,40,7
1_Bartomeus,BAT2CA,Transect,Coastal shrubland,Sclerophyllous vegetation,Mediterranean,Spain,Cap de Creus Natural Park,42.354,3.175,2005-03-21,1,Carpobrotus affinis acinaciformis,Carpobrotus acinaciformis,SPECIES,Caryophyllales,Aizoaceae,Carpobrotus,Mordella bipunctata,Mediimorda bipunctata,SPECIES,Coleoptera,Mordellidae,Mediimorda,No,BAT2CA,2005,3,21,BAT2CA_3,2,129,2,48,5
1_Bartomeus,BAT2CA,Random walk,Coastal shrubland,Sclerophyllous vegetation,Mediterranean,Spain,Cap de Creus Natural Park,42.354,3.175,2005-04-08,1,Sonchus tenerrinus,Sonchus tenerrimus,SPECIES,Asterales,Asteraceae,Sonchus,Coleoptera,Coleoptera,ORDER,Coleoptera,,,No,BAT2CA,2005,4,8,BAT2CA_4,5,166,5,73,5
1_Bartomeus,BAT2CA,Transect,Coastal shrubland,Sclerophyllous vegetation,Mediterranean,Spain,Cap de Creus Natural Park,42.354,3.175,2005-03-21,1,Carpobrotus affinis acinaciformis,Carpobrotus acinaciformis,SPECIES,Caryophyllales,Aizoaceae,Carpobrotus,Osmia aurulenta,Osmia aurulenta,SPECIES,Hymenoptera,Megachilidae,Osmia,No,BAT2CA,2005,3,21,BAT2CA_3,1,129,2,24,8
1_Bartomeus,BAT2CA,Transect,Coastal shrubland,Sclerophyllous vegetation,Mediterranean,Spain,Cap de Creus Natural Park,42.354,3.175,2005-03-21,1,Carpobrotus affinis acinaciformis,Carpobrotus acinaciformis,SPECIES,Caryophyllales,Aizoaceae,Carpobrotus,Osmia aurulenta,Osmia aurulenta,SPECIES,Hymenoptera,Megachilidae,Osmia,No,BAT2CA,2005,3,21,BAT2CA_3,5,129,2,24,8
1_Bartomeus,BAT2CA,Transect,Coastal shrubland,Sclerophyllous vegetation,Mediterranean,Spain,Cap de Creus Natural Park,42.354,3.175,2005-03-21,1,Carpobrotus affinis acinaciformis,Carpobrotus acinaciformis,SPECIES,Caryophyllales,Aizoaceae,Carpobrotus,Osmia aurulenta,Osmia aurulenta,SPECIES,Hymenoptera,Megachilidae,Osmia,No,BAT2CA,2005,3,21,BAT2CA_3,1,129,2,24,8
1_Bartomeus,BAT2CA,Random walk,Coastal shrubland,Sclerophyllous vegetation,Mediterranean,Spain,Cap de Creus Natural Park,42.354,3.175,2005-04-24,1,Urospermum picroides,Urospermum picroides,SPECIES,Asterales,Asteraceae,Urospermum,Oedemera lurida,Oedemera lurida,SPECIES,Coleoptera,Oedemeridae,Oedemera,No,BAT2CA,2005,4,24,BAT2CA_4,2,100,5,75,8
1_Bartomeus,BAT2CA,Random walk,Coastal shrubland,Sclerophyllous vegetation,Mediterranean,Spain,Cap de Creus Natural Park,42.354,3.175,2005-04-24,1,Urospermum picroides,Urospermum picroides,SPECIES,Asterales,Asteraceae,Urospermum,Oedemera lurida,Oedemera lurida,SPECIES,Coleoptera,Oedemeridae,Oedemera,No,BAT2CA,2005,4,24,BAT2CA_4,2,100,5,75,8
1_Bartomeus,BAT2CA,Random walk,Coastal shrubland,Sclerophyllous vegetation,Mediterranean,Spain,Cap de Creus Natural Park,42.354,3.175,2005-04-24,1,Urospermum picroides,Urospermum picroides,SPECIES,Asterales,Asteraceae,Urospermum,Oedemera lurida,Oedemera lurida,SPECIES,Coleoptera,Oedemeridae,Oedemera,No,BAT2CA,2005,4,24,BAT2CA_4,5,100,5,75,8
1_Bartomeus,BAT2CA,Transect,Coastal shrubland,Sclerophyllous vegetation,Mediterranean,Spain,Cap de Creus Natural Park,42.354,3.175,2005-03-21,1,Lavandula stoechas,Lavandula stoechas,SPECIES,Lamiales,Lamiaceae,Lavandula,Andrena,Andrena,GENUS,Hymenoptera,Andrenidae,Andrena,No,BAT2CA,2005,3,21,BAT2CA_3,5,91,9,81,1
1_Bartomeus,BAT2CA,Random walk,Coastal shrubland,Sclerophyllous vegetation,Mediterranean,Spain,Cap de Creus Natural Park,42.354,3.175,2005-04-24,1,Sonchus tenerrinus,Sonchus tenerrimus,SPECIES,Asterales,Asteraceae,Sonchus,Oedemera lurida,Oedemera lurida,SPECIES,Coleoptera,Oedemeridae,Oedemera,No,BAT2CA,2005,4,24,BAT2CA_4,2,166,5,75,8
1_Bartomeus,BAT2CA,Random walk,Coastal shrubland,Sclerophyllous vegetation,Mediterranean,Spain,Cap de Creus Natural Park,42.354,3.175,2005-04-24,1,Urospermum picroides,Urospermum picroides,SPECIES,Asterales,Asteraceae,Urospermum,Mordellistena pumila,Mordellistena pumila,SPECIES,Coleoptera,Mordellidae,Mordellistena,No,BAT2CA,2005,4,24,BAT2CA_4,2,100,5,78,5
1_Bartomeus,BAT2CA,Random walk,Coastal shrubland,Sclerophyllous vegetation,Mediterranean,Spain,Cap de Creus Natural Park,42.354,3.175,2005-04-24,1,Urospermum picroides,Urospermum picroides,SPECIES,Asterales,Asteraceae,Urospermum,Mordellistena pumila,Mordellistena pumila,SPECIES,Coleoptera,Mordellidae,Mordellistena,No,BAT2CA,2005,4,24,BAT2CA_4,5,100,5,78,5
1_Bartomeus,BAT2CA,Transect,Coastal shrubland,Sclerophyllous vegetation,Mediterranean,Spain,Cap de Creus Natural Park,42.354,3.175,2005-03-28,1,Lavandula stoechas,Lavandula stoechas,SPECIES,Lamiales,Lamiaceae,Lavandula,Anthidium sticticum,Rhodanthidium sticticum,SPECIES,Hymenoptera,Megachilidae,Rhodanthidium,No,BAT2CA,2005,3,28,BAT2CA_3,2,91,9,66,8
1_Bartomeus,BAT2CA,Transect,Coastal shrubland,Sclerophyllous vegetation,Mediterranean,Spain,Cap de Creus Natural Park,42.354,3.175,2005-03-28,1,Lavandula stoechas,Lavandula stoechas,SPECIES,Lamiales,Lamiaceae,Lavandula,Anthidium sticticum,Rhodanthidium sticticum,SPECIES,Hymenoptera,Megachilidae,Rhodanthidium,No,BAT2CA,2005,3,28,BAT2CA_3,4,91,9,66,8
1_Bartomeus,BAT2CA,Transect,Coastal shrubland,Sclerophyllous vegetation,Mediterranean,Spain,Cap de Creus Natural Park,42.354,3.175,2005-03-28,1,Lavandula stoechas,Lavandula stoechas,SPECIES,Lamiales,Lamiaceae,Lavandula,Anthidium sticticum,Rhodanthidium sticticum,SPECIES,Hymenoptera,Megachilidae,Rhodanthidium,No,BAT2CA,2005,3,28,BAT2CA_3,5,91,9,66,8
1_Bartomeus,BAT2CA,Transect,Coastal shrubland,Sclerophyllous vegetation,Mediterranean,Spain,Cap de Creus Natural Park,42.354,3.175,2005-03-28,1,Lavandula stoechas,Lavandula stoechas,SPECIES,Lamiales,Lamiaceae,Lavandula,Anthidium sticticum,Rhodanthidium sticticum,SPECIES,Hymenoptera,Megachilidae,Rhodanthidium,No,BAT2CA,2005,3,28,BAT2CA_3,4,91,9,66,8
1_Bartomeus,BAT2CA,Transect,Coastal shrubland,Sclerophyllous vegetation,Mediterranean,Spain,Cap de Creus Natural Park,42.354,3.175,2005-03-28,1,Lavandula stoechas,Lavandula stoechas,SPECIES,Lamiales,Lamiaceae,Lavandula,Milichidae,Milichiidae,FAMILY,Diptera,Milichiidae,,No,BAT2CA,2005,3,28,BAT2CA_3,4,91,9,26,7
1_Bartomeus,BAT2CA,Transect,Coastal shrubland,Sclerophyllous vegetation,Mediterranean,Spain,Cap de Creus Natural Park,42.354,3.175,2005-03-28,1,Carpobrotus affinis acinaciformis,Carpobrotus acinaciformis,SPECIES,Caryophyllales,Aizoaceae,Carpobrotus,Oxythyrea funesta,Oxythyrea funesta,SPECIES,Coleoptera,Scarabaeidae,Oxythyrea,No,BAT2CA,2005,3,28,BAT2CA_3,2,129,2,54,3
1_Bartomeus,BAT2CA,Transect,Coastal shrubland,Sclerophyllous vegetation,Mediterranean,Spain,Cap de Creus Natural Park,42.354,3.175,2005-03-28,1,Carpobrotus affinis acinaciformis,Carpobrotus acinaciformis,SPECIES,Caryophyllales,Aizoaceae,Carpobrotus,Dasytidae,Dasytidae,FAMILY,Coleoptera,Dasytidae,,No,BAT2CA,2005,3,28,BAT2CA_3,3,129,2,56,2
1_Bartomeus,BAT2CA,Transect,Coastal shrubland,Sclerophyllous vegetation,Mediterranean,Spain,Cap de Creus Natural Park,42.354,3.175,2005-03-28,1,Carpobrotus affinis acinaciformis,Carpobrotus acinaciformis,SPECIES,Caryophyllales,Aizoaceae,Carpobrotus,Psilothrix viridicoerulea,Psilothrix viridicoerulea,SPECIES,Coleoptera,Dasytidae,Psilothrix,No,BAT2CA,2005,3,28,BAT2CA_3,1,129,2,45,6
1_Bartomeus,BAT2CA,Random walk,Coastal shrubland,Sclerophyllous vegetation,Mediterranean,Spain,Cap de Creus Natural Park,42.354,3.175,2005-04-24,1,Urospermum picroides,Urospermum picroides,SPECIES,Asterales,Asteraceae,Urospermum,Andrena senecionis,Andrena senecionis,SPECIES,Hymenoptera,Andrenidae,Andrena,No,BAT2CA,2005,4,24,BAT2CA_4,1,100,5,35,9
1_Bartomeus,BAT2CA,Random walk,Coastal shrubland,Sclerophyllous vegetation,Mediterranean,Spain,Cap de Creus Natural Park,42.354,3.175,2005-04-24,1,Urospermum picroides,Urospermum picroides,SPECIES,Asterales,Asteraceae,Urospermum,Andrena senecionis,Andrena senecionis,SPECIES,Hymenoptera,Andrenidae,Andrena,No,BAT2CA,2005,4,24,BAT2CA_4,3,100,5,35,9
1_Bartomeus,BAT2CA,Transect,Coastal shrubland,Sclerophyllous vegetation,Mediterranean,Spain,Cap de Creus Natural Park,42.354,3.175,2005-03-28,1,Aetheorrhiza bulbosa,Sonchus bulbosus,SPECIES,Asterales,Asteraceae,Sonchus,Andrena senecionis,Andrena senecionis,SPECIES,Hymenoptera,Andrenidae,Andrena,No,BAT2CA,2005,3,28,BAT2CA_3,2,70,5,35,9
1_Bartomeus,BAT2CA,Transect,Coastal shrubland,Sclerophyllous vegetation,Mediterranean,Spain,Cap de Creus Natural Park,42.354,3.175,2005-03-28,1,Carpobrotus affinis acinaciformis,Carpobrotus acinaciformis,SPECIES,Caryophyllales,Aizoaceae,Carpobrotus,Andrena nigroaenea,Andrena nigroaenea,SPECIES,Hymenoptera,Andrenidae,Andrena,No,BAT2CA,2005,3,28,BAT2CA_3,1,129,2,31,9
1_Bartomeus,BAT2CA,Random walk,Coastal shrubland,Sclerophyllous vegetation,Mediterranean,Spain,Cap de Creus Natural Park,42.354,3.175,2005-04-09,1,Lavandula stoechas,Lavandula stoechas,SPECIES,Lamiales,Lamiaceae,Lavandula,Anthidium sticticum,Rhodanthidium sticticum,SPECIES,Hymenoptera,Megachilidae,Rhodanthidium,No,BAT2CA,2005,4,9,BAT2CA_4,3,91,9,66,8
1_Bartomeus,BAT2CA,Random walk,Coastal shrubland,Sclerophyllous vegetation,Mediterranean,Spain,Cap de Creus Natural Park,42.354,3.175,2005-04-09,1,Lavandula stoechas,Lavandula stoechas,SPECIES,Lamiales,Lamiaceae,Lavandula,Anthidium sticticum,Rhodanthidium sticticum,SPECIES,Hymenoptera,Megachilidae,Rhodanthidium,No,BAT2CA,2005,4,9,BAT2CA_4,5,91,9,66,8
1_Bartomeus,BAT2CA,Random walk,Coastal shrubland,Sclerophyllous vegetation,Mediterranean,Spain,Cap de Creus Natural Park,42.354,3.175,2005-04-09,1,Lavandula stoechas,Lavandula stoechas,SPECIES,Lamiales,Lamiaceae,Lavandula,Anthidium sticticum,Rhodanthidium sticticum,SPECIES,Hymenoptera,Megachilidae,Rhodanthidium,No,BAT2CA,2005,4,9,BAT2CA_4,2,91,9,66,8
1_Bartomeus,BAT2CA,Random walk,Coastal shrubland,Sclerophyllous vegetation,Mediterranean,Spain,Cap de Creus Natural Park,42.354,3.175,2005-04-09,1,Convolvulus althaeoides,Convolvulus althaeoides,SPECIES,Solanales,Convolvulaceae,Convolvulus,Plagiolepis pygmaea,Plagiolepis pygmaea,SPECIES,Hymenoptera,Formicidae,Plagiolepis,No,BAT2CA,2005,4,9,BAT2CA_4,1,44,9,41,4
1_Bartomeus,BAT2CA,Random walk,Coastal shrubland,Sclerophyllous vegetation,Mediterranean,Spain,Cap de Creus Natural Park,42.354,3.175,2005-04-09,1,Convolvulus althaeoides,Convolvulus althaeoides,SPECIES,Solanales,Convolvulaceae,Convolvulus,Plagiolepis pygmaea,Plagiolepis pygmaea,SPECIES,Hymenoptera,Formicidae,Plagiolepis,No,BAT2CA,2005,4,9,BAT2CA_4,5,44,9,41,4
1_Bartomeus,BAT2CA,Random walk,Coastal shrubland,Sclerophyllous vegetation,Mediterranean,Spain,Cap de Creus Natural Park,42.354,3.175,2005-04-08,1,Carpobrotus affinis acinaciformis,Carpobrotus acinaciformis,SPECIES,Caryophyllales,Aizoaceae,Carpobrotus,Oedemera nobilis,Oedemera nobilis,SPECIES,Coleoptera,Oedemeridae,Oedemera,No,BAT2CA,2005,4,8,BAT2CA_4,1,129,2,33,8
1_Bartomeus,BAT2CA,Random walk,Coastal shrubland,Sclerophyllous vegetation,Mediterranean,Spain,Cap de Creus Natural Park,42.354,3.175,2005-04-09,1,Carpobrotus affinis acinaciformis,Carpobrotus acinaciformis,SPECIES,Caryophyllales,Aizoaceae,Carpobrotus,Oxythyrea funesta,Oxythyrea funesta,SPECIES,Coleoptera,Scarabaeidae,Oxythyrea,No,BAT2CA,2005,4,9,BAT2CA_4,3,129,2,54,3
1_Bartomeus,BAT2CA,Random walk,Coastal shrubland,Sclerophyllous vegetation,Mediterranean,Spain,Cap de Creus Natural Park,42.354,3.175,2005-04-09,1,Aetheorrhiza bulbosa,Sonchus bulbosus,SPECIES,Asterales,Asteraceae,Sonchus,Oedemera flavipes,Oedemera flavipes,SPECIES,Coleoptera,Oedemeridae,Oedemera,No,BAT2CA,2005,4,9,BAT2CA_4,3,70,5,49,8
1_Bartomeus,BAT2CA,Random walk,Coastal shrubland,Sclerophyllous vegetation,Mediterranean,Spain,Cap de Creus Natural Park,42.354,3.175,2005-04-08,1,Lavandula stoechas,Lavandula stoechas,SPECIES,Lamiales,Lamiaceae,Lavandula,Halictus rubicundus,Halictus rubicundus,SPECIES,Hymenoptera,Halictidae,Halictus,No,BAT2CA,2005,4,8,BAT2CA_4,3,91,9,13,1
1_Bartomeus,BAT2CA,Random walk,Coastal shrubland,Sclerophyllous vegetation,Mediterranean,Spain,Cap de Creus Natural Park,42.354,3.175,2005-04-24,1,Carpobrotus affinis acinaciformis,Carpobrotus acinaciformis,SPECIES,Caryophyllales,Aizoaceae,Carpobrotus,Bombus terrestris,Bombus terrestris,SPECIES,Hymenoptera,Apidae,Bombus,No,BAT2CA,2005,4,24,BAT2CA_4,3,129,2,55,4
1_Bartomeus,BAT2CA,Random walk,Coastal shrubland,Sclerophyllous vegetation,Mediterranean,Spain,Cap de Creus Natural Park,42.354,3.175,2005-04-24,1,Carpobrotus affinis acinaciformis,Carpobrotus acinaciformis,SPECIES,Caryophyllales,Aizoaceae,Carpobrotus,Bombus terrestris,Bombus terrestris,SPECIES,Hymenoptera,Apidae,Bombus,No,BAT2CA,2005,4,24,BAT2CA_4,1,129,2,55,4
1_Bartomeus,BAT2CA,Random walk,Coastal shrubland,Sclerophyllous vegetation,Mediterranean,Spain,Cap de Creus Natural Park,42.354,3.175,2005-04-24,1,Carpobrotus affinis acinaciformis,Carpobrotus acinaciformis,SPECIES,Caryophyllales,Aizoaceae,Carpobrotus,Bombus terrestris,Bombus terrestris,SPECIES,Hymenoptera,Apidae,Bombus,No,BAT2CA,2005,4,24,BAT2CA_4,5,129,2,55,4
1_Bartomeus,BAT2CA,Random walk,Coastal shrubland,Sclerophyllous vegetation,Mediterranean,Spain,Cap de Creus Natural Park,42.354,3.175,2005-04-24,1,Aetheorrhiza bulbosa,Sonchus bulbosus,SPECIES,Asterales,Asteraceae,Sonchus,Oedemera lurida,Oedemera lurida,SPECIES,Coleoptera,Oedemeridae,Oedemera,No,BAT2CA,2005,4,24,BAT2CA_4,1,70,5,75,8
1_Bartomeus,BAT2CA,Random walk,Coastal shrubland,Sclerophyllous vegetation,Mediterranean,Spain,Cap de Creus Natural Park,42.354,3.175,2005-04-24,1,Aetheorrhiza bulbosa,Sonchus bulbosus,SPECIES,Asterales,Asteraceae,Sonchus,Oedemera lurida,Oedemera lurida,SPECIES,Coleoptera,Oedemeridae,Oedemera,No,BAT2CA,2005,4,24,BAT2CA_4,1,70,5,75,8
1_Bartomeus,BAT2CA,Random walk,Coastal shrubland,Sclerophyllous vegetation,Mediterranean,Spain,Cap de Creus Natural Park,42.354,3.175,2005-04-24,1,Carpobrotus affinis acinaciformis,Carpobrotus acinaciformis,SPECIES,Caryophyllales,Aizoaceae,Carpobrotus,Oxythyrea funesta,Oxythyrea funesta,SPECIES,Coleoptera,Scarabaeidae,Oxythyrea,No,BAT2CA,2005,4,24,BAT2CA_4,5,129,2,54,3
1_Bartomeus,BAT2CA,Random walk,Coastal shrubland,Sclerophyllous vegetation,Mediterranean,Spain,Cap de Creus Natural Park,42.354,3.175,2005-04-24,1,Carpobrotus affinis acinaciformis,Carpobrotus acinaciformis,SPECIES,Caryophyllales,Aizoaceae,Carpobrotus,Oxythyrea funesta,Oxythyrea funesta,SPECIES,Coleoptera,Scarabaeidae,Oxythyrea,No,BAT2CA,2005,4,24,BAT2CA_4,2,129,2,54,3
1_Bartomeus,BAT2CA,Random walk,Coastal shrubland,Sclerophyllous vegetation,Mediterranean,Spain,Cap de Creus Natural Park,42.354,3.175,2005-04-24,1,Carpobrotus affinis acinaciformis,Carpobrotus acinaciformis,SPECIES,Caryophyllales,Aizoaceae,Carpobrotus,Oxythyrea funesta,Oxythyrea funesta,SPECIES,Coleoptera,Scarabaeidae,Oxythyrea,No,BAT2CA,2005,4,24,BAT2CA_4,3,129,2,54,3
1_Bartomeus,BAT2CA,Random walk,Coastal shrubland,Sclerophyllous vegetation,Mediterranean,Spain,Cap de Creus Natural Park,42.354,3.175,2005-04-24,1,Convolvulus althaeoides,Convolvulus althaeoides,SPECIES,Solanales,Convolvulaceae,Convolvulus,Oedemera flavipes,Oedemera flavipes,SPECIES,Coleoptera,Oedemeridae,Oedemera,No,BAT2CA,2005,4,24,BAT2CA_4,4,44,9,49,8
1_Bartomeus,BAT2CA,Random walk,Coastal shrubland,Sclerophyllous vegetation,Mediterranean,Spain,Cap de Creus Natural Park,42.354,3.175,2005-04-24,1,Convolvulus althaeoides,Convolvulus althaeoides,SPECIES,Solanales,Convolvulaceae,Convolvulus,Oedemera flavipes,Oedemera flavipes,SPECIES,Coleoptera,Oedemeridae,Oedemera,No,BAT2CA,2005,4,24,BAT2CA_4,3,44,9,49,8
1_Bartomeus,BAT2CA,Random walk,Coastal shrubland,Sclerophyllous vegetation,Mediterranean,Spain,Cap de Creus Natural Park,42.354,3.175,2005-04-24,1,Aetheorrhiza bulbosa,Sonchus bulbosus,SPECIES,Asterales,Asteraceae,Sonchus,Mordellistena pumila,Mordellistena pumila,SPECIES,Coleoptera,Mordellidae,Mordellistena,No,BAT2CA,2005,4,24,BAT2CA_4,5,70,5,78,5
1_Bartomeus,BAT2CA,Random walk,Coastal shrubland,Sclerophyllous vegetation,Mediterranean,Spain,Cap de Creus Natural Park,42.354,3.175,2005-04-24,1,Lavandula stoechas,Lavandula stoechas,SPECIES,Lamiales,Lamiaceae,Lavandula,Halictus rubicundus,Halictus rubicundus,SPECIES,Hymenoptera,Halictidae,Halictus,No,BAT2CA,2005,4,24,BAT2CA_4,5,91,9,13,1
1_Bartomeus,BAT2CA,Transect,Coastal shrubland,Sclerophyllous vegetation,Mediterranean,Spain,Cap de Creus Natural Park,42.354,3.175,2005-03-21,1,Alyssum maritimum,Lobularia maritima,SPECIES,Brassicales,Brassicaceae,Lobularia,Andrena fabrella,Andrena fabrella,SPECIES,Hymenoptera,Andrenidae,Andrena,No,BAT2CA,2005,3,21,BAT2CA_3,2,25,9,27,9
1_Bartomeus,BAT2CA,Random walk,Coastal shrubland,Sclerophyllous vegetation,Mediterranean,Spain,Cap de Creus Natural Park,42.354,3.175,2005-04-24,1,Lathyrus clymenum,Lathyrus clymenum,SPECIES,Fabales,Fabaceae,Lathyrus,Anthidium sticticum,Rhodanthidium sticticum,SPECIES,Hymenoptera,Megachilidae,Rhodanthidium,No,BAT2CA,2005,4,24,BAT2CA_4,4,14,6,66,8
1_Bartomeus,BAT2CA,Transect,Coastal shrubland,Sclerophyllous vegetation,Mediterranean,Spain,Cap de Creus Natural Park,42.354,3.175,2005-02-28,1,Thymelaea hirsuta,Thymelaea hirsuta,SPECIES,Malvales,Thymelaeaceae,Thymelaea,Polistes gallicus,Polistes gallicus,SPECIES,Hymenoptera,Eumenidae,Polistes,No,BAT2CA,2005,2,28,BAT2CA_2,4,66,7,36,5
1_Bartomeus,BAT2CA,Transect,Coastal shrubland,Sclerophyllous vegetation,Mediterranean,Spain,Cap de Creus Natural Park,42.354,3.175,2005-03-13,1,Thymelaea hirsuta,Thymelaea hirsuta,SPECIES,Malvales,Thymelaeaceae,Thymelaea,Lasioglossum,Lasioglossum,GENUS,Hymenoptera,Halictidae,Lasioglossum,No,BAT2CA,2005,3,13,BAT2CA_3,2,66,7,44,10
1_Bartomeus,BAT2CA,Transect,Coastal shrubland,Sclerophyllous vegetation,Mediterranean,Spain,Cap de Creus Natural Park,42.354,3.175,2005-03-21,1,Thymelaea hirsuta,Thymelaea hirsuta,SPECIES,Malvales,Thymelaeaceae,Thymelaea,Chalicodoma pyrenaica,Megachile pyrenaica,SPECIES,Hymenoptera,Megachilidae,Megachile,No,BAT2CA,2005,3,21,BAT2CA_3,1,66,7,33,8
1_Bartomeus,BAT2CA,Transect,Coastal shrubland,Sclerophyllous vegetation,Mediterranean,Spain,Cap de Creus Natural Park,42.354,3.175,2005-03-28,1,Thymelaea hirsuta,Thymelaea hirsuta,SPECIES,Malvales,Thymelaeaceae,Thymelaea,Polistes gallicus,Polistes gallicus,SPECIES,Hymenoptera,Eumenidae,Polistes,No,BAT2CA,2005,3,28,BAT2CA_3,5,66,7,36,5
1_Bartomeus,BAT2CA,Transect,Coastal shrubland,Sclerophyllous vegetation,Mediterranean,Spain,Cap de Creus Natural Park,42.354,3.175,2005-03-28,1,Thymelaea hirsuta,Thymelaea hirsuta,SPECIES,Malvales,Thymelaeaceae,Thymelaea,Bibionidae,Bibionidae,FAMILY,Diptera,Bibionidae,,No,BAT2CA,2005,3,28,BAT2CA_3,4,66,7,20,1
1_Bartomeus,BAT2CA,Transect,Coastal shrubland,Sclerophyllous vegetation,Mediterranean,Spain,Cap de Creus Natural Park,42.354,3.175,2005-03-28,1,Thymelaea hirsuta,Thymelaea hirsuta,SPECIES,Malvales,Thymelaeaceae,Thymelaea,Bibionidae,Bibionidae,FAMILY,Diptera,Bibionidae,,No,BAT2CA,2005,3,28,BAT2CA_3,2,66,7,20,1
1_Bartomeus,BAT2CA,Random walk,Coastal shrubland,Sclerophyllous vegetation,Mediterranean,Spain,Cap de Creus Natural Park,42.354,3.175,2005-04-09,1,Carpobrotus affinis acinaciformis,Carpobrotus acinaciformis,SPECIES,Caryophyllales,Aizoaceae,Carpobrotus,Bombus terrestris,Bombus terrestris,SPECIES,Hymenoptera,Apidae,Bombus,No,BAT2CA,2005,4,9,BAT2CA_4,2,129,2,55,4
1_Bartomeus,BAT2CA,Random walk,Coastal shrubland,Sclerophyllous vegetation,Mediterranean,Spain,Cap de Creus Natural Park,42.354,3.175,2005-04-08,1,Carpobrotus affinis acinaciformis,Carpobrotus acinaciformis,SPECIES,Caryophyllales,Aizoaceae,Carpobrotus,Oedemera lurida,Oedemera lurida,SPECIES,Coleoptera,Oedemeridae,Oedemera,No,BAT2CA,2005,4,8,BAT2CA_4,4,129,2,75,8
1_Bartomeus,BAT2CA,Random walk,Coastal shrubland,Sclerophyllous vegetation,Mediterranean,Spain,Cap de Creus Natural Park,42.354,3.175,2005-04-08,1,Carpobrotus affinis acinaciformis,Carpobrotus acinaciformis,SPECIES,Caryophyllales,Aizoaceae,Carpobrotus,Oedemera lurida,Oedemera lurida,SPECIES,Coleoptera,Oedemeridae,Oedemera,No,BAT2CA,2005,4,8,BAT2CA_4,2,129,2,75,8
1_Bartomeus,BAT2CA,Random walk,Coastal shrubland,Sclerophyllous vegetation,Mediterranean,Spain,Cap de Creus Natural Park,42.354,3.175,2005-04-08,1,Carpobrotus affinis acinaciformis,Carpobrotus acinaciformis,SPECIES,Caryophyllales,Aizoaceae,Carpobrotus,Psilothrix viridicoerulea,Psilothrix viridicoerulea,SPECIES,Coleoptera,Dasytidae,Psilothrix,No,BAT2CA,2005,4,8,BAT2CA_4,3,129,2,45,6
1_Bartomeus,BAT2CA,Random walk,Coastal shrubland,Sclerophyllous vegetation,Mediterranean,Spain,Cap de Creus Natural Park,42.354,3.175,2005-04-08,1,Carpobrotus affinis acinaciformis,Carpobrotus acinaciformis,SPECIES,Caryophyllales,Aizoaceae,Carpobrotus,Psilothrix viridicoerulea,Psilothrix viridicoerulea,SPECIES,Coleoptera,Dasytidae,Psilothrix,No,BAT2CA,2005,4,8,BAT2CA_4,2,129,2,45,6
1_Bartomeus,BAT2CA,Random walk,Coastal shrubland,Sclerophyllous vegetation,Mediterranean,Spain,Cap de Creus Natural Park,42.354,3.175,2005-04-08,1,Carpobrotus affinis acinaciformis,Carpobrotus acinaciformis,SPECIES,Caryophyllales,Aizoaceae,Carpobrotus,Halictus rubicundus,Halictus rubicundus,SPECIES,Hymenoptera,Halictidae,Halictus,No,BAT2CA,2005,4,8,BAT2CA_4,4,129,2,13,1
1_Bartomeus,BAT2CA,Random walk,Coastal shrubland,Sclerophyllous vegetation,Mediterranean,Spain,Cap de Creus Natural Park,42.354,3.175,2005-04-24,1,Lavandula stoechas,Lavandula stoechas,SPECIES,Lamiales,Lamiaceae,Lavandula,Anthidium sticticum,Rhodanthidium sticticum,SPECIES,Hymenoptera,Megachilidae,Rhodanthidium,No,BAT2CA,2005,4,24,BAT2CA_4,2,91,9,66,8
1_Bartomeus,BAT2CA,Random walk,Coastal shrubland,Sclerophyllous vegetation,Mediterranean,Spain,Cap de Creus Natural Park,42.354,3.175,2005-04-24,1,Carpobrotus affinis acinaciformis,Carpobrotus acinaciformis,SPECIES,Caryophyllales,Aizoaceae,Carpobrotus,Oedemera lurida,Oedemera lurida,SPECIES,Coleoptera,Oedemeridae,Oedemera,No,BAT2CA,2005,4,24,BAT2CA_4,4,129,2,75,8
1_Bartomeus,BAT2CA,Random walk,Coastal shrubland,Sclerophyllous vegetation,Mediterranean,Spain,Cap de Creus Natural Park,42.354,3.175,2005-04-24,1,Carpobrotus affinis acinaciformis,Carpobrotus acinaciformis,SPECIES,Caryophyllales,Aizoaceae,Carpobrotus,Oedemera lurida,Oedemera lurida,SPECIES,Coleoptera,Oedemeridae,Oedemera,No,BAT2CA,2005,4,24,BAT2CA_4,2,129,2,75,8
1_Bartomeus,BAT2CA,Random walk,Coastal shrubland,Sclerophyllous vegetation,Mediterranean,Spain,Cap de Creus Natural Park,42.354,3.175,2005-04-24,1,Carpobrotus affinis acinaciformis,Carpobrotus acinaciformis,SPECIES,Caryophyllales,Aizoaceae,Carpobrotus,Oedemera lurida,Oedemera lurida,SPECIES,Coleoptera,Oedemeridae,Oedemera,No,BAT2CA,2005,4,24,BAT2CA_4,4,129,2,75,8
1_Bartomeus,BAT2CA,Random walk,Coastal shrubland,Sclerophyllous vegetation,Mediterranean,Spain,Cap de Creus Natural Park,42.354,3.175,2005-04-24,1,Carpobrotus affinis acinaciformis,Carpobrotus acinaciformis,SPECIES,Caryophyllales,Aizoaceae,Carpobrotus,Oedemera lurida,Oedemera lurida,SPECIES,Coleoptera,Oedemeridae,Oedemera,No,BAT2CA,2005,4,24,BAT2CA_4,4,129,2,75,8
1_Bartomeus,BAT2CA,Random walk,Coastal shrubland,Sclerophyllous vegetation,Mediterranean,Spain,Cap de Creus Natural Park,42.354,3.175,2005-04-24,1,Carpobrotus affinis acinaciformis,Carpobrotus acinaciformis,SPECIES,Caryophyllales,Aizoaceae,Carpobrotus,Oedemera lurida,Oedemera lurida,SPECIES,Coleoptera,Oedemeridae,Oedemera,No,BAT2CA,2005,4,24,BAT2CA_4,3,129,2,75,8
1_Bartomeus,BAT2CA,Random walk,Coastal shrubland,Sclerophyllous vegetation,Mediterranean,Spain,Cap de Creus Natural Park,42.354,3.175,2005-04-24,1,Convolvulus althaeoides,Convolvulus althaeoides,SPECIES,Solanales,Convolvulaceae,Convolvulus,Oedemera lurida,Oedemera lurida,SPECIES,Coleoptera,Oedemeridae,Oedemera,No,BAT2CA,2005,4,24,BAT2CA_4,3,44,9,75,8
1_Bartomeus,BAT2CA,Random walk,Coastal shrubland,Sclerophyllous vegetation,Mediterranean,Spain,Cap de Creus Natural Park,42.354,3.175,2005-04-24,1,Carpobrotus affinis acinaciformis,Carpobrotus acinaciformis,SPECIES,Caryophyllales,Aizoaceae,Carpobrotus,Oedemera flavipes,Oedemera flavipes,SPECIES,Coleoptera,Oedemeridae,Oedemera,No,BAT2CA,2005,4,24,BAT2CA_4,1,129,2,49,8
1_Bartomeus,BAT2CA,Random walk,Coastal shrubland,Sclerophyllous vegetation,Mediterranean,Spain,Cap de Creus Natural Park,42.354,3.175,2005-04-24,1,Carpobrotus affinis acinaciformis,Carpobrotus acinaciformis,SPECIES,Caryophyllales,Aizoaceae,Carpobrotus,Oedemera flavipes,Oedemera flavipes,SPECIES,Coleoptera,Oedemeridae,Oedemera,No,BAT2CA,2005,4,24,BAT2CA_4,4,129,2,49,8
1_Bartomeus,BAT2CA,Random walk,Coastal shrubland,Sclerophyllous vegetation,Mediterranean,Spain,Cap de Creus Natural Park,42.354,3.175,2005-04-24,1,Carpobrotus affinis acinaciformis,Carpobrotus acinaciformis,SPECIES,Caryophyllales,Aizoaceae,Carpobrotus,Oedemera flavipes,Oedemera flavipes,SPECIES,Coleoptera,Oedemeridae,Oedemera,No,BAT2CA,2005,4,24,BAT2CA_4,4,129,2,49,8
1_Bartomeus,BAT2CA,Random walk,Coastal shrubland,Sclerophyllous vegetation,Mediterranean,Spain,Cap de Creus Natural Park,42.354,3.175,2005-04-24,1,Carpobrotus affinis acinaciformis,Carpobrotus acinaciformis,SPECIES,Caryophyllales,Aizoaceae,Carpobrotus,Mordellistena pumila,Mordellistena pumila,SPECIES,Coleoptera,Mordellidae,Mordellistena,No,BAT2CA,2005,4,24,BAT2CA_4,2,129,2,78,5
1_Bartomeus,BAT2CA,Random walk,Coastal shrubland,Sclerophyllous vegetation,Mediterranean,Spain,Cap de Creus Natural Park,42.354,3.175,2005-04-24,1,Carpobrotus affinis acinaciformis,Carpobrotus acinaciformis,SPECIES,Caryophyllales,Aizoaceae,Carpobrotus,Coleoptera,Coleoptera,ORDER,Coleoptera,,,No,BAT2CA,2005,4,24,BAT2CA_4,3,129,2,73,5
1_Bartomeus,BAT2CA,Random walk,Coastal shrubland,Sclerophyllous vegetation,Mediterranean,Spain,Cap de Creus Natural Park,42.354,3.175,2005-04-24,1,Carpobrotus affinis acinaciformis,Carpobrotus acinaciformis,SPECIES,Caryophyllales,Aizoaceae,Carpobrotus,Coleoptera,Coleoptera,ORDER,Coleoptera,,,No,BAT2CA,2005,4,24,BAT2CA_4,5,129,2,73,5
1_Bartomeus,BAT2CA,Random walk,Coastal shrubland,Sclerophyllous vegetation,Mediterranean,Spain,Cap de Creus Natural Park,42.354,3.175,2005-04-24,1,Carpobrotus affinis acinaciformis,Carpobrotus acinaciformis,SPECIES,Caryophyllales,Aizoaceae,Carpobrotus,Coleoptera,Coleoptera,ORDER,Coleoptera,,,No,BAT2CA,2005,4,24,BAT2CA_4,1,129,2,73,5
1_Bartomeus,BAT2CA,Transect,Coastal shrubland,Sclerophyllous vegetation,Mediterranean,Spain,Cap de Creus Natural Park,42.354,3.175,2005-03-21,1,Alyssum maritimum,Lobularia maritima,SPECIES,Brassicales,Brassicaceae,Lobularia,Lasioglossum,Lasioglossum,GENUS,Hymenoptera,Halictidae,Lasioglossum,No,BAT2CA,2005,3,21,BAT2CA_3,3,25,9,44,10
1_Bartomeus,BAT2CA,Random walk,Coastal shrubland,Sclerophyllous vegetation,Mediterranean,Spain,Cap de Creus Natural Park,42.354,3.175,2005-04-08,1,Alyssum maritimum,Lobularia maritima,SPECIES,Brassicales,Brassicaceae,Lobularia,Oedemera lurida,Oedemera lurida,SPECIES,Coleoptera,Oedemeridae,Oedemera,No,BAT2CA,2005,4,8,BAT2CA_4,3,25,9,75,8
1_Bartomeus,BAT2CA,Transect,Coastal shrubland,Sclerophyllous vegetation,Mediterranean,Spain,Cap de Creus Natural Park,42.354,3.175,2005-02-28,1,Thymelaea hirsuta,Thymelaea hirsuta,SPECIES,Malvales,Thymelaeaceae,Thymelaea,Apis melifera,Apis mellifera,SPECIES,Hymenoptera,Apidae,Apis,No,BAT2CA,2005,2,28,BAT2CA_2,4,66,7,59,3
1_Bartomeus,BAT2CA,Transect,Coastal shrubland,Sclerophyllous vegetation,Mediterranean,Spain,Cap de Creus Natural Park,42.354,3.175,2005-02-28,1,Thymelaea hirsuta,Thymelaea hirsuta,SPECIES,Malvales,Thymelaeaceae,Thymelaea,Apis melifera,Apis mellifera,SPECIES,Hymenoptera,Apidae,Apis,No,BAT2CA,2005,2,28,BAT2CA_2,3,66,7,59,3
1_Bartomeus,BAT2CA,Transect,Coastal shrubland,Sclerophyllous vegetation,Mediterranean,Spain,Cap de Creus Natural Park,42.354,3.175,2005-02-28,1,Thymelaea hirsuta,Thymelaea hirsuta,SPECIES,Malvales,Thymelaeaceae,Thymelaea,Apis melifera,Apis mellifera,SPECIES,Hymenoptera,Apidae,Apis,No,BAT2CA,2005,2,28,BAT2CA_2,4,66,7,59,3
1_Bartomeus,BAT2CA,Transect,Coastal shrubland,Sclerophyllous vegetation,Mediterranean,Spain,Cap de Creus Natural Park,42.354,3.175,2005-02-28,1,Thymelaea hirsuta,Thymelaea hirsuta,SPECIES,Malvales,Thymelaeaceae,Thymelaea,Apis melifera,Apis mellifera,SPECIES,Hymenoptera,Apidae,Apis,No,BAT2CA,2005,2,28,BAT2CA_2,1,66,7,59,3
1_Bartomeus,BAT2CA,Transect,Coastal shrubland,Sclerophyllous vegetation,Mediterranean,Spain,Cap de Creus Natural Park,42.354,3.175,2005-02-28,1,Thymelaea hirsuta,Thymelaea hirsuta,SPECIES,Malvales,Thymelaeaceae,Thymelaea,Bombus terrestris,Bombus terrestris,SPECIES,Hymenoptera,Apidae,Bombus,No,BAT2CA,2005,2,28,BAT2CA_2,1,66,7,55,4
1_Bartomeus,BAT2CA,Transect,Coastal shrubland,Sclerophyllous vegetation,Mediterranean,Spain,Cap de Creus Natural Park,42.354,3.175,2005-03-13,1,Thymelaea hirsuta,Thymelaea hirsuta,SPECIES,Malvales,Thymelaeaceae,Thymelaea,Bibionidae,Bibionidae,FAMILY,Diptera,Bibionidae,,No,BAT2CA,2005,3,13,BAT2CA_3,3,66,7,20,1
1_Bartomeus,BAT2CA,Transect,Coastal shrubland,Sclerophyllous vegetation,Mediterranean,Spain,Cap de Creus Natural Park,42.354,3.175,2005-03-13,1,Thymelaea hirsuta,Thymelaea hirsuta,SPECIES,Malvales,Thymelaeaceae,Thymelaea,Bibionidae,Bibionidae,FAMILY,Diptera,Bibionidae,,No,BAT2CA,2005,3,13,BAT2CA_3,1,66,7,20,1
1_Bartomeus,BAT2CA,Transect,Coastal shrubland,Sclerophyllous vegetation,Mediterranean,Spain,Cap de Creus Natural Park,42.354,3.175,2005-03-21,1,Thymelaea hirsuta,Thymelaea hirsuta,SPECIES,Malvales,Thymelaeaceae,Thymelaea,Bibionidae,Bibionidae,FAMILY,Diptera,Bibionidae,,No,BAT2CA,2005,3,21,BAT2CA_3,1,66,7,20,1
1_Bartomeus,BAT2CA,Transect,Coastal shrubland,Sclerophyllous vegetation,Mediterranean,Spain,Cap de Creus Natural Park,42.354,3.175,2005-03-28,1,Thymelaea hirsuta,Thymelaea hirsuta,SPECIES,Malvales,Thymelaeaceae,Thymelaea,Oxythyrea funesta,Oxythyrea funesta,SPECIES,Coleoptera,Scarabaeidae,Oxythyrea,No,BAT2CA,2005,3,28,BAT2CA_3,3,66,7,54,3
1_Bartomeus,BAT2CA,Transect,Coastal shrubland,Sclerophyllous vegetation,Mediterranean,Spain,Cap de Creus Natural Park,42.354,3.175,2005-03-28,1,Thymelaea hirsuta,Thymelaea hirsuta,SPECIES,Malvales,Thymelaeaceae,Thymelaea,Coleoptera,Coleoptera,ORDER,Coleoptera,,,No,BAT2CA,2005,3,28,BAT2CA_3,4,66,7,73,5
1_Bartomeus,FRA1OP,Focal_observation,Coastal shrubland,Sclerophyllous vegetation,Mediterranean,Spain,Cap de Creus Natural Park,42.417,3.158,2005-05-09,1,Sonchus tenerrinus,Sonchus tenerrimus,SPECIES,Asterales,Asteraceae,Sonchus,Apis melifera,Apis mellifera,SPECIES,Hymenoptera,Apidae,Apis,No,FRA1OP,2005,5,9,FRA1OP_5,3,166,5,59,3
1_Bartomeus,FRA1OP,Focal_observation,Coastal shrubland,Sclerophyllous vegetation,Mediterranean,Spain,Cap de Creus Natural Park,42.417,3.158,2005-05-09,1,Sonchus tenerrinus,Sonchus tenerrimus,SPECIES,Asterales,Asteraceae,Sonchus,Bombus terrestris,Bombus terrestris,SPECIES,Hymenoptera,Apidae,Bombus,No,FRA1OP,2005,5,9,FRA1OP_5,5,166,5,55,4
1_Bartomeus,FRA1OP,Focal_observation,Coastal shrubland,Sclerophyllous vegetation,Mediterranean,Spain,Cap de Creus Natural Park,42.417,3.158,2005-05-09,1,Urospermum picroides,Urospermum picroides,SPECIES,Asterales,Asteraceae,Urospermum,Anthophora,Anthophora,GENUS,Hymenoptera,Apidae,Anthophora,No,FRA1OP,2005,5,9,FRA1OP_5,2,100,5,17,4
1_Bartomeus,FRA1OP,Focal_observation,Coastal shrubland,Sclerophyllous vegetation,Mediterranean,Spain,Cap de Creus Natural Park,42.417,3.158,2005-05-14,1,Sonchus tenerrinus,Sonchus tenerrimus,SPECIES,Asterales,Asteraceae,Sonchus,Sphecodes,Sphecodes,GENUS,Hymenoptera,Halictidae,Sphecodes,No,FRA1OP,2005,5,14,FRA1OP_5,3,166,5,17,1
1_Bartomeus,FRA1OP,Focal_observation,Coastal shrubland,Sclerophyllous vegetation,Mediterranean,Spain,Cap de Creus Natural Park,42.417,3.158,2005-05-14,1,Sonchus tenerrinus,Sonchus tenerrimus,SPECIES,Asterales,Asteraceae,Sonchus,Sphaerophoria,Sphaerophoria,GENUS,Diptera,Syrphidae,Sphaerophoria,No,FRA1OP,2005,5,14,FRA1OP_5,1,166,5,24,3
1_Bartomeus,FRA1OP,Focal_observation,Coastal shrubland,Sclerophyllous vegetation,Mediterranean,Spain,Cap de Creus Natural Park,42.417,3.158,2005-05-14,1,Sonchus tenerrinus,Sonchus tenerrimus,SPECIES,Asterales,Asteraceae,Sonchus,Panurgus calcaratus,Panurgus calcaratus,SPECIES,Hymenoptera,Andrenidae,Panurgus,No,FRA1OP,2005,5,14,FRA1OP_5,2,166,5,23,10
1_Bartomeus,FRA1OP,Focal_observation,Coastal shrubland,Sclerophyllous vegetation,Mediterranean,Spain,Cap de Creus Natural Park,42.417,3.158,2005-05-14,1,Sonchus tenerrinus,Sonchus tenerrimus,SPECIES,Asterales,Asteraceae,Sonchus,Panurgus calcaratus,Panurgus calcaratus,SPECIES,Hymenoptera,Andrenidae,Panurgus,No,FRA1OP,2005,5,14,FRA1OP_5,3,166,5,23,10
1_Bartomeus,FRA1OP,Focal_observation,Coastal shrubland,Sclerophyllous vegetation,Mediterranean,Spain,Cap de Creus Natural Park,42.417,3.158,2005-05-14,1,Sonchus tenerrinus,Sonchus tenerrimus,SPECIES,Asterales,Asteraceae,Sonchus,Panurgus calcaratus,Panurgus calcaratus,SPECIES,Hymenoptera,Andrenidae,Panurgus,No,FRA1OP,2005,5,14,FRA1OP_5,4,166,5,23,10
1_Bartomeus,FRA1OP,Focal_observation,Coastal shrubland,Sclerophyllous vegetation,Mediterranean,Spain,Cap de Creus Natural Park,42.417,3.158,2005-05-21,1,Sonchus tenerrinus,Sonchus tenerrimus,SPECIES,Asterales,Asteraceae,Sonchus,Panurgus calcaratus,Panurgus calcaratus,SPECIES,Hymenoptera,Andrenidae,Panurgus,No,FRA1OP,2005,5,21,FRA1OP_5,4,166,5,23,10
1_Bartomeus,FRA1OP,Focal_observation,Coastal shrubland,Sclerophyllous vegetation,Mediterranean,Spain,Cap de Creus Natural Park,42.417,3.158,2005-05-09,1,Daucus carota carota,Daucus carota,SPECIES,Apiales,Apiaceae,Daucus,Halictus gemmeus,Seladonia gemmea,SPECIES,Hymenoptera,Halictidae,Seladonia,No,FRA1OP,2005,5,9,FRA1OP_5,2,135,5,22,1
1_Bartomeus,FRA1OP,Focal_observation,Coastal shrubland,Sclerophyllous vegetation,Mediterranean,Spain,Cap de Creus Natural Park,42.417,3.158,2005-05-09,1,Echium sabulicola,Echium sabulicola,SPECIES,Boraginales,Boraginaceae,Echium,Lasioglossum pauxillum,Lasioglossum pauxillum,SPECIES,Hymenoptera,Halictidae,Lasioglossum,No,FRA1OP,2005,5,9,FRA1OP_5,2,20,3,38,1
1_Bartomeus,FRA1OP,Focal_observation,Coastal shrubland,Sclerophyllous vegetation,Mediterranean,Spain,Cap de Creus Natural Park,42.417,3.158,2005-05-09,1,Convolvulus althaeoides,Convolvulus althaeoides,SPECIES,Solanales,Convolvulaceae,Convolvulus,Mordellistena pumila,Mordellistena pumila,SPECIES,Coleoptera,Mordellidae,Mordellistena,No,FRA1OP,2005,5,9,FRA1OP_5,3,44,9,78,5
1_Bartomeus,FRA1OP,Focal_observation,Coastal shrubland,Sclerophyllous vegetation,Mediterranean,Spain,Cap de Creus Natural Park,42.417,3.158,2005-05-09,1,Convolvulus althaeoides,Convolvulus althaeoides,SPECIES,Solanales,Convolvulaceae,Convolvulus,Mordellistena pumila,Mordellistena pumila,SPECIES,Coleoptera,Mordellidae,Mordellistena,No,FRA1OP,2005,5,9,FRA1OP_5,2,44,9,78,5
1_Bartomeus,FRA1OP,Focal_observation,Coastal shrubland,Sclerophyllous vegetation,Mediterranean,Spain,Cap de Creus Natural Park,42.417,3.158,2005-05-14,1,Daucus carota carota,Daucus carota,SPECIES,Apiales,Apiaceae,Daucus,Apis melifera,Apis mellifera,SPECIES,Hymenoptera,Apidae,Apis,No,FRA1OP,2005,5,14,FRA1OP_5,2,135,5,59,3
1_Bartomeus,FRA1OP,Focal_observation,Coastal shrubland,Sclerophyllous vegetation,Mediterranean,Spain,Cap de Creus Natural Park,42.417,3.158,2005-05-14,1,Daucus carota carota,Daucus carota,SPECIES,Apiales,Apiaceae,Daucus,Halictus gemmeus,Seladonia gemmea,SPECIES,Hymenoptera,Halictidae,Seladonia,No,FRA1OP,2005,5,14,FRA1OP_5,5,135,5,22,1
1_Bartomeus,FRA1OP,Focal_observation,Coastal shrubland,Sclerophyllous vegetation,Mediterranean,Spain,Cap de Creus Natural Park,42.417,3.158,2005-05-14,1,Convolvulus althaeoides,Convolvulus althaeoides,SPECIES,Solanales,Convolvulaceae,Convolvulus,Dasytidae,Dasytidae,FAMILY,Coleoptera,Dasytidae,,No,FRA1OP,2005,5,14,FRA1OP_5,2,44,9,56,2
1_Bartomeus,FRA1OP,Focal_observation,Coastal shrubland,Sclerophyllous vegetation,Mediterranean,Spain,Cap de Creus Natural Park,42.417,3.158,2005-05-14,1,Daucus carota carota,Daucus carota,SPECIES,Apiales,Apiaceae,Daucus,Mordellistena pumila,Mordellistena pumila,SPECIES,Coleoptera,Mordellidae,Mordellistena,No,FRA1OP,2005,5,14,FRA1OP_5,4,135,5,78,5
1_Bartomeus,FRA1OP,Focal_observation,Coastal shrubland,Sclerophyllous vegetation,Mediterranean,Spain,Cap de Creus Natural Park,42.417,3.158,2005-05-14,1,Daucus carota carota,Daucus carota,SPECIES,Apiales,Apiaceae,Daucus,Mordellistena pumila,Mordellistena pumila,SPECIES,Coleoptera,Mordellidae,Mordellistena,No,FRA1OP,2005,5,14,FRA1OP_5,2,135,5,78,5
1_Bartomeus,FRA1OP,Focal_observation,Coastal shrubland,Sclerophyllous vegetation,Mediterranean,Spain,Cap de Creus Natural Park,42.417,3.158,2005-05-14,1,Daucus carota carota,Daucus carota,SPECIES,Apiales,Apiaceae,Daucus,Mordellistena pumila,Mordellistena pumila,SPECIES,Coleoptera,Mordellidae,Mordellistena,No,FRA1OP,2005,5,14,FRA1OP_5,1,135,5,78,5
1_Bartomeus,FRA1OP,Focal_observation,Coastal shrubland,Sclerophyllous vegetation,Mediterranean,Spain,Cap de Creus Natural Park,42.417,3.158,2005-05-14,1,Daucus carota carota,Daucus carota,SPECIES,Apiales,Apiaceae,Daucus,Andrena,Andrena,GENUS,Hymenoptera,Andrenidae,Andrena,No,FRA1OP,2005,5,14,FRA1OP_5,1,135,5,81,1
1_Bartomeus,FRA1OP,Focal_observation,Coastal shrubland,Sclerophyllous vegetation,Mediterranean,Spain,Cap de Creus Natural Park,42.417,3.158,2005-05-14,1,Daucus carota carota,Daucus carota,SPECIES,Apiales,Apiaceae,Daucus,Hylaeus variegatus,Hylaeus variegatus,SPECIES,Hymenoptera,Colletidae,Hylaeus,No,FRA1OP,2005,5,14,FRA1OP_5,5,135,5,23,5
1_Bartomeus,FRA1OP,Focal_observation,Coastal shrubland,Sclerophyllous vegetation,Mediterranean,Spain,Cap de Creus Natural Park,42.417,3.158,2005-05-09,1,Sonchus tenerrinus,Sonchus tenerrimus,SPECIES,Asterales,Asteraceae,Sonchus,Lasioglossum pauxillum,Lasioglossum pauxillum,SPECIES,Hymenoptera,Halictidae,Lasioglossum,No,FRA1OP,2005,5,9,FRA1OP_5,2,166,5,38,1
1_Bartomeus,FRA1OP,Focal_observation,Coastal shrubland,Sclerophyllous vegetation,Mediterranean,Spain,Cap de Creus Natural Park,42.417,3.158,2005-05-09,1,Sonchus tenerrinus,Sonchus tenerrimus,SPECIES,Asterales,Asteraceae,Sonchus,Lasioglossum pauxillum,Lasioglossum pauxillum,SPECIES,Hymenoptera,Halictidae,Lasioglossum,No,FRA1OP,2005,5,9,FRA1OP_5,1,166,5,38,1
1_Bartomeus,FRA1OP,Focal_observation,Coastal shrubland,Sclerophyllous vegetation,Mediterranean,Spain,Cap de Creus Natural Park,42.417,3.158,2005-05-09,1,Sonchus tenerrinus,Sonchus tenerrimus,SPECIES,Asterales,Asteraceae,Sonchus,Panurgus calcaratus,Panurgus calcaratus,SPECIES,Hymenoptera,Andrenidae,Panurgus,No,FRA1OP,2005,5,9,FRA1OP_5,2,166,5,23,10
1_Bartomeus,FRA1OP,Focal_observation,Coastal shrubland,Sclerophyllous vegetation,Mediterranean,Spain,Cap de Creus Natural Park,42.417,3.158,2005-05-09,1,Sonchus tenerrinus,Sonchus tenerrimus,SPECIES,Asterales,Asteraceae,Sonchus,Panurgus calcaratus,Panurgus calcaratus,SPECIES,Hymenoptera,Andrenidae,Panurgus,No,FRA1OP,2005,5,9,FRA1OP_5,2,166,5,23,10
1_Bartomeus,FRA1OP,Focal_observation,Coastal shrubland,Sclerophyllous vegetation,Mediterranean,Spain,Cap de Creus Natural Park,42.417,3.158,2005-05-14,1,Sonchus tenerrinus,Sonchus tenerrimus,SPECIES,Asterales,Asteraceae,Sonchus,Apis melifera,Apis mellifera,SPECIES,Hymenoptera,Apidae,Apis,No,FRA1OP,2005,5,14,FRA1OP_5,4,166,5,59,3
1_Bartomeus,FRA1OP,Focal_observation,Coastal shrubland,Sclerophyllous vegetation,Mediterranean,Spain,Cap de Creus Natural Park,42.417,3.158,2005-05-14,1,Sonchus tenerrinus,Sonchus tenerrimus,SPECIES,Asterales,Asteraceae,Sonchus,Scolia hirta,Scolia hirta,SPECIES,Hymenoptera,Scoliidae,Scolia,No,FRA1OP,2005,5,14,FRA1OP_5,5,166,5,31,5
1_Bartomeus,FRA1OP,Focal_observation,Coastal shrubland,Sclerophyllous vegetation,Mediterranean,Spain,Cap de Creus Natural Park,42.417,3.158,2005-05-14,1,Sonchus tenerrinus,Sonchus tenerrimus,SPECIES,Asterales,Asteraceae,Sonchus,Nomada merceti,Nomada merceti,SPECIES,Hymenoptera,Apidae,Nomada,No,FRA1OP,2005,5,14,FRA1OP_5,5,166,5,10,4
1_Bartomeus,FRA1OP,Focal_observation,Coastal shrubland,Sclerophyllous vegetation,Mediterranean,Spain,Cap de Creus Natural Park,42.417,3.158,2005-05-21,1,Sonchus tenerrinus,Sonchus tenerrimus,SPECIES,Asterales,Asteraceae,Sonchus,Lasioglossum pauxillum,Lasioglossum pauxillum,SPECIES,Hymenoptera,Halictidae,Lasioglossum,No,FRA1OP,2005,5,21,FRA1OP_5,1,166,5,38,1
1_Bartomeus,FRA1OP,Focal_observation,Coastal shrubland,Sclerophyllous vegetation,Mediterranean,Spain,Cap de Creus Natural Park,42.417,3.158,2005-05-21,1,Sonchus tenerrinus,Sonchus tenerrimus,SPECIES,Asterales,Asteraceae,Sonchus,Lasioglossum pauxillum,Lasioglossum pauxillum,SPECIES,Hymenoptera,Halictidae,Lasioglossum,No,FRA1OP,2005,5,21,FRA1OP_5,1,166,5,38,1
1_Bartomeus,FRA1OP,Focal_observation,Coastal shrubland,Sclerophyllous vegetation,Mediterranean,Spain,Cap de Creus Natural Park,42.417,3.158,2005-05-09,1,Echium sabulicola,Echium sabulicola,SPECIES,Boraginales,Boraginaceae,Echium,Ceratina curcurbitina,Ceratina cucurbitina,SPECIES,Hymenoptera,Apidae,Ceratina,No,FRA1OP,2005,5,9,FRA1OP_5,5,20,3,24,4
1_Bartomeus,FRA1OP,Focal_observation,Coastal shrubland,Sclerophyllous vegetation,Mediterranean,Spain,Cap de Creus Natural Park,42.417,3.158,2005-05-09,1,Convolvulus althaeoides,Convolvulus althaeoides,SPECIES,Solanales,Convolvulaceae,Convolvulus,Lasioglossum pauxillum,Lasioglossum pauxillum,SPECIES,Hymenoptera,Halictidae,Lasioglossum,No,FRA1OP,2005,5,9,FRA1OP_5,1,44,9,38,1
1_Bartomeus,FRA1OP,Random walk,Coastal shrubland,Sclerophyllous vegetation,Mediterranean,Spain,Cap de Creus Natural Park,42.417,3.158,2005-04-09,1,Daucus carota carota,Daucus carota,SPECIES,Apiales,Apiaceae,Daucus,Coleoptera,Coleoptera,ORDER,Coleoptera,,,No,FRA1OP,2005,4,9,FRA1OP_4,1,135,5,73,5
1_Bartomeus,FRA1OP,Focal_observation,Coastal shrubland,Sclerophyllous vegetation,Mediterranean,Spain,Cap de Creus Natural Park,42.417,3.158,2005-05-09,1,Daucus carota carota,Daucus carota,SPECIES,Apiales,Apiaceae,Daucus,Mordellistena pumila,Mordellistena pumila,SPECIES,Coleoptera,Mordellidae,Mordellistena,No,FRA1OP,2005,5,9,FRA1OP_5,5,135,5,78,5
1_Bartomeus,FRA1OP,Focal_observation,Coastal shrubland,Sclerophyllous vegetation,Mediterranean,Spain,Cap de Creus Natural Park,42.417,3.158,2005-05-09,1,Daucus carota carota,Daucus carota,SPECIES,Apiales,Apiaceae,Daucus,Mordellistena pumila,Mordellistena pumila,SPECIES,Coleoptera,Mordellidae,Mordellistena,No,FRA1OP,2005,5,9,FRA1OP_5,1,135,5,78,5
1_Bartomeus,FRA1OP,Focal_observation,Coastal shrubland,Sclerophyllous vegetation,Mediterranean,Spain,Cap de Creus Natural Park,42.417,3.158,2005-05-16,1,Echium sabulicola,Echium sabulicola,SPECIES,Boraginales,Boraginaceae,Echium,Ceratina curcurbitina,Ceratina cucurbitina,SPECIES,Hymenoptera,Apidae,Ceratina,No,FRA1OP,2005,5,16,FRA1OP_5,5,20,3,24,4
1_Bartomeus,FRA1OP,Focal_observation,Coastal shrubland,Sclerophyllous vegetation,Mediterranean,Spain,Cap de Creus Natural Park,42.417,3.158,2005-05-14,1,Daucus carota carota,Daucus carota,SPECIES,Apiales,Apiaceae,Daucus,Oedemera lurida,Oedemera lurida,SPECIES,Coleoptera,Oedemeridae,Oedemera,No,FRA1OP,2005,5,14,FRA1OP_5,4,135,5,75,8
1_Bartomeus,FRA1OP,Focal_observation,Coastal shrubland,Sclerophyllous vegetation,Mediterranean,Spain,Cap de Creus Natural Park,42.417,3.158,2005-05-14,1,Daucus carota carota,Daucus carota,SPECIES,Apiales,Apiaceae,Daucus,Oedemera lurida,Oedemera lurida,SPECIES,Coleoptera,Oedemeridae,Oedemera,No,FRA1OP,2005,5,14,FRA1OP_5,2,135,5,75,8
1_Bartomeus,FRA1OP,Focal_observation,Coastal shrubland,Sclerophyllous vegetation,Mediterranean,Spain,Cap de Creus Natural Park,42.417,3.158,2005-05-14,1,Convolvulus althaeoides,Convolvulus althaeoides,SPECIES,Solanales,Convolvulaceae,Convolvulus,Mordellistena pumila,Mordellistena pumila,SPECIES,Coleoptera,Mordellidae,Mordellistena,No,FRA1OP,2005,5,14,FRA1OP_5,5,44,9,78,5
1_Bartomeus,FRA1OP,Focal_observation,Coastal shrubland,Sclerophyllous vegetation,Mediterranean,Spain,Cap de Creus Natural Park,42.417,3.158,2005-05-14,1,Convolvulus althaeoides,Convolvulus althaeoides,SPECIES,Solanales,Convolvulaceae,Convolvulus,Mordellistena pumila,Mordellistena pumila,SPECIES,Coleoptera,Mordellidae,Mordellistena,No,FRA1OP,2005,5,14,FRA1OP_5,4,44,9,78,5
1_Bartomeus,FRA1OP,Focal_observation,Coastal shrubland,Sclerophyllous vegetation,Mediterranean,Spain,Cap de Creus Natural Park,42.417,3.158,2005-05-14,1,Convolvulus althaeoides,Convolvulus althaeoides,SPECIES,Solanales,Convolvulaceae,Convolvulus,Mordellistena pumila,Mordellistena pumila,SPECIES,Coleoptera,Mordellidae,Mordellistena,No,FRA1OP,2005,5,14,FRA1OP_5,3,44,9,78,5
1_Bartomeus,FRA1OP,Focal_observation,Coastal shrubland,Sclerophyllous vegetation,Mediterranean,Spain,Cap de Creus Natural Park,42.417,3.158,2005-05-14,1,Convolvulus althaeoides,Convolvulus althaeoides,SPECIES,Solanales,Convolvulaceae,Convolvulus,Mordellistena pumila,Mordellistena pumila,SPECIES,Coleoptera,Mordellidae,Mordellistena,No,FRA1OP,2005,5,14,FRA1OP_5,3,44,9,78,5
1_Bartomeus,FRA1OP,Focal_observation,Coastal shrubland,Sclerophyllous vegetation,Mediterranean,Spain,Cap de Creus Natural Park,42.417,3.158,2005-05-14,1,Convolvulus althaeoides,Convolvulus althaeoides,SPECIES,Solanales,Convolvulaceae,Convolvulus,Mordellistena pumila,Mordellistena pumila,SPECIES,Coleoptera,Mordellidae,Mordellistena,No,FRA1OP,2005,5,14,FRA1OP_5,1,44,9,78,5
1_Bartomeus,FRA1OP,Focal_observation,Coastal shrubland,Sclerophyllous vegetation,Mediterranean,Spain,Cap de Creus Natural Park,42.417,3.158,2005-05-14,1,Eryngium campestre,Eryngium campestre,SPECIES,Apiales,Apiaceae,Eryngium,Mordellistena pumila,Mordellistena pumila,SPECIES,Coleoptera,Mordellidae,Mordellistena,No,FRA1OP,2005,5,14,FRA1OP_5,5,27,4,78,5
1_Bartomeus,FRA1OP,Focal_observation,Coastal shrubland,Sclerophyllous vegetation,Mediterranean,Spain,Cap de Creus Natural Park,42.417,3.158,2005-05-14,1,Eryngium campestre,Eryngium campestre,SPECIES,Apiales,Apiaceae,Eryngium,Mordellistena pumila,Mordellistena pumila,SPECIES,Coleoptera,Mordellidae,Mordellistena,No,FRA1OP,2005,5,14,FRA1OP_5,2,27,4,78,5
1_Bartomeus,FRA1OP,Focal_observation,Coastal shrubland,Sclerophyllous vegetation,Mediterranean,Spain,Cap de Creus Natural Park,42.417,3.158,2005-05-14,1,Convolvulus althaeoides,Convolvulus althaeoides,SPECIES,Solanales,Convolvulaceae,Convolvulus,Coleoptera,Coleoptera,ORDER,Coleoptera,,,No,FRA1OP,2005,5,14,FRA1OP_5,2,44,9,73,5
1_Bartomeus,FRA1OP,Focal_observation,Coastal shrubland,Sclerophyllous vegetation,Mediterranean,Spain,Cap de Creus Natural Park,42.417,3.158,2005-05-21,1,Daucus carota carota,Daucus carota,SPECIES,Apiales,Apiaceae,Daucus,Halictus gemmeus,Seladonia gemmea,SPECIES,Hymenoptera,Halictidae,Seladonia,No,FRA1OP,2005,5,21,FRA1OP_5,1,135,5,22,1
1_Bartomeus,FRA1OP,Focal_observation,Coastal shrubland,Sclerophyllous vegetation,Mediterranean,Spain,Cap de Creus Natural Park,42.417,3.158,2005-05-21,1,Daucus carota carota,Daucus carota,SPECIES,Apiales,Apiaceae,Daucus,Halictus gemmeus,Seladonia gemmea,SPECIES,Hymenoptera,Halictidae,Seladonia,No,FRA1OP,2005,5,21,FRA1OP_5,2,135,5,22,1
1_Bartomeus,FRA1OP,Focal_observation,Coastal shrubland,Sclerophyllous vegetation,Mediterranean,Spain,Cap de Creus Natural Park,42.417,3.158,2005-05-21,1,Daucus carota carota,Daucus carota,SPECIES,Apiales,Apiaceae,Daucus,Mordella bipunctata,Mediimorda bipunctata,SPECIES,Coleoptera,Mordellidae,Mediimorda,No,FRA1OP,2005,5,21,FRA1OP_5,2,135,5,48,5
1_Bartomeus,FRA1OP,Focal_observation,Coastal shrubland,Sclerophyllous vegetation,Mediterranean,Spain,Cap de Creus Natural Park,42.417,3.158,2005-05-30,1,Daucus carota carota,Daucus carota,SPECIES,Apiales,Apiaceae,Daucus,Halictus gemmeus,Seladonia gemmea,SPECIES,Hymenoptera,Halictidae,Seladonia,No,FRA1OP,2005,5,30,FRA1OP_5,1,135,5,22,1
1_Bartomeus,FRA1OP,Focal_observation,Coastal shrubland,Sclerophyllous vegetation,Mediterranean,Spain,Cap de Creus Natural Park,42.417,3.158,2005-05-30,1,Daucus carota carota,Daucus carota,SPECIES,Apiales,Apiaceae,Daucus,Mordellistena pumila,Mordellistena pumila,SPECIES,Coleoptera,Mordellidae,Mordellistena,No,FRA1OP,2005,5,30,FRA1OP_5,4,135,5,78,5
1_Bartomeus,FRA1OP,Focal_observation,Coastal shrubland,Sclerophyllous vegetation,Mediterranean,Spain,Cap de Creus Natural Park,42.417,3.158,2005-05-30,1,Daucus carota carota,Daucus carota,SPECIES,Apiales,Apiaceae,Daucus,Mordellistena pumila,Mordellistena pumila,SPECIES,Coleoptera,Mordellidae,Mordellistena,No,FRA1OP,2005,5,30,FRA1OP_5,1,135,5,78,5
1_Bartomeus,FRA1OP,Focal_observation,Coastal shrubland,Sclerophyllous vegetation,Mediterranean,Spain,Cap de Creus Natural Park,42.417,3.158,2005-05-30,1,Daucus carota carota,Daucus carota,SPECIES,Apiales,Apiaceae,Daucus,Mordellistena pumila,Mordellistena pumila,SPECIES,Coleoptera,Mordellidae,Mordellistena,No,FRA1OP,2005,5,30,FRA1OP_5,2,135,5,78,5
1_Bartomeus,FRA1OP,Focal_observation,Coastal shrubland,Sclerophyllous vegetation,Mediterranean,Spain,Cap de Creus Natural Park,42.417,3.158,2005-05-30,1,Sedum sediforme,Petrosedum sediforme,SPECIES,Saxifragales,Crassulaceae,Petrosedum,Halictus gemmeus,Seladonia gemmea,SPECIES,Hymenoptera,Halictidae,Seladonia,No,FRA1OP,2005,5,30,FRA1OP_5,3,68,3,22,1
1_Bartomeus,FRA1OP,Focal_observation,Coastal shrubland,Sclerophyllous vegetation,Mediterranean,Spain,Cap de Creus Natural Park,42.417,3.158,2005-05-30,1,Sedum sediforme,Petrosedum sediforme,SPECIES,Saxifragales,Crassulaceae,Petrosedum,Halictus gemmeus,Seladonia gemmea,SPECIES,Hymenoptera,Halictidae,Seladonia,No,FRA1OP,2005,5,30,FRA1OP_5,4,68,3,22,1
1_Bartomeus,FRA1OP,Focal_observation,Coastal shrubland,Sclerophyllous vegetation,Mediterranean,Spain,Cap de Creus Natural Park,42.417,3.158,2005-05-21,1,Daucus carota carota,Daucus carota,SPECIES,Apiales,Apiaceae,Daucus,Lasioglossum pauxillum,Lasioglossum pauxillum,SPECIES,Hymenoptera,Halictidae,Lasioglossum,No,FRA1OP,2005,5,21,FRA1OP_5,1,135,5,38,1
1_Bartomeus,FRA1OP,Focal_observation,Coastal shrubland,Sclerophyllous vegetation,Mediterranean,Spain,Cap de Creus Natural Park,42.417,3.158,2005-05-21,1,Daucus carota carota,Daucus carota,SPECIES,Apiales,Apiaceae,Daucus,Lasioglossum pauxillum,Lasioglossum pauxillum,SPECIES,Hymenoptera,Halictidae,Lasioglossum,No,FRA1OP,2005,5,21,FRA1OP_5,5,135,5,38,1
1_Bartomeus,FRA1OP,Focal_observation,Coastal shrubland,Sclerophyllous vegetation,Mediterranean,Spain,Cap de Creus Natural Park,42.417,3.158,2005-05-21,1,Daucus carota carota,Daucus carota,SPECIES,Apiales,Apiaceae,Daucus,Hylaeus variegatus,Hylaeus variegatus,SPECIES,Hymenoptera,Colletidae,Hylaeus,No,FRA1OP,2005,5,21,FRA1OP_5,3,135,5,23,5
1_Bartomeus,FRA1OP,Focal_observation,Coastal shrubland,Sclerophyllous vegetation,Mediterranean,Spain,Cap de Creus Natural Park,42.417,3.158,2005-05-21,1,Daucus carota carota,Daucus carota,SPECIES,Apiales,Apiaceae,Daucus,Hylaeus variegatus,Hylaeus variegatus,SPECIES,Hymenoptera,Colletidae,Hylaeus,No,FRA1OP,2005,5,21,FRA1OP_5,3,135,5,23,5
1_Bartomeus,FRA1OP,Focal_observation,Coastal shrubland,Sclerophyllous vegetation,Mediterranean,Spain,Cap de Creus Natural Park,42.417,3.158,2005-05-30,1,Daucus carota carota,Daucus carota,SPECIES,Apiales,Apiaceae,Daucus,Mordella bipunctata,Mediimorda bipunctata,SPECIES,Coleoptera,Mordellidae,Mediimorda,No,FRA1OP,2005,5,30,FRA1OP_5,4,135,5,48,5
1_Bartomeus,FRA1OP,Focal_observation,Coastal shrubland,Sclerophyllous vegetation,Mediterranean,Spain,Cap de Creus Natural Park,42.417,3.158,2005-05-30,1,Daucus carota carota,Daucus carota,SPECIES,Apiales,Apiaceae,Daucus,Mordella bipunctata,Mediimorda bipunctata,SPECIES,Coleoptera,Mordellidae,Mediimorda,No,FRA1OP,2005,5,30,FRA1OP_5,2,135,5,48,5
1_Bartomeus,FRA1OP,Focal_observation,Coastal shrubland,Sclerophyllous vegetation,Mediterranean,Spain,Cap de Creus Natural Park,42.417,3.158,2005-05-30,1,Sedum sediforme,Petrosedum sediforme,SPECIES,Saxifragales,Crassulaceae,Petrosedum,Halictus pyrenaeus,Halictus pyrenaeus,SPECIES,Hymenoptera,Halictidae,Halictus,No,FRA1OP,2005,5,30,FRA1OP_5,2,68,3,50,1
1_Bartomeus,FRA1OP,Focal_observation,Coastal shrubland,Sclerophyllous vegetation,Mediterranean,Spain,Cap de Creus Natural Park,42.417,3.158,2005-05-30,1,Sedum sediforme,Petrosedum sediforme,SPECIES,Saxifragales,Crassulaceae,Petrosedum,Andrena,Andrena,GENUS,Hymenoptera,Andrenidae,Andrena,No,FRA1OP,2005,5,30,FRA1OP_5,5,68,3,81,1
1_Bartomeus,FRA2OP,Random walk,Coastal shrubland,Sclerophyllous vegetation,Mediterranean,Spain,Cap de Creus Natural Park,42.417,3.16,2005-05-09,1,Sonchus tenerrinus,Sonchus tenerrimus,SPECIES,Asterales,Asteraceae,Sonchus,Apis melifera,Apis mellifera,SPECIES,Hymenoptera,Apidae,Apis,No,FRA2OP,2005,5,9,FRA2OP_5,4,166,5,59,3
1_Bartomeus,FRA2OP,Random walk,Coastal shrubland,Sclerophyllous vegetation,Mediterranean,Spain,Cap de Creus Natural Park,42.417,3.16,2005-05-09,1,Sonchus tenerrinus,Sonchus tenerrimus,SPECIES,Asterales,Asteraceae,Sonchus,Oedemera lurida,Oedemera lurida,SPECIES,Coleoptera,Oedemeridae,Oedemera,No,FRA2OP,2005,5,9,FRA2OP_5,5,166,5,75,8
1_Bartomeus,FRA2OP,Random walk,Coastal shrubland,Sclerophyllous vegetation,Mediterranean,Spain,Cap de Creus Natural Park,42.417,3.16,2005-05-09,1,Sonchus tenerrinus,Sonchus tenerrimus,SPECIES,Asterales,Asteraceae,Sonchus,Panurgus calcaratus,Panurgus calcaratus,SPECIES,Hymenoptera,Andrenidae,Panurgus,No,FRA2OP,2005,5,9,FRA2OP_5,4,166,5,23,10
1_Bartomeus,FRA2OP,Random walk,Coastal shrubland,Sclerophyllous vegetation,Mediterranean,Spain,Cap de Creus Natural Park,42.417,3.16,2005-05-09,1,Sonchus tenerrinus,Sonchus tenerrimus,SPECIES,Asterales,Asteraceae,Sonchus,Panurgus calcaratus,Panurgus calcaratus,SPECIES,Hymenoptera,Andrenidae,Panurgus,No,FRA2OP,2005,5,9,FRA2OP_5,1,166,5,23,10
1_Bartomeus,FRA2OP,Random walk,Coastal shrubland,Sclerophyllous vegetation,Mediterranean,Spain,Cap de Creus Natural Park,42.417,3.16,2005-05-14,1,Sonchus tenerrinus,Sonchus tenerrimus,SPECIES,Asterales,Asteraceae,Sonchus,Halictus gemmeus,Seladonia gemmea,SPECIES,Hymenoptera,Halictidae,Seladonia,No,FRA2OP,2005,5,14,FRA2OP_5,4,166,5,22,1
1_Bartomeus,FRA2OP,Random walk,Coastal shrubland,Sclerophyllous vegetation,Mediterranean,Spain,Cap de Creus Natural Park,42.417,3.16,2005-05-14,1,Sonchus tenerrinus,Sonchus tenerrimus,SPECIES,Asterales,Asteraceae,Sonchus,Lasioglossum bimaculatum,Lasioglossum bimaculatum,SPECIES,Hymenoptera,Halictidae,Lasioglossum,No,FRA2OP,2005,5,14,FRA2OP_5,5,166,5,33,1
1_Bartomeus,FRA2OP,Random walk,Coastal shrubland,Sclerophyllous vegetation,Mediterranean,Spain,Cap de Creus Natural Park,42.417,3.16,2005-05-14,1,Sonchus tenerrinus,Sonchus tenerrimus,SPECIES,Asterales,Asteraceae,Sonchus,Panurgus calcaratus,Panurgus calcaratus,SPECIES,Hymenoptera,Andrenidae,Panurgus,No,FRA2OP,2005,5,14,FRA2OP_5,1,166,5,23,10
1_Bartomeus,FRA2OP,Random walk,Coastal shrubland,Sclerophyllous vegetation,Mediterranean,Spain,Cap de Creus Natural Park,42.417,3.16,2005-05-14,1,Sonchus tenerrinus,Sonchus tenerrimus,SPECIES,Asterales,Asteraceae,Sonchus,Panurgus calcaratus,Panurgus calcaratus,SPECIES,Hymenoptera,Andrenidae,Panurgus,No,FRA2OP,2005,5,14,FRA2OP_5,2,166,5,23,10
1_Bartomeus,FRA2OP,Random walk,Coastal shrubland,Sclerophyllous vegetation,Mediterranean,Spain,Cap de Creus Natural Park,42.417,3.16,2005-05-14,1,Sonchus tenerrinus,Sonchus tenerrimus,SPECIES,Asterales,Asteraceae,Sonchus,Panurgus calcaratus,Panurgus calcaratus,SPECIES,Hymenoptera,Andrenidae,Panurgus,No,FRA2OP,2005,5,14,FRA2OP_5,4,166,5,23,10
1_Bartomeus,FRA2OP,Random walk,Coastal shrubland,Sclerophyllous vegetation,Mediterranean,Spain,Cap de Creus Natural Park,42.417,3.16,2005-05-14,1,Sonchus tenerrinus,Sonchus tenerrimus,SPECIES,Asterales,Asteraceae,Sonchus,Sphaerophoria,Sphaerophoria,GENUS,Diptera,Syrphidae,Sphaerophoria,No,FRA2OP,2005,5,14,FRA2OP_5,1,166,5,24,3
1_Bartomeus,FRA2OP,Random walk,Coastal shrubland,Sclerophyllous vegetation,Mediterranean,Spain,Cap de Creus Natural Park,42.417,3.16,2005-05-21,1,Sonchus tenerrinus,Sonchus tenerrimus,SPECIES,Asterales,Asteraceae,Sonchus,Lasioglossum pauxillum,Lasioglossum pauxillum,SPECIES,Hymenoptera,Halictidae,Lasioglossum,No,FRA2OP,2005,5,21,FRA2OP_5,5,166,5,38,1
1_Bartomeus,FRA2OP,Random walk,Coastal shrubland,Sclerophyllous vegetation,Mediterranean,Spain,Cap de Creus Natural Park,42.417,3.16,2005-05-21,1,Sonchus tenerrinus,Sonchus tenerrimus,SPECIES,Asterales,Asteraceae,Sonchus,Lasioglossum pauxillum,Lasioglossum pauxillum,SPECIES,Hymenoptera,Halictidae,Lasioglossum,No,FRA2OP,2005,5,21,FRA2OP_5,1,166,5,38,1
1_Bartomeus,FRA2OP,Random walk,Coastal shrubland,Sclerophyllous vegetation,Mediterranean,Spain,Cap de Creus Natural Park,42.417,3.16,2005-05-09,1,Convolvulus althaeoides,Convolvulus althaeoides,SPECIES,Solanales,Convolvulaceae,Convolvulus,Halictus gemmeus,Seladonia gemmea,SPECIES,Hymenoptera,Halictidae,Seladonia,No,FRA2OP,2005,5,9,FRA2OP_5,1,44,9,22,1
1_Bartomeus,FRA2OP,Random walk,Coastal shrubland,Sclerophyllous vegetation,Mediterranean,Spain,Cap de Creus Natural Park,42.417,3.16,2005-05-09,1,Convolvulus althaeoides,Convolvulus althaeoides,SPECIES,Solanales,Convolvulaceae,Convolvulus,Mordellistena pumila,Mordellistena pumila,SPECIES,Coleoptera,Mordellidae,Mordellistena,No,FRA2OP,2005,5,9,FRA2OP_5,4,44,9,78,5
1_Bartomeus,FRA2OP,Random walk,Coastal shrubland,Sclerophyllous vegetation,Mediterranean,Spain,Cap de Creus Natural Park,42.417,3.16,2005-05-09,1,Convolvulus althaeoides,Convolvulus althaeoides,SPECIES,Solanales,Convolvulaceae,Convolvulus,Mordellistena pumila,Mordellistena pumila,SPECIES,Coleoptera,Mordellidae,Mordellistena,No,FRA2OP,2005,5,9,FRA2OP_5,1,44,9,78,5
1_Bartomeus,FRA2OP,Random walk,Coastal shrubland,Sclerophyllous vegetation,Mediterranean,Spain,Cap de Creus Natural Park,42.417,3.16,2005-05-09,1,Convolvulus althaeoides,Convolvulus althaeoides,SPECIES,Solanales,Convolvulaceae,Convolvulus,Mordellistena pumila,Mordellistena pumila,SPECIES,Coleoptera,Mordellidae,Mordellistena,No,FRA2OP,2005,5,9,FRA2OP_5,1,44,9,78,5
1_Bartomeus,FRA2OP,Random walk,Coastal shrubland,Sclerophyllous vegetation,Mediterranean,Spain,Cap de Creus Natural Park,42.417,3.16,2005-05-14,1,Convolvulus althaeoides,Convolvulus althaeoides,SPECIES,Solanales,Convolvulaceae,Convolvulus,Dasytidae,Dasytidae,FAMILY,Coleoptera,Dasytidae,,No,FRA2OP,2005,5,14,FRA2OP_5,4,44,9,56,2
1_Bartomeus,FRA2OP,Random walk,Coastal shrubland,Sclerophyllous vegetation,Mediterranean,Spain,Cap de Creus Natural Park,42.417,3.16,2005-05-14,1,Eryngium campestre,Eryngium campestre,SPECIES,Apiales,Apiaceae,Eryngium,Mordellistena pumila,Mordellistena pumila,SPECIES,Coleoptera,Mordellidae,Mordellistena,No,FRA2OP,2005,5,14,FRA2OP_5,4,27,4,78,5
1_Bartomeus,FRA2OP,Random walk,Coastal shrubland,Sclerophyllous vegetation,Mediterranean,Spain,Cap de Creus Natural Park,42.417,3.16,2005-05-21,1,Daucus carota carota,Daucus carota,SPECIES,Apiales,Apiaceae,Daucus,Mordellistena pumila,Mordellistena pumila,SPECIES,Coleoptera,Mordellidae,Mordellistena,No,FRA2OP,2005,5,21,FRA2OP_5,5,135,5,78,5
1_Bartomeus,FRA2OP,Random walk,Coastal shrubland,Sclerophyllous vegetation,Mediterranean,Spain,Cap de Creus Natural Park,42.417,3.16,2005-05-21,1,Allium ampeloprasum,Allium ampeloprasum,SPECIES,Asparagales,Amaryllidaceae,Allium,Braconidae,Braconidae,FAMILY,Hymenoptera,Braconidae,,No,FRA2OP,2005,5,21,FRA2OP_5,2,14,4,16,6
1_Bartomeus,FRA2OP,Random walk,Coastal shrubland,Sclerophyllous vegetation,Mediterranean,Spain,Cap de Creus Natural Park,42.417,3.16,2005-05-30,1,Daucus carota carota,Daucus carota,SPECIES,Apiales,Apiaceae,Daucus,Mordellistena pumila,Mordellistena pumila,SPECIES,Coleoptera,Mordellidae,Mordellistena,No,FRA2OP,2005,5,30,FRA2OP_5,5,135,5,78,5
1_Bartomeus,FRA2OP,Random walk,Coastal shrubland,Sclerophyllous vegetation,Mediterranean,Spain,Cap de Creus Natural Park,42.417,3.16,2005-05-30,1,Daucus carota carota,Daucus carota,SPECIES,Apiales,Apiaceae,Daucus,Mordellistena pumila,Mordellistena pumila,SPECIES,Coleoptera,Mordellidae,Mordellistena,No,FRA2OP,2005,5,30,FRA2OP_5,3,135,5,78,5
1_Bartomeus,FRA2OP,Random walk,Coastal shrubland,Sclerophyllous vegetation,Mediterranean,Spain,Cap de Creus Natural Park,42.417,3.16,2005-05-30,1,Daucus carota carota,Daucus carota,SPECIES,Apiales,Apiaceae,Daucus,Mordellistena pumila,Mordellistena pumila,SPECIES,Coleoptera,Mordellidae,Mordellistena,No,FRA2OP,2005,5,30,FRA2OP_5,4,135,5,78,5
1_Bartomeus,FRA2OP,Random walk,Coastal shrubland,Sclerophyllous vegetation,Mediterranean,Spain,Cap de Creus Natural Park,42.417,3.16,2005-05-30,1,Daucus carota carota,Daucus carota,SPECIES,Apiales,Apiaceae,Daucus,Mordellistena pumila,Mordellistena pumila,SPECIES,Coleoptera,Mordellidae,Mordellistena,No,FRA2OP,2005,5,30,FRA2OP_5,1,135,5,78,5
1_Bartomeus,FRA2OP,Random walk,Coastal shrubland,Sclerophyllous vegetation,Mediterranean,Spain,Cap de Creus Natural Park,42.417,3.16,2005-05-09,1,Opuntia stricta,Opuntia stricta,SPECIES,Caryophyllales,Cactaceae,Opuntia,Scolia hirta,Scolia hirta,SPECIES,Hymenoptera,Scoliidae,Scolia,No,FRA2OP,2005,5,9,FRA2OP_5,4,72,3,31,5
1_Bartomeus,FRA2OP,Random walk,Coastal shrubland,Sclerophyllous vegetation,Mediterranean,Spain,Cap de Creus Natural Park,42.417,3.16,2005-05-09,1,Opuntia stricta,Opuntia stricta,SPECIES,Caryophyllales,Cactaceae,Opuntia,Camponotus aetiops,Camponotus aethiops,SPECIES,Hymenoptera,Formicidae,Camponotus,No,FRA2OP,2005,5,9,FRA2OP_5,4,72,3,32,10
1_Bartomeus,FRA2OP,Random walk,Coastal shrubland,Sclerophyllous vegetation,Mediterranean,Spain,Cap de Creus Natural Park,42.417,3.16,2005-05-09,1,Opuntia stricta,Opuntia stricta,SPECIES,Caryophyllales,Cactaceae,Opuntia,Camponotus aetiops,Camponotus aethiops,SPECIES,Hymenoptera,Formicidae,Camponotus,No,FRA2OP,2005,5,9,FRA2OP_5,3,72,3,32,10
1_Bartomeus,FRA2OP,Random walk,Coastal shrubland,Sclerophyllous vegetation,Mediterranean,Spain,Cap de Creus Natural Park,42.417,3.16,2005-05-14,1,Opuntia stricta,Opuntia stricta,SPECIES,Caryophyllales,Cactaceae,Opuntia,Apis melifera,Apis mellifera,SPECIES,Hymenoptera,Apidae,Apis,No,FRA2OP,2005,5,14,FRA2OP_5,3,72,3,59,3
1_Bartomeus,FRA2OP,Random walk,Coastal shrubland,Sclerophyllous vegetation,Mediterranean,Spain,Cap de Creus Natural Park,42.417,3.16,2005-05-14,1,Opuntia stricta,Opuntia stricta,SPECIES,Caryophyllales,Cactaceae,Opuntia,Apis melifera,Apis mellifera,SPECIES,Hymenoptera,Apidae,Apis,No,FRA2OP,2005,5,14,FRA2OP_5,1,72,3,59,3
1_Bartomeus,FRA2OP,Random walk,Coastal shrubland,Sclerophyllous vegetation,Mediterranean,Spain,Cap de Creus Natural Park,42.417,3.16,2005-05-14,1,Opuntia stricta,Opuntia stricta,SPECIES,Caryophyllales,Cactaceae,Opuntia,Apis melifera,Apis mellifera,SPECIES,Hymenoptera,Apidae,Apis,No,FRA2OP,2005,5,14,FRA2OP_5,2,72,3,59,3
1_Bartomeus,FRA2OP,Random walk,Coastal shrubland,Sclerophyllous vegetation,Mediterranean,Spain,Cap de Creus Natural Park,42.417,3.16,2005-05-14,1,Opuntia stricta,Opuntia stricta,SPECIES,Caryophyllales,Cactaceae,Opuntia,Apis melifera,Apis mellifera,SPECIES,Hymenoptera,Apidae,Apis,No,FRA2OP,2005,5,14,FRA2OP_5,4,72,3,59,3
1_Bartomeus,FRA2OP,Random walk,Coastal shrubland,Sclerophyllous vegetation,Mediterranean,Spain,Cap de Creus Natural Park,42.417,3.16,2005-05-14,1,Opuntia stricta,Opuntia stricta,SPECIES,Caryophyllales,Cactaceae,Opuntia,Apis melifera,Apis mellifera,SPECIES,Hymenoptera,Apidae,Apis,No,FRA2OP,2005,5,14,FRA2OP_5,5,72,3,59,3
1_Bartomeus,FRA2OP,Random walk,Coastal shrubland,Sclerophyllous vegetation,Mediterranean,Spain,Cap de Creus Natural Park,42.417,3.16,2005-05-14,1,Opuntia stricta,Opuntia stricta,SPECIES,Caryophyllales,Cactaceae,Opuntia,Apis melifera,Apis mellifera,SPECIES,Hymenoptera,Apidae,Apis,No,FRA2OP,2005,5,14,FRA2OP_5,3,72,3,59,3
1_Bartomeus,FRA2OP,Random walk,Coastal shrubland,Sclerophyllous vegetation,Mediterranean,Spain,Cap de Creus Natural Park,42.417,3.16,2005-05-14,1,Opuntia stricta,Opuntia stricta,SPECIES,Caryophyllales,Cactaceae,Opuntia,Apis melifera,Apis mellifera,SPECIES,Hymenoptera,Apidae,Apis,No,FRA2OP,2005,5,14,FRA2OP_5,3,72,3,59,3
1_Bartomeus,FRA2OP,Random walk,Coastal shrubland,Sclerophyllous vegetation,Mediterranean,Spain,Cap de Creus Natural Park,42.417,3.16,2005-05-14,1,Opuntia stricta,Opuntia stricta,SPECIES,Caryophyllales,Cactaceae,Opuntia,Bombus terrestris,Bombus terrestris,SPECIES,Hymenoptera,Apidae,Bombus,No,FRA2OP,2005,5,14,FRA2OP_5,4,72,3,55,4
1_Bartomeus,FRA2OP,Random walk,Coastal shrubland,Sclerophyllous vegetation,Mediterranean,Spain,Cap de Creus Natural Park,42.417,3.16,2005-05-14,1,Opuntia stricta,Opuntia stricta,SPECIES,Caryophyllales,Cactaceae,Opuntia,Bombus terrestris,Bombus terrestris,SPECIES,Hymenoptera,Apidae,Bombus,No,FRA2OP,2005,5,14,FRA2OP_5,4,72,3,55,4
1_Bartomeus,FRA2OP,Random walk,Coastal shrubland,Sclerophyllous vegetation,Mediterranean,Spain,Cap de Creus Natural Park,42.417,3.16,2005-05-09,1,Sonchus tenerrinus,Sonchus tenerrimus,SPECIES,Asterales,Asteraceae,Sonchus,Halictus pyrenaeus,Halictus pyrenaeus,SPECIES,Hymenoptera,Halictidae,Halictus,No,FRA2OP,2005,5,9,FRA2OP_5,5,166,5,50,1
1_Bartomeus,FRA2OP,Random walk,Coastal shrubland,Sclerophyllous vegetation,Mediterranean,Spain,Cap de Creus Natural Park,42.417,3.16,2005-05-09,1,Sonchus tenerrinus,Sonchus tenerrimus,SPECIES,Asterales,Asteraceae,Sonchus,Oedemera barbara,Oedemera barbara,SPECIES,Coleoptera,Oedemeridae,Oedemera,No,FRA2OP,2005,5,9,FRA2OP_5,4,166,5,20,8
1_Bartomeus,FRA2OP,Random walk,Coastal shrubland,Sclerophyllous vegetation,Mediterranean,Spain,Cap de Creus Natural Park,42.417,3.16,2005-05-09,1,Sonchus tenerrinus,Sonchus tenerrimus,SPECIES,Asterales,Asteraceae,Sonchus,Oedemera barbara,Oedemera barbara,SPECIES,Coleoptera,Oedemeridae,Oedemera,No,FRA2OP,2005,5,9,FRA2OP_5,1,166,5,20,8
1_Bartomeus,FRA2OP,Random walk,Coastal shrubland,Sclerophyllous vegetation,Mediterranean,Spain,Cap de Creus Natural Park,42.417,3.16,2005-05-14,1,Sonchus tenerrinus,Sonchus tenerrimus,SPECIES,Asterales,Asteraceae,Sonchus,Halictus pyrenaeus,Halictus pyrenaeus,SPECIES,Hymenoptera,Halictidae,Halictus,No,FRA2OP,2005,5,14,FRA2OP_5,4,166,5,50,1
1_Bartomeus,FRA2OP,Random walk,Coastal shrubland,Sclerophyllous vegetation,Mediterranean,Spain,Cap de Creus Natural Park,42.417,3.16,2005-05-14,1,Urospermum picroides,Urospermum picroides,SPECIES,Asterales,Asteraceae,Urospermum,Lasioglossum bimaculatum,Lasioglossum bimaculatum,SPECIES,Hymenoptera,Halictidae,Lasioglossum,No,FRA2OP,2005,5,14,FRA2OP_5,4,100,5,33,1
1_Bartomeus,FRA2OP,Random walk,Coastal shrubland,Sclerophyllous vegetation,Mediterranean,Spain,Cap de Creus Natural Park,42.417,3.16,2005-05-14,1,Urospermum picroides,Urospermum picroides,SPECIES,Asterales,Asteraceae,Urospermum,Panurgus calcaratus,Panurgus calcaratus,SPECIES,Hymenoptera,Andrenidae,Panurgus,No,FRA2OP,2005,5,14,FRA2OP_5,5,100,5,23,10
1_Bartomeus,FRA2OP,Random walk,Coastal shrubland,Sclerophyllous vegetation,Mediterranean,Spain,Cap de Creus Natural Park,42.417,3.16,2005-05-14,1,Sonchus tenerrinus,Sonchus tenerrimus,SPECIES,Asterales,Asteraceae,Sonchus,Hylaeus nigritus,Hylaeus nigritus,SPECIES,Hymenoptera,Colletidae,Hylaeus,No,FRA2OP,2005,5,14,FRA2OP_5,4,166,5,43,5
1_Bartomeus,FRA2OP,Random walk,Coastal shrubland,Sclerophyllous vegetation,Mediterranean,Spain,Cap de Creus Natural Park,42.417,3.16,2005-05-21,1,Sonchus tenerrinus,Sonchus tenerrimus,SPECIES,Asterales,Asteraceae,Sonchus,Halictus pyrenaeus,Halictus pyrenaeus,SPECIES,Hymenoptera,Halictidae,Halictus,No,FRA2OP,2005,5,21,FRA2OP_5,3,166,5,50,1
1_Bartomeus,FRA2OP,Random walk,Coastal shrubland,Sclerophyllous vegetation,Mediterranean,Spain,Cap de Creus Natural Park,42.417,3.16,2005-05-21,1,Sonchus tenerrinus,Sonchus tenerrimus,SPECIES,Asterales,Asteraceae,Sonchus,Panurgus calcaratus,Panurgus calcaratus,SPECIES,Hymenoptera,Andrenidae,Panurgus,No,FRA2OP,2005,5,21,FRA2OP_5,1,166,5,23,10
1_Bartomeus,FRA2OP,Random walk,Coastal shrubland,Sclerophyllous vegetation,Mediterranean,Spain,Cap de Creus Natural Park,42.417,3.16,2005-05-21,1,Sonchus tenerrinus,Sonchus tenerrimus,SPECIES,Asterales,Asteraceae,Sonchus,Panurgus calcaratus,Panurgus calcaratus,SPECIES,Hymenoptera,Andrenidae,Panurgus,No,FRA2OP,2005,5,21,FRA2OP_5,2,166,5,23,10
1_Bartomeus,FRA2OP,Random walk,Coastal shrubland,Sclerophyllous vegetation,Mediterranean,Spain,Cap de Creus Natural Park,42.417,3.16,2005-05-21,1,Sonchus tenerrinus,Sonchus tenerrimus,SPECIES,Asterales,Asteraceae,Sonchus,Panurgus calcaratus,Panurgus calcaratus,SPECIES,Hymenoptera,Andrenidae,Panurgus,No,FRA2OP,2005,5,21,FRA2OP_5,4,166,5,23,10
1_Bartomeus,FRA2OP,Random walk,Coastal shrubland,Sclerophyllous vegetation,Mediterranean,Spain,Cap de Creus Natural Park,42.417,3.16,2005-05-21,1,Sonchus tenerrinus,Sonchus tenerrimus,SPECIES,Asterales,Asteraceae,Sonchus,Panurgus calcaratus,Panurgus calcaratus,SPECIES,Hymenoptera,Andrenidae,Panurgus,No,FRA2OP,2005,5,21,FRA2OP_5,3,166,5,23,10
1_Bartomeus,FRA2OP,Random walk,Coastal shrubland,Sclerophyllous vegetation,Mediterranean,Spain,Cap de Creus Natural Park,42.417,3.16,2005-05-09,1,Daucus carota carota,Daucus carota,SPECIES,Apiales,Apiaceae,Daucus,Oedemera flavipes,Oedemera flavipes,SPECIES,Coleoptera,Oedemeridae,Oedemera,No,FRA2OP,2005,5,9,FRA2OP_5,4,135,5,49,8
1_Bartomeus,FRA2OP,Random walk,Coastal shrubland,Sclerophyllous vegetation,Mediterranean,Spain,Cap de Creus Natural Park,42.417,3.16,2005-05-09,1,Convolvulus althaeoides,Convolvulus althaeoides,SPECIES,Solanales,Convolvulaceae,Convolvulus,Coleoptera,Coleoptera,ORDER,Coleoptera,,,No,FRA2OP,2005,5,9,FRA2OP_5,2,44,9,73,5
1_Bartomeus,FRA2OP,Random walk,Coastal shrubland,Sclerophyllous vegetation,Mediterranean,Spain,Cap de Creus Natural Park,42.417,3.16,2005-05-14,1,Daucus carota carota,Daucus carota,SPECIES,Apiales,Apiaceae,Daucus,Mordellistena pumila,Mordellistena pumila,SPECIES,Coleoptera,Mordellidae,Mordellistena,No,FRA2OP,2005,5,14,FRA2OP_5,4,135,5,78,5
1_Bartomeus,FRA2OP,Random walk,Coastal shrubland,Sclerophyllous vegetation,Mediterranean,Spain,Cap de Creus Natural Park,42.417,3.16,2005-05-14,1,Daucus carota carota,Daucus carota,SPECIES,Apiales,Apiaceae,Daucus,Mordellistena pumila,Mordellistena pumila,SPECIES,Coleoptera,Mordellidae,Mordellistena,No,FRA2OP,2005,5,14,FRA2OP_5,1,135,5,78,5
1_Bartomeus,FRA2OP,Random walk,Coastal shrubland,Sclerophyllous vegetation,Mediterranean,Spain,Cap de Creus Natural Park,42.417,3.16,2005-05-14,1,Daucus carota carota,Daucus carota,SPECIES,Apiales,Apiaceae,Daucus,Mordellistena pumila,Mordellistena pumila,SPECIES,Coleoptera,Mordellidae,Mordellistena,No,FRA2OP,2005,5,14,FRA2OP_5,5,135,5,78,5
1_Bartomeus,FRA2OP,Random walk,Coastal shrubland,Sclerophyllous vegetation,Mediterranean,Spain,Cap de Creus Natural Park,42.417,3.16,2005-05-14,1,Daucus carota carota,Daucus carota,SPECIES,Apiales,Apiaceae,Daucus,Mordellistena pumila,Mordellistena pumila,SPECIES,Coleoptera,Mordellidae,Mordellistena,No,FRA2OP,2005,5,14,FRA2OP_5,4,135,5,78,5
1_Bartomeus,FRA2OP,Random walk,Coastal shrubland,Sclerophyllous vegetation,Mediterranean,Spain,Cap de Creus Natural Park,42.417,3.16,2005-05-14,1,Convolvulus althaeoides,Convolvulus althaeoides,SPECIES,Solanales,Convolvulaceae,Convolvulus,Coleoptera,Coleoptera,ORDER,Coleoptera,,,No,FRA2OP,2005,5,14,FRA2OP_5,4,44,9,73,5
1_Bartomeus,FRA2OP,Random walk,Coastal shrubland,Sclerophyllous vegetation,Mediterranean,Spain,Cap de Creus Natural Park,42.417,3.16,2005-05-21,1,Daucus carota carota,Daucus carota,SPECIES,Apiales,Apiaceae,Daucus,Andrena,Andrena,GENUS,Hymenoptera,Andrenidae,Andrena,No,FRA2OP,2005,5,21,FRA2OP_5,2,135,5,81,1
1_Bartomeus,FRA2OP,Random walk,Coastal shrubland,Sclerophyllous vegetation,Mediterranean,Spain,Cap de Creus Natural Park,42.417,3.16,2005-05-30,1,Eryngium campestre,Eryngium campestre,SPECIES,Apiales,Apiaceae,Eryngium,Lasioglossum pauxillum,Lasioglossum pauxillum,SPECIES,Hymenoptera,Halictidae,Lasioglossum,No,FRA2OP,2005,5,30,FRA2OP_5,4,27,4,38,1
1_Bartomeus,FRA2OP,Random walk,Coastal shrubland,Sclerophyllous vegetation,Mediterranean,Spain,Cap de Creus Natural Park,42.417,3.16,2005-05-09,1,Opuntia stricta,Opuntia stricta,SPECIES,Caryophyllales,Cactaceae,Opuntia,Apis melifera,Apis mellifera,SPECIES,Hymenoptera,Apidae,Apis,No,FRA2OP,2005,5,9,FRA2OP_5,2,72,3,59,3
1_Bartomeus,FRA2OP,Random walk,Coastal shrubland,Sclerophyllous vegetation,Mediterranean,Spain,Cap de Creus Natural Park,42.417,3.16,2005-05-09,1,Opuntia stricta,Opuntia stricta,SPECIES,Caryophyllales,Cactaceae,Opuntia,Apis melifera,Apis mellifera,SPECIES,Hymenoptera,Apidae,Apis,No,FRA2OP,2005,5,9,FRA2OP_5,5,72,3,59,3
1_Bartomeus,FRA2OP,Random walk,Coastal shrubland,Sclerophyllous vegetation,Mediterranean,Spain,Cap de Creus Natural Park,42.417,3.16,2005-05-09,1,Opuntia stricta,Opuntia stricta,SPECIES,Caryophyllales,Cactaceae,Opuntia,Apis melifera,Apis mellifera,SPECIES,Hymenoptera,Apidae,Apis,No,FRA2OP,2005,5,9,FRA2OP_5,5,72,3,59,3
1_Bartomeus,FRA2OP,Random walk,Coastal shrubland,Sclerophyllous vegetation,Mediterranean,Spain,Cap de Creus Natural Park,42.417,3.16,2005-05-09,1,Opuntia stricta,Opuntia stricta,SPECIES,Caryophyllales,Cactaceae,Opuntia,Anthidium sticticum,Rhodanthidium sticticum,SPECIES,Hymenoptera,Megachilidae,Rhodanthidium,No,FRA2OP,2005,5,9,FRA2OP_5,5,72,3,66,8
1_Bartomeus,FRA2OP,Random walk,Coastal shrubland,Sclerophyllous vegetation,Mediterranean,Spain,Cap de Creus Natural Park,42.417,3.16,2005-05-14,1,Opuntia stricta,Opuntia stricta,SPECIES,Caryophyllales,Cactaceae,Opuntia,Anthidium sticticum,Rhodanthidium sticticum,SPECIES,Hymenoptera,Megachilidae,Rhodanthidium,No,FRA2OP,2005,5,14,FRA2OP_5,3,72,3,66,8
1_Bartomeus,FRA2OP,Random walk,Coastal shrubland,Sclerophyllous vegetation,Mediterranean,Spain,Cap de Creus Natural Park,42.417,3.16,2005-05-14,1,Opuntia stricta,Opuntia stricta,SPECIES,Caryophyllales,Cactaceae,Opuntia,Halictus pyrenaeus,Halictus pyrenaeus,SPECIES,Hymenoptera,Halictidae,Halictus,No,FRA2OP,2005,5,14,FRA2OP_5,5,72,3,50,1
1_Bartomeus,FRA2OP,Random walk,Coastal shrubland,Sclerophyllous vegetation,Mediterranean,Spain,Cap de Creus Natural Park,42.417,3.16,2005-05-14,1,Opuntia stricta,Opuntia stricta,SPECIES,Caryophyllales,Cactaceae,Opuntia,Oxythyrea funesta,Oxythyrea funesta,SPECIES,Coleoptera,Scarabaeidae,Oxythyrea,No,FRA2OP,2005,5,14,FRA2OP_5,3,72,3,54,3
1_Bartomeus,FRA2OP,Random walk,Coastal shrubland,Sclerophyllous vegetation,Mediterranean,Spain,Cap de Creus Natural Park,42.417,3.16,2005-05-21,1,Opuntia stricta,Opuntia stricta,SPECIES,Caryophyllales,Cactaceae,Opuntia,Halictus pyrenaeus,Halictus pyrenaeus,SPECIES,Hymenoptera,Halictidae,Halictus,No,FRA2OP,2005,5,21,FRA2OP_5,5,72,3,50,1
1_Bartomeus,FRA2OP,Random walk,Coastal shrubland,Sclerophyllous vegetation,Mediterranean,Spain,Cap de Creus Natural Park,42.417,3.16,2005-05-21,1,Opuntia stricta,Opuntia stricta,SPECIES,Caryophyllales,Cactaceae,Opuntia,Oxythyrea funesta,Oxythyrea funesta,SPECIES,Coleoptera,Scarabaeidae,Oxythyrea,No,FRA2OP,2005,5,21,FRA2OP_5,5,72,3,54,3
1_Bartomeus,FRA2OP,Random walk,Coastal shrubland,Sclerophyllous vegetation,Mediterranean,Spain,Cap de Creus Natural Park,42.417,3.16,2005-05-21,1,Opuntia stricta,Opuntia stricta,SPECIES,Caryophyllales,Cactaceae,Opuntia,Xylocopa violacea,Xylocopa violacea,SPECIES,Hymenoptera,Apidae,Xylocopa,No,FRA2OP,2005,5,21,FRA2OP_5,2,72,3,23,4
1_Bartomeus,FRA2OP,Random walk,Coastal shrubland,Sclerophyllous vegetation,Mediterranean,Spain,Cap de Creus Natural Park,42.417,3.16,2005-05-21,1,Opuntia stricta,Opuntia stricta,SPECIES,Caryophyllales,Cactaceae,Opuntia,Camponotus aetiops,Camponotus aethiops,SPECIES,Hymenoptera,Formicidae,Camponotus,No,FRA2OP,2005,5,21,FRA2OP_5,4,72,3,32,10
1_Bartomeus,FRA2OP,Random walk,Coastal shrubland,Sclerophyllous vegetation,Mediterranean,Spain,Cap de Creus Natural Park,42.417,3.16,2005-05-21,1,Opuntia stricta,Opuntia stricta,SPECIES,Caryophyllales,Cactaceae,Opuntia,Camponotus aetiops,Camponotus aethiops,SPECIES,Hymenoptera,Formicidae,Camponotus,No,FRA2OP,2005,5,21,FRA2OP_5,5,72,3,32,10
1_Bartomeus,FRA2OP,Random walk,Coastal shrubland,Sclerophyllous vegetation,Mediterranean,Spain,Cap de Creus Natural Park,42.417,3.16,2005-05-30,1,Opuntia stricta,Opuntia stricta,SPECIES,Caryophyllales,Cactaceae,Opuntia,Halictus fulvipes,Halictus fulvipes,SPECIES,Hymenoptera,Halictidae,Halictus,No,FRA2OP,2005,5,30,FRA2OP_5,5,72,3,8,1
1_Bartomeus,FRA2OP,Random walk,Coastal shrubland,Sclerophyllous vegetation,Mediterranean,Spain,Cap de Creus Natural Park,42.417,3.16,2005-05-30,1,Opuntia stricta,Opuntia stricta,SPECIES,Caryophyllales,Cactaceae,Opuntia,Hylaeus nigritus,Hylaeus nigritus,SPECIES,Hymenoptera,Colletidae,Hylaeus,No,FRA2OP,2005,5,30,FRA2OP_5,2,72,3,43,5
1_Bartomeus,FRA2OP,Random walk,Coastal shrubland,Sclerophyllous vegetation,Mediterranean,Spain,Cap de Creus Natural Park,42.417,3.16,2005-05-30,1,Opuntia stricta,Opuntia stricta,SPECIES,Caryophyllales,Cactaceae,Opuntia,Hylaeus nigritus,Hylaeus nigritus,SPECIES,Hymenoptera,Colletidae,Hylaeus,No,FRA2OP,2005,5,30,FRA2OP_5,3,72,3,43,5
1_Bartomeus,FRA2OP,Random walk,Coastal shrubland,Sclerophyllous vegetation,Mediterranean,Spain,Cap de Creus Natural Park,42.417,3.16,2005-05-30,1,Opuntia stricta,Opuntia stricta,SPECIES,Caryophyllales,Cactaceae,Opuntia,Xylocopa violacea,Xylocopa violacea,SPECIES,Hymenoptera,Apidae,Xylocopa,No,FRA2OP,2005,5,30,FRA2OP_5,3,72,3,23,4
1_Bartomeus,FRA2OP,Random walk,Coastal shrubland,Sclerophyllous vegetation,Mediterranean,Spain,Cap de Creus Natural Park,42.417,3.16,2005-05-30,1,Opuntia stricta,Opuntia stricta,SPECIES,Caryophyllales,Cactaceae,Opuntia,Xylocopa violacea,Xylocopa violacea,SPECIES,Hymenoptera,Apidae,Xylocopa,No,FRA2OP,2005,5,30,FRA2OP_5,2,72,3,23,4
1_Bartomeus,FRA2OP,Random walk,Coastal shrubland,Sclerophyllous vegetation,Mediterranean,Spain,Cap de Creus Natural Park,42.417,3.16,2005-05-30,1,Sedum sediforme,Petrosedum sediforme,SPECIES,Saxifragales,Crassulaceae,Petrosedum,Halictus gemmeus,Seladonia gemmea,SPECIES,Hymenoptera,Halictidae,Seladonia,No,FRA2OP,2005,5,30,FRA2OP_5,2,68,3,22,1
1_Bartomeus,FRA2OP,Random walk,Coastal shrubland,Sclerophyllous vegetation,Mediterranean,Spain,Cap de Creus Natural Park,42.417,3.16,2005-05-30,1,Sedum sediforme,Petrosedum sediforme,SPECIES,Saxifragales,Crassulaceae,Petrosedum,Halictus gemmeus,Seladonia gemmea,SPECIES,Hymenoptera,Halictidae,Seladonia,No,FRA2OP,2005,5,30,FRA2OP_5,1,68,3,22,1
1_Bartomeus,FRA2OP,Random walk,Coastal shrubland,Sclerophyllous vegetation,Mediterranean,Spain,Cap de Creus Natural Park,42.417,3.16,2005-05-30,1,Sedum sediforme,Petrosedum sediforme,SPECIES,Saxifragales,Crassulaceae,Petrosedum,Halictus gemmeus,Seladonia gemmea,SPECIES,Hymenoptera,Halictidae,Seladonia,No,FRA2OP,2005,5,30,FRA2OP_5,4,68,3,22,1
1_Bartomeus,FRA2OP,Random walk,Coastal shrubland,Sclerophyllous vegetation,Mediterranean,Spain,Cap de Creus Natural Park,42.417,3.16,2005-05-20,1,Opuntia stricta,Opuntia stricta,SPECIES,Caryophyllales,Cactaceae,Opuntia,Apis melifera,Apis mellifera,SPECIES,Hymenoptera,Apidae,Apis,No,FRA2OP,2005,5,20,FRA2OP_5,1,72,3,59,3
1_Bartomeus,FRA2OP,Random walk,Coastal shrubland,Sclerophyllous vegetation,Mediterranean,Spain,Cap de Creus Natural Park,42.417,3.16,2005-05-20,1,Opuntia stricta,Opuntia stricta,SPECIES,Caryophyllales,Cactaceae,Opuntia,Apis melifera,Apis mellifera,SPECIES,Hymenoptera,Apidae,Apis,No,FRA2OP,2005,5,20,FRA2OP_5,1,72,3,59,3
1_Bartomeus,FRA2OP,Random walk,Coastal shrubland,Sclerophyllous vegetation,Mediterranean,Spain,Cap de Creus Natural Park,42.417,3.16,2005-05-20,1,Opuntia stricta,Opuntia stricta,SPECIES,Caryophyllales,Cactaceae,Opuntia,Apis melifera,Apis mellifera,SPECIES,Hymenoptera,Apidae,Apis,No,FRA2OP,2005,5,20,FRA2OP_5,1,72,3,59,3
1_Bartomeus,FRA2OP,Random walk,Coastal shrubland,Sclerophyllous vegetation,Mediterranean,Spain,Cap de Creus Natural Park,42.417,3.16,2005-05-20,1,Opuntia stricta,Opuntia stricta,SPECIES,Caryophyllales,Cactaceae,Opuntia,Apis melifera,Apis mellifera,SPECIES,Hymenoptera,Apidae,Apis,No,FRA2OP,2005,5,20,FRA2OP_5,3,72,3,59,3
1_Bartomeus,FRA2OP,Random walk,Coastal shrubland,Sclerophyllous vegetation,Mediterranean,Spain,Cap de Creus Natural Park,42.417,3.16,2005-05-20,1,Opuntia stricta,Opuntia stricta,SPECIES,Caryophyllales,Cactaceae,Opuntia,Apis melifera,Apis mellifera,SPECIES,Hymenoptera,Apidae,Apis,No,FRA2OP,2005,5,20,FRA2OP_5,2,72,3,59,3
1_Bartomeus,FRA2OP,Random walk,Coastal shrubland,Sclerophyllous vegetation,Mediterranean,Spain,Cap de Creus Natural Park,42.417,3.16,2005-05-20,1,Opuntia stricta,Opuntia stricta,SPECIES,Caryophyllales,Cactaceae,Opuntia,Bombus terrestris,Bombus terrestris,SPECIES,Hymenoptera,Apidae,Bombus,No,FRA2OP,2005,5,20,FRA2OP_5,3,72,3,55,4
1_Bartomeus,FRA2OP,Random walk,Coastal shrubland,Sclerophyllous vegetation,Mediterranean,Spain,Cap de Creus Natural Park,42.417,3.16,2005-05-20,1,Opuntia stricta,Opuntia stricta,SPECIES,Caryophyllales,Cactaceae,Opuntia,Bombus terrestris,Bombus terrestris,SPECIES,Hymenoptera,Apidae,Bombus,No,FRA2OP,2005,5,20,FRA2OP_5,4,72,3,55,4
1_Bartomeus,FRA2OP,Random walk,Coastal shrubland,Sclerophyllous vegetation,Mediterranean,Spain,Cap de Creus Natural Park,42.417,3.16,2005-05-21,1,Opuntia stricta,Opuntia stricta,SPECIES,Caryophyllales,Cactaceae,Opuntia,Dasytidae,Dasytidae,FAMILY,Coleoptera,Dasytidae,,No,FRA2OP,2005,5,21,FRA2OP_5,2,72,3,56,2
1_Bartomeus,FRA2OP,Random walk,Coastal shrubland,Sclerophyllous vegetation,Mediterranean,Spain,Cap de Creus Natural Park,42.417,3.16,2005-05-21,1,Opuntia stricta,Opuntia stricta,SPECIES,Caryophyllales,Cactaceae,Opuntia,Dasytidae,Dasytidae,FAMILY,Coleoptera,Dasytidae,,No,FRA2OP,2005,5,21,FRA2OP_5,2,72,3,56,2
1_Bartomeus,FRA2OP,Random walk,Coastal shrubland,Sclerophyllous vegetation,Mediterranean,Spain,Cap de Creus Natural Park,42.417,3.16,2005-05-21,1,Opuntia stricta,Opuntia stricta,SPECIES,Caryophyllales,Cactaceae,Opuntia,Anthidium sticticum,Rhodanthidium sticticum,SPECIES,Hymenoptera,Megachilidae,Rhodanthidium,No,FRA2OP,2005,5,21,FRA2OP_5,1,72,3,66,8
1_Bartomeus,FRA2OP,Random walk,Coastal shrubland,Sclerophyllous vegetation,Mediterranean,Spain,Cap de Creus Natural Park,42.417,3.16,2005-05-30,1,Opuntia stricta,Opuntia stricta,SPECIES,Caryophyllales,Cactaceae,Opuntia,Apis melifera,Apis mellifera,SPECIES,Hymenoptera,Apidae,Apis,No,FRA2OP,2005,5,30,FRA2OP_5,3,72,3,59,3
1_Bartomeus,FRA2OP,Random walk,Coastal shrubland,Sclerophyllous vegetation,Mediterranean,Spain,Cap de Creus Natural Park,42.417,3.16,2005-05-30,1,Opuntia stricta,Opuntia stricta,SPECIES,Caryophyllales,Cactaceae,Opuntia,Apis melifera,Apis mellifera,SPECIES,Hymenoptera,Apidae,Apis,No,FRA2OP,2005,5,30,FRA2OP_5,5,72,3,59,3
1_Bartomeus,FRA2OP,Random walk,Coastal shrubland,Sclerophyllous vegetation,Mediterranean,Spain,Cap de Creus Natural Park,42.417,3.16,2005-05-30,1,Opuntia stricta,Opuntia stricta,SPECIES,Caryophyllales,Cactaceae,Opuntia,Apis melifera,Apis mellifera,SPECIES,Hymenoptera,Apidae,Apis,No,FRA2OP,2005,5,30,FRA2OP_5,3,72,3,59,3
1_Bartomeus,FRA2OP,Random walk,Coastal shrubland,Sclerophyllous vegetation,Mediterranean,Spain,Cap de Creus Natural Park,42.417,3.16,2005-05-30,1,Opuntia stricta,Opuntia stricta,SPECIES,Caryophyllales,Cactaceae,Opuntia,Apis melifera,Apis mellifera,SPECIES,Hymenoptera,Apidae,Apis,No,FRA2OP,2005,5,30,FRA2OP_5,2,72,3,59,3
1_Bartomeus,FRA2OP,Random walk,Coastal shrubland,Sclerophyllous vegetation,Mediterranean,Spain,Cap de Creus Natural Park,42.417,3.16,2005-05-30,1,Opuntia stricta,Opuntia stricta,SPECIES,Caryophyllales,Cactaceae,Opuntia,Lasioglossum pauxillum,Lasioglossum pauxillum,SPECIES,Hymenoptera,Halictidae,Lasioglossum,No,FRA2OP,2005,5,30,FRA2OP_5,2,72,3,38,1
1_Bartomeus,FRA2OP,Random walk,Coastal shrubland,Sclerophyllous vegetation,Mediterranean,Spain,Cap de Creus Natural Park,42.417,3.16,2005-05-29,1,Opuntia stricta,Opuntia stricta,SPECIES,Caryophyllales,Cactaceae,Opuntia,Bombus terrestris,Bombus terrestris,SPECIES,Hymenoptera,Apidae,Bombus,No,FRA2OP,2005,5,29,FRA2OP_5,1,72,3,55,4
1_Bartomeus,FRA2OP,Random walk,Coastal shrubland,Sclerophyllous vegetation,Mediterranean,Spain,Cap de Creus Natural Park,42.417,3.16,2005-05-29,1,Opuntia stricta,Opuntia stricta,SPECIES,Caryophyllales,Cactaceae,Opuntia,Bombus terrestris,Bombus terrestris,SPECIES,Hymenoptera,Apidae,Bombus,No,FRA2OP,2005,5,29,FRA2OP_5,1,72,3,55,4
1_Bartomeus,FRA2OP,Random walk,Coastal shrubland,Sclerophyllous vegetation,Mediterranean,Spain,Cap de Creus Natural Park,42.417,3.16,2005-05-30,1,Opuntia stricta,Opuntia stricta,SPECIES,Caryophyllales,Cactaceae,Opuntia,Camponotus aetiops,Camponotus aethiops,SPECIES,Hymenoptera,Formicidae,Camponotus,No,FRA2OP,2005,5,30,FRA2OP_5,1,72,3,32,10
1_Bartomeus,FRA2OP,Random walk,Coastal shrubland,Sclerophyllous vegetation,Mediterranean,Spain,Cap de Creus Natural Park,42.417,3.16,2005-05-30,1,Opuntia stricta,Opuntia stricta,SPECIES,Caryophyllales,Cactaceae,Opuntia,Camponotus aetiops,Camponotus aethiops,SPECIES,Hymenoptera,Formicidae,Camponotus,No,FRA2OP,2005,5,30,FRA2OP_5,2,72,3,32,10
1_Bartomeus,FRA2OP,Random walk,Coastal shrubland,Sclerophyllous vegetation,Mediterranean,Spain,Cap de Creus Natural Park,42.417,3.16,2005-05-30,1,Opuntia stricta,Opuntia stricta,SPECIES,Caryophyllales,Cactaceae,Opuntia,Camponotus aetiops,Camponotus aethiops,SPECIES,Hymenoptera,Formicidae,Camponotus,No,FRA2OP,2005,5,30,FRA2OP_5,5,72,3,32,10
1_Bartomeus,MED1CA,Focal_observation,Coastal shrubland,Sclerophyllous vegetation,Mediterranean,Spain,Cap de Creus Natural Park,42.324,3.293,2005-04-25,1,Urospermum picroides,Urospermum picroides,SPECIES,Asterales,Asteraceae,Urospermum,Panurgus,Panurgus,GENUS,Hymenoptera,Andrenidae,Panurgus,No,MED1CA,2005,4,25,MED1CA_4,5,100,5,16,9
1_Bartomeus,MED1CA,Transect,Coastal shrubland,Sclerophyllous vegetation,Mediterranean,Spain,Cap de Creus Natural Park,42.324,3.293,2005-03-14,1,Lavandula stoechas,Lavandula stoechas,SPECIES,Lamiales,Lamiaceae,Lavandula,Apis melifera,Apis mellifera,SPECIES,Hymenoptera,Apidae,Apis,No,MED1CA,2005,3,14,MED1CA_3,4,91,9,59,3
1_Bartomeus,MED1CA,Transect,Coastal shrubland,Sclerophyllous vegetation,Mediterranean,Spain,Cap de Creus Natural Park,42.324,3.293,2005-03-14,1,Lavandula stoechas,Lavandula stoechas,SPECIES,Lamiales,Lamiaceae,Lavandula,Apis melifera,Apis mellifera,SPECIES,Hymenoptera,Apidae,Apis,No,MED1CA,2005,3,14,MED1CA_3,5,91,9,59,3
1_Bartomeus,MED1CA,Transect,Coastal shrubland,Sclerophyllous vegetation,Mediterranean,Spain,Cap de Creus Natural Park,42.324,3.293,2005-03-14,1,Sonchus tenerrinus,Sonchus tenerrimus,SPECIES,Asterales,Asteraceae,Sonchus,Andrena senecionis,Andrena senecionis,SPECIES,Hymenoptera,Andrenidae,Andrena,No,MED1CA,2005,3,14,MED1CA_3,2,166,5,35,9
1_Bartomeus,MED1CA,Transect,Coastal shrubland,Sclerophyllous vegetation,Mediterranean,Spain,Cap de Creus Natural Park,42.324,3.293,2005-03-14,1,Cistus albidus,Cistus albidus,SPECIES,Malvales,Cistaceae,Cistus,Anthidium sticticum,Rhodanthidium sticticum,SPECIES,Hymenoptera,Megachilidae,Rhodanthidium,No,MED1CA,2005,3,14,MED1CA_3,2,51,4,66,8
1_Bartomeus,MED1CA,Transect,Coastal shrubland,Sclerophyllous vegetation,Mediterranean,Spain,Cap de Creus Natural Park,42.324,3.293,2005-03-14,1,Rosmarinus officinalis,Salvia rosmarinus,SPECIES,Lamiales,Lamiaceae,Salvia,Apis melifera,Apis mellifera,SPECIES,Hymenoptera,Apidae,Apis,No,MED1CA,2005,3,14,MED1CA_3,1,66,9,59,3
1_Bartomeus,MED1CA,Transect,Coastal shrubland,Sclerophyllous vegetation,Mediterranean,Spain,Cap de Creus Natural Park,42.324,3.293,2005-03-14,1,Rosmarinus officinalis,Salvia rosmarinus,SPECIES,Lamiales,Lamiaceae,Salvia,Nomada succincta,Nomada succincta,SPECIES,Hymenoptera,Apidae,Nomada,No,MED1CA,2005,3,14,MED1CA_3,3,66,9,1,4
1_Bartomeus,MED1CA,Transect,Coastal shrubland,Sclerophyllous vegetation,Mediterranean,Spain,Cap de Creus Natural Park,42.324,3.293,2005-03-26,1,Cistus albidus,Cistus albidus,SPECIES,Malvales,Cistaceae,Cistus,Anthidium sticticum,Rhodanthidium sticticum,SPECIES,Hymenoptera,Megachilidae,Rhodanthidium,No,MED1CA,2005,3,26,MED1CA_3,3,51,4,66,8
1_Bartomeus,MED1CA,Transect,Coastal shrubland,Sclerophyllous vegetation,Mediterranean,Spain,Cap de Creus Natural Park,42.324,3.293,2005-03-26,1,Rosmarinus officinalis,Salvia rosmarinus,SPECIES,Lamiales,Lamiaceae,Salvia,Apis melifera,Apis mellifera,SPECIES,Hymenoptera,Apidae,Apis,No,MED1CA,2005,3,26,MED1CA_3,2,66,9,59,3
1_Bartomeus,MED1CA,Transect,Coastal shrubland,Sclerophyllous vegetation,Mediterranean,Spain,Cap de Creus Natural Park,42.324,3.293,2005-03-26,1,Rosmarinus officinalis,Salvia rosmarinus,SPECIES,Lamiales,Lamiaceae,Salvia,Apis melifera,Apis mellifera,SPECIES,Hymenoptera,Apidae,Apis,No,MED1CA,2005,3,26,MED1CA_3,4,66,9,59,3
1_Bartomeus,MED1CA,Transect,Coastal shrubland,Sclerophyllous vegetation,Mediterranean,Spain,Cap de Creus Natural Park,42.324,3.293,2005-03-26,1,Rosmarinus officinalis,Salvia rosmarinus,SPECIES,Lamiales,Lamiaceae,Salvia,Apis melifera,Apis mellifera,SPECIES,Hymenoptera,Apidae,Apis,No,MED1CA,2005,3,26,MED1CA_3,2,66,9,59,3
1_Bartomeus,MED1CA,Transect,Coastal shrubland,Sclerophyllous vegetation,Mediterranean,Spain,Cap de Creus Natural Park,42.324,3.293,2005-03-26,1,Rosmarinus officinalis,Salvia rosmarinus,SPECIES,Lamiales,Lamiaceae,Salvia,Apis melifera,Apis mellifera,SPECIES,Hymenoptera,Apidae,Apis,No,MED1CA,2005,3,26,MED1CA_3,3,66,9,59,3
1_Bartomeus,MED1CA,Transect,Coastal shrubland,Sclerophyllous vegetation,Mediterranean,Spain,Cap de Creus Natural Park,42.324,3.293,2005-03-26,1,Rosmarinus officinalis,Salvia rosmarinus,SPECIES,Lamiales,Lamiaceae,Salvia,Apis melifera,Apis mellifera,SPECIES,Hymenoptera,Apidae,Apis,No,MED1CA,2005,3,26,MED1CA_3,4,66,9,59,3
1_Bartomeus,MED1CA,Transect,Coastal shrubland,Sclerophyllous vegetation,Mediterranean,Spain,Cap de Creus Natural Park,42.324,3.293,2005-03-26,1,Rosmarinus officinalis,Salvia rosmarinus,SPECIES,Lamiales,Lamiaceae,Salvia,Apis melifera,Apis mellifera,SPECIES,Hymenoptera,Apidae,Apis,No,MED1CA,2005,3,26,MED1CA_3,4,66,9,59,3
1_Bartomeus,MED1CA,Transect,Coastal shrubland,Sclerophyllous vegetation,Mediterranean,Spain,Cap de Creus Natural Park,42.324,3.293,2005-03-26,1,Cistus albidus,Cistus albidus,SPECIES,Malvales,Cistaceae,Cistus,Oxythyrea funesta,Oxythyrea funesta,SPECIES,Coleoptera,Scarabaeidae,Oxythyrea,No,MED1CA,2005,3,26,MED1CA_3,4,51,4,54,3
1_Bartomeus,MED1CA,Transect,Coastal shrubland,Sclerophyllous vegetation,Mediterranean,Spain,Cap de Creus Natural Park,42.324,3.293,2005-03-26,1,Lavandula stoechas,Lavandula stoechas,SPECIES,Lamiales,Lamiaceae,Lavandula,Bombilius,Bombylius,GENUS,Diptera,Bombyliidae,Bombylius,No,MED1CA,2005,3,26,MED1CA_3,4,91,9,42,2
1_Bartomeus,MED1CA,Transect,Coastal shrubland,Sclerophyllous vegetation,Mediterranean,Spain,Cap de Creus Natural Park,42.324,3.293,2005-03-26,1,Cistus salvifolius,Cistus salviifolius,SPECIES,Malvales,Cistaceae,Cistus,Andrena lepida,Andrena lepida,SPECIES,Hymenoptera,Andrenidae,Andrena,No,MED1CA,2005,3,26,MED1CA_3,2,81,4,38,3
1_Bartomeus,MED1CA,Transect,Coastal shrubland,Sclerophyllous vegetation,Mediterranean,Spain,Cap de Creus Natural Park,42.324,3.293,2005-03-26,1,Cistus salvifolius,Cistus salviifolius,SPECIES,Malvales,Cistaceae,Cistus,Andrena fabrella,Andrena fabrella,SPECIES,Hymenoptera,Andrenidae,Andrena,No,MED1CA,2005,3,26,MED1CA_3,2,81,4,27,9
1_Bartomeus,MED1CA,Transect,Coastal shrubland,Sclerophyllous vegetation,Mediterranean,Spain,Cap de Creus Natural Park,42.324,3.293,2005-03-29,1,Rosmarinus officinalis,Salvia rosmarinus,SPECIES,Lamiales,Lamiaceae,Salvia,Apis melifera,Apis mellifera,SPECIES,Hymenoptera,Apidae,Apis,No,MED1CA,2005,3,29,MED1CA_3,1,66,9,59,3
1_Bartomeus,MED1CA,Transect,Coastal shrubland,Sclerophyllous vegetation,Mediterranean,Spain,Cap de Creus Natural Park,42.324,3.293,2005-03-29,1,Rosmarinus officinalis,Salvia rosmarinus,SPECIES,Lamiales,Lamiaceae,Salvia,Apis melifera,Apis mellifera,SPECIES,Hymenoptera,Apidae,Apis,No,MED1CA,2005,3,29,MED1CA_3,2,66,9,59,3
1_Bartomeus,MED1CA,Focal_observation,Coastal shrubland,Sclerophyllous vegetation,Mediterranean,Spain,Cap de Creus Natural Park,42.324,3.293,2005-04-11,1,Lavandula stoechas,Lavandula stoechas,SPECIES,Lamiales,Lamiaceae,Lavandula,Apis melifera,Apis mellifera,SPECIES,Hymenoptera,Apidae,Apis,No,MED1CA,2005,4,11,MED1CA_4,4,91,9,59,3
1_Bartomeus,MED1CA,Focal_observation,Coastal shrubland,Sclerophyllous vegetation,Mediterranean,Spain,Cap de Creus Natural Park,42.324,3.293,2005-04-11,1,Cistus monspeliensis,Cistus monspeliensis,SPECIES,Malvales,Cistaceae,Cistus,Anthophora,Anthophora,GENUS,Hymenoptera,Apidae,Anthophora,No,MED1CA,2005,4,11,MED1CA_4,5,133,4,17,4
1_Bartomeus,MED1CA,Focal_observation,Coastal shrubland,Sclerophyllous vegetation,Mediterranean,Spain,Cap de Creus Natural Park,42.324,3.293,2005-04-25,1,Lavandula stoechas,Lavandula stoechas,SPECIES,Lamiales,Lamiaceae,Lavandula,Apis melifera,Apis mellifera,SPECIES,Hymenoptera,Apidae,Apis,No,MED1CA,2005,4,25,MED1CA_4,3,91,9,59,3
1_Bartomeus,MED1CA,Focal_observation,Coastal shrubland,Sclerophyllous vegetation,Mediterranean,Spain,Cap de Creus Natural Park,42.324,3.293,2005-04-25,1,Lavandula stoechas,Lavandula stoechas,SPECIES,Lamiales,Lamiaceae,Lavandula,Apis melifera,Apis mellifera,SPECIES,Hymenoptera,Apidae,Apis,No,MED1CA,2005,4,25,MED1CA_4,1,91,9,59,3
1_Bartomeus,MED1CA,Focal_observation,Coastal shrubland,Sclerophyllous vegetation,Mediterranean,Spain,Cap de Creus Natural Park,42.324,3.293,2005-04-25,1,Cistus monspeliensis,Cistus monspeliensis,SPECIES,Malvales,Cistaceae,Cistus,Oedemera lurida,Oedemera lurida,SPECIES,Coleoptera,Oedemeridae,Oedemera,No,MED1CA,2005,4,25,MED1CA_4,5,133,4,75,8
1_Bartomeus,MED1CA,Focal_observation,Coastal shrubland,Sclerophyllous vegetation,Mediterranean,Spain,Cap de Creus Natural Park,42.324,3.293,2005-04-25,1,Cistus monspeliensis,Cistus monspeliensis,SPECIES,Malvales,Cistaceae,Cistus,Oedemera lurida,Oedemera lurida,SPECIES,Coleoptera,Oedemeridae,Oedemera,No,MED1CA,2005,4,25,MED1CA_4,5,133,4,75,8
1_Bartomeus,MED1CA,Focal_observation,Coastal shrubland,Sclerophyllous vegetation,Mediterranean,Spain,Cap de Creus Natural Park,42.324,3.293,2005-04-25,1,Cistus monspeliensis,Cistus monspeliensis,SPECIES,Malvales,Cistaceae,Cistus,Oedemera lurida,Oedemera lurida,SPECIES,Coleoptera,Oedemeridae,Oedemera,No,MED1CA,2005,4,25,MED1CA_4,3,133,4,75,8
1_Bartomeus,MED1CA,Focal_observation,Coastal shrubland,Sclerophyllous vegetation,Mediterranean,Spain,Cap de Creus Natural Park,42.324,3.293,2005-04-25,1,Cistus monspeliensis,Cistus monspeliensis,SPECIES,Malvales,Cistaceae,Cistus,Oedemera lurida,Oedemera lurida,SPECIES,Coleoptera,Oedemeridae,Oedemera,No,MED1CA,2005,4,25,MED1CA_4,4,133,4,75,8
1_Bartomeus,MED1CA,Focal_observation,Coastal shrubland,Sclerophyllous vegetation,Mediterranean,Spain,Cap de Creus Natural Park,42.324,3.293,2005-04-25,1,Cistus monspeliensis,Cistus monspeliensis,SPECIES,Malvales,Cistaceae,Cistus,Oedemera lurida,Oedemera lurida,SPECIES,Coleoptera,Oedemeridae,Oedemera,No,MED1CA,2005,4,25,MED1CA_4,1,133,4,75,8
1_Bartomeus,MED1CA,Focal_observation,Coastal shrubland,Sclerophyllous vegetation,Mediterranean,Spain,Cap de Creus Natural Park,42.324,3.293,2005-04-25,1,Cistus monspeliensis,Cistus monspeliensis,SPECIES,Malvales,Cistaceae,Cistus,Oedemera lurida,Oedemera lurida,SPECIES,Coleoptera,Oedemeridae,Oedemera,No,MED1CA,2005,4,25,MED1CA_4,3,133,4,75,8
1_Bartomeus,MED1CA,Focal_observation,Coastal shrubland,Sclerophyllous vegetation,Mediterranean,Spain,Cap de Creus Natural Park,42.324,3.293,2005-04-25,1,Cistus monspeliensis,Cistus monspeliensis,SPECIES,Malvales,Cistaceae,Cistus,Oedemera lurida,Oedemera lurida,SPECIES,Coleoptera,Oedemeridae,Oedemera,No,MED1CA,2005,4,25,MED1CA_4,4,133,4,75,8
1_Bartomeus,MED1CA,Focal_observation,Coastal shrubland,Sclerophyllous vegetation,Mediterranean,Spain,Cap de Creus Natural Park,42.324,3.293,2005-04-25,1,Cistus monspeliensis,Cistus monspeliensis,SPECIES,Malvales,Cistaceae,Cistus,Oedemera lurida,Oedemera lurida,SPECIES,Coleoptera,Oedemeridae,Oedemera,No,MED1CA,2005,4,25,MED1CA_4,4,133,4,75,8
1_Bartomeus,MED1CA,Focal_observation,Coastal shrubland,Sclerophyllous vegetation,Mediterranean,Spain,Cap de Creus Natural Park,42.324,3.293,2005-04-25,1,Cistus monspeliensis,Cistus monspeliensis,SPECIES,Malvales,Cistaceae,Cistus,Andrena lepida,Andrena lepida,SPECIES,Hymenoptera,Andrenidae,Andrena,No,MED1CA,2005,4,25,MED1CA_4,5,133,4,38,3
1_Bartomeus,MED1CA,Focal_observation,Coastal shrubland,Sclerophyllous vegetation,Mediterranean,Spain,Cap de Creus Natural Park,42.324,3.293,2005-04-25,1,Cistus monspeliensis,Cistus monspeliensis,SPECIES,Malvales,Cistaceae,Cistus,Andrena lepida,Andrena lepida,SPECIES,Hymenoptera,Andrenidae,Andrena,No,MED1CA,2005,4,25,MED1CA_4,3,133,4,38,3
1_Bartomeus,MED1CA,Focal_observation,Coastal shrubland,Sclerophyllous vegetation,Mediterranean,Spain,Cap de Creus Natural Park,42.324,3.293,2005-04-25,1,Cistus monspeliensis,Cistus monspeliensis,SPECIES,Malvales,Cistaceae,Cistus,Andrena lepida,Andrena lepida,SPECIES,Hymenoptera,Andrenidae,Andrena,No,MED1CA,2005,4,25,MED1CA_4,3,133,4,38,3
1_Bartomeus,MED1CA,Focal_observation,Coastal shrubland,Sclerophyllous vegetation,Mediterranean,Spain,Cap de Creus Natural Park,42.324,3.293,2005-05-02,1,Cistus monspeliensis,Cistus monspeliensis,SPECIES,Malvales,Cistaceae,Cistus,Oedemera lurida,Oedemera lurida,SPECIES,Coleoptera,Oedemeridae,Oedemera,No,MED1CA,2005,5,2,MED1CA_5,3,133,4,75,8
1_Bartomeus,MED1CA,Focal_observation,Coastal shrubland,Sclerophyllous vegetation,Mediterranean,Spain,Cap de Creus Natural Park,42.324,3.293,2005-05-02,1,Cistus monspeliensis,Cistus monspeliensis,SPECIES,Malvales,Cistaceae,Cistus,Oedemera lurida,Oedemera lurida,SPECIES,Coleoptera,Oedemeridae,Oedemera,No,MED1CA,2005,5,2,MED1CA_5,5,133,4,75,8
1_Bartomeus,MED1CA,Focal_observation,Coastal shrubland,Sclerophyllous vegetation,Mediterranean,Spain,Cap de Creus Natural Park,42.324,3.293,2005-05-02,1,Cistus monspeliensis,Cistus monspeliensis,SPECIES,Malvales,Cistaceae,Cistus,Oedemera lurida,Oedemera lurida,SPECIES,Coleoptera,Oedemeridae,Oedemera,No,MED1CA,2005,5,2,MED1CA_5,1,133,4,75,8
1_Bartomeus,MED1CA,Transect,Coastal shrubland,Sclerophyllous vegetation,Mediterranean,Spain,Cap de Creus Natural Park,42.324,3.293,2005-03-14,1,Cistus albidus,Cistus albidus,SPECIES,Malvales,Cistaceae,Cistus,Oxythyrea funesta,Oxythyrea funesta,SPECIES,Coleoptera,Scarabaeidae,Oxythyrea,No,MED1CA,2005,3,14,MED1CA_3,1,51,4,54,3
1_Bartomeus,MED1CA,Transect,Coastal shrubland,Sclerophyllous vegetation,Mediterranean,Spain,Cap de Creus Natural Park,42.324,3.293,2005-03-14,1,Rosmarinus officinalis,Salvia rosmarinus,SPECIES,Lamiales,Lamiaceae,Salvia,Bombilius,Bombylius,GENUS,Diptera,Bombyliidae,Bombylius,No,MED1CA,2005,3,14,MED1CA_3,5,66,9,42,2
1_Bartomeus,MED1CA,Transect,Coastal shrubland,Sclerophyllous vegetation,Mediterranean,Spain,Cap de Creus Natural Park,42.324,3.293,2005-03-14,1,Rosmarinus officinalis,Salvia rosmarinus,SPECIES,Lamiales,Lamiaceae,Salvia,Bombilius,Bombylius,GENUS,Diptera,Bombyliidae,Bombylius,No,MED1CA,2005,3,14,MED1CA_3,2,66,9,42,2
1_Bartomeus,MED1CA,Transect,Coastal shrubland,Sclerophyllous vegetation,Mediterranean,Spain,Cap de Creus Natural Park,42.324,3.293,2005-03-14,1,Rosmarinus officinalis,Salvia rosmarinus,SPECIES,Lamiales,Lamiaceae,Salvia,Bombilius,Bombylius,GENUS,Diptera,Bombyliidae,Bombylius,No,MED1CA,2005,3,14,MED1CA_3,4,66,9,42,2
1_Bartomeus,MED1CA,Transect,Coastal shrubland,Sclerophyllous vegetation,Mediterranean,Spain,Cap de Creus Natural Park,42.324,3.293,2005-03-26,1,Lavandula stoechas,Lavandula stoechas,SPECIES,Lamiales,Lamiaceae,Lavandula,Apis melifera,Apis mellifera,SPECIES,Hymenoptera,Apidae,Apis,No,MED1CA,2005,3,26,MED1CA_3,2,91,9,59,3
1_Bartomeus,MED1CA,Transect,Coastal shrubland,Sclerophyllous vegetation,Mediterranean,Spain,Cap de Creus Natural Park,42.324,3.293,2005-03-27,1,Cistus salvifolius,Cistus salviifolius,SPECIES,Malvales,Cistaceae,Cistus,Plagiolepis pygmaea,Plagiolepis pygmaea,SPECIES,Hymenoptera,Formicidae,Plagiolepis,No,MED1CA,2005,3,27,MED1CA_3,4,81,4,41,4
1_Bartomeus,MED1CA,Transect,Coastal shrubland,Sclerophyllous vegetation,Mediterranean,Spain,Cap de Creus Natural Park,42.324,3.293,2005-03-27,1,Cistus salvifolius,Cistus salviifolius,SPECIES,Malvales,Cistaceae,Cistus,Plagiolepis pygmaea,Plagiolepis pygmaea,SPECIES,Hymenoptera,Formicidae,Plagiolepis,No,MED1CA,2005,3,27,MED1CA_3,3,81,4,41,4
1_Bartomeus,MED1CA,Transect,Coastal shrubland,Sclerophyllous vegetation,Mediterranean,Spain,Cap de Creus Natural Park,42.324,3.293,2005-03-26,1,Cistus salvifolius,Cistus salviifolius,SPECIES,Malvales,Cistaceae,Cistus,Oxythyrea funesta,Oxythyrea funesta,SPECIES,Coleoptera,Scarabaeidae,Oxythyrea,No,MED1CA,2005,3,26,MED1CA_3,1,81,4,54,3
1_Bartomeus,MED1CA,Transect,Coastal shrubland,Sclerophyllous vegetation,Mediterranean,Spain,Cap de Creus Natural Park,42.324,3.293,2005-03-26,1,Cistus albidus,Cistus albidus,SPECIES,Malvales,Cistaceae,Cistus,Andrena lepida,Andrena lepida,SPECIES,Hymenoptera,Andrenidae,Andrena,No,MED1CA,2005,3,26,MED1CA_3,5,51,4,38,3
1_Bartomeus,MED1CA,Transect,Coastal shrubland,Sclerophyllous vegetation,Mediterranean,Spain,Cap de Creus Natural Park,42.324,3.293,2005-03-26,1,Cistus albidus,Cistus albidus,SPECIES,Malvales,Cistaceae,Cistus,Andrena lepida,Andrena lepida,SPECIES,Hymenoptera,Andrenidae,Andrena,No,MED1CA,2005,3,26,MED1CA_3,1,51,4,38,3
1_Bartomeus,MED1CA,Transect,Coastal shrubland,Sclerophyllous vegetation,Mediterranean,Spain,Cap de Creus Natural Park,42.324,3.293,2005-03-26,1,Cistus albidus,Cistus albidus,SPECIES,Malvales,Cistaceae,Cistus,Andrena lepida,Andrena lepida,SPECIES,Hymenoptera,Andrenidae,Andrena,No,MED1CA,2005,3,26,MED1CA_3,5,51,4,38,3
1_Bartomeus,MED1CA,Transect,Coastal shrubland,Sclerophyllous vegetation,Mediterranean,Spain,Cap de Creus Natural Park,42.324,3.293,2005-03-26,1,Vicia lutea,Vicia lutea,SPECIES,Fabales,Fabaceae,Vicia,Andrena lepida,Andrena lepida,SPECIES,Hymenoptera,Andrenidae,Andrena,No,MED1CA,2005,3,26,MED1CA_3,1,12,6,38,3
1_Bartomeus,MED1CA,Transect,Coastal shrubland,Sclerophyllous vegetation,Mediterranean,Spain,Cap de Creus Natural Park,42.324,3.293,2005-03-26,1,Cistus salvifolius,Cistus salviifolius,SPECIES,Malvales,Cistaceae,Cistus,Osmia dimidiata,Osmia dimidiata,SPECIES,Hymenoptera,Megachilidae,Osmia,No,MED1CA,2005,3,26,MED1CA_3,3,81,4,35,8
1_Bartomeus,MED1CA,Transect,Coastal shrubland,Sclerophyllous vegetation,Mediterranean,Spain,Cap de Creus Natural Park,42.324,3.293,2005-03-26,1,Cistus salvifolius,Cistus salviifolius,SPECIES,Malvales,Cistaceae,Cistus,Coleoptera,Coleoptera,ORDER,Coleoptera,,,No,MED1CA,2005,3,26,MED1CA_3,5,81,4,73,5
1_Bartomeus,MED1CA,Transect,Coastal shrubland,Sclerophyllous vegetation,Mediterranean,Spain,Cap de Creus Natural Park,42.324,3.293,2005-03-26,1,Cistus salvifolius,Cistus salviifolius,SPECIES,Malvales,Cistaceae,Cistus,Coleoptera,Coleoptera,ORDER,Coleoptera,,,No,MED1CA,2005,3,26,MED1CA_3,4,81,4,73,5
1_Bartomeus,MED1CA,Transect,Coastal shrubland,Sclerophyllous vegetation,Mediterranean,Spain,Cap de Creus Natural Park,42.324,3.293,2005-03-30,1,Rosmarinus officinalis,Salvia rosmarinus,SPECIES,Lamiales,Lamiaceae,Salvia,Lasioglossum bimaculatum,Lasioglossum bimaculatum,SPECIES,Hymenoptera,Halictidae,Lasioglossum,No,MED1CA,2005,3,30,MED1CA_3,2,66,9,33,1
1_Bartomeus,MED1CA,Focal_observation,Coastal shrubland,Sclerophyllous vegetation,Mediterranean,Spain,Cap de Creus Natural Park,42.324,3.293,2005-04-11,1,Cistus salvifolius,Cistus salviifolius,SPECIES,Malvales,Cistaceae,Cistus,Andrena fabrella,Andrena fabrella,SPECIES,Hymenoptera,Andrenidae,Andrena,No,MED1CA,2005,4,11,MED1CA_4,4,81,4,27,9
1_Bartomeus,MED1CA,Focal_observation,Coastal shrubland,Sclerophyllous vegetation,Mediterranean,Spain,Cap de Creus Natural Park,42.324,3.293,2005-04-11,1,Cistus monspeliensis,Cistus monspeliensis,SPECIES,Malvales,Cistaceae,Cistus,Andrena lepida,Andrena lepida,SPECIES,Hymenoptera,Andrenidae,Andrena,No,MED1CA,2005,4,11,MED1CA_4,2,133,4,38,3
1_Bartomeus,MED1CA,Focal_observation,Coastal shrubland,Sclerophyllous vegetation,Mediterranean,Spain,Cap de Creus Natural Park,42.324,3.293,2005-04-25,1,Cistus monspeliensis,Cistus monspeliensis,SPECIES,Malvales,Cistaceae,Cistus,Plagiolepis pygmaea,Plagiolepis pygmaea,SPECIES,Hymenoptera,Formicidae,Plagiolepis,No,MED1CA,2005,4,25,MED1CA_4,5,133,4,41,4
1_Bartomeus,MED1CA,Focal_observation,Coastal shrubland,Sclerophyllous vegetation,Mediterranean,Spain,Cap de Creus Natural Park,42.324,3.293,2005-04-25,1,Cistus monspeliensis,Cistus monspeliensis,SPECIES,Malvales,Cistaceae,Cistus,Plagiolepis pygmaea,Plagiolepis pygmaea,SPECIES,Hymenoptera,Formicidae,Plagiolepis,No,MED1CA,2005,4,25,MED1CA_4,1,133,4,41,4
1_Bartomeus,MED1CA,Focal_observation,Coastal shrubland,Sclerophyllous vegetation,Mediterranean,Spain,Cap de Creus Natural Park,42.324,3.293,2005-04-25,1,Cistus monspeliensis,Cistus monspeliensis,SPECIES,Malvales,Cistaceae,Cistus,Plagiolepis pygmaea,Plagiolepis pygmaea,SPECIES,Hymenoptera,Formicidae,Plagiolepis,No,MED1CA,2005,4,25,MED1CA_4,1,133,4,41,4
1_Bartomeus,MED1CA,Focal_observation,Coastal shrubland,Sclerophyllous vegetation,Mediterranean,Spain,Cap de Creus Natural Park,42.324,3.293,2005-04-25,1,Cistus albidus,Cistus albidus,SPECIES,Malvales,Cistaceae,Cistus,Oxythyrea funesta,Oxythyrea funesta,SPECIES,Coleoptera,Scarabaeidae,Oxythyrea,No,MED1CA,2005,4,25,MED1CA_4,4,51,4,54,3
1_Bartomeus,MED1CA,Focal_observation,Coastal shrubland,Sclerophyllous vegetation,Mediterranean,Spain,Cap de Creus Natural Park,42.324,3.293,2005-04-25,1,Cistus monspeliensis,Cistus monspeliensis,SPECIES,Malvales,Cistaceae,Cistus,Bibionidae,Bibionidae,FAMILY,Diptera,Bibionidae,,No,MED1CA,2005,4,25,MED1CA_4,3,133,4,20,1
1_Bartomeus,MED1CA,Focal_observation,Coastal shrubland,Sclerophyllous vegetation,Mediterranean,Spain,Cap de Creus Natural Park,42.324,3.293,2005-05-02,1,Cistus salvifolius,Cistus salviifolius,SPECIES,Malvales,Cistaceae,Cistus,Oedemera lurida,Oedemera lurida,SPECIES,Coleoptera,Oedemeridae,Oedemera,No,MED1CA,2005,5,2,MED1CA_5,4,81,4,75,8
1_Bartomeus,MED1CA,Transect,Coastal shrubland,Sclerophyllous vegetation,Mediterranean,Spain,Cap de Creus Natural Park,42.324,3.293,2005-03-26,1,Cistus salvifolius,Cistus salviifolius,SPECIES,Malvales,Cistaceae,Cistus,Coleoptera,Coleoptera,ORDER,Coleoptera,,,No,MED1CA,2005,3,26,MED1CA_3,5,81,4,73,5
1_Bartomeus,MED1CA,Transect,Coastal shrubland,Sclerophyllous vegetation,Mediterranean,Spain,Cap de Creus Natural Park,42.324,3.293,2005-03-29,1,Cistus albidus,Cistus albidus,SPECIES,Malvales,Cistaceae,Cistus,Andrena lepida,Andrena lepida,SPECIES,Hymenoptera,Andrenidae,Andrena,No,MED1CA,2005,3,29,MED1CA_3,1,51,4,38,3
1_Bartomeus,MED1CA,Focal_observation,Coastal shrubland,Sclerophyllous vegetation,Mediterranean,Spain,Cap de Creus Natural Park,42.324,3.293,2005-04-11,1,Dorycnium pentaphyllum,Lotus dorycnium,SPECIES,Fabales,Fabaceae,Lotus,Colletes,Colletes,GENUS,Hymenoptera,Colletidae,Colletes,No,MED1CA,2005,4,11,MED1CA_4,4,25,6,23,5
1_Bartomeus,MED1CA,Focal_observation,Coastal shrubland,Sclerophyllous vegetation,Mediterranean,Spain,Cap de Creus Natural Park,42.324,3.293,2005-04-11,1,Dorycnium pentaphyllum,Lotus dorycnium,SPECIES,Fabales,Fabaceae,Lotus,Coleoptera,Coleoptera,ORDER,Coleoptera,,,No,MED1CA,2005,4,11,MED1CA_4,2,25,6,73,5
1_Bartomeus,MED1CA,Transect,Coastal shrubland,Sclerophyllous vegetation,Mediterranean,Spain,Cap de Creus Natural Park,42.324,3.293,2005-03-26,1,Lavandula stoechas,Lavandula stoechas,SPECIES,Lamiales,Lamiaceae,Lavandula,Adelidae,Adelidae,FAMILY,Lepidoptera,Adelidae,,No,MED1CA,2005,3,26,MED1CA_3,4,91,9,26,10
1_Bartomeus,MED1CA,Focal_observation,Coastal shrubland,Sclerophyllous vegetation,Mediterranean,Spain,Cap de Creus Natural Park,42.324,3.293,2005-04-25,1,Cistus monspeliensis,Cistus monspeliensis,SPECIES,Malvales,Cistaceae,Cistus,Oxythyrea funesta,Oxythyrea funesta,SPECIES,Coleoptera,Scarabaeidae,Oxythyrea,No,MED1CA,2005,4,25,MED1CA_4,2,133,4,54,3
1_Bartomeus,MED1CA,Focal_observation,Coastal shrubland,Sclerophyllous vegetation,Mediterranean,Spain,Cap de Creus Natural Park,42.324,3.293,2005-05-25,1,Cistus monspeliensis,Cistus monspeliensis,SPECIES,Malvales,Cistaceae,Cistus,Andrena lepida,Andrena lepida,SPECIES,Hymenoptera,Andrenidae,Andrena,No,MED1CA,2005,5,25,MED1CA_5,5,133,4,38,3
1_Bartomeus,MED1CA,Focal_observation,Coastal shrubland,Sclerophyllous vegetation,Mediterranean,Spain,Cap de Creus Natural Park,42.324,3.293,2005-05-03,1,Cistus monspeliensis,Cistus monspeliensis,SPECIES,Malvales,Cistaceae,Cistus,Oxythyrea funesta,Oxythyrea funesta,SPECIES,Coleoptera,Scarabaeidae,Oxythyrea,No,MED1CA,2005,5,3,MED1CA_5,3,133,4,54,3
1_Bartomeus,MED1CA,Focal_observation,Coastal shrubland,Sclerophyllous vegetation,Mediterranean,Spain,Cap de Creus Natural Park,42.324,3.293,2005-05-03,1,Cistus monspeliensis,Cistus monspeliensis,SPECIES,Malvales,Cistaceae,Cistus,Oxythyrea funesta,Oxythyrea funesta,SPECIES,Coleoptera,Scarabaeidae,Oxythyrea,No,MED1CA,2005,5,3,MED1CA_5,1,133,4,54,3
1_Bartomeus,MED1CA,Focal_observation,Coastal shrubland,Sclerophyllous vegetation,Mediterranean,Spain,Cap de Creus Natural Park,42.324,3.293,2005-05-03,1,Cistus monspeliensis,Cistus monspeliensis,SPECIES,Malvales,Cistaceae,Cistus,Oxythyrea funesta,Oxythyrea funesta,SPECIES,Coleoptera,Scarabaeidae,Oxythyrea,No,MED1CA,2005,5,3,MED1CA_5,4,133,4,54,3
1_Bartomeus,MED1CA,Focal_observation,Coastal shrubland,Sclerophyllous vegetation,Mediterranean,Spain,Cap de Creus Natural Park,42.324,3.293,2005-05-02,1,Cistus salvifolius,Cistus salviifolius,SPECIES,Malvales,Cistaceae,Cistus,Oxythyrea funesta,Oxythyrea funesta,SPECIES,Coleoptera,Scarabaeidae,Oxythyrea,No,MED1CA,2005,5,2,MED1CA_5,1,81,4,54,3
1_Bartomeus,MED1CA,Transect,Coastal shrubland,Sclerophyllous vegetation,Mediterranean,Spain,Cap de Creus Natural Park,42.324,3.293,2005-03-29,1,Lavandula stoechas,Lavandula stoechas,SPECIES,Lamiales,Lamiaceae,Lavandula,Anthidium sticticum,Rhodanthidium sticticum,SPECIES,Hymenoptera,Megachilidae,Rhodanthidium,No,MED1CA,2005,3,29,MED1CA_3,3,91,9,66,8
1_Bartomeus,MED1CA,Transect,Coastal shrubland,Sclerophyllous vegetation,Mediterranean,Spain,Cap de Creus Natural Park,42.324,3.293,2005-03-29,1,Rosmarinus officinalis,Salvia rosmarinus,SPECIES,Lamiales,Lamiaceae,Salvia,Andrena,Andrena,GENUS,Hymenoptera,Andrenidae,Andrena,No,MED1CA,2005,3,29,MED1CA_3,1,66,9,81,1
1_Bartomeus,MED1CA,Focal_observation,Coastal shrubland,Sclerophyllous vegetation,Mediterranean,Spain,Cap de Creus Natural Park,42.324,3.293,2005-04-14,1,Cistus monspeliensis,Cistus monspeliensis,SPECIES,Malvales,Cistaceae,Cistus,Oedemera lurida,Oedemera lurida,SPECIES,Coleoptera,Oedemeridae,Oedemera,No,MED1CA,2005,4,14,MED1CA_4,2,133,4,75,8
1_Bartomeus,MED1CA,Focal_observation,Coastal shrubland,Sclerophyllous vegetation,Mediterranean,Spain,Cap de Creus Natural Park,42.324,3.293,2005-04-11,1,Lavandula stoechas,Lavandula stoechas,SPECIES,Lamiales,Lamiaceae,Lavandula,Andrena,Andrena,GENUS,Hymenoptera,Andrenidae,Andrena,No,MED1CA,2005,4,11,MED1CA_4,3,91,9,81,1
1_Bartomeus,MED1CA,Transect,Coastal shrubland,Sclerophyllous vegetation,Mediterranean,Spain,Cap de Creus Natural Park,42.324,3.293,2005-03-26,1,Cistus salvifolius,Cistus salviifolius,SPECIES,Malvales,Cistaceae,Cistus,Oedemera nobilis,Oedemera nobilis,SPECIES,Coleoptera,Oedemeridae,Oedemera,No,MED1CA,2005,3,26,MED1CA_3,3,81,4,33,8
1_Bartomeus,MED1CA,Focal_observation,Coastal shrubland,Sclerophyllous vegetation,Mediterranean,Spain,Cap de Creus Natural Park,42.324,3.293,2005-04-25,1,Cistus monspeliensis,Cistus monspeliensis,SPECIES,Malvales,Cistaceae,Cistus,Bombilius,Bombylius,GENUS,Diptera,Bombyliidae,Bombylius,No,MED1CA,2005,4,25,MED1CA_4,3,133,4,42,2
1_Bartomeus,MED1CA,Focal_observation,Coastal shrubland,Sclerophyllous vegetation,Mediterranean,Spain,Cap de Creus Natural Park,42.324,3.293,2005-04-25,1,Lavandula stoechas,Lavandula stoechas,SPECIES,Lamiales,Lamiaceae,Lavandula,Osmia aurulenta,Osmia aurulenta,SPECIES,Hymenoptera,Megachilidae,Osmia,No,MED1CA,2005,4,25,MED1CA_4,2,91,9,24,8
1_Bartomeus,MED1CA,Focal_observation,Coastal shrubland,Sclerophyllous vegetation,Mediterranean,Spain,Cap de Creus Natural Park,42.324,3.293,2005-05-02,1,Linum,Linum,GENUS,Malpighiales,Linaceae,Linum,Osmia aurulenta,Osmia aurulenta,SPECIES,Hymenoptera,Megachilidae,Osmia,No,MED1CA,2005,5,2,MED1CA_5,1,32,10,24,8
1_Bartomeus,MED1CA,Transect,Coastal shrubland,Sclerophyllous vegetation,Mediterranean,Spain,Cap de Creus Natural Park,42.324,3.293,2005-03-29,1,Lavandula stoechas,Lavandula stoechas,SPECIES,Lamiales,Lamiaceae,Lavandula,Apis melifera,Apis mellifera,SPECIES,Hymenoptera,Apidae,Apis,No,MED1CA,2005,3,29,MED1CA_3,2,91,9,59,3
1_Bartomeus,MED1CA,Focal_observation,Coastal shrubland,Sclerophyllous vegetation,Mediterranean,Spain,Cap de Creus Natural Park,42.324,3.293,2005-04-11,1,Lavandula stoechas,Lavandula stoechas,SPECIES,Lamiales,Lamiaceae,Lavandula,Anthidium sticticum,Rhodanthidium sticticum,SPECIES,Hymenoptera,Megachilidae,Rhodanthidium,No,MED1CA,2005,4,11,MED1CA_4,2,91,9,66,8
1_Bartomeus,MED1CA,Focal_observation,Coastal shrubland,Sclerophyllous vegetation,Mediterranean,Spain,Cap de Creus Natural Park,42.324,3.293,2005-04-11,1,Cistus monspeliensis,Cistus monspeliensis,SPECIES,Malvales,Cistaceae,Cistus,Oxythyrea funesta,Oxythyrea funesta,SPECIES,Coleoptera,Scarabaeidae,Oxythyrea,No,MED1CA,2005,4,11,MED1CA_4,5,133,4,54,3
1_Bartomeus,MED1CA,Focal_observation,Coastal shrubland,Sclerophyllous vegetation,Mediterranean,Spain,Cap de Creus Natural Park,42.324,3.293,2005-04-25,1,Rosmarinus officinalis,Salvia rosmarinus,SPECIES,Lamiales,Lamiaceae,Salvia,Anthidium sticticum,Rhodanthidium sticticum,SPECIES,Hymenoptera,Megachilidae,Rhodanthidium,No,MED1CA,2005,4,25,MED1CA_4,2,66,9,66,8
1_Bartomeus,MED1CA,Focal_observation,Coastal shrubland,Sclerophyllous vegetation,Mediterranean,Spain,Cap de Creus Natural Park,42.324,3.293,2005-04-25,1,Cistus albidus,Cistus albidus,SPECIES,Malvales,Cistaceae,Cistus,Oedemera lurida,Oedemera lurida,SPECIES,Coleoptera,Oedemeridae,Oedemera,No,MED1CA,2005,4,25,MED1CA_4,3,51,4,75,8
1_Bartomeus,MED1CA,Focal_observation,Coastal shrubland,Sclerophyllous vegetation,Mediterranean,Spain,Cap de Creus Natural Park,42.324,3.293,2005-04-25,1,Lavandula stoechas,Lavandula stoechas,SPECIES,Lamiales,Lamiaceae,Lavandula,Bombilius,Bombylius,GENUS,Diptera,Bombyliidae,Bombylius,No,MED1CA,2005,4,25,MED1CA_4,3,91,9,42,2
1_Bartomeus,MED1CA,Transect,Coastal shrubland,Sclerophyllous vegetation,Mediterranean,Spain,Cap de Creus Natural Park,42.324,3.293,2005-03-26,1,Cistus monspeliensis,Cistus monspeliensis,SPECIES,Malvales,Cistaceae,Cistus,Andrena lepida,Andrena lepida,SPECIES,Hymenoptera,Andrenidae,Andrena,No,MED1CA,2005,3,26,MED1CA_3,5,133,4,38,3
1_Bartomeus,MED2CA,Transect,Coastal shrubland,Sclerophyllous vegetation,Mediterranean,Spain,Cap de Creus Natural Park,42.323,3.297,2005-03-26,1,Sonchus tenerrinus,Sonchus tenerrimus,SPECIES,Asterales,Asteraceae,Sonchus,Andrena taraxaci,Andrena taraxaci,SPECIES,Hymenoptera,Andrenidae,Andrena,No,MED2CA,2005,3,26,MED2CA_3,4,166,5,35,9
1_Bartomeus,MED2CA,Transect,Coastal shrubland,Sclerophyllous vegetation,Mediterranean,Spain,Cap de Creus Natural Park,42.323,3.297,2005-04-11,1,Sonchus tenerrinus,Sonchus tenerrimus,SPECIES,Asterales,Asteraceae,Sonchus,Oxythyrea funesta,Oxythyrea funesta,SPECIES,Coleoptera,Scarabaeidae,Oxythyrea,No,MED2CA,2005,4,11,MED2CA_4,3,166,5,54,3
1_Bartomeus,MED2CA,Transect,Coastal shrubland,Sclerophyllous vegetation,Mediterranean,Spain,Cap de Creus Natural Park,42.323,3.297,2005-04-25,1,Helichrysum stoechas,Helichrysum stoechas,SPECIES,Asterales,Asteraceae,Helichrysum,Mordellistena pumila,Mordellistena pumila,SPECIES,Coleoptera,Mordellidae,Mordellistena,No,MED2CA,2005,4,25,MED2CA_4,3,44,5,78,5
1_Bartomeus,MED2CA,Transect,Coastal shrubland,Sclerophyllous vegetation,Mediterranean,Spain,Cap de Creus Natural Park,42.323,3.297,2005-04-25,1,Helichrysum stoechas,Helichrysum stoechas,SPECIES,Asterales,Asteraceae,Helichrysum,Mordellistena pumila,Mordellistena pumila,SPECIES,Coleoptera,Mordellidae,Mordellistena,No,MED2CA,2005,4,25,MED2CA_4,5,44,5,78,5
1_Bartomeus,MED2CA,Transect,Coastal shrubland,Sclerophyllous vegetation,Mediterranean,Spain,Cap de Creus Natural Park,42.323,3.297,2005-04-02,1,Helichrysum stoechas,Helichrysum stoechas,SPECIES,Asterales,Asteraceae,Helichrysum,Mordellistena pumila,Mordellistena pumila,SPECIES,Coleoptera,Mordellidae,Mordellistena,No,MED2CA,2005,4,2,MED2CA_4,5,44,5,78,5
1_Bartomeus,MED2CA,Transect,Coastal shrubland,Sclerophyllous vegetation,Mediterranean,Spain,Cap de Creus Natural Park,42.323,3.297,2005-04-02,1,Helichrysum stoechas,Helichrysum stoechas,SPECIES,Asterales,Asteraceae,Helichrysum,Mordellistena pumila,Mordellistena pumila,SPECIES,Coleoptera,Mordellidae,Mordellistena,No,MED2CA,2005,4,2,MED2CA_4,4,44,5,78,5
1_Bartomeus,MED2CA,Transect,Coastal shrubland,Sclerophyllous vegetation,Mediterranean,Spain,Cap de Creus Natural Park,42.323,3.297,2005-04-02,1,Helichrysum stoechas,Helichrysum stoechas,SPECIES,Asterales,Asteraceae,Helichrysum,Mordellistena pumila,Mordellistena pumila,SPECIES,Coleoptera,Mordellidae,Mordellistena,No,MED2CA,2005,4,2,MED2CA_4,3,44,5,78,5
1_Bartomeus,MED2CA,Transect,Coastal shrubland,Sclerophyllous vegetation,Mediterranean,Spain,Cap de Creus Natural Park,42.323,3.297,2005-04-02,1,Helichrysum stoechas,Helichrysum stoechas,SPECIES,Asterales,Asteraceae,Helichrysum,Mordellistena pumila,Mordellistena pumila,SPECIES,Coleoptera,Mordellidae,Mordellistena,No,MED2CA,2005,4,2,MED2CA_4,1,44,5,78,5
1_Bartomeus,MED2CA,Transect,Coastal shrubland,Sclerophyllous vegetation,Mediterranean,Spain,Cap de Creus Natural Park,42.323,3.297,2005-04-02,1,Helichrysum stoechas,Helichrysum stoechas,SPECIES,Asterales,Asteraceae,Helichrysum,Mordellistena pumila,Mordellistena pumila,SPECIES,Coleoptera,Mordellidae,Mordellistena,No,MED2CA,2005,4,2,MED2CA_4,2,44,5,78,5
1_Bartomeus,MED2CA,Transect,Coastal shrubland,Sclerophyllous vegetation,Mediterranean,Spain,Cap de Creus Natural Park,42.323,3.297,2005-04-02,1,Helichrysum stoechas,Helichrysum stoechas,SPECIES,Asterales,Asteraceae,Helichrysum,Mordellistena pumila,Mordellistena pumila,SPECIES,Coleoptera,Mordellidae,Mordellistena,No,MED2CA,2005,4,2,MED2CA_4,4,44,5,78,5
1_Bartomeus,MED2CA,Transect,Coastal shrubland,Sclerophyllous vegetation,Mediterranean,Spain,Cap de Creus Natural Park,42.323,3.297,2005-03-14,1,Cistus albidus,Cistus albidus,SPECIES,Malvales,Cistaceae,Cistus,Andrena villipes,Andrena villipes,SPECIES,Hymenoptera,Andrenidae,Andrena,No,MED2CA,2005,3,14,MED2CA_3,5,51,4,26,8
1_Bartomeus,MED2CA,Transect,Coastal shrubland,Sclerophyllous vegetation,Mediterranean,Spain,Cap de Creus Natural Park,42.323,3.297,2005-03-14,1,Cistus albidus,Cistus albidus,SPECIES,Malvales,Cistaceae,Cistus,Andrena villipes,Andrena villipes,SPECIES,Hymenoptera,Andrenidae,Andrena,No,MED2CA,2005,3,14,MED2CA_3,4,51,4,26,8
1_Bartomeus,MED2CA,Transect,Coastal shrubland,Sclerophyllous vegetation,Mediterranean,Spain,Cap de Creus Natural Park,42.323,3.297,2005-03-14,1,Cistus albidus,Cistus albidus,SPECIES,Malvales,Cistaceae,Cistus,Bombus terrestris,Bombus terrestris,SPECIES,Hymenoptera,Apidae,Bombus,No,MED2CA,2005,3,14,MED2CA_3,1,51,4,55,4
1_Bartomeus,MED2CA,Transect,Coastal shrubland,Sclerophyllous vegetation,Mediterranean,Spain,Cap de Creus Natural Park,42.323,3.297,2005-03-14,1,Rosmarinus officinalis,Salvia rosmarinus,SPECIES,Lamiales,Lamiaceae,Salvia,Anthophora,Anthophora,GENUS,Hymenoptera,Apidae,Anthophora,No,MED2CA,2005,3,14,MED2CA_3,2,66,9,17,4
1_Bartomeus,MED2CA,Transect,Coastal shrubland,Sclerophyllous vegetation,Mediterranean,Spain,Cap de Creus Natural Park,42.323,3.297,2005-03-14,1,Rosmarinus officinalis,Salvia rosmarinus,SPECIES,Lamiales,Lamiaceae,Salvia,Anthophora,Anthophora,GENUS,Hymenoptera,Apidae,Anthophora,No,MED2CA,2005,3,14,MED2CA_3,5,66,9,17,4
1_Bartomeus,MED2CA,Transect,Coastal shrubland,Sclerophyllous vegetation,Mediterranean,Spain,Cap de Creus Natural Park,42.323,3.297,2005-03-26,1,Rosmarinus officinalis,Salvia rosmarinus,SPECIES,Lamiales,Lamiaceae,Salvia,Colletes,Colletes,GENUS,Hymenoptera,Colletidae,Colletes,No,MED2CA,2005,3,26,MED2CA_3,2,66,9,23,5
1_Bartomeus,MED2CA,Transect,Coastal shrubland,Sclerophyllous vegetation,Mediterranean,Spain,Cap de Creus Natural Park,42.323,3.297,2005-03-26,1,Cistus salvifolius,Cistus salviifolius,SPECIES,Malvales,Cistaceae,Cistus,Psilothrix viridicoerulea,Psilothrix viridicoerulea,SPECIES,Coleoptera,Dasytidae,Psilothrix,No,MED2CA,2005,3,26,MED2CA_3,4,81,4,45,6
1_Bartomeus,MED2CA,Transect,Coastal shrubland,Sclerophyllous vegetation,Mediterranean,Spain,Cap de Creus Natural Park,42.323,3.297,2005-03-26,1,Cistus salvifolius,Cistus salviifolius,SPECIES,Malvales,Cistaceae,Cistus,Psilothrix viridicoerulea,Psilothrix viridicoerulea,SPECIES,Coleoptera,Dasytidae,Psilothrix,No,MED2CA,2005,3,26,MED2CA_3,1,81,4,45,6
1_Bartomeus,MED2CA,Transect,Coastal shrubland,Sclerophyllous vegetation,Mediterranean,Spain,Cap de Creus Natural Park,42.323,3.297,2005-03-26,1,Cistus salvifolius,Cistus salviifolius,SPECIES,Malvales,Cistaceae,Cistus,Psilothrix viridicoerulea,Psilothrix viridicoerulea,SPECIES,Coleoptera,Dasytidae,Psilothrix,No,MED2CA,2005,3,26,MED2CA_3,5,81,4,45,6
1_Bartomeus,MED2CA,Transect,Coastal shrubland,Sclerophyllous vegetation,Mediterranean,Spain,Cap de Creus Natural Park,42.323,3.297,2005-03-26,1,Carpobrotus affinis acinaciformis,Carpobrotus acinaciformis,SPECIES,Caryophyllales,Aizoaceae,Carpobrotus,Lasioglossum,Lasioglossum,GENUS,Hymenoptera,Halictidae,Lasioglossum,No,MED2CA,2005,3,26,MED2CA_3,2,129,2,44,10
1_Bartomeus,MED2CA,Transect,Coastal shrubland,Sclerophyllous vegetation,Mediterranean,Spain,Cap de Creus Natural Park,42.323,3.297,2005-03-30,1,Lavandula stoechas,Lavandula stoechas,SPECIES,Lamiales,Lamiaceae,Lavandula,Apis melifera,Apis mellifera,SPECIES,Hymenoptera,Apidae,Apis,No,MED2CA,2005,3,30,MED2CA_3,2,91,9,59,3
1_Bartomeus,MED2CA,Transect,Coastal shrubland,Sclerophyllous vegetation,Mediterranean,Spain,Cap de Creus Natural Park,42.323,3.297,2005-03-30,1,Lavandula stoechas,Lavandula stoechas,SPECIES,Lamiales,Lamiaceae,Lavandula,Apis melifera,Apis mellifera,SPECIES,Hymenoptera,Apidae,Apis,No,MED2CA,2005,3,30,MED2CA_3,2,91,9,59,3
1_Bartomeus,MED2CA,Transect,Coastal shrubland,Sclerophyllous vegetation,Mediterranean,Spain,Cap de Creus Natural Park,42.323,3.297,2005-03-30,1,Lavandula stoechas,Lavandula stoechas,SPECIES,Lamiales,Lamiaceae,Lavandula,Apis melifera,Apis mellifera,SPECIES,Hymenoptera,Apidae,Apis,No,MED2CA,2005,3,30,MED2CA_3,2,91,9,59,3
1_Bartomeus,MED2CA,Transect,Coastal shrubland,Sclerophyllous vegetation,Mediterranean,Spain,Cap de Creus Natural Park,42.323,3.297,2005-03-29,1,Cistus salvifolius,Cistus salviifolius,SPECIES,Malvales,Cistaceae,Cistus,Oxythyrea funesta,Oxythyrea funesta,SPECIES,Coleoptera,Scarabaeidae,Oxythyrea,No,MED2CA,2005,3,29,MED2CA_3,1,81,4,54,3
1_Bartomeus,MED2CA,Transect,Coastal shrubland,Sclerophyllous vegetation,Mediterranean,Spain,Cap de Creus Natural Park,42.323,3.297,2005-03-29,1,Cistus salvifolius,Cistus salviifolius,SPECIES,Malvales,Cistaceae,Cistus,Oxythyrea funesta,Oxythyrea funesta,SPECIES,Coleoptera,Scarabaeidae,Oxythyrea,No,MED2CA,2005,3,29,MED2CA_3,3,81,4,54,3
1_Bartomeus,MED2CA,Transect,Coastal shrubland,Sclerophyllous vegetation,Mediterranean,Spain,Cap de Creus Natural Park,42.323,3.297,2005-03-30,1,Cistus salvifolius,Cistus salviifolius,SPECIES,Malvales,Cistaceae,Cistus,Bombilius,Bombylius,GENUS,Diptera,Bombyliidae,Bombylius,No,MED2CA,2005,3,30,MED2CA_3,3,81,4,42,2
1_Bartomeus,MED2CA,Transect,Coastal shrubland,Sclerophyllous vegetation,Mediterranean,Spain,Cap de Creus Natural Park,42.323,3.297,2005-03-29,1,Carpobrotus affinis acinaciformis,Carpobrotus acinaciformis,SPECIES,Caryophyllales,Aizoaceae,Carpobrotus,Lasioglossum xanthopus,Lasioglossum xanthopus,SPECIES,Hymenoptera,Halictidae,Lasioglossum,No,MED2CA,2005,3,29,MED2CA_3,1,129,2,37,1
1_Bartomeus,MED2CA,Transect,Coastal shrubland,Sclerophyllous vegetation,Mediterranean,Spain,Cap de Creus Natural Park,42.323,3.297,2005-03-29,1,Carpobrotus affinis acinaciformis,Carpobrotus acinaciformis,SPECIES,Caryophyllales,Aizoaceae,Carpobrotus,Lasioglossum xanthopus,Lasioglossum xanthopus,SPECIES,Hymenoptera,Halictidae,Lasioglossum,No,MED2CA,2005,3,29,MED2CA_3,3,129,2,37,1
1_Bartomeus,MED2CA,Transect,Coastal shrubland,Sclerophyllous vegetation,Mediterranean,Spain,Cap de Creus Natural Park,42.323,3.297,2005-04-11,1,Lavandula stoechas,Lavandula stoechas,SPECIES,Lamiales,Lamiaceae,Lavandula,Apis melifera,Apis mellifera,SPECIES,Hymenoptera,Apidae,Apis,No,MED2CA,2005,4,11,MED2CA_4,1,91,9,59,3
1_Bartomeus,MED2CA,Transect,Coastal shrubland,Sclerophyllous vegetation,Mediterranean,Spain,Cap de Creus Natural Park,42.323,3.297,2005-04-11,1,Cistus monspeliensis,Cistus monspeliensis,SPECIES,Malvales,Cistaceae,Cistus,Oxythyrea funesta,Oxythyrea funesta,SPECIES,Coleoptera,Scarabaeidae,Oxythyrea,No,MED2CA,2005,4,11,MED2CA_4,3,133,4,54,3
1_Bartomeus,MED2CA,Transect,Coastal shrubland,Sclerophyllous vegetation,Mediterranean,Spain,Cap de Creus Natural Park,42.323,3.297,2005-04-11,1,Cistus monspeliensis,Cistus monspeliensis,SPECIES,Malvales,Cistaceae,Cistus,Oxythyrea funesta,Oxythyrea funesta,SPECIES,Coleoptera,Scarabaeidae,Oxythyrea,No,MED2CA,2005,4,11,MED2CA_4,2,133,4,54,3
1_Bartomeus,MED2CA,Transect,Coastal shrubland,Sclerophyllous vegetation,Mediterranean,Spain,Cap de Creus Natural Park,42.323,3.297,2005-04-11,1,Cistus monspeliensis,Cistus monspeliensis,SPECIES,Malvales,Cistaceae,Cistus,Oedemera flavipes,Oedemera flavipes,SPECIES,Coleoptera,Oedemeridae,Oedemera,No,MED2CA,2005,4,11,MED2CA_4,4,133,4,49,8
1_Bartomeus,MED2CA,Transect,Coastal shrubland,Sclerophyllous vegetation,Mediterranean,Spain,Cap de Creus Natural Park,42.323,3.297,2005-04-11,1,Cistus salvifolius,Cistus salviifolius,SPECIES,Malvales,Cistaceae,Cistus,Andrena villipes,Andrena villipes,SPECIES,Hymenoptera,Andrenidae,Andrena,No,MED2CA,2005,4,11,MED2CA_4,4,81,4,26,8
1_Bartomeus,MED2CA,Transect,Coastal shrubland,Sclerophyllous vegetation,Mediterranean,Spain,Cap de Creus Natural Park,42.323,3.297,2005-04-11,1,Carpobrotus affinis acinaciformis,Carpobrotus acinaciformis,SPECIES,Caryophyllales,Aizoaceae,Carpobrotus,Megachilidae,Megachilidae,FAMILY,Hymenoptera,Megachilidae,,No,MED2CA,2005,4,11,MED2CA_4,1,129,2,28,8
1_Bartomeus,MED2CA,Transect,Coastal shrubland,Sclerophyllous vegetation,Mediterranean,Spain,Cap de Creus Natural Park,42.323,3.297,2005-04-25,1,Helianthemum guttatum,Tuberaria guttata,SPECIES,Malvales,Cistaceae,Tuberaria,Oedemera lurida,Oedemera lurida,SPECIES,Coleoptera,Oedemeridae,Oedemera,No,MED2CA,2005,4,25,MED2CA_4,5,29,4,75,8
1_Bartomeus,MED2CA,Transect,Coastal shrubland,Sclerophyllous vegetation,Mediterranean,Spain,Cap de Creus Natural Park,42.323,3.297,2005-04-25,1,Cistus monspeliensis,Cistus monspeliensis,SPECIES,Malvales,Cistaceae,Cistus,Bombilius,Bombylius,GENUS,Diptera,Bombyliidae,Bombylius,No,MED2CA,2005,4,25,MED2CA_4,4,133,4,42,2
1_Bartomeus,MED2CA,Transect,Coastal shrubland,Sclerophyllous vegetation,Mediterranean,Spain,Cap de Creus Natural Park,42.323,3.297,2005-04-25,1,Cistus monspeliensis,Cistus monspeliensis,SPECIES,Malvales,Cistaceae,Cistus,Bombilius,Bombylius,GENUS,Diptera,Bombyliidae,Bombylius,No,MED2CA,2005,4,25,MED2CA_4,2,133,4,42,2
1_Bartomeus,MED2CA,Focal_observation,Coastal shrubland,Sclerophyllous vegetation,Mediterranean,Spain,Cap de Creus Natural Park,42.323,3.297,2005-05-02,1,Cistus monspeliensis,Cistus monspeliensis,SPECIES,Malvales,Cistaceae,Cistus,Mylabris quadripunctata,Mylabris quadripunctata,SPECIES,Coleoptera,Meloidae,Mylabris,No,MED2CA,2005,5,2,MED2CA_5,3,133,4,44,3
1_Bartomeus,MED2CA,Focal_observation,Coastal shrubland,Sclerophyllous vegetation,Mediterranean,Spain,Cap de Creus Natural Park,42.323,3.297,2005-05-02,1,Cistus salvifolius,Cistus salviifolius,SPECIES,Malvales,Cistaceae,Cistus,Oxythyrea funesta,Oxythyrea funesta,SPECIES,Coleoptera,Scarabaeidae,Oxythyrea,No,MED2CA,2005,5,2,MED2CA_5,5,81,4,54,3
1_Bartomeus,MED2CA,Transect,Coastal shrubland,Sclerophyllous vegetation,Mediterranean,Spain,Cap de Creus Natural Park,42.323,3.297,2005-04-11,1,Galactites tomentosa,Galactites tomentosus,SPECIES,Asterales,Asteraceae,Galactites,Apis melifera,Apis mellifera,SPECIES,Hymenoptera,Apidae,Apis,No,MED2CA,2005,4,11,MED2CA_4,5,63,7,59,3
1_Bartomeus,MED2CA,Transect,Coastal shrubland,Sclerophyllous vegetation,Mediterranean,Spain,Cap de Creus Natural Park,42.323,3.297,2005-04-11,1,Sonchus tenerrinus,Sonchus tenerrimus,SPECIES,Asterales,Asteraceae,Sonchus,Andrena taraxaci,Andrena taraxaci,SPECIES,Hymenoptera,Andrenidae,Andrena,No,MED2CA,2005,4,11,MED2CA_4,1,166,5,35,9
1_Bartomeus,MED2CA,Transect,Coastal shrubland,Sclerophyllous vegetation,Mediterranean,Spain,Cap de Creus Natural Park,42.323,3.297,2005-04-11,1,Sonchus tenerrinus,Sonchus tenerrimus,SPECIES,Asterales,Asteraceae,Sonchus,Andrena taraxaci,Andrena taraxaci,SPECIES,Hymenoptera,Andrenidae,Andrena,No,MED2CA,2005,4,11,MED2CA_4,5,166,5,35,9
1_Bartomeus,MED2CA,Transect,Coastal shrubland,Sclerophyllous vegetation,Mediterranean,Spain,Cap de Creus Natural Park,42.323,3.297,2005-04-11,1,Sonchus tenerrinus,Sonchus tenerrimus,SPECIES,Asterales,Asteraceae,Sonchus,Andrena taraxaci,Andrena taraxaci,SPECIES,Hymenoptera,Andrenidae,Andrena,No,MED2CA,2005,4,11,MED2CA_4,1,166,5,35,9
1_Bartomeus,MED2CA,Transect,Coastal shrubland,Sclerophyllous vegetation,Mediterranean,Spain,Cap de Creus Natural Park,42.323,3.297,2005-04-24,1,Urospermum picroides,Urospermum picroides,SPECIES,Asterales,Asteraceae,Urospermum,Panurgus banksianus,Panurgus banksianus,SPECIES,Hymenoptera,Andrenidae,Panurgus,No,MED2CA,2005,4,24,MED2CA_4,2,100,5,4,2
1_Bartomeus,MED2CA,Focal_observation,Coastal shrubland,Sclerophyllous vegetation,Mediterranean,Spain,Cap de Creus Natural Park,42.323,3.297,2005-05-02,1,Urospermum picroides,Urospermum picroides,SPECIES,Asterales,Asteraceae,Urospermum,Panurgus banksianus,Panurgus banksianus,SPECIES,Hymenoptera,Andrenidae,Panurgus,No,MED2CA,2005,5,2,MED2CA_5,4,100,5,4,2
1_Bartomeus,MED2CA,Transect,Coastal shrubland,Sclerophyllous vegetation,Mediterranean,Spain,Cap de Creus Natural Park,42.323,3.297,2005-03-14,1,Cistus albidus,Cistus albidus,SPECIES,Malvales,Cistaceae,Cistus,Platynochaetus setosus,Platynochaetus setosus,SPECIES,Diptera,Syrphidae,Platynochaetus,No,MED2CA,2005,3,14,MED2CA_3,5,51,4,38,4
1_Bartomeus,MED2CA,Transect,Coastal shrubland,Sclerophyllous vegetation,Mediterranean,Spain,Cap de Creus Natural Park,42.323,3.297,2005-03-14,1,Cistus salvifolius,Cistus salviifolius,SPECIES,Malvales,Cistaceae,Cistus,Platynochaetus setosus,Platynochaetus setosus,SPECIES,Diptera,Syrphidae,Platynochaetus,No,MED2CA,2005,3,14,MED2CA_3,1,81,4,38,4
1_Bartomeus,MED2CA,Transect,Coastal shrubland,Sclerophyllous vegetation,Mediterranean,Spain,Cap de Creus Natural Park,42.323,3.297,2005-03-26,1,Cistus albidus,Cistus albidus,SPECIES,Malvales,Cistaceae,Cistus,Anthidium sticticum,Rhodanthidium sticticum,SPECIES,Hymenoptera,Megachilidae,Rhodanthidium,No,MED2CA,2005,3,26,MED2CA_3,5,51,4,66,8
1_Bartomeus,MED2CA,Transect,Coastal shrubland,Sclerophyllous vegetation,Mediterranean,Spain,Cap de Creus Natural Park,42.323,3.297,2005-03-26,1,Cistus albidus,Cistus albidus,SPECIES,Malvales,Cistaceae,Cistus,Anthidium sticticum,Rhodanthidium sticticum,SPECIES,Hymenoptera,Megachilidae,Rhodanthidium,No,MED2CA,2005,3,26,MED2CA_3,5,51,4,66,8
1_Bartomeus,MED2CA,Transect,Coastal shrubland,Sclerophyllous vegetation,Mediterranean,Spain,Cap de Creus Natural Park,42.323,3.297,2005-03-26,1,Carpobrotus affinis acinaciformis,Carpobrotus acinaciformis,SPECIES,Caryophyllales,Aizoaceae,Carpobrotus,Oxythyrea funesta,Oxythyrea funesta,SPECIES,Coleoptera,Scarabaeidae,Oxythyrea,No,MED2CA,2005,3,26,MED2CA_3,2,129,2,54,3
1_Bartomeus,MED2CA,Transect,Coastal shrubland,Sclerophyllous vegetation,Mediterranean,Spain,Cap de Creus Natural Park,42.323,3.297,2005-03-26,1,Carpobrotus affinis acinaciformis,Carpobrotus acinaciformis,SPECIES,Caryophyllales,Aizoaceae,Carpobrotus,Oxythyrea funesta,Oxythyrea funesta,SPECIES,Coleoptera,Scarabaeidae,Oxythyrea,No,MED2CA,2005,3,26,MED2CA_3,2,129,2,54,3
1_Bartomeus,MED2CA,Transect,Coastal shrubland,Sclerophyllous vegetation,Mediterranean,Spain,Cap de Creus Natural Park,42.323,3.297,2005-03-26,1,Carpobrotus affinis acinaciformis,Carpobrotus acinaciformis,SPECIES,Caryophyllales,Aizoaceae,Carpobrotus,Oxythyrea funesta,Oxythyrea funesta,SPECIES,Coleoptera,Scarabaeidae,Oxythyrea,No,MED2CA,2005,3,26,MED2CA_3,1,129,2,54,3
1_Bartomeus,MED2CA,Transect,Coastal shrubland,Sclerophyllous vegetation,Mediterranean,Spain,Cap de Creus Natural Park,42.323,3.297,2005-03-26,1,Carpobrotus affinis acinaciformis,Carpobrotus acinaciformis,SPECIES,Caryophyllales,Aizoaceae,Carpobrotus,Psilothrix viridicoerulea,Psilothrix viridicoerulea,SPECIES,Coleoptera,Dasytidae,Psilothrix,No,MED2CA,2005,3,26,MED2CA_3,1,129,2,45,6
1_Bartomeus,MED2CA,Transect,Coastal shrubland,Sclerophyllous vegetation,Mediterranean,Spain,Cap de Creus Natural Park,42.323,3.297,2005-03-26,1,Carpobrotus affinis acinaciformis,Carpobrotus acinaciformis,SPECIES,Caryophyllales,Aizoaceae,Carpobrotus,Psilothrix viridicoerulea,Psilothrix viridicoerulea,SPECIES,Coleoptera,Dasytidae,Psilothrix,No,MED2CA,2005,3,26,MED2CA_3,1,129,2,45,6
1_Bartomeus,MED2CA,Transect,Coastal shrubland,Sclerophyllous vegetation,Mediterranean,Spain,Cap de Creus Natural Park,42.323,3.297,2005-03-26,1,Carpobrotus affinis acinaciformis,Carpobrotus acinaciformis,SPECIES,Caryophyllales,Aizoaceae,Carpobrotus,Psilothrix viridicoerulea,Psilothrix viridicoerulea,SPECIES,Coleoptera,Dasytidae,Psilothrix,No,MED2CA,2005,3,26,MED2CA_3,4,129,2,45,6
1_Bartomeus,MED2CA,Transect,Coastal shrubland,Sclerophyllous vegetation,Mediterranean,Spain,Cap de Creus Natural Park,42.323,3.297,2005-03-26,1,Carpobrotus affinis acinaciformis,Carpobrotus acinaciformis,SPECIES,Caryophyllales,Aizoaceae,Carpobrotus,Psilothrix viridicoerulea,Psilothrix viridicoerulea,SPECIES,Coleoptera,Dasytidae,Psilothrix,No,MED2CA,2005,3,26,MED2CA_3,3,129,2,45,6
1_Bartomeus,MED2CA,Transect,Coastal shrubland,Sclerophyllous vegetation,Mediterranean,Spain,Cap de Creus Natural Park,42.323,3.297,2005-03-26,1,Carpobrotus affinis acinaciformis,Carpobrotus acinaciformis,SPECIES,Caryophyllales,Aizoaceae,Carpobrotus,Psilothrix viridicoerulea,Psilothrix viridicoerulea,SPECIES,Coleoptera,Dasytidae,Psilothrix,No,MED2CA,2005,3,26,MED2CA_3,3,129,2,45,6
1_Bartomeus,MED2CA,Transect,Coastal shrubland,Sclerophyllous vegetation,Mediterranean,Spain,Cap de Creus Natural Park,42.323,3.297,2005-03-24,1,Aetheorrhiza bulbosa,Sonchus bulbosus,SPECIES,Asterales,Asteraceae,Sonchus,Oedemera flavipes,Oedemera flavipes,SPECIES,Coleoptera,Oedemeridae,Oedemera,No,MED2CA,2005,3,24,MED2CA_3,2,70,5,49,8
1_Bartomeus,MED2CA,Transect,Coastal shrubland,Sclerophyllous vegetation,Mediterranean,Spain,Cap de Creus Natural Park,42.323,3.297,2005-03-24,1,Aetheorrhiza bulbosa,Sonchus bulbosus,SPECIES,Asterales,Asteraceae,Sonchus,Oedemera flavipes,Oedemera flavipes,SPECIES,Coleoptera,Oedemeridae,Oedemera,No,MED2CA,2005,3,24,MED2CA_3,5,70,5,49,8
1_Bartomeus,MED2CA,Transect,Coastal shrubland,Sclerophyllous vegetation,Mediterranean,Spain,Cap de Creus Natural Park,42.323,3.297,2005-03-26,1,Cistus salvifolius,Cistus salviifolius,SPECIES,Malvales,Cistaceae,Cistus,Andrena cinerea,Andrena cinerea,SPECIES,Hymenoptera,Andrenidae,Andrena,No,MED2CA,2005,3,26,MED2CA_3,3,81,4,8,1
1_Bartomeus,MED2CA,Transect,Coastal shrubland,Sclerophyllous vegetation,Mediterranean,Spain,Cap de Creus Natural Park,42.323,3.297,2005-03-26,1,Cistus salvifolius,Cistus salviifolius,SPECIES,Malvales,Cistaceae,Cistus,Andrena cinerea,Andrena cinerea,SPECIES,Hymenoptera,Andrenidae,Andrena,No,MED2CA,2005,3,26,MED2CA_3,3,81,4,8,1
1_Bartomeus,MED2CA,Transect,Coastal shrubland,Sclerophyllous vegetation,Mediterranean,Spain,Cap de Creus Natural Park,42.323,3.297,2005-03-30,1,Rosmarinus officinalis,Salvia rosmarinus,SPECIES,Lamiales,Lamiaceae,Salvia,Apis melifera,Apis mellifera,SPECIES,Hymenoptera,Apidae,Apis,No,MED2CA,2005,3,30,MED2CA_3,2,66,9,59,3
1_Bartomeus,MED2CA,Transect,Coastal shrubland,Sclerophyllous vegetation,Mediterranean,Spain,Cap de Creus Natural Park,42.323,3.297,2005-03-29,1,Lavandula stoechas,Lavandula stoechas,SPECIES,Lamiales,Lamiaceae,Lavandula,Oxythyrea funesta,Oxythyrea funesta,SPECIES,Coleoptera,Scarabaeidae,Oxythyrea,No,MED2CA,2005,3,29,MED2CA_3,1,91,9,54,3
1_Bartomeus,MED2CA,Transect,Coastal shrubland,Sclerophyllous vegetation,Mediterranean,Spain,Cap de Creus Natural Park,42.323,3.297,2005-03-29,1,Carpobrotus affinis acinaciformis,Carpobrotus acinaciformis,SPECIES,Caryophyllales,Aizoaceae,Carpobrotus,Psilothrix viridicoerulea,Psilothrix viridicoerulea,SPECIES,Coleoptera,Dasytidae,Psilothrix,No,MED2CA,2005,3,29,MED2CA_3,1,129,2,45,6
1_Bartomeus,MED2CA,Transect,Coastal shrubland,Sclerophyllous vegetation,Mediterranean,Spain,Cap de Creus Natural Park,42.323,3.297,2005-03-29,1,Cistus monspeliensis,Cistus monspeliensis,SPECIES,Malvales,Cistaceae,Cistus,Psilothrix viridicoerulea,Psilothrix viridicoerulea,SPECIES,Coleoptera,Dasytidae,Psilothrix,No,MED2CA,2005,3,29,MED2CA_3,1,133,4,45,6
1_Bartomeus,MED2CA,Transect,Coastal shrubland,Sclerophyllous vegetation,Mediterranean,Spain,Cap de Creus Natural Park,42.323,3.297,2005-03-29,1,Carpobrotus affinis acinaciformis,Carpobrotus acinaciformis,SPECIES,Caryophyllales,Aizoaceae,Carpobrotus,Andrena,Andrena,GENUS,Hymenoptera,Andrenidae,Andrena,No,MED2CA,2005,3,29,MED2CA_3,3,129,2,81,1
1_Bartomeus,MED2CA,Transect,Coastal shrubland,Sclerophyllous vegetation,Mediterranean,Spain,Cap de Creus Natural Park,42.323,3.297,2005-04-11,1,Cistus albidus,Cistus albidus,SPECIES,Malvales,Cistaceae,Cistus,Oedemera lurida,Oedemera lurida,SPECIES,Coleoptera,Oedemeridae,Oedemera,No,MED2CA,2005,4,11,MED2CA_4,1,51,4,75,8
1_Bartomeus,MED2CA,Transect,Coastal shrubland,Sclerophyllous vegetation,Mediterranean,Spain,Cap de Creus Natural Park,42.323,3.297,2005-04-11,1,Cistus albidus,Cistus albidus,SPECIES,Malvales,Cistaceae,Cistus,Oedemera lurida,Oedemera lurida,SPECIES,Coleoptera,Oedemeridae,Oedemera,No,MED2CA,2005,4,11,MED2CA_4,5,51,4,75,8
1_Bartomeus,MED2CA,Transect,Coastal shrubland,Sclerophyllous vegetation,Mediterranean,Spain,Cap de Creus Natural Park,42.323,3.297,2005-04-11,1,Cistus monspeliensis,Cistus monspeliensis,SPECIES,Malvales,Cistaceae,Cistus,Oedemera lurida,Oedemera lurida,SPECIES,Coleoptera,Oedemeridae,Oedemera,No,MED2CA,2005,4,11,MED2CA_4,1,133,4,75,8
1_Bartomeus,MED2CA,Transect,Coastal shrubland,Sclerophyllous vegetation,Mediterranean,Spain,Cap de Creus Natural Park,42.323,3.297,2005-04-11,1,Cistus salvifolius,Cistus salviifolius,SPECIES,Malvales,Cistaceae,Cistus,Oxythyrea funesta,Oxythyrea funesta,SPECIES,Coleoptera,Scarabaeidae,Oxythyrea,No,MED2CA,2005,4,11,MED2CA_4,3,81,4,54,3
1_Bartomeus,MED2CA,Transect,Coastal shrubland,Sclerophyllous vegetation,Mediterranean,Spain,Cap de Creus Natural Park,42.323,3.297,2005-04-11,1,Helianthemum guttatum,Tuberaria guttata,SPECIES,Malvales,Cistaceae,Tuberaria,Mordellistena pumila,Mordellistena pumila,SPECIES,Coleoptera,Mordellidae,Mordellistena,No,MED2CA,2005,4,11,MED2CA_4,2,29,4,78,5
1_Bartomeus,MED2CA,Transect,Coastal shrubland,Sclerophyllous vegetation,Mediterranean,Spain,Cap de Creus Natural Park,42.323,3.297,2005-04-11,1,Lavandula stoechas,Lavandula stoechas,SPECIES,Lamiales,Lamiaceae,Lavandula,Halictus pyrenaeus,Halictus pyrenaeus,SPECIES,Hymenoptera,Halictidae,Halictus,No,MED2CA,2005,4,11,MED2CA_4,1,91,9,50,1
1_Bartomeus,MED2CA,Transect,Coastal shrubland,Sclerophyllous vegetation,Mediterranean,Spain,Cap de Creus Natural Park,42.323,3.297,2005-04-26,1,Carpobrotus affinis acinaciformis,Carpobrotus acinaciformis,SPECIES,Caryophyllales,Aizoaceae,Carpobrotus,Bombus terrestris,Bombus terrestris,SPECIES,Hymenoptera,Apidae,Bombus,No,MED2CA,2005,4,26,MED2CA_4,1,129,2,55,4
1_Bartomeus,MED2CA,Transect,Coastal shrubland,Sclerophyllous vegetation,Mediterranean,Spain,Cap de Creus Natural Park,42.323,3.297,2005-04-26,1,Carpobrotus affinis acinaciformis,Carpobrotus acinaciformis,SPECIES,Caryophyllales,Aizoaceae,Carpobrotus,Bombus terrestris,Bombus terrestris,SPECIES,Hymenoptera,Apidae,Bombus,No,MED2CA,2005,4,26,MED2CA_4,3,129,2,55,4
1_Bartomeus,MED2CA,Transect,Coastal shrubland,Sclerophyllous vegetation,Mediterranean,Spain,Cap de Creus Natural Park,42.323,3.297,2005-04-26,1,Carpobrotus affinis acinaciformis,Carpobrotus acinaciformis,SPECIES,Caryophyllales,Aizoaceae,Carpobrotus,Bombus terrestris,Bombus terrestris,SPECIES,Hymenoptera,Apidae,Bombus,No,MED2CA,2005,4,26,MED2CA_4,5,129,2,55,4
1_Bartomeus,MED2CA,Transect,Coastal shrubland,Sclerophyllous vegetation,Mediterranean,Spain,Cap de Creus Natural Park,42.323,3.297,2005-04-26,1,Carpobrotus affinis acinaciformis,Carpobrotus acinaciformis,SPECIES,Caryophyllales,Aizoaceae,Carpobrotus,Bombus terrestris,Bombus terrestris,SPECIES,Hymenoptera,Apidae,Bombus,No,MED2CA,2005,4,26,MED2CA_4,4,129,2,55,4
1_Bartomeus,MED2CA,Transect,Coastal shrubland,Sclerophyllous vegetation,Mediterranean,Spain,Cap de Creus Natural Park,42.323,3.297,2005-04-25,1,Carpobrotus affinis acinaciformis,Carpobrotus acinaciformis,SPECIES,Caryophyllales,Aizoaceae,Carpobrotus,Oxythyrea funesta,Oxythyrea funesta,SPECIES,Coleoptera,Scarabaeidae,Oxythyrea,No,MED2CA,2005,4,25,MED2CA_4,4,129,2,54,3
1_Bartomeus,MED2CA,Transect,Coastal shrubland,Sclerophyllous vegetation,Mediterranean,Spain,Cap de Creus Natural Park,42.323,3.297,2005-04-25,1,Helianthemum guttatum,Tuberaria guttata,SPECIES,Malvales,Cistaceae,Tuberaria,Andrena,Andrena,GENUS,Hymenoptera,Andrenidae,Andrena,No,MED2CA,2005,4,25,MED2CA_4,4,29,4,81,1
1_Bartomeus,MED2CA,Focal_observation,Coastal shrubland,Sclerophyllous vegetation,Mediterranean,Spain,Cap de Creus Natural Park,42.323,3.297,2005-05-02,1,Carpobrotus affinis acinaciformis,Carpobrotus acinaciformis,SPECIES,Caryophyllales,Aizoaceae,Carpobrotus,Oedemera lurida,Oedemera lurida,SPECIES,Coleoptera,Oedemeridae,Oedemera,No,MED2CA,2005,5,2,MED2CA_5,3,129,2,75,8
1_Bartomeus,MED2CA,Focal_observation,Coastal shrubland,Sclerophyllous vegetation,Mediterranean,Spain,Cap de Creus Natural Park,42.323,3.297,2005-05-02,1,Carpobrotus affinis acinaciformis,Carpobrotus acinaciformis,SPECIES,Caryophyllales,Aizoaceae,Carpobrotus,Oedemera lurida,Oedemera lurida,SPECIES,Coleoptera,Oedemeridae,Oedemera,No,MED2CA,2005,5,2,MED2CA_5,4,129,2,75,8
1_Bartomeus,MED2CA,Focal_observation,Coastal shrubland,Sclerophyllous vegetation,Mediterranean,Spain,Cap de Creus Natural Park,42.323,3.297,2005-05-02,1,Carpobrotus affinis acinaciformis,Carpobrotus acinaciformis,SPECIES,Caryophyllales,Aizoaceae,Carpobrotus,Mordellistena pumila,Mordellistena pumila,SPECIES,Coleoptera,Mordellidae,Mordellistena,No,MED2CA,2005,5,2,MED2CA_5,5,129,2,78,5
1_Bartomeus,MED2CA,Focal_observation,Coastal shrubland,Sclerophyllous vegetation,Mediterranean,Spain,Cap de Creus Natural Park,42.323,3.297,2005-05-02,1,Carpobrotus affinis acinaciformis,Carpobrotus acinaciformis,SPECIES,Caryophyllales,Aizoaceae,Carpobrotus,Mordellistena pumila,Mordellistena pumila,SPECIES,Coleoptera,Mordellidae,Mordellistena,No,MED2CA,2005,5,2,MED2CA_5,3,129,2,78,5
1_Bartomeus,MED2CA,Transect,Coastal shrubland,Sclerophyllous vegetation,Mediterranean,Spain,Cap de Creus Natural Park,42.323,3.297,2005-03-29,1,Sonchus tenerrinus,Sonchus tenerrimus,SPECIES,Asterales,Asteraceae,Sonchus,Psilothrix viridicoerulea,Psilothrix viridicoerulea,SPECIES,Coleoptera,Dasytidae,Psilothrix,No,MED2CA,2005,3,29,MED2CA_3,4,166,5,45,6
1_Bartomeus,MED2CA,Transect,Coastal shrubland,Sclerophyllous vegetation,Mediterranean,Spain,Cap de Creus Natural Park,42.323,3.297,2005-04-11,1,Sonchus tenerrinus,Sonchus tenerrimus,SPECIES,Asterales,Asteraceae,Sonchus,Psilothrix viridicoerulea,Psilothrix viridicoerulea,SPECIES,Coleoptera,Dasytidae,Psilothrix,No,MED2CA,2005,4,11,MED2CA_4,1,166,5,45,6
1_Bartomeus,MED2CA,Transect,Coastal shrubland,Sclerophyllous vegetation,Mediterranean,Spain,Cap de Creus Natural Park,42.323,3.297,2005-04-11,1,Urospermum picroides,Urospermum picroides,SPECIES,Asterales,Asteraceae,Urospermum,Cryptocephalus,Cryptocephalus,GENUS,Coleoptera,Chrysomelidae,Cryptocephalus,No,MED2CA,2005,4,11,MED2CA_4,4,100,5,40,7
1_Bartomeus,MED2CA,Transect,Coastal shrubland,Sclerophyllous vegetation,Mediterranean,Spain,Cap de Creus Natural Park,42.323,3.297,2005-04-26,1,Urospermum picroides,Urospermum picroides,SPECIES,Asterales,Asteraceae,Urospermum,Mordellistena pumila,Mordellistena pumila,SPECIES,Coleoptera,Mordellidae,Mordellistena,No,MED2CA,2005,4,26,MED2CA_4,1,100,5,78,5
1_Bartomeus,MED2CA,Focal_observation,Coastal shrubland,Sclerophyllous vegetation,Mediterranean,Spain,Cap de Creus Natural Park,42.323,3.297,2005-05-02,1,Helichrysum stoechas,Helichrysum stoechas,SPECIES,Asterales,Asteraceae,Helichrysum,Oxythyrea funesta,Oxythyrea funesta,SPECIES,Coleoptera,Scarabaeidae,Oxythyrea,No,MED2CA,2005,5,2,MED2CA_5,4,44,5,54,3
1_Bartomeus,MED2CA,Transect,Coastal shrubland,Sclerophyllous vegetation,Mediterranean,Spain,Cap de Creus Natural Park,42.323,3.297,2005-03-14,1,Rosmarinus officinalis,Salvia rosmarinus,SPECIES,Lamiales,Lamiaceae,Salvia,Apis melifera,Apis mellifera,SPECIES,Hymenoptera,Apidae,Apis,No,MED2CA,2005,3,14,MED2CA_3,5,66,9,59,3
1_Bartomeus,MED2CA,Focal_observation,Coastal shrubland,Sclerophyllous vegetation,Mediterranean,Spain,Cap de Creus Natural Park,42.323,3.297,2005-05-14,1,Rosmarinus officinalis,Salvia rosmarinus,SPECIES,Lamiales,Lamiaceae,Salvia,Sphaerophoria,Sphaerophoria,GENUS,Diptera,Syrphidae,Sphaerophoria,No,MED2CA,2005,5,14,MED2CA_5,3,66,9,24,3
1_Bartomeus,MED2CA,Transect,Coastal shrubland,Sclerophyllous vegetation,Mediterranean,Spain,Cap de Creus Natural Park,42.323,3.297,2005-03-27,1,Lavandula stoechas,Lavandula stoechas,SPECIES,Lamiales,Lamiaceae,Lavandula,Adelidae,Adelidae,FAMILY,Lepidoptera,Adelidae,,No,MED2CA,2005,3,27,MED2CA_3,3,91,9,26,10
1_Bartomeus,MED2CA,Transect,Coastal shrubland,Sclerophyllous vegetation,Mediterranean,Spain,Cap de Creus Natural Park,42.323,3.297,2005-03-26,1,Cistus salvifolius,Cistus salviifolius,SPECIES,Malvales,Cistaceae,Cistus,Andrena lepida,Andrena lepida,SPECIES,Hymenoptera,Andrenidae,Andrena,No,MED2CA,2005,3,26,MED2CA_3,2,81,4,38,3
1_Bartomeus,MED2CA,Transect,Coastal shrubland,Sclerophyllous vegetation,Mediterranean,Spain,Cap de Creus Natural Park,42.323,3.297,2005-03-26,1,Cistus salvifolius,Cistus salviifolius,SPECIES,Malvales,Cistaceae,Cistus,Andrena lepida,Andrena lepida,SPECIES,Hymenoptera,Andrenidae,Andrena,No,MED2CA,2005,3,26,MED2CA_3,4,81,4,38,3
1_Bartomeus,MED2CA,Transect,Coastal shrubland,Sclerophyllous vegetation,Mediterranean,Spain,Cap de Creus Natural Park,42.323,3.297,2005-03-24,1,Cistus monspeliensis,Cistus monspeliensis,SPECIES,Malvales,Cistaceae,Cistus,Andrena villipes,Andrena villipes,SPECIES,Hymenoptera,Andrenidae,Andrena,No,MED2CA,2005,3,24,MED2CA_3,5,133,4,26,8
1_Bartomeus,MED2CA,Transect,Coastal shrubland,Sclerophyllous vegetation,Mediterranean,Spain,Cap de Creus Natural Park,42.323,3.297,2005-03-30,1,Cistus salvifolius,Cistus salviifolius,SPECIES,Malvales,Cistaceae,Cistus,Conophorus virescens,Conophorus virescens,SPECIES,Diptera,Bombyliidae,Conophorus,No,MED2CA,2005,3,30,MED2CA_3,1,81,4,27,7
1_Bartomeus,MED2CA,Transect,Coastal shrubland,Sclerophyllous vegetation,Mediterranean,Spain,Cap de Creus Natural Park,42.323,3.297,2005-03-29,1,Cistus salvifolius,Cistus salviifolius,SPECIES,Malvales,Cistaceae,Cistus,Mordellistena pumila,Mordellistena pumila,SPECIES,Coleoptera,Mordellidae,Mordellistena,No,MED2CA,2005,3,29,MED2CA_3,2,81,4,78,5
1_Bartomeus,MED2CA,Transect,Coastal shrubland,Sclerophyllous vegetation,Mediterranean,Spain,Cap de Creus Natural Park,42.323,3.297,2005-03-29,1,Cistus salvifolius,Cistus salviifolius,SPECIES,Malvales,Cistaceae,Cistus,Mordellistena pumila,Mordellistena pumila,SPECIES,Coleoptera,Mordellidae,Mordellistena,No,MED2CA,2005,3,29,MED2CA_3,2,81,4,78,5
1_Bartomeus,MED2CA,Transect,Coastal shrubland,Sclerophyllous vegetation,Mediterranean,Spain,Cap de Creus Natural Park,42.323,3.297,2005-04-11,1,Carpobrotus affinis acinaciformis,Carpobrotus acinaciformis,SPECIES,Caryophyllales,Aizoaceae,Carpobrotus,Apis melifera,Apis mellifera,SPECIES,Hymenoptera,Apidae,Apis,No,MED2CA,2005,4,11,MED2CA_4,3,129,2,59,3
1_Bartomeus,MED2CA,Transect,Coastal shrubland,Sclerophyllous vegetation,Mediterranean,Spain,Cap de Creus Natural Park,42.323,3.297,2005-04-11,1,Cistus salvifolius,Cistus salviifolius,SPECIES,Malvales,Cistaceae,Cistus,Psilothrix viridicoerulea,Psilothrix viridicoerulea,SPECIES,Coleoptera,Dasytidae,Psilothrix,No,MED2CA,2005,4,11,MED2CA_4,1,81,4,45,6
1_Bartomeus,MED2CA,Transect,Coastal shrubland,Sclerophyllous vegetation,Mediterranean,Spain,Cap de Creus Natural Park,42.323,3.297,2005-04-11,1,Cistus monspeliensis,Cistus monspeliensis,SPECIES,Malvales,Cistaceae,Cistus,Andrena villipes,Andrena villipes,SPECIES,Hymenoptera,Andrenidae,Andrena,No,MED2CA,2005,4,11,MED2CA_4,2,133,4,26,8
1_Bartomeus,MED2CA,Transect,Coastal shrubland,Sclerophyllous vegetation,Mediterranean,Spain,Cap de Creus Natural Park,42.323,3.297,2005-04-11,1,Cistus monspeliensis,Cistus monspeliensis,SPECIES,Malvales,Cistaceae,Cistus,Andrena villipes,Andrena villipes,SPECIES,Hymenoptera,Andrenidae,Andrena,No,MED2CA,2005,4,11,MED2CA_4,3,133,4,26,8
1_Bartomeus,MED2CA,Transect,Coastal shrubland,Sclerophyllous vegetation,Mediterranean,Spain,Cap de Creus Natural Park,42.323,3.297,2005-04-11,1,Cistus salvifolius,Cistus salviifolius,SPECIES,Malvales,Cistaceae,Cistus,Coleoptera,Coleoptera,ORDER,Coleoptera,,,No,MED2CA,2005,4,11,MED2CA_4,3,81,4,73,5
1_Bartomeus,MED2CA,Transect,Coastal shrubland,Sclerophyllous vegetation,Mediterranean,Spain,Cap de Creus Natural Park,42.323,3.297,2005-04-25,1,Carpobrotus affinis acinaciformis,Carpobrotus acinaciformis,SPECIES,Caryophyllales,Aizoaceae,Carpobrotus,Oedemera lurida,Oedemera lurida,SPECIES,Coleoptera,Oedemeridae,Oedemera,No,MED2CA,2005,4,25,MED2CA_4,4,129,2,75,8
1_Bartomeus,MED2CA,Transect,Coastal shrubland,Sclerophyllous vegetation,Mediterranean,Spain,Cap de Creus Natural Park,42.323,3.297,2005-04-25,1,Carpobrotus affinis acinaciformis,Carpobrotus acinaciformis,SPECIES,Caryophyllales,Aizoaceae,Carpobrotus,Oedemera lurida,Oedemera lurida,SPECIES,Coleoptera,Oedemeridae,Oedemera,No,MED2CA,2005,4,25,MED2CA_4,3,129,2,75,8
1_Bartomeus,MED2CA,Transect,Coastal shrubland,Sclerophyllous vegetation,Mediterranean,Spain,Cap de Creus Natural Park,42.323,3.297,2005-04-26,1,Cistus salvifolius,Cistus salviifolius,SPECIES,Malvales,Cistaceae,Cistus,Coleoptera,Coleoptera,ORDER,Coleoptera,,,No,MED2CA,2005,4,26,MED2CA_4,1,81,4,73,5
1_Bartomeus,MED2CA,Transect,Coastal shrubland,Sclerophyllous vegetation,Mediterranean,Spain,Cap de Creus Natural Park,42.323,3.297,2005-04-24,1,Cistus monspeliensis,Cistus monspeliensis,SPECIES,Malvales,Cistaceae,Cistus,Hylaeus taeniolatus,Hylaeus taeniolatus,SPECIES,Hymenoptera,Colletidae,Hylaeus,No,MED2CA,2005,4,24,MED2CA_4,3,133,4,21,5
1_Bartomeus,MED2CA,Focal_observation,Coastal shrubland,Sclerophyllous vegetation,Mediterranean,Spain,Cap de Creus Natural Park,42.323,3.297,2005-05-02,1,Carpobrotus affinis acinaciformis,Carpobrotus acinaciformis,SPECIES,Caryophyllales,Aizoaceae,Carpobrotus,Oxythyrea funesta,Oxythyrea funesta,SPECIES,Coleoptera,Scarabaeidae,Oxythyrea,No,MED2CA,2005,5,2,MED2CA_5,3,129,2,54,3
1_Bartomeus,MED2CA,Focal_observation,Coastal shrubland,Sclerophyllous vegetation,Mediterranean,Spain,Cap de Creus Natural Park,42.323,3.297,2005-05-02,1,Carpobrotus affinis acinaciformis,Carpobrotus acinaciformis,SPECIES,Caryophyllales,Aizoaceae,Carpobrotus,Oxythyrea funesta,Oxythyrea funesta,SPECIES,Coleoptera,Scarabaeidae,Oxythyrea,No,MED2CA,2005,5,2,MED2CA_5,2,129,2,54,3
1_Bartomeus,MED2CA,Focal_observation,Coastal shrubland,Sclerophyllous vegetation,Mediterranean,Spain,Cap de Creus Natural Park,42.323,3.297,2005-05-02,1,Cistus monspeliensis,Cistus monspeliensis,SPECIES,Malvales,Cistaceae,Cistus,Andrena villipes,Andrena villipes,SPECIES,Hymenoptera,Andrenidae,Andrena,No,MED2CA,2005,5,2,MED2CA_5,2,133,4,26,8
1_Bartomeus,MED2CA,Transect,Coastal shrubland,Sclerophyllous vegetation,Mediterranean,Spain,Cap de Creus Natural Park,42.323,3.297,2005-03-29,1,Sonchus tenerrinus,Sonchus tenerrimus,SPECIES,Asterales,Asteraceae,Sonchus,Andrena taraxaci,Andrena taraxaci,SPECIES,Hymenoptera,Andrenidae,Andrena,No,MED2CA,2005,3,29,MED2CA_3,3,166,5,35,9
1_Bartomeus,MED2CA,Transect,Coastal shrubland,Sclerophyllous vegetation,Mediterranean,Spain,Cap de Creus Natural Park,42.323,3.297,2005-04-11,1,Galactites tomentosa,Galactites tomentosus,SPECIES,Asterales,Asteraceae,Galactites,Coleoptera,Coleoptera,ORDER,Coleoptera,,,No,MED2CA,2005,4,11,MED2CA_4,3,63,7,73,5
1_Bartomeus,MED2CA,Transect,Coastal shrubland,Sclerophyllous vegetation,Mediterranean,Spain,Cap de Creus Natural Park,42.323,3.297,2005-04-11,1,Galactites tomentosa,Galactites tomentosus,SPECIES,Asterales,Asteraceae,Galactites,Coleoptera,Coleoptera,ORDER,Coleoptera,,,No,MED2CA,2005,4,11,MED2CA_4,2,63,7,73,5
1_Bartomeus,MED2CA,Transect,Coastal shrubland,Sclerophyllous vegetation,Mediterranean,Spain,Cap de Creus Natural Park,42.323,3.297,2005-04-11,1,Galactites tomentosa,Galactites tomentosus,SPECIES,Asterales,Asteraceae,Galactites,Coleoptera,Coleoptera,ORDER,Coleoptera,,,No,MED2CA,2005,4,11,MED2CA_4,5,63,7,73,5
1_Bartomeus,MED2CA,Focal_observation,Coastal shrubland,Sclerophyllous vegetation,Mediterranean,Spain,Cap de Creus Natural Park,42.323,3.297,2005-05-02,1,Helichrysum stoechas,Helichrysum stoechas,SPECIES,Asterales,Asteraceae,Helichrysum,Oedemera lurida,Oedemera lurida,SPECIES,Coleoptera,Oedemeridae,Oedemera,No,MED2CA,2005,5,2,MED2CA_5,4,44,5,75,8
1_Bartomeus,MED2CA,Transect,Coastal shrubland,Sclerophyllous vegetation,Mediterranean,Spain,Cap de Creus Natural Park,42.323,3.297,2005-03-14,1,Cistus salvifolius,Cistus salviifolius,SPECIES,Malvales,Cistaceae,Cistus,Apis melifera,Apis mellifera,SPECIES,Hymenoptera,Apidae,Apis,No,MED2CA,2005,3,14,MED2CA_3,1,81,4,59,3
1_Bartomeus,MED2CA,Transect,Coastal shrubland,Sclerophyllous vegetation,Mediterranean,Spain,Cap de Creus Natural Park,42.323,3.297,2005-03-14,1,Cistus salvifolius,Cistus salviifolius,SPECIES,Malvales,Cistaceae,Cistus,Anthophora,Anthophora,GENUS,Hymenoptera,Apidae,Anthophora,No,MED2CA,2005,3,14,MED2CA_3,1,81,4,17,4
1_Bartomeus,MED2CA,Transect,Coastal shrubland,Sclerophyllous vegetation,Mediterranean,Spain,Cap de Creus Natural Park,42.323,3.297,2005-03-26,1,Rosmarinus officinalis,Salvia rosmarinus,SPECIES,Lamiales,Lamiaceae,Salvia,Apis melifera,Apis mellifera,SPECIES,Hymenoptera,Apidae,Apis,No,MED2CA,2005,3,26,MED2CA_3,2,66,9,59,3
1_Bartomeus,MED2CA,Transect,Coastal shrubland,Sclerophyllous vegetation,Mediterranean,Spain,Cap de Creus Natural Park,42.323,3.297,2005-03-26,1,Rosmarinus officinalis,Salvia rosmarinus,SPECIES,Lamiales,Lamiaceae,Salvia,Apis melifera,Apis mellifera,SPECIES,Hymenoptera,Apidae,Apis,No,MED2CA,2005,3,26,MED2CA_3,4,66,9,59,3
1_Bartomeus,MED2CA,Transect,Coastal shrubland,Sclerophyllous vegetation,Mediterranean,Spain,Cap de Creus Natural Park,42.323,3.297,2005-03-26,1,Cistus albidus,Cistus albidus,SPECIES,Malvales,Cistaceae,Cistus,Coleoptera,Coleoptera,ORDER,Coleoptera,,,No,MED2CA,2005,3,26,MED2CA_3,2,51,4,73,5
1_Bartomeus,MED2CA,Transect,Coastal shrubland,Sclerophyllous vegetation,Mediterranean,Spain,Cap de Creus Natural Park,42.323,3.297,2005-03-26,1,Cistus salvifolius,Cistus salviifolius,SPECIES,Malvales,Cistaceae,Cistus,Andrena fabrella,Andrena fabrella,SPECIES,Hymenoptera,Andrenidae,Andrena,No,MED2CA,2005,3,26,MED2CA_3,2,81,4,27,9
1_Bartomeus,MED2CA,Transect,Coastal shrubland,Sclerophyllous vegetation,Mediterranean,Spain,Cap de Creus Natural Park,42.323,3.297,2005-03-26,1,Cistus monspeliensis,Cistus monspeliensis,SPECIES,Malvales,Cistaceae,Cistus,Sphecodes gibbus,Sphecodes gibbus,SPECIES,Hymenoptera,Halictidae,Sphecodes,No,MED2CA,2005,3,26,MED2CA_3,5,133,4,20,1
1_Bartomeus,MED2CA,Transect,Coastal shrubland,Sclerophyllous vegetation,Mediterranean,Spain,Cap de Creus Natural Park,42.323,3.297,2005-03-26,1,Cistus monspeliensis,Cistus monspeliensis,SPECIES,Malvales,Cistaceae,Cistus,Sphecodes gibbus,Sphecodes gibbus,SPECIES,Hymenoptera,Halictidae,Sphecodes,No,MED2CA,2005,3,26,MED2CA_3,5,133,4,20,1
1_Bartomeus,MED2CA,Transect,Coastal shrubland,Sclerophyllous vegetation,Mediterranean,Spain,Cap de Creus Natural Park,42.323,3.297,2005-03-29,1,Dorycnium pentaphyllum,Lotus dorycnium,SPECIES,Fabales,Fabaceae,Lotus,Colletes,Colletes,GENUS,Hymenoptera,Colletidae,Colletes,No,MED2CA,2005,3,29,MED2CA_3,4,25,6,23,5
1_Bartomeus,MED2CA,Transect,Coastal shrubland,Sclerophyllous vegetation,Mediterranean,Spain,Cap de Creus Natural Park,42.323,3.297,2005-03-29,1,Dorycnium pentaphyllum,Lotus dorycnium,SPECIES,Fabales,Fabaceae,Lotus,Colletes,Colletes,GENUS,Hymenoptera,Colletidae,Colletes,No,MED2CA,2005,3,29,MED2CA_3,2,25,6,23,5
1_Bartomeus,MED2CA,Transect,Coastal shrubland,Sclerophyllous vegetation,Mediterranean,Spain,Cap de Creus Natural Park,42.323,3.297,2005-03-29,1,Rosmarinus officinalis,Salvia rosmarinus,SPECIES,Lamiales,Lamiaceae,Salvia,Oxythyrea funesta,Oxythyrea funesta,SPECIES,Coleoptera,Scarabaeidae,Oxythyrea,No,MED2CA,2005,3,29,MED2CA_3,4,66,9,54,3
1_Bartomeus,MED2CA,Transect,Coastal shrubland,Sclerophyllous vegetation,Mediterranean,Spain,Cap de Creus Natural Park,42.323,3.297,2005-03-30,1,Cistus monspeliensis,Cistus monspeliensis,SPECIES,Malvales,Cistaceae,Cistus,Bombilius,Bombylius,GENUS,Diptera,Bombyliidae,Bombylius,No,MED2CA,2005,3,30,MED2CA_3,2,133,4,42,2
1_Bartomeus,MED2CA,Transect,Coastal shrubland,Sclerophyllous vegetation,Mediterranean,Spain,Cap de Creus Natural Park,42.323,3.297,2005-04-11,1,Cistus monspeliensis,Cistus monspeliensis,SPECIES,Malvales,Cistaceae,Cistus,Andrena fabrella,Andrena fabrella,SPECIES,Hymenoptera,Andrenidae,Andrena,No,MED2CA,2005,4,11,MED2CA_4,1,133,4,27,9
1_Bartomeus,MED2CA,Transect,Coastal shrubland,Sclerophyllous vegetation,Mediterranean,Spain,Cap de Creus Natural Park,42.323,3.297,2005-04-11,1,Cistus monspeliensis,Cistus monspeliensis,SPECIES,Malvales,Cistaceae,Cistus,Andrena fabrella,Andrena fabrella,SPECIES,Hymenoptera,Andrenidae,Andrena,No,MED2CA,2005,4,11,MED2CA_4,5,133,4,27,9
1_Bartomeus,MED2CA,Transect,Coastal shrubland,Sclerophyllous vegetation,Mediterranean,Spain,Cap de Creus Natural Park,42.323,3.297,2005-04-11,1,Cistus monspeliensis,Cistus monspeliensis,SPECIES,Malvales,Cistaceae,Cistus,Andrena fabrella,Andrena fabrella,SPECIES,Hymenoptera,Andrenidae,Andrena,No,MED2CA,2005,4,11,MED2CA_4,5,133,4,27,9
1_Bartomeus,MED2CA,Transect,Coastal shrubland,Sclerophyllous vegetation,Mediterranean,Spain,Cap de Creus Natural Park,42.323,3.297,2005-04-11,1,Cistus albidus,Cistus albidus,SPECIES,Malvales,Cistaceae,Cistus,Oedemera flavipes,Oedemera flavipes,SPECIES,Coleoptera,Oedemeridae,Oedemera,No,MED2CA,2005,4,11,MED2CA_4,1,51,4,49,8
1_Bartomeus,MED2CA,Transect,Coastal shrubland,Sclerophyllous vegetation,Mediterranean,Spain,Cap de Creus Natural Park,42.323,3.297,2005-04-11,1,Cistus albidus,Cistus albidus,SPECIES,Malvales,Cistaceae,Cistus,Andrena villipes,Andrena villipes,SPECIES,Hymenoptera,Andrenidae,Andrena,No,MED2CA,2005,4,11,MED2CA_4,3,51,4,26,8
1_Bartomeus,MED2CA,Transect,Coastal shrubland,Sclerophyllous vegetation,Mediterranean,Spain,Cap de Creus Natural Park,42.323,3.297,2005-04-11,1,Cistus salvifolius,Cistus salviifolius,SPECIES,Malvales,Cistaceae,Cistus,Coleoptera,Coleoptera,ORDER,Coleoptera,,,No,MED2CA,2005,4,11,MED2CA_4,5,81,4,73,5
1_Bartomeus,MED2CA,Transect,Coastal shrubland,Sclerophyllous vegetation,Mediterranean,Spain,Cap de Creus Natural Park,42.323,3.297,2005-04-11,1,Cistus salvifolius,Cistus salviifolius,SPECIES,Malvales,Cistaceae,Cistus,Coleoptera,Coleoptera,ORDER,Coleoptera,,,No,MED2CA,2005,4,11,MED2CA_4,5,81,4,73,5
1_Bartomeus,MED2CA,Transect,Coastal shrubland,Sclerophyllous vegetation,Mediterranean,Spain,Cap de Creus Natural Park,42.323,3.297,2005-04-11,1,Cistus salvifolius,Cistus salviifolius,SPECIES,Malvales,Cistaceae,Cistus,Coleoptera,Coleoptera,ORDER,Coleoptera,,,No,MED2CA,2005,4,11,MED2CA_4,5,81,4,73,5
1_Bartomeus,MED2CA,Transect,Coastal shrubland,Sclerophyllous vegetation,Mediterranean,Spain,Cap de Creus Natural Park,42.323,3.297,2005-04-25,1,Cistus monspeliensis,Cistus monspeliensis,SPECIES,Malvales,Cistaceae,Cistus,Oedemera lurida,Oedemera lurida,SPECIES,Coleoptera,Oedemeridae,Oedemera,No,MED2CA,2005,4,25,MED2CA_4,4,133,4,75,8
1_Bartomeus,MED2CA,Transect,Coastal shrubland,Sclerophyllous vegetation,Mediterranean,Spain,Cap de Creus Natural Park,42.323,3.297,2005-04-25,1,Cistus monspeliensis,Cistus monspeliensis,SPECIES,Malvales,Cistaceae,Cistus,Oedemera lurida,Oedemera lurida,SPECIES,Coleoptera,Oedemeridae,Oedemera,No,MED2CA,2005,4,25,MED2CA_4,4,133,4,75,8
1_Bartomeus,MED2CA,Transect,Coastal shrubland,Sclerophyllous vegetation,Mediterranean,Spain,Cap de Creus Natural Park,42.323,3.297,2005-04-25,1,Cistus monspeliensis,Cistus monspeliensis,SPECIES,Malvales,Cistaceae,Cistus,Oedemera lurida,Oedemera lurida,SPECIES,Coleoptera,Oedemeridae,Oedemera,No,MED2CA,2005,4,25,MED2CA_4,3,133,4,75,8
1_Bartomeus,MED2CA,Transect,Coastal shrubland,Sclerophyllous vegetation,Mediterranean,Spain,Cap de Creus Natural Park,42.323,3.297,2005-04-25,1,Cistus monspeliensis,Cistus monspeliensis,SPECIES,Malvales,Cistaceae,Cistus,Oedemera lurida,Oedemera lurida,SPECIES,Coleoptera,Oedemeridae,Oedemera,No,MED2CA,2005,4,25,MED2CA_4,3,133,4,75,8
1_Bartomeus,MED2CA,Transect,Coastal shrubland,Sclerophyllous vegetation,Mediterranean,Spain,Cap de Creus Natural Park,42.323,3.297,2005-04-25,1,Cistus monspeliensis,Cistus monspeliensis,SPECIES,Malvales,Cistaceae,Cistus,Oedemera lurida,Oedemera lurida,SPECIES,Coleoptera,Oedemeridae,Oedemera,No,MED2CA,2005,4,25,MED2CA_4,1,133,4,75,8
1_Bartomeus,MED2CA,Transect,Coastal shrubland,Sclerophyllous vegetation,Mediterranean,Spain,Cap de Creus Natural Park,42.323,3.297,2005-04-26,1,Cistus salvifolius,Cistus salviifolius,SPECIES,Malvales,Cistaceae,Cistus,Oedemera flavipes,Oedemera flavipes,SPECIES,Coleoptera,Oedemeridae,Oedemera,No,MED2CA,2005,4,26,MED2CA_4,3,81,4,49,8
1_Bartomeus,MED2CA,Focal_observation,Coastal shrubland,Sclerophyllous vegetation,Mediterranean,Spain,Cap de Creus Natural Park,42.323,3.297,2005-05-02,1,Carpobrotus affinis acinaciformis,Carpobrotus acinaciformis,SPECIES,Caryophyllales,Aizoaceae,Carpobrotus,Bombus terrestris,Bombus terrestris,SPECIES,Hymenoptera,Apidae,Bombus,No,MED2CA,2005,5,2,MED2CA_5,1,129,2,55,4
1_Bartomeus,MED2CA,Focal_observation,Coastal shrubland,Sclerophyllous vegetation,Mediterranean,Spain,Cap de Creus Natural Park,42.323,3.297,2005-05-02,1,Cistus monspeliensis,Cistus monspeliensis,SPECIES,Malvales,Cistaceae,Cistus,Oxythyrea funesta,Oxythyrea funesta,SPECIES,Coleoptera,Scarabaeidae,Oxythyrea,No,MED2CA,2005,5,2,MED2CA_5,1,133,4,54,3
1_Bartomeus,MED2CA,Focal_observation,Coastal shrubland,Sclerophyllous vegetation,Mediterranean,Spain,Cap de Creus Natural Park,42.323,3.297,2005-05-02,1,Cistus monspeliensis,Cistus monspeliensis,SPECIES,Malvales,Cistaceae,Cistus,Oxythyrea funesta,Oxythyrea funesta,SPECIES,Coleoptera,Scarabaeidae,Oxythyrea,No,MED2CA,2005,5,2,MED2CA_5,5,133,4,54,3
1_Bartomeus,MED2CA,Transect,Coastal shrubland,Sclerophyllous vegetation,Mediterranean,Spain,Cap de Creus Natural Park,42.323,3.297,2005-03-26,1,Lathyrus clymenum,Lathyrus clymenum,SPECIES,Fabales,Fabaceae,Lathyrus,Anthidium sticticum,Rhodanthidium sticticum,SPECIES,Hymenoptera,Megachilidae,Rhodanthidium,No,MED2CA,2005,3,26,MED2CA_3,1,14,6,66,8
1_Bartomeus,MED2CA,Transect,Coastal shrubland,Sclerophyllous vegetation,Mediterranean,Spain,Cap de Creus Natural Park,42.323,3.297,2005-03-14,1,Sonchus tenerrinus,Sonchus tenerrimus,SPECIES,Asterales,Asteraceae,Sonchus,Andrena taraxaci,Andrena taraxaci,SPECIES,Hymenoptera,Andrenidae,Andrena,No,MED2CA,2005,3,14,MED2CA_3,3,166,5,35,9
1_Bartomeus,MED2CA,Transect,Coastal shrubland,Sclerophyllous vegetation,Mediterranean,Spain,Cap de Creus Natural Park,42.323,3.297,2005-03-14,1,Sonchus tenerrinus,Sonchus tenerrimus,SPECIES,Asterales,Asteraceae,Sonchus,Andrena taraxaci,Andrena taraxaci,SPECIES,Hymenoptera,Andrenidae,Andrena,No,MED2CA,2005,3,14,MED2CA_3,4,166,5,35,9
1_Bartomeus,MED2CA,Transect,Coastal shrubland,Sclerophyllous vegetation,Mediterranean,Spain,Cap de Creus Natural Park,42.323,3.297,2005-04-11,1,Urospermum picroides,Urospermum picroides,SPECIES,Asterales,Asteraceae,Urospermum,Oedemera lurida,Oedemera lurida,SPECIES,Coleoptera,Oedemeridae,Oedemera,No,MED2CA,2005,4,11,MED2CA_4,1,100,5,75,8
1_Bartomeus,MED2CA,Transect,Coastal shrubland,Sclerophyllous vegetation,Mediterranean,Spain,Cap de Creus Natural Park,42.323,3.297,2005-04-11,1,Sonchus tenerrinus,Sonchus tenerrimus,SPECIES,Asterales,Asteraceae,Sonchus,Nomada,Nomada,GENUS,Hymenoptera,Apidae,Nomada,No,MED2CA,2005,4,11,MED2CA_4,5,166,5,21,6
1_Bartomeus,MED2CA,Focal_observation,Coastal shrubland,Sclerophyllous vegetation,Mediterranean,Spain,Cap de Creus Natural Park,42.323,3.297,2005-05-02,1,Urospermum picroides,Urospermum picroides,SPECIES,Asterales,Asteraceae,Urospermum,Oedemera lurida,Oedemera lurida,SPECIES,Coleoptera,Oedemeridae,Oedemera,No,MED2CA,2005,5,2,MED2CA_5,3,100,5,75,8
1_Bartomeus,MED2CA,Random walk,Coastal shrubland,Sclerophyllous vegetation,Mediterranean,Spain,Cap de Creus Natural Park,42.323,3.297,2005-02-28,1,Rosmarinus officinalis,Salvia rosmarinus,SPECIES,Lamiales,Lamiaceae,Salvia,Callophrys rubi,Callophrys rubi,SPECIES,Lepidoptera,Lycaenidae,Callophrys,No,MED2CA,2005,2,28,MED2CA_2,3,66,9,13,5
1_Bartomeus,MED2CA,Transect,Coastal shrubland,Sclerophyllous vegetation,Mediterranean,Spain,Cap de Creus Natural Park,42.323,3.297,2005-03-14,1,Rosmarinus officinalis,Salvia rosmarinus,SPECIES,Lamiales,Lamiaceae,Salvia,Platynochaetus setosus,Platynochaetus setosus,SPECIES,Diptera,Syrphidae,Platynochaetus,No,MED2CA,2005,3,14,MED2CA_3,5,66,9,38,4
1_Bartomeus,MED2CA,Transect,Coastal shrubland,Sclerophyllous vegetation,Mediterranean,Spain,Cap de Creus Natural Park,42.323,3.297,2005-03-14,1,Rosmarinus officinalis,Salvia rosmarinus,SPECIES,Lamiales,Lamiaceae,Salvia,Platynochaetus setosus,Platynochaetus setosus,SPECIES,Diptera,Syrphidae,Platynochaetus,No,MED2CA,2005,3,14,MED2CA_3,1,66,9,38,4
1_Bartomeus,MED2CA,Transect,Coastal shrubland,Sclerophyllous vegetation,Mediterranean,Spain,Cap de Creus Natural Park,42.323,3.297,2005-03-14,1,Rosmarinus officinalis,Salvia rosmarinus,SPECIES,Lamiales,Lamiaceae,Salvia,Platynochaetus setosus,Platynochaetus setosus,SPECIES,Diptera,Syrphidae,Platynochaetus,No,MED2CA,2005,3,14,MED2CA_3,1,66,9,38,4
1_Bartomeus,MED2CA,Transect,Coastal shrubland,Sclerophyllous vegetation,Mediterranean,Spain,Cap de Creus Natural Park,42.323,3.297,2005-03-26,1,Rosmarinus officinalis,Salvia rosmarinus,SPECIES,Lamiales,Lamiaceae,Salvia,Anthidium sticticum,Rhodanthidium sticticum,SPECIES,Hymenoptera,Megachilidae,Rhodanthidium,No,MED2CA,2005,3,26,MED2CA_3,5,66,9,66,8
1_Bartomeus,MED2CA,Transect,Coastal shrubland,Sclerophyllous vegetation,Mediterranean,Spain,Cap de Creus Natural Park,42.323,3.297,2005-03-26,1,Rosmarinus officinalis,Salvia rosmarinus,SPECIES,Lamiales,Lamiaceae,Salvia,Anthidium sticticum,Rhodanthidium sticticum,SPECIES,Hymenoptera,Megachilidae,Rhodanthidium,No,MED2CA,2005,3,26,MED2CA_3,2,66,9,66,8
1_Bartomeus,MED2CA,Transect,Coastal shrubland,Sclerophyllous vegetation,Mediterranean,Spain,Cap de Creus Natural Park,42.323,3.297,2005-03-26,1,Cistus salvifolius,Cistus salviifolius,SPECIES,Malvales,Cistaceae,Cistus,Oxythyrea funesta,Oxythyrea funesta,SPECIES,Coleoptera,Scarabaeidae,Oxythyrea,No,MED2CA,2005,3,26,MED2CA_3,5,81,4,54,3
1_Bartomeus,MED2CA,Transect,Coastal shrubland,Sclerophyllous vegetation,Mediterranean,Spain,Cap de Creus Natural Park,42.323,3.297,2005-03-26,1,Cistus salvifolius,Cistus salviifolius,SPECIES,Malvales,Cistaceae,Cistus,Oxythyrea funesta,Oxythyrea funesta,SPECIES,Coleoptera,Scarabaeidae,Oxythyrea,No,MED2CA,2005,3,26,MED2CA_3,5,81,4,54,3
1_Bartomeus,MED2CA,Transect,Coastal shrubland,Sclerophyllous vegetation,Mediterranean,Spain,Cap de Creus Natural Park,42.323,3.297,2005-03-26,1,Cistus monspeliensis,Cistus monspeliensis,SPECIES,Malvales,Cistaceae,Cistus,Bibionidae,Bibionidae,FAMILY,Diptera,Bibionidae,,No,MED2CA,2005,3,26,MED2CA_3,2,133,4,20,1
1_Bartomeus,MED2CA,Transect,Coastal shrubland,Sclerophyllous vegetation,Mediterranean,Spain,Cap de Creus Natural Park,42.323,3.297,2005-03-26,1,Carpobrotus affinis acinaciformis,Carpobrotus acinaciformis,SPECIES,Caryophyllales,Aizoaceae,Carpobrotus,Coleoptera,Coleoptera,ORDER,Coleoptera,,,No,MED2CA,2005,3,26,MED2CA_3,1,129,2,73,5
1_Bartomeus,MED2CA,Transect,Coastal shrubland,Sclerophyllous vegetation,Mediterranean,Spain,Cap de Creus Natural Park,42.323,3.297,2005-03-26,1,Carpobrotus affinis acinaciformis,Carpobrotus acinaciformis,SPECIES,Caryophyllales,Aizoaceae,Carpobrotus,Coleoptera,Coleoptera,ORDER,Coleoptera,,,No,MED2CA,2005,3,26,MED2CA_3,4,129,2,73,5
1_Bartomeus,MED2CA,Transect,Coastal shrubland,Sclerophyllous vegetation,Mediterranean,Spain,Cap de Creus Natural Park,42.323,3.297,2005-03-29,1,Cistus salvifolius,Cistus salviifolius,SPECIES,Malvales,Cistaceae,Cistus,Plagiolepis pygmaea,Plagiolepis pygmaea,SPECIES,Hymenoptera,Formicidae,Plagiolepis,No,MED2CA,2005,3,29,MED2CA_3,4,81,4,41,4
1_Bartomeus,MED2CA,Transect,Coastal shrubland,Sclerophyllous vegetation,Mediterranean,Spain,Cap de Creus Natural Park,42.323,3.297,2005-03-29,1,Cistus salvifolius,Cistus salviifolius,SPECIES,Malvales,Cistaceae,Cistus,Andrena cinerea,Andrena cinerea,SPECIES,Hymenoptera,Andrenidae,Andrena,No,MED2CA,2005,3,29,MED2CA_3,1,81,4,8,1
1_Bartomeus,MED2CA,Transect,Coastal shrubland,Sclerophyllous vegetation,Mediterranean,Spain,Cap de Creus Natural Park,42.323,3.297,2005-03-29,1,Cistus salvifolius,Cistus salviifolius,SPECIES,Malvales,Cistaceae,Cistus,Andrena cinerea,Andrena cinerea,SPECIES,Hymenoptera,Andrenidae,Andrena,No,MED2CA,2005,3,29,MED2CA_3,2,81,4,8,1
1_Bartomeus,MED2CA,Transect,Coastal shrubland,Sclerophyllous vegetation,Mediterranean,Spain,Cap de Creus Natural Park,42.323,3.297,2005-03-29,1,Cistus salvifolius,Cistus salviifolius,SPECIES,Malvales,Cistaceae,Cistus,Lasioglossum bimaculatum,Lasioglossum bimaculatum,SPECIES,Hymenoptera,Halictidae,Lasioglossum,No,MED2CA,2005,3,29,MED2CA_3,1,81,4,33,1
1_Bartomeus,MED2CA,Transect,Coastal shrubland,Sclerophyllous vegetation,Mediterranean,Spain,Cap de Creus Natural Park,42.323,3.297,2005-04-11,1,Carpobrotus affinis acinaciformis,Carpobrotus acinaciformis,SPECIES,Caryophyllales,Aizoaceae,Carpobrotus,Bombus terrestris,Bombus terrestris,SPECIES,Hymenoptera,Apidae,Bombus,No,MED2CA,2005,4,11,MED2CA_4,4,129,2,55,4
1_Bartomeus,MED2CA,Transect,Coastal shrubland,Sclerophyllous vegetation,Mediterranean,Spain,Cap de Creus Natural Park,42.323,3.297,2005-04-11,1,Carpobrotus affinis acinaciformis,Carpobrotus acinaciformis,SPECIES,Caryophyllales,Aizoaceae,Carpobrotus,Bombus terrestris,Bombus terrestris,SPECIES,Hymenoptera,Apidae,Bombus,No,MED2CA,2005,4,11,MED2CA_4,4,129,2,55,4
1_Bartomeus,MED2CA,Transect,Coastal shrubland,Sclerophyllous vegetation,Mediterranean,Spain,Cap de Creus Natural Park,42.323,3.297,2005-04-11,1,Carpobrotus affinis acinaciformis,Carpobrotus acinaciformis,SPECIES,Caryophyllales,Aizoaceae,Carpobrotus,Oxythyrea funesta,Oxythyrea funesta,SPECIES,Coleoptera,Scarabaeidae,Oxythyrea,No,MED2CA,2005,4,11,MED2CA_4,1,129,2,54,3
1_Bartomeus,MED2CA,Transect,Coastal shrubland,Sclerophyllous vegetation,Mediterranean,Spain,Cap de Creus Natural Park,42.323,3.297,2005-04-11,1,Carpobrotus affinis acinaciformis,Carpobrotus acinaciformis,SPECIES,Caryophyllales,Aizoaceae,Carpobrotus,Oxythyrea funesta,Oxythyrea funesta,SPECIES,Coleoptera,Scarabaeidae,Oxythyrea,No,MED2CA,2005,4,11,MED2CA_4,3,129,2,54,3
1_Bartomeus,MED2CA,Transect,Coastal shrubland,Sclerophyllous vegetation,Mediterranean,Spain,Cap de Creus Natural Park,42.323,3.297,2005-04-11,1,Carpobrotus affinis acinaciformis,Carpobrotus acinaciformis,SPECIES,Caryophyllales,Aizoaceae,Carpobrotus,Psilothrix viridicoerulea,Psilothrix viridicoerulea,SPECIES,Coleoptera,Dasytidae,Psilothrix,No,MED2CA,2005,4,11,MED2CA_4,4,129,2,45,6
1_Bartomeus,MED2CA,Transect,Coastal shrubland,Sclerophyllous vegetation,Mediterranean,Spain,Cap de Creus Natural Park,42.323,3.297,2005-04-11,1,Cistus monspeliensis,Cistus monspeliensis,SPECIES,Malvales,Cistaceae,Cistus,Bombilius,Bombylius,GENUS,Diptera,Bombyliidae,Bombylius,No,MED2CA,2005,4,11,MED2CA_4,3,133,4,42,2
1_Bartomeus,MED2CA,Focal_observation,Coastal shrubland,Sclerophyllous vegetation,Mediterranean,Spain,Cap de Creus Natural Park,42.323,3.297,2005-05-11,1,Cistus monspeliensis,Cistus monspeliensis,SPECIES,Malvales,Cistaceae,Cistus,Andrena fabrella,Andrena fabrella,SPECIES,Hymenoptera,Andrenidae,Andrena,No,MED2CA,2005,5,11,MED2CA_5,5,133,4,27,9
1_Bartomeus,MED2CA,Transect,Coastal shrubland,Sclerophyllous vegetation,Mediterranean,Spain,Cap de Creus Natural Park,42.323,3.297,2005-04-24,1,Cistus monspeliensis,Cistus monspeliensis,SPECIES,Malvales,Cistaceae,Cistus,Milichidae,Milichiidae,FAMILY,Diptera,Milichiidae,,No,MED2CA,2005,4,24,MED2CA_4,3,133,4,26,7
1_Bartomeus,MED2CA,Transect,Coastal shrubland,Sclerophyllous vegetation,Mediterranean,Spain,Cap de Creus Natural Park,42.323,3.297,2005-04-25,1,Cistus salvifolius,Cistus salviifolius,SPECIES,Malvales,Cistaceae,Cistus,Oxythyrea funesta,Oxythyrea funesta,SPECIES,Coleoptera,Scarabaeidae,Oxythyrea,No,MED2CA,2005,4,25,MED2CA_4,5,81,4,54,3
1_Bartomeus,MED2CA,Transect,Coastal shrubland,Sclerophyllous vegetation,Mediterranean,Spain,Cap de Creus Natural Park,42.323,3.297,2005-04-25,1,Cistus salvifolius,Cistus salviifolius,SPECIES,Malvales,Cistaceae,Cistus,Coleoptera,Coleoptera,ORDER,Coleoptera,,,No,MED2CA,2005,4,25,MED2CA_4,5,81,4,73,5
1_Bartomeus,MED2CA,Focal_observation,Coastal shrubland,Sclerophyllous vegetation,Mediterranean,Spain,Cap de Creus Natural Park,42.323,3.297,2005-05-02,1,Cistus monspeliensis,Cistus monspeliensis,SPECIES,Malvales,Cistaceae,Cistus,Oedemera lurida,Oedemera lurida,SPECIES,Coleoptera,Oedemeridae,Oedemera,No,MED2CA,2005,5,2,MED2CA_5,1,133,4,75,8
1_Bartomeus,MED2CA,Focal_observation,Coastal shrubland,Sclerophyllous vegetation,Mediterranean,Spain,Cap de Creus Natural Park,42.323,3.297,2005-05-02,1,Cistus monspeliensis,Cistus monspeliensis,SPECIES,Malvales,Cistaceae,Cistus,Oedemera lurida,Oedemera lurida,SPECIES,Coleoptera,Oedemeridae,Oedemera,No,MED2CA,2005,5,2,MED2CA_5,4,133,4,75,8
1_Bartomeus,MED2CA,Focal_observation,Coastal shrubland,Sclerophyllous vegetation,Mediterranean,Spain,Cap de Creus Natural Park,42.323,3.297,2005-05-02,1,Cistus monspeliensis,Cistus monspeliensis,SPECIES,Malvales,Cistaceae,Cistus,Oedemera lurida,Oedemera lurida,SPECIES,Coleoptera,Oedemeridae,Oedemera,No,MED2CA,2005,5,2,MED2CA_5,4,133,4,75,8
1_Bartomeus,MED2CA,Transect,Coastal shrubland,Sclerophyllous vegetation,Mediterranean,Spain,Cap de Creus Natural Park,42.323,3.297,2005-04-02,1,Cistus salvifolius,Cistus salviifolius,SPECIES,Malvales,Cistaceae,Cistus,Mordellistena pumila,Mordellistena pumila,SPECIES,Coleoptera,Mordellidae,Mordellistena,No,MED2CA,2005,4,2,MED2CA_4,5,81,4,78,5
1_Bartomeus,MED3CA,Focal_observation,Coastal shrubland,Sclerophyllous vegetation,Mediterranean,Spain,Cap de Creus Natural Park,42.32,3.305,2005-03-14,1,Sonchus tenerrinus,Sonchus tenerrimus,SPECIES,Asterales,Asteraceae,Sonchus,Andrena taraxaci,Andrena taraxaci,SPECIES,Hymenoptera,Andrenidae,Andrena,No,MED3CA,2005,3,14,MED3CA_3,2,166,5,35,9
1_Bartomeus,MED3CA,Transect,Coastal shrubland,Sclerophyllous vegetation,Mediterranean,Spain,Cap de Creus Natural Park,42.32,3.305,2005-04-23,1,Urospermum picroides,Urospermum picroides,SPECIES,Asterales,Asteraceae,Urospermum,Halictus pyrenaeus,Halictus pyrenaeus,SPECIES,Hymenoptera,Halictidae,Halictus,No,MED3CA,2005,4,23,MED3CA_4,2,100,5,50,1
1_Bartomeus,MED3CA,Transect,Coastal shrubland,Sclerophyllous vegetation,Mediterranean,Spain,Cap de Creus Natural Park,42.32,3.305,2005-04-23,1,Galactites tomentosa,Galactites tomentosus,SPECIES,Asterales,Asteraceae,Galactites,Halictus quadricinctus,Halictus quadricinctus,SPECIES,Hymenoptera,Halictidae,Halictus,No,MED3CA,2005,4,23,MED3CA_4,3,63,7,27,1
1_Bartomeus,MED3CA,Transect,Coastal shrubland,Sclerophyllous vegetation,Mediterranean,Spain,Cap de Creus Natural Park,42.32,3.305,2005-04-26,1,Galactites tomentosa,Galactites tomentosus,SPECIES,Asterales,Asteraceae,Galactites,Mordellistena pumila,Mordellistena pumila,SPECIES,Coleoptera,Mordellidae,Mordellistena,No,MED3CA,2005,4,26,MED3CA_4,5,63,7,78,5
1_Bartomeus,MED3CA,Random walk,Coastal shrubland,Sclerophyllous vegetation,Mediterranean,Spain,Cap de Creus Natural Park,42.32,3.305,2005-05-02,1,Galactites tomentosa,Galactites tomentosus,SPECIES,Asterales,Asteraceae,Galactites,Osmia dimidiata,Osmia dimidiata,SPECIES,Hymenoptera,Megachilidae,Osmia,No,MED3CA,2005,5,2,MED3CA_5,5,63,7,35,8
1_Bartomeus,MED3CA,Random walk,Coastal shrubland,Sclerophyllous vegetation,Mediterranean,Spain,Cap de Creus Natural Park,42.32,3.305,2005-05-02,1,Galactites tomentosa,Galactites tomentosus,SPECIES,Asterales,Asteraceae,Galactites,Anthidium septemspinosum,Anthidium septemspinosum,SPECIES,Hymenoptera,Megachilidae,Anthidium,No,MED3CA,2005,5,2,MED3CA_5,5,63,7,46,1
1_Bartomeus,MED3CA,Focal_observation,Coastal shrubland,Sclerophyllous vegetation,Mediterranean,Spain,Cap de Creus Natural Park,42.32,3.305,2005-03-13,1,Cistus albidus,Cistus albidus,SPECIES,Malvales,Cistaceae,Cistus,Osmia tricornis,Osmia tricornis,SPECIES,Hymenoptera,Megachilidae,Osmia,No,MED3CA,2005,3,13,MED3CA_3,1,51,4,7,8
1_Bartomeus,MED3CA,Focal_observation,Coastal shrubland,Sclerophyllous vegetation,Mediterranean,Spain,Cap de Creus Natural Park,42.32,3.305,2005-03-27,1,Lavandula stoechas,Lavandula stoechas,SPECIES,Lamiales,Lamiaceae,Lavandula,Anthidium sticticum,Rhodanthidium sticticum,SPECIES,Hymenoptera,Megachilidae,Rhodanthidium,No,MED3CA,2005,3,27,MED3CA_3,1,91,9,66,8
1_Bartomeus,MED3CA,Focal_observation,Coastal shrubland,Sclerophyllous vegetation,Mediterranean,Spain,Cap de Creus Natural Park,42.32,3.305,2005-03-27,1,Sonchus tenerrinus,Sonchus tenerrimus,SPECIES,Asterales,Asteraceae,Sonchus,Colletes,Colletes,GENUS,Hymenoptera,Colletidae,Colletes,No,MED3CA,2005,3,27,MED3CA_3,4,166,5,23,5
1_Bartomeus,MED3CA,Transect,Coastal shrubland,Sclerophyllous vegetation,Mediterranean,Spain,Cap de Creus Natural Park,42.32,3.305,2005-04-23,1,Galactites tomentosa,Galactites tomentosus,SPECIES,Asterales,Asteraceae,Galactites,Oedemera lurida,Oedemera lurida,SPECIES,Coleoptera,Oedemeridae,Oedemera,No,MED3CA,2005,4,23,MED3CA_4,1,63,7,75,8
1_Bartomeus,MED3CA,Transect,Coastal shrubland,Sclerophyllous vegetation,Mediterranean,Spain,Cap de Creus Natural Park,42.32,3.305,2005-04-26,1,Galactites tomentosa,Galactites tomentosus,SPECIES,Asterales,Asteraceae,Galactites,Apis melifera,Apis mellifera,SPECIES,Hymenoptera,Apidae,Apis,No,MED3CA,2005,4,26,MED3CA_4,5,63,7,59,3
1_Bartomeus,MED3CA,Transect,Coastal shrubland,Sclerophyllous vegetation,Mediterranean,Spain,Cap de Creus Natural Park,42.32,3.305,2005-04-25,1,Galactites tomentosa,Galactites tomentosus,SPECIES,Asterales,Asteraceae,Galactites,Osmia dimidiata,Osmia dimidiata,SPECIES,Hymenoptera,Megachilidae,Osmia,No,MED3CA,2005,4,25,MED3CA_4,1,63,7,35,8
1_Bartomeus,MED3CA,Focal_observation,Coastal shrubland,Sclerophyllous vegetation,Mediterranean,Spain,Cap de Creus Natural Park,42.32,3.305,2005-03-14,1,Cistus albidus,Cistus albidus,SPECIES,Malvales,Cistaceae,Cistus,Anthidium sticticum,Rhodanthidium sticticum,SPECIES,Hymenoptera,Megachilidae,Rhodanthidium,No,MED3CA,2005,3,14,MED3CA_3,5,51,4,66,8
1_Bartomeus,MED3CA,Focal_observation,Coastal shrubland,Sclerophyllous vegetation,Mediterranean,Spain,Cap de Creus Natural Park,42.32,3.305,2005-03-14,1,Cistus salvifolius,Cistus salviifolius,SPECIES,Malvales,Cistaceae,Cistus,Andrena,Andrena,GENUS,Hymenoptera,Andrenidae,Andrena,No,MED3CA,2005,3,14,MED3CA_3,2,81,4,81,1
1_Bartomeus,MED3CA,Focal_observation,Coastal shrubland,Sclerophyllous vegetation,Mediterranean,Spain,Cap de Creus Natural Park,42.32,3.305,2005-03-27,1,Cistus monspeliensis,Cistus monspeliensis,SPECIES,Malvales,Cistaceae,Cistus,Apis melifera,Apis mellifera,SPECIES,Hymenoptera,Apidae,Apis,No,MED3CA,2005,3,27,MED3CA_3,2,133,4,59,3
1_Bartomeus,MED3CA,Focal_observation,Coastal shrubland,Sclerophyllous vegetation,Mediterranean,Spain,Cap de Creus Natural Park,42.32,3.305,2005-03-27,1,Cistus monspeliensis,Cistus monspeliensis,SPECIES,Malvales,Cistaceae,Cistus,Apis melifera,Apis mellifera,SPECIES,Hymenoptera,Apidae,Apis,No,MED3CA,2005,3,27,MED3CA_3,2,133,4,59,3
1_Bartomeus,MED3CA,Focal_observation,Coastal shrubland,Sclerophyllous vegetation,Mediterranean,Spain,Cap de Creus Natural Park,42.32,3.305,2005-03-27,1,Cistus monspeliensis,Cistus monspeliensis,SPECIES,Malvales,Cistaceae,Cistus,Lasioglossum parvulum,Lasioglossum parvulum,SPECIES,Hymenoptera,Halictidae,Lasioglossum,No,MED3CA,2005,3,27,MED3CA_3,4,133,4,10,9
1_Bartomeus,MED3CA,Focal_observation,Coastal shrubland,Sclerophyllous vegetation,Mediterranean,Spain,Cap de Creus Natural Park,42.32,3.305,2005-03-27,1,Cistus albidus,Cistus albidus,SPECIES,Malvales,Cistaceae,Cistus,Andrena,Andrena,GENUS,Hymenoptera,Andrenidae,Andrena,No,MED3CA,2005,3,27,MED3CA_3,1,51,4,81,1
1_Bartomeus,MED3CA,Focal_observation,Coastal shrubland,Sclerophyllous vegetation,Mediterranean,Spain,Cap de Creus Natural Park,42.32,3.305,2005-03-27,1,Cistus albidus,Cistus albidus,SPECIES,Malvales,Cistaceae,Cistus,Andrena,Andrena,GENUS,Hymenoptera,Andrenidae,Andrena,No,MED3CA,2005,3,27,MED3CA_3,3,51,4,81,1
1_Bartomeus,MED3CA,Transect,Coastal shrubland,Sclerophyllous vegetation,Mediterranean,Spain,Cap de Creus Natural Park,42.32,3.305,2005-04-23,1,Cistus monspeliensis,Cistus monspeliensis,SPECIES,Malvales,Cistaceae,Cistus,Oedemera lurida,Oedemera lurida,SPECIES,Coleoptera,Oedemeridae,Oedemera,No,MED3CA,2005,4,23,MED3CA_4,3,133,4,75,8
1_Bartomeus,MED3CA,Transect,Coastal shrubland,Sclerophyllous vegetation,Mediterranean,Spain,Cap de Creus Natural Park,42.32,3.305,2005-04-23,1,Cistus monspeliensis,Cistus monspeliensis,SPECIES,Malvales,Cistaceae,Cistus,Oedemera lurida,Oedemera lurida,SPECIES,Coleoptera,Oedemeridae,Oedemera,No,MED3CA,2005,4,23,MED3CA_4,3,133,4,75,8
1_Bartomeus,MED3CA,Transect,Coastal shrubland,Sclerophyllous vegetation,Mediterranean,Spain,Cap de Creus Natural Park,42.32,3.305,2005-04-23,1,Cistus monspeliensis,Cistus monspeliensis,SPECIES,Malvales,Cistaceae,Cistus,Oedemera lurida,Oedemera lurida,SPECIES,Coleoptera,Oedemeridae,Oedemera,No,MED3CA,2005,4,23,MED3CA_4,2,133,4,75,8
1_Bartomeus,MED3CA,Transect,Coastal shrubland,Sclerophyllous vegetation,Mediterranean,Spain,Cap de Creus Natural Park,42.32,3.305,2005-04-23,1,Cistus monspeliensis,Cistus monspeliensis,SPECIES,Malvales,Cistaceae,Cistus,Oedemera lurida,Oedemera lurida,SPECIES,Coleoptera,Oedemeridae,Oedemera,No,MED3CA,2005,4,23,MED3CA_4,1,133,4,75,8
1_Bartomeus,MED3CA,Transect,Coastal shrubland,Sclerophyllous vegetation,Mediterranean,Spain,Cap de Creus Natural Park,42.32,3.305,2005-04-23,1,Cistus monspeliensis,Cistus monspeliensis,SPECIES,Malvales,Cistaceae,Cistus,Oedemera lurida,Oedemera lurida,SPECIES,Coleoptera,Oedemeridae,Oedemera,No,MED3CA,2005,4,23,MED3CA_4,3,133,4,75,8
1_Bartomeus,MED3CA,Transect,Coastal shrubland,Sclerophyllous vegetation,Mediterranean,Spain,Cap de Creus Natural Park,42.32,3.305,2005-04-23,1,Cistus monspeliensis,Cistus monspeliensis,SPECIES,Malvales,Cistaceae,Cistus,Bombilius,Bombylius,GENUS,Diptera,Bombyliidae,Bombylius,No,MED3CA,2005,4,23,MED3CA_4,2,133,4,42,2
1_Bartomeus,MED3CA,Transect,Coastal shrubland,Sclerophyllous vegetation,Mediterranean,Spain,Cap de Creus Natural Park,42.32,3.305,2005-04-25,1,Cistus monspeliensis,Cistus monspeliensis,SPECIES,Malvales,Cistaceae,Cistus,Hylaeus variegatus,Hylaeus variegatus,SPECIES,Hymenoptera,Colletidae,Hylaeus,No,MED3CA,2005,4,25,MED3CA_4,4,133,4,23,5
1_Bartomeus,MED3CA,Transect,Coastal shrubland,Sclerophyllous vegetation,Mediterranean,Spain,Cap de Creus Natural Park,42.32,3.305,2005-04-26,1,Lavandula stoechas,Lavandula stoechas,SPECIES,Lamiales,Lamiaceae,Lavandula,Bombilius,Bombylius,GENUS,Diptera,Bombyliidae,Bombylius,No,MED3CA,2005,4,26,MED3CA_4,2,91,9,42,2
1_Bartomeus,MED3CA,Focal_observation,Coastal shrubland,Sclerophyllous vegetation,Mediterranean,Spain,Cap de Creus Natural Park,42.32,3.305,2005-03-27,1,Sonchus tenerrinus,Sonchus tenerrimus,SPECIES,Asterales,Asteraceae,Sonchus,Andrena taraxaci,Andrena taraxaci,SPECIES,Hymenoptera,Andrenidae,Andrena,No,MED3CA,2005,3,27,MED3CA_3,2,166,5,35,9
1_Bartomeus,MED3CA,Focal_observation,Coastal shrubland,Sclerophyllous vegetation,Mediterranean,Spain,Cap de Creus Natural Park,42.32,3.305,2005-03-27,1,Sonchus tenerrinus,Sonchus tenerrimus,SPECIES,Asterales,Asteraceae,Sonchus,Andrena taraxaci,Andrena taraxaci,SPECIES,Hymenoptera,Andrenidae,Andrena,No,MED3CA,2005,3,27,MED3CA_3,2,166,5,35,9
1_Bartomeus,MED3CA,Focal_observation,Coastal shrubland,Sclerophyllous vegetation,Mediterranean,Spain,Cap de Creus Natural Park,42.32,3.305,2005-03-27,1,Sonchus tenerrinus,Sonchus tenerrimus,SPECIES,Asterales,Asteraceae,Sonchus,Andrena taraxaci,Andrena taraxaci,SPECIES,Hymenoptera,Andrenidae,Andrena,No,MED3CA,2005,3,27,MED3CA_3,1,166,5,35,9
1_Bartomeus,MED3CA,Focal_observation,Coastal shrubland,Sclerophyllous vegetation,Mediterranean,Spain,Cap de Creus Natural Park,42.32,3.305,2005-03-27,1,Sonchus tenerrinus,Sonchus tenerrimus,SPECIES,Asterales,Asteraceae,Sonchus,Andrena taraxaci,Andrena taraxaci,SPECIES,Hymenoptera,Andrenidae,Andrena,No,MED3CA,2005,3,27,MED3CA_3,3,166,5,35,9
1_Bartomeus,MED3CA,Transect,Coastal shrubland,Sclerophyllous vegetation,Mediterranean,Spain,Cap de Creus Natural Park,42.32,3.305,2005-04-23,1,Sonchus tenerrinus,Sonchus tenerrimus,SPECIES,Asterales,Asteraceae,Sonchus,Andrena senecionis,Andrena senecionis,SPECIES,Hymenoptera,Andrenidae,Andrena,No,MED3CA,2005,4,23,MED3CA_4,5,166,5,35,9
1_Bartomeus,MED3CA,Transect,Coastal shrubland,Sclerophyllous vegetation,Mediterranean,Spain,Cap de Creus Natural Park,42.32,3.305,2005-04-26,1,Galactites tomentosa,Galactites tomentosus,SPECIES,Asterales,Asteraceae,Galactites,Oedemera lurida,Oedemera lurida,SPECIES,Coleoptera,Oedemeridae,Oedemera,No,MED3CA,2005,4,26,MED3CA_4,3,63,7,75,8
1_Bartomeus,MED3CA,Random walk,Coastal shrubland,Sclerophyllous vegetation,Mediterranean,Spain,Cap de Creus Natural Park,42.32,3.305,2005-05-03,1,Galactites tomentosa,Galactites tomentosus,SPECIES,Asterales,Asteraceae,Galactites,Oxythyrea funesta,Oxythyrea funesta,SPECIES,Coleoptera,Scarabaeidae,Oxythyrea,No,MED3CA,2005,5,3,MED3CA_5,3,63,7,54,3
1_Bartomeus,MED3CA,Random walk,Coastal shrubland,Sclerophyllous vegetation,Mediterranean,Spain,Cap de Creus Natural Park,42.32,3.305,2005-05-03,1,Galactites tomentosa,Galactites tomentosus,SPECIES,Asterales,Asteraceae,Galactites,Zygaena,Zygaena,GENUS,Lepidoptera,Zygaenidae,Zygaena,No,MED3CA,2005,5,3,MED3CA_5,3,63,7,4,1
1_Bartomeus,MED3CA,Focal_observation,Coastal shrubland,Sclerophyllous vegetation,Mediterranean,Spain,Cap de Creus Natural Park,42.32,3.305,2005-03-14,1,Cistus albidus,Cistus albidus,SPECIES,Malvales,Cistaceae,Cistus,Andrena,Andrena,GENUS,Hymenoptera,Andrenidae,Andrena,No,MED3CA,2005,3,14,MED3CA_3,2,51,4,81,1
1_Bartomeus,MED3CA,Focal_observation,Coastal shrubland,Sclerophyllous vegetation,Mediterranean,Spain,Cap de Creus Natural Park,42.32,3.305,2005-03-27,1,Cistus albidus,Cistus albidus,SPECIES,Malvales,Cistaceae,Cistus,Apis melifera,Apis mellifera,SPECIES,Hymenoptera,Apidae,Apis,No,MED3CA,2005,3,27,MED3CA_3,1,51,4,59,3
1_Bartomeus,MED3CA,Focal_observation,Coastal shrubland,Sclerophyllous vegetation,Mediterranean,Spain,Cap de Creus Natural Park,42.32,3.305,2005-03-27,1,Cistus albidus,Cistus albidus,SPECIES,Malvales,Cistaceae,Cistus,Apis melifera,Apis mellifera,SPECIES,Hymenoptera,Apidae,Apis,No,MED3CA,2005,3,27,MED3CA_3,5,51,4,59,3
1_Bartomeus,MED3CA,Focal_observation,Coastal shrubland,Sclerophyllous vegetation,Mediterranean,Spain,Cap de Creus Natural Park,42.32,3.305,2005-03-27,1,Dorycnium pentaphyllum,Lotus dorycnium,SPECIES,Fabales,Fabaceae,Lotus,Colletes,Colletes,GENUS,Hymenoptera,Colletidae,Colletes,No,MED3CA,2005,3,27,MED3CA_3,4,25,6,23,5
1_Bartomeus,MED3CA,Focal_observation,Coastal shrubland,Sclerophyllous vegetation,Mediterranean,Spain,Cap de Creus Natural Park,42.32,3.305,2005-03-27,1,Dorycnium pentaphyllum,Lotus dorycnium,SPECIES,Fabales,Fabaceae,Lotus,Colletes,Colletes,GENUS,Hymenoptera,Colletidae,Colletes,No,MED3CA,2005,3,27,MED3CA_3,4,25,6,23,5
1_Bartomeus,MED3CA,Focal_observation,Coastal shrubland,Sclerophyllous vegetation,Mediterranean,Spain,Cap de Creus Natural Park,42.32,3.305,2005-03-27,1,Dorycnium pentaphyllum,Lotus dorycnium,SPECIES,Fabales,Fabaceae,Lotus,Colletes,Colletes,GENUS,Hymenoptera,Colletidae,Colletes,No,MED3CA,2005,3,27,MED3CA_3,1,25,6,23,5
1_Bartomeus,MED3CA,Focal_observation,Coastal shrubland,Sclerophyllous vegetation,Mediterranean,Spain,Cap de Creus Natural Park,42.32,3.305,2005-03-27,1,Cistus albidus,Cistus albidus,SPECIES,Malvales,Cistaceae,Cistus,Psilothrix viridicoerulea,Psilothrix viridicoerulea,SPECIES,Coleoptera,Dasytidae,Psilothrix,No,MED3CA,2005,3,27,MED3CA_3,3,51,4,45,6
1_Bartomeus,MED3CA,Transect,Coastal shrubland,Sclerophyllous vegetation,Mediterranean,Spain,Cap de Creus Natural Park,42.32,3.305,2005-04-23,1,Lavandula stoechas,Lavandula stoechas,SPECIES,Lamiales,Lamiaceae,Lavandula,Conophorus virescens,Conophorus virescens,SPECIES,Diptera,Bombyliidae,Conophorus,No,MED3CA,2005,4,23,MED3CA_4,1,91,9,27,7
1_Bartomeus,MED3CA,Transect,Coastal shrubland,Sclerophyllous vegetation,Mediterranean,Spain,Cap de Creus Natural Park,42.32,3.305,2005-04-23,1,Cistus monspeliensis,Cistus monspeliensis,SPECIES,Malvales,Cistaceae,Cistus,Lasioglossum bimaculatum,Lasioglossum bimaculatum,SPECIES,Hymenoptera,Halictidae,Lasioglossum,No,MED3CA,2005,4,23,MED3CA_4,2,133,4,33,1
1_Bartomeus,MED3CA,Transect,Coastal shrubland,Sclerophyllous vegetation,Mediterranean,Spain,Cap de Creus Natural Park,42.32,3.305,2005-04-23,1,Cistus monspeliensis,Cistus monspeliensis,SPECIES,Malvales,Cistaceae,Cistus,Lasioglossum bimaculatum,Lasioglossum bimaculatum,SPECIES,Hymenoptera,Halictidae,Lasioglossum,No,MED3CA,2005,4,23,MED3CA_4,1,133,4,33,1
1_Bartomeus,MED3CA,Transect,Coastal shrubland,Sclerophyllous vegetation,Mediterranean,Spain,Cap de Creus Natural Park,42.32,3.305,2005-04-23,1,Cistus monspeliensis,Cistus monspeliensis,SPECIES,Malvales,Cistaceae,Cistus,Lasioglossum bimaculatum,Lasioglossum bimaculatum,SPECIES,Hymenoptera,Halictidae,Lasioglossum,No,MED3CA,2005,4,23,MED3CA_4,1,133,4,33,1
1_Bartomeus,MED3CA,Transect,Coastal shrubland,Sclerophyllous vegetation,Mediterranean,Spain,Cap de Creus Natural Park,42.32,3.305,2005-04-25,1,Cistus monspeliensis,Cistus monspeliensis,SPECIES,Malvales,Cistaceae,Cistus,Lasioglossum parvulum,Lasioglossum parvulum,SPECIES,Hymenoptera,Halictidae,Lasioglossum,No,MED3CA,2005,4,25,MED3CA_4,3,133,4,10,9
1_Bartomeus,MED3CA,Transect,Coastal shrubland,Sclerophyllous vegetation,Mediterranean,Spain,Cap de Creus Natural Park,42.32,3.305,2005-04-26,1,Cistus monspeliensis,Cistus monspeliensis,SPECIES,Malvales,Cistaceae,Cistus,Mordellistena pumila,Mordellistena pumila,SPECIES,Coleoptera,Mordellidae,Mordellistena,No,MED3CA,2005,4,26,MED3CA_4,2,133,4,78,5
1_Bartomeus,MED3CA,Focal_observation,Coastal shrubland,Sclerophyllous vegetation,Mediterranean,Spain,Cap de Creus Natural Park,42.32,3.305,2005-03-27,1,Sonchus tenerrinus,Sonchus tenerrimus,SPECIES,Asterales,Asteraceae,Sonchus,Coleoptera,Coleoptera,ORDER,Coleoptera,,,No,MED3CA,2005,3,27,MED3CA_3,5,166,5,73,5
1_Bartomeus,MED3CA,Transect,Coastal shrubland,Sclerophyllous vegetation,Mediterranean,Spain,Cap de Creus Natural Park,42.32,3.305,2005-04-23,1,Galactites tomentosa,Galactites tomentosus,SPECIES,Asterales,Asteraceae,Galactites,Osmia dimidiata,Osmia dimidiata,SPECIES,Hymenoptera,Megachilidae,Osmia,No,MED3CA,2005,4,23,MED3CA_4,4,63,7,35,8
1_Bartomeus,MED3CA,Transect,Coastal shrubland,Sclerophyllous vegetation,Mediterranean,Spain,Cap de Creus Natural Park,42.32,3.305,2005-04-26,1,Galactites tomentosa,Galactites tomentosus,SPECIES,Asterales,Asteraceae,Galactites,Oxythyrea funesta,Oxythyrea funesta,SPECIES,Coleoptera,Scarabaeidae,Oxythyrea,No,MED3CA,2005,4,26,MED3CA_4,2,63,7,54,3
1_Bartomeus,MED3CA,Focal_observation,Coastal shrubland,Sclerophyllous vegetation,Mediterranean,Spain,Cap de Creus Natural Park,42.32,3.305,2005-03-14,1,Cistus albidus,Cistus albidus,SPECIES,Malvales,Cistaceae,Cistus,Oxythyrea funesta,Oxythyrea funesta,SPECIES,Coleoptera,Scarabaeidae,Oxythyrea,No,MED3CA,2005,3,14,MED3CA_3,1,51,4,54,3
1_Bartomeus,MED3CA,Focal_observation,Coastal shrubland,Sclerophyllous vegetation,Mediterranean,Spain,Cap de Creus Natural Park,42.32,3.305,2005-03-14,1,Cistus albidus,Cistus albidus,SPECIES,Malvales,Cistaceae,Cistus,Osmia tricornis,Osmia tricornis,SPECIES,Hymenoptera,Megachilidae,Osmia,No,MED3CA,2005,3,14,MED3CA_3,4,51,4,7,8
1_Bartomeus,MED3CA,Focal_observation,Coastal shrubland,Sclerophyllous vegetation,Mediterranean,Spain,Cap de Creus Natural Park,42.32,3.305,2005-03-27,1,Lavandula stoechas,Lavandula stoechas,SPECIES,Lamiales,Lamiaceae,Lavandula,Apis melifera,Apis mellifera,SPECIES,Hymenoptera,Apidae,Apis,No,MED3CA,2005,3,27,MED3CA_3,2,91,9,59,3
1_Bartomeus,MED3CA,Focal_observation,Coastal shrubland,Sclerophyllous vegetation,Mediterranean,Spain,Cap de Creus Natural Park,42.32,3.305,2005-03-27,1,Lavandula stoechas,Lavandula stoechas,SPECIES,Lamiales,Lamiaceae,Lavandula,Apis melifera,Apis mellifera,SPECIES,Hymenoptera,Apidae,Apis,No,MED3CA,2005,3,27,MED3CA_3,2,91,9,59,3
1_Bartomeus,MED3CA,Focal_observation,Coastal shrubland,Sclerophyllous vegetation,Mediterranean,Spain,Cap de Creus Natural Park,42.32,3.305,2005-03-27,1,Lavandula stoechas,Lavandula stoechas,SPECIES,Lamiales,Lamiaceae,Lavandula,Apis melifera,Apis mellifera,SPECIES,Hymenoptera,Apidae,Apis,No,MED3CA,2005,3,27,MED3CA_3,3,91,9,59,3
1_Bartomeus,MED3CA,Focal_observation,Coastal shrubland,Sclerophyllous vegetation,Mediterranean,Spain,Cap de Creus Natural Park,42.32,3.305,2005-03-27,1,Lavandula stoechas,Lavandula stoechas,SPECIES,Lamiales,Lamiaceae,Lavandula,Apis melifera,Apis mellifera,SPECIES,Hymenoptera,Apidae,Apis,No,MED3CA,2005,3,27,MED3CA_3,3,91,9,59,3
1_Bartomeus,MED3CA,Focal_observation,Coastal shrubland,Sclerophyllous vegetation,Mediterranean,Spain,Cap de Creus Natural Park,42.32,3.305,2005-03-27,1,Lavandula stoechas,Lavandula stoechas,SPECIES,Lamiales,Lamiaceae,Lavandula,Apis melifera,Apis mellifera,SPECIES,Hymenoptera,Apidae,Apis,No,MED3CA,2005,3,27,MED3CA_3,4,91,9,59,3
1_Bartomeus,MED3CA,Focal_observation,Coastal shrubland,Sclerophyllous vegetation,Mediterranean,Spain,Cap de Creus Natural Park,42.32,3.305,2005-03-27,1,Lavandula stoechas,Lavandula stoechas,SPECIES,Lamiales,Lamiaceae,Lavandula,Conophorus virescens,Conophorus virescens,SPECIES,Diptera,Bombyliidae,Conophorus,No,MED3CA,2005,3,27,MED3CA_3,5,91,9,27,7
1_Bartomeus,MED3CA,Focal_observation,Coastal shrubland,Sclerophyllous vegetation,Mediterranean,Spain,Cap de Creus Natural Park,42.32,3.305,2005-03-27,1,Cistus albidus,Cistus albidus,SPECIES,Malvales,Cistaceae,Cistus,Osmia tricornis,Osmia tricornis,SPECIES,Hymenoptera,Megachilidae,Osmia,No,MED3CA,2005,3,27,MED3CA_3,4,51,4,7,8
1_Bartomeus,MED3CA,Focal_observation,Coastal shrubland,Sclerophyllous vegetation,Mediterranean,Spain,Cap de Creus Natural Park,42.32,3.305,2005-03-27,1,Cistus albidus,Cistus albidus,SPECIES,Malvales,Cistaceae,Cistus,Osmia tricornis,Osmia tricornis,SPECIES,Hymenoptera,Megachilidae,Osmia,No,MED3CA,2005,3,27,MED3CA_3,5,51,4,7,8
1_Bartomeus,MED3CA,Transect,Coastal shrubland,Sclerophyllous vegetation,Mediterranean,Spain,Cap de Creus Natural Park,42.32,3.305,2005-04-23,1,Cistus monspeliensis,Cistus monspeliensis,SPECIES,Malvales,Cistaceae,Cistus,Oxythyrea funesta,Oxythyrea funesta,SPECIES,Coleoptera,Scarabaeidae,Oxythyrea,No,MED3CA,2005,4,23,MED3CA_4,2,133,4,54,3
1_Bartomeus,MED3CA,Transect,Coastal shrubland,Sclerophyllous vegetation,Mediterranean,Spain,Cap de Creus Natural Park,42.32,3.305,2005-04-23,1,Cistus monspeliensis,Cistus monspeliensis,SPECIES,Malvales,Cistaceae,Cistus,Coleoptera,Coleoptera,ORDER,Coleoptera,,,No,MED3CA,2005,4,23,MED3CA_4,2,133,4,73,5
1_Bartomeus,MED3CA,Transect,Coastal shrubland,Sclerophyllous vegetation,Mediterranean,Spain,Cap de Creus Natural Park,42.32,3.305,2005-04-26,1,Psoralea bituminosa,Bituminaria bituminosa,SPECIES,Fabales,Fabaceae,Bituminaria,Conophorus virescens,Conophorus virescens,SPECIES,Diptera,Bombyliidae,Conophorus,No,MED3CA,2005,4,26,MED3CA_4,2,38,6,27,7
1_Bartomeus,MED3CA,Random walk,Coastal shrubland,Sclerophyllous vegetation,Mediterranean,Spain,Cap de Creus Natural Park,42.32,3.305,2005-05-03,1,Cistus monspeliensis,Cistus monspeliensis,SPECIES,Malvales,Cistaceae,Cistus,Anthidium sticticum,Rhodanthidium sticticum,SPECIES,Hymenoptera,Megachilidae,Rhodanthidium,No,MED3CA,2005,5,3,MED3CA_5,1,133,4,66,8
1_Bartomeus,MED3CA,Focal_observation,Coastal shrubland,Sclerophyllous vegetation,Mediterranean,Spain,Cap de Creus Natural Park,42.32,3.305,2005-03-27,1,Sonchus tenerrinus,Sonchus tenerrimus,SPECIES,Asterales,Asteraceae,Sonchus,Psilothrix viridicoerulea,Psilothrix viridicoerulea,SPECIES,Coleoptera,Dasytidae,Psilothrix,No,MED3CA,2005,3,27,MED3CA_3,1,166,5,45,6
1_Bartomeus,MED3CA,Transect,Coastal shrubland,Sclerophyllous vegetation,Mediterranean,Spain,Cap de Creus Natural Park,42.32,3.305,2005-04-23,1,Galactites tomentosa,Galactites tomentosus,SPECIES,Asterales,Asteraceae,Galactites,Oxythyrea funesta,Oxythyrea funesta,SPECIES,Coleoptera,Scarabaeidae,Oxythyrea,No,MED3CA,2005,4,23,MED3CA_4,1,63,7,54,3
1_Bartomeus,MED3CA,Transect,Coastal shrubland,Sclerophyllous vegetation,Mediterranean,Spain,Cap de Creus Natural Park,42.32,3.305,2005-04-23,1,Galactites tomentosa,Galactites tomentosus,SPECIES,Asterales,Asteraceae,Galactites,Oxythyrea funesta,Oxythyrea funesta,SPECIES,Coleoptera,Scarabaeidae,Oxythyrea,No,MED3CA,2005,4,23,MED3CA_4,4,63,7,54,3
1_Bartomeus,MED3CA,Transect,Coastal shrubland,Sclerophyllous vegetation,Mediterranean,Spain,Cap de Creus Natural Park,42.32,3.305,2005-04-26,1,Urospermum picroides,Urospermum picroides,SPECIES,Asterales,Asteraceae,Urospermum,Halictus pyrenaeus,Halictus pyrenaeus,SPECIES,Hymenoptera,Halictidae,Halictus,No,MED3CA,2005,4,26,MED3CA_4,3,100,5,50,1
1_Bartomeus,MED3CA,Random walk,Coastal shrubland,Sclerophyllous vegetation,Mediterranean,Spain,Cap de Creus Natural Park,42.32,3.305,2005-05-03,1,Galactites tomentosa,Galactites tomentosus,SPECIES,Asterales,Asteraceae,Galactites,Bombus terrestris,Bombus terrestris,SPECIES,Hymenoptera,Apidae,Bombus,No,MED3CA,2005,5,3,MED3CA_5,2,63,7,55,4
1_Bartomeus,MED3CA,Focal_observation,Coastal shrubland,Sclerophyllous vegetation,Mediterranean,Spain,Cap de Creus Natural Park,42.32,3.305,2005-03-14,1,Rosmarinus officinalis,Salvia rosmarinus,SPECIES,Lamiales,Lamiaceae,Salvia,Bombilius,Bombylius,GENUS,Diptera,Bombyliidae,Bombylius,No,MED3CA,2005,3,14,MED3CA_3,4,66,9,42,2
1_Bartomeus,MED3CA,Focal_observation,Coastal shrubland,Sclerophyllous vegetation,Mediterranean,Spain,Cap de Creus Natural Park,42.32,3.305,2005-03-27,1,Cistus albidus,Cistus albidus,SPECIES,Malvales,Cistaceae,Cistus,Anthidium sticticum,Rhodanthidium sticticum,SPECIES,Hymenoptera,Megachilidae,Rhodanthidium,No,MED3CA,2005,3,27,MED3CA_3,3,51,4,66,8
1_Bartomeus,MED3CA,Focal_observation,Coastal shrubland,Sclerophyllous vegetation,Mediterranean,Spain,Cap de Creus Natural Park,42.32,3.305,2005-03-27,1,Cistus albidus,Cistus albidus,SPECIES,Malvales,Cistaceae,Cistus,Anthidium sticticum,Rhodanthidium sticticum,SPECIES,Hymenoptera,Megachilidae,Rhodanthidium,No,MED3CA,2005,3,27,MED3CA_3,1,51,4,66,8
1_Bartomeus,MED3CA,Focal_observation,Coastal shrubland,Sclerophyllous vegetation,Mediterranean,Spain,Cap de Creus Natural Park,42.32,3.305,2005-03-27,1,Rosmarinus officinalis,Salvia rosmarinus,SPECIES,Lamiales,Lamiaceae,Salvia,Apis melifera,Apis mellifera,SPECIES,Hymenoptera,Apidae,Apis,No,MED3CA,2005,3,27,MED3CA_3,5,66,9,59,3
1_Bartomeus,MED3CA,Focal_observation,Coastal shrubland,Sclerophyllous vegetation,Mediterranean,Spain,Cap de Creus Natural Park,42.32,3.305,2005-03-27,1,Rosmarinus officinalis,Salvia rosmarinus,SPECIES,Lamiales,Lamiaceae,Salvia,Apis melifera,Apis mellifera,SPECIES,Hymenoptera,Apidae,Apis,No,MED3CA,2005,3,27,MED3CA_3,2,66,9,59,3
1_Bartomeus,MED3CA,Focal_observation,Coastal shrubland,Sclerophyllous vegetation,Mediterranean,Spain,Cap de Creus Natural Park,42.32,3.305,2005-03-27,1,Cistus albidus,Cistus albidus,SPECIES,Malvales,Cistaceae,Cistus,Oedemera lurida,Oedemera lurida,SPECIES,Coleoptera,Oedemeridae,Oedemera,No,MED3CA,2005,3,27,MED3CA_3,1,51,4,75,8
1_Bartomeus,MED3CA,Focal_observation,Coastal shrubland,Sclerophyllous vegetation,Mediterranean,Spain,Cap de Creus Natural Park,42.32,3.305,2005-03-30,1,Cistus albidus,Cistus albidus,SPECIES,Malvales,Cistaceae,Cistus,Andrena,Andrena,GENUS,Hymenoptera,Andrenidae,Andrena,No,MED3CA,2005,3,30,MED3CA_3,1,51,4,81,1
1_Bartomeus,MED3CA,Focal_observation,Coastal shrubland,Sclerophyllous vegetation,Mediterranean,Spain,Cap de Creus Natural Park,42.32,3.305,2005-03-30,1,Cistus albidus,Cistus albidus,SPECIES,Malvales,Cistaceae,Cistus,Andrena,Andrena,GENUS,Hymenoptera,Andrenidae,Andrena,No,MED3CA,2005,3,30,MED3CA_3,5,51,4,81,1
1_Bartomeus,MED3CA,Transect,Coastal shrubland,Sclerophyllous vegetation,Mediterranean,Spain,Cap de Creus Natural Park,42.32,3.305,2005-04-23,1,Cistus salvifolius,Cistus salviifolius,SPECIES,Malvales,Cistaceae,Cistus,Oxythyrea funesta,Oxythyrea funesta,SPECIES,Coleoptera,Scarabaeidae,Oxythyrea,No,MED3CA,2005,4,23,MED3CA_4,4,81,4,54,3
1_Bartomeus,MED3CA,Transect,Coastal shrubland,Sclerophyllous vegetation,Mediterranean,Spain,Cap de Creus Natural Park,42.32,3.305,2005-04-23,1,Cistus salvifolius,Cistus salviifolius,SPECIES,Malvales,Cistaceae,Cistus,Oxythyrea funesta,Oxythyrea funesta,SPECIES,Coleoptera,Scarabaeidae,Oxythyrea,No,MED3CA,2005,4,23,MED3CA_4,4,81,4,54,3
1_Bartomeus,MED3CA,Transect,Coastal shrubland,Sclerophyllous vegetation,Mediterranean,Spain,Cap de Creus Natural Park,42.32,3.305,2005-04-23,1,Cistus monspeliensis,Cistus monspeliensis,SPECIES,Malvales,Cistaceae,Cistus,Sphaerophoria,Sphaerophoria,GENUS,Diptera,Syrphidae,Sphaerophoria,No,MED3CA,2005,4,23,MED3CA_4,2,133,4,24,3
1_Bartomeus,MED3CA,Transect,Coastal shrubland,Sclerophyllous vegetation,Mediterranean,Spain,Cap de Creus Natural Park,42.32,3.305,2005-04-23,1,Cistus monspeliensis,Cistus monspeliensis,SPECIES,Malvales,Cistaceae,Cistus,Sphaerophoria,Sphaerophoria,GENUS,Diptera,Syrphidae,Sphaerophoria,No,MED3CA,2005,4,23,MED3CA_4,4,133,4,24,3
1_Bartomeus,MED3CA,Transect,Coastal shrubland,Sclerophyllous vegetation,Mediterranean,Spain,Cap de Creus Natural Park,42.32,3.305,2005-04-26,1,Cistus albidus,Cistus albidus,SPECIES,Malvales,Cistaceae,Cistus,Oedemera lurida,Oedemera lurida,SPECIES,Coleoptera,Oedemeridae,Oedemera,No,MED3CA,2005,4,26,MED3CA_4,2,51,4,75,8
1_Bartomeus,MED3CA,Random walk,Coastal shrubland,Sclerophyllous vegetation,Mediterranean,Spain,Cap de Creus Natural Park,42.32,3.305,2005-05-03,1,Cistus monspeliensis,Cistus monspeliensis,SPECIES,Malvales,Cistaceae,Cistus,Oedemera lurida,Oedemera lurida,SPECIES,Coleoptera,Oedemeridae,Oedemera,No,MED3CA,2005,5,3,MED3CA_5,3,133,4,75,8
1_Bartomeus,MED3CA,Random walk,Coastal shrubland,Sclerophyllous vegetation,Mediterranean,Spain,Cap de Creus Natural Park,42.32,3.305,2005-05-03,1,Cistus monspeliensis,Cistus monspeliensis,SPECIES,Malvales,Cistaceae,Cistus,Oedemera lurida,Oedemera lurida,SPECIES,Coleoptera,Oedemeridae,Oedemera,No,MED3CA,2005,5,3,MED3CA_5,1,133,4,75,8
1_Bartomeus,MED3CA,Random walk,Coastal shrubland,Sclerophyllous vegetation,Mediterranean,Spain,Cap de Creus Natural Park,42.32,3.305,2005-05-03,1,Cistus monspeliensis,Cistus monspeliensis,SPECIES,Malvales,Cistaceae,Cistus,Oedemera lurida,Oedemera lurida,SPECIES,Coleoptera,Oedemeridae,Oedemera,No,MED3CA,2005,5,3,MED3CA_5,4,133,4,75,8
1_Bartomeus,MED3CA,Focal_observation,Coastal shrubland,Sclerophyllous vegetation,Mediterranean,Spain,Cap de Creus Natural Park,42.32,3.305,2005-03-27,1,Cistus monspeliensis,Cistus monspeliensis,SPECIES,Malvales,Cistaceae,Cistus,Andrena haemorrhoa,Andrena haemorrhoa,SPECIES,Hymenoptera,Andrenidae,Andrena,No,MED3CA,2005,3,27,MED3CA_3,4,133,4,6,8
1_Bartomeus,MED3CA,Focal_observation,Coastal shrubland,Sclerophyllous vegetation,Mediterranean,Spain,Cap de Creus Natural Park,42.32,3.305,2005-03-27,1,Cistus albidus,Cistus albidus,SPECIES,Malvales,Cistaceae,Cistus,Oxythyrea funesta,Oxythyrea funesta,SPECIES,Coleoptera,Scarabaeidae,Oxythyrea,No,MED3CA,2005,3,27,MED3CA_3,5,51,4,54,3
1_Bartomeus,MED3CA,Transect,Coastal shrubland,Sclerophyllous vegetation,Mediterranean,Spain,Cap de Creus Natural Park,42.32,3.305,2005-04-23,1,Cistus monspeliensis,Cistus monspeliensis,SPECIES,Malvales,Cistaceae,Cistus,Anthidium sticticum,Rhodanthidium sticticum,SPECIES,Hymenoptera,Megachilidae,Rhodanthidium,No,MED3CA,2005,4,23,MED3CA_4,4,133,4,66,8
1_Bartomeus,MED3CA,Transect,Coastal shrubland,Sclerophyllous vegetation,Mediterranean,Spain,Cap de Creus Natural Park,42.32,3.305,2005-04-23,1,Cistus monspeliensis,Cistus monspeliensis,SPECIES,Malvales,Cistaceae,Cistus,Mordellistena pumila,Mordellistena pumila,SPECIES,Coleoptera,Mordellidae,Mordellistena,No,MED3CA,2005,4,23,MED3CA_4,1,133,4,78,5
1_Bartomeus,MED3CA,Transect,Coastal shrubland,Sclerophyllous vegetation,Mediterranean,Spain,Cap de Creus Natural Park,42.32,3.305,2005-04-23,1,Cistus monspeliensis,Cistus monspeliensis,SPECIES,Malvales,Cistaceae,Cistus,Andrena villipes,Andrena villipes,SPECIES,Hymenoptera,Andrenidae,Andrena,No,MED3CA,2005,4,23,MED3CA_4,2,133,4,26,8
1_Bartomeus,MED3CA,Transect,Coastal shrubland,Sclerophyllous vegetation,Mediterranean,Spain,Cap de Creus Natural Park,42.32,3.305,2005-04-26,1,Cistus monspeliensis,Cistus monspeliensis,SPECIES,Malvales,Cistaceae,Cistus,Oedemera lurida,Oedemera lurida,SPECIES,Coleoptera,Oedemeridae,Oedemera,No,MED3CA,2005,4,26,MED3CA_4,1,133,4,75,8
1_Bartomeus,MED3CA,Transect,Coastal shrubland,Sclerophyllous vegetation,Mediterranean,Spain,Cap de Creus Natural Park,42.32,3.305,2005-04-03,1,Cistus monspeliensis,Cistus monspeliensis,SPECIES,Malvales,Cistaceae,Cistus,Mordellistena pumila,Mordellistena pumila,SPECIES,Coleoptera,Mordellidae,Mordellistena,No,MED3CA,2005,4,3,MED3CA_4,2,133,4,78,5
1_Bartomeus,MED4CA,Transect,Coastal shrubland,Sclerophyllous vegetation,Mediterranean,Spain,Cap de Creus Natural Park,42.319,3.303,2005-03-27,1,Sonchus tenerrinus,Sonchus tenerrimus,SPECIES,Asterales,Asteraceae,Sonchus,Cryptocephalus,Cryptocephalus,GENUS,Coleoptera,Chrysomelidae,Cryptocephalus,No,MED4CA,2005,3,27,MED4CA_3,2,166,5,40,7
1_Bartomeus,MED4CA,Transect,Coastal shrubland,Sclerophyllous vegetation,Mediterranean,Spain,Cap de Creus Natural Park,42.319,3.303,2005-03-14,1,Sonchus tenerrinus,Sonchus tenerrimus,SPECIES,Asterales,Asteraceae,Sonchus,Andrena senecionis,Andrena senecionis,SPECIES,Hymenoptera,Andrenidae,Andrena,No,MED4CA,2005,3,14,MED4CA_3,5,166,5,35,9
1_Bartomeus,MED4CA,Transect,Coastal shrubland,Sclerophyllous vegetation,Mediterranean,Spain,Cap de Creus Natural Park,42.319,3.303,2005-03-14,1,Sonchus tenerrinus,Sonchus tenerrimus,SPECIES,Asterales,Asteraceae,Sonchus,Andrena senecionis,Andrena senecionis,SPECIES,Hymenoptera,Andrenidae,Andrena,No,MED4CA,2005,3,14,MED4CA_3,1,166,5,35,9
1_Bartomeus,MED4CA,Transect,Coastal shrubland,Sclerophyllous vegetation,Mediterranean,Spain,Cap de Creus Natural Park,42.319,3.303,2005-03-14,1,Sonchus tenerrinus,Sonchus tenerrimus,SPECIES,Asterales,Asteraceae,Sonchus,Andrena senecionis,Andrena senecionis,SPECIES,Hymenoptera,Andrenidae,Andrena,No,MED4CA,2005,3,14,MED4CA_3,3,166,5,35,9
1_Bartomeus,MED4CA,Transect,Coastal shrubland,Sclerophyllous vegetation,Mediterranean,Spain,Cap de Creus Natural Park,42.319,3.303,2005-03-14,1,Sonchus tenerrinus,Sonchus tenerrimus,SPECIES,Asterales,Asteraceae,Sonchus,Andrena senecionis,Andrena senecionis,SPECIES,Hymenoptera,Andrenidae,Andrena,No,MED4CA,2005,3,14,MED4CA_3,5,166,5,35,9
1_Bartomeus,MED4CA,Transect,Coastal shrubland,Sclerophyllous vegetation,Mediterranean,Spain,Cap de Creus Natural Park,42.319,3.303,2005-04-23,1,Galactites tomentosa,Galactites tomentosus,SPECIES,Asterales,Asteraceae,Galactites,Oedemera nobilis,Oedemera nobilis,SPECIES,Coleoptera,Oedemeridae,Oedemera,No,MED4CA,2005,4,23,MED4CA_4,2,63,7,33,8
1_Bartomeus,MED4CA,Transect,Coastal shrubland,Sclerophyllous vegetation,Mediterranean,Spain,Cap de Creus Natural Park,42.319,3.303,2005-03-14,1,Sonchus tenerrinus,Sonchus tenerrimus,SPECIES,Asterales,Asteraceae,Sonchus,Cryptocephalus,Cryptocephalus,GENUS,Coleoptera,Chrysomelidae,Cryptocephalus,No,MED4CA,2005,3,14,MED4CA_3,4,166,5,40,7
1_Bartomeus,MED4CA,Transect,Coastal shrubland,Sclerophyllous vegetation,Mediterranean,Spain,Cap de Creus Natural Park,42.319,3.303,2005-04-23,1,Urospermum picroides,Urospermum picroides,SPECIES,Asterales,Asteraceae,Urospermum,Halictus pyrenaeus,Halictus pyrenaeus,SPECIES,Hymenoptera,Halictidae,Halictus,No,MED4CA,2005,4,23,MED4CA_4,2,100,5,50,1
1_Bartomeus,MED4CA,Transect,Coastal shrubland,Sclerophyllous vegetation,Mediterranean,Spain,Cap de Creus Natural Park,42.319,3.303,2005-04-23,1,Sonchus tenerrinus,Sonchus tenerrimus,SPECIES,Asterales,Asteraceae,Sonchus,Andrena cinerea,Andrena cinerea,SPECIES,Hymenoptera,Andrenidae,Andrena,No,MED4CA,2005,4,23,MED4CA_4,1,166,5,8,1
1_Bartomeus,MED4CA,Transect,Coastal shrubland,Sclerophyllous vegetation,Mediterranean,Spain,Cap de Creus Natural Park,42.319,3.303,2005-03-27,1,Galactites tomentosa,Galactites tomentosus,SPECIES,Asterales,Asteraceae,Galactites,Oedemera lurida,Oedemera lurida,SPECIES,Coleoptera,Oedemeridae,Oedemera,No,MED4CA,2005,3,27,MED4CA_3,3,63,7,75,8
1_Bartomeus,MED4CA,Transect,Coastal shrubland,Sclerophyllous vegetation,Mediterranean,Spain,Cap de Creus Natural Park,42.319,3.303,2005-04-23,1,Urospermum picroides,Urospermum picroides,SPECIES,Asterales,Asteraceae,Urospermum,Oedemera nobilis,Oedemera nobilis,SPECIES,Coleoptera,Oedemeridae,Oedemera,No,MED4CA,2005,4,23,MED4CA_4,2,100,5,33,8
1_Bartomeus,MED4CA,Transect,Coastal shrubland,Sclerophyllous vegetation,Mediterranean,Spain,Cap de Creus Natural Park,42.319,3.303,2005-04-23,1,Urospermum picroides,Urospermum picroides,SPECIES,Asterales,Asteraceae,Urospermum,Oedemera nobilis,Oedemera nobilis,SPECIES,Coleoptera,Oedemeridae,Oedemera,No,MED4CA,2005,4,23,MED4CA_4,1,100,5,33,8
1_Bartomeus,MED4CA,Transect,Coastal shrubland,Sclerophyllous vegetation,Mediterranean,Spain,Cap de Creus Natural Park,42.319,3.303,2005-04-26,1,Sonchus tenerrinus,Sonchus tenerrimus,SPECIES,Asterales,Asteraceae,Sonchus,Oedemera lurida,Oedemera lurida,SPECIES,Coleoptera,Oedemeridae,Oedemera,No,MED4CA,2005,4,26,MED4CA_4,3,166,5,75,8
1_Bartomeus,MED4CA,Focal_observation,Coastal shrubland,Sclerophyllous vegetation,Mediterranean,Spain,Cap de Creus Natural Park,42.319,3.303,2005-05-03,1,Galactites tomentosa,Galactites tomentosus,SPECIES,Asterales,Asteraceae,Galactites,Bombus terrestris,Bombus terrestris,SPECIES,Hymenoptera,Apidae,Bombus,No,MED4CA,2005,5,3,MED4CA_5,2,63,7,55,4
1_Bartomeus,MED4CA,Transect,Coastal shrubland,Sclerophyllous vegetation,Mediterranean,Spain,Cap de Creus Natural Park,42.319,3.303,2005-03-14,1,Cistus albidus,Cistus albidus,SPECIES,Malvales,Cistaceae,Cistus,Andrena ovatula,Andrena ovatula,SPECIES,Hymenoptera,Andrenidae,Andrena,No,MED4CA,2005,3,14,MED4CA_3,5,51,4,19,9
1_Bartomeus,MED4CA,Transect,Coastal shrubland,Sclerophyllous vegetation,Mediterranean,Spain,Cap de Creus Natural Park,42.319,3.303,2005-03-14,1,Cistus albidus,Cistus albidus,SPECIES,Malvales,Cistaceae,Cistus,Andrena ovatula,Andrena ovatula,SPECIES,Hymenoptera,Andrenidae,Andrena,No,MED4CA,2005,3,14,MED4CA_3,5,51,4,19,9
1_Bartomeus,MED4CA,Transect,Coastal shrubland,Sclerophyllous vegetation,Mediterranean,Spain,Cap de Creus Natural Park,42.319,3.303,2005-04-23,1,Urospermum picroides,Urospermum picroides,SPECIES,Asterales,Asteraceae,Urospermum,Mordellistena pumila,Mordellistena pumila,SPECIES,Coleoptera,Mordellidae,Mordellistena,No,MED4CA,2005,4,23,MED4CA_4,2,100,5,78,5
1_Bartomeus,MED4CA,Transect,Coastal shrubland,Sclerophyllous vegetation,Mediterranean,Spain,Cap de Creus Natural Park,42.319,3.303,2005-04-23,1,Urospermum picroides,Urospermum picroides,SPECIES,Asterales,Asteraceae,Urospermum,Mordellistena pumila,Mordellistena pumila,SPECIES,Coleoptera,Mordellidae,Mordellistena,No,MED4CA,2005,4,23,MED4CA_4,4,100,5,78,5
1_Bartomeus,MED4CA,Transect,Coastal shrubland,Sclerophyllous vegetation,Mediterranean,Spain,Cap de Creus Natural Park,42.319,3.303,2005-04-26,1,Helichrysum stoechas,Helichrysum stoechas,SPECIES,Asterales,Asteraceae,Helichrysum,Oedemera lurida,Oedemera lurida,SPECIES,Coleoptera,Oedemeridae,Oedemera,No,MED4CA,2005,4,26,MED4CA_4,3,44,5,75,8
1_Bartomeus,MED4CA,Focal_observation,Coastal shrubland,Sclerophyllous vegetation,Mediterranean,Spain,Cap de Creus Natural Park,42.319,3.303,2005-05-03,1,Galactites tomentosa,Galactites tomentosus,SPECIES,Asterales,Asteraceae,Galactites,Pyronia tithonus,Pyronia tithonus,SPECIES,Lepidoptera,Nymphalidae,Pyronia,No,MED4CA,2005,5,3,MED4CA_5,5,63,7,30,5
1_Bartomeus,MED4CA,Transect,Coastal shrubland,Sclerophyllous vegetation,Mediterranean,Spain,Cap de Creus Natural Park,42.319,3.303,2005-03-14,1,Cistus salvifolius,Cistus salviifolius,SPECIES,Malvales,Cistaceae,Cistus,Andrena,Andrena,GENUS,Hymenoptera,Andrenidae,Andrena,No,MED4CA,2005,3,14,MED4CA_3,3,81,4,81,1
1_Bartomeus,MED4CA,Transect,Coastal shrubland,Sclerophyllous vegetation,Mediterranean,Spain,Cap de Creus Natural Park,42.319,3.303,2005-03-27,1,Cistus salvifolius,Cistus salviifolius,SPECIES,Malvales,Cistaceae,Cistus,Apis melifera,Apis mellifera,SPECIES,Hymenoptera,Apidae,Apis,No,MED4CA,2005,3,27,MED4CA_3,1,81,4,59,3
1_Bartomeus,MED4CA,Transect,Coastal shrubland,Sclerophyllous vegetation,Mediterranean,Spain,Cap de Creus Natural Park,42.319,3.303,2005-03-27,1,Cistus salvifolius,Cistus salviifolius,SPECIES,Malvales,Cistaceae,Cistus,Oxythyrea funesta,Oxythyrea funesta,SPECIES,Coleoptera,Scarabaeidae,Oxythyrea,No,MED4CA,2005,3,27,MED4CA_3,4,81,4,54,3
1_Bartomeus,MED4CA,Transect,Coastal shrubland,Sclerophyllous vegetation,Mediterranean,Spain,Cap de Creus Natural Park,42.319,3.303,2005-03-30,1,Carpobrotus affinis acinaciformis,Carpobrotus acinaciformis,SPECIES,Caryophyllales,Aizoaceae,Carpobrotus,Apis melifera,Apis mellifera,SPECIES,Hymenoptera,Apidae,Apis,No,MED4CA,2005,3,30,MED4CA_3,4,129,2,59,3
1_Bartomeus,MED4CA,Transect,Coastal shrubland,Sclerophyllous vegetation,Mediterranean,Spain,Cap de Creus Natural Park,42.319,3.303,2005-03-30,1,Carpobrotus affinis acinaciformis,Carpobrotus acinaciformis,SPECIES,Caryophyllales,Aizoaceae,Carpobrotus,Apis melifera,Apis mellifera,SPECIES,Hymenoptera,Apidae,Apis,No,MED4CA,2005,3,30,MED4CA_3,5,129,2,59,3
1_Bartomeus,MED4CA,Transect,Coastal shrubland,Sclerophyllous vegetation,Mediterranean,Spain,Cap de Creus Natural Park,42.319,3.303,2005-03-30,1,Carpobrotus affinis acinaciformis,Carpobrotus acinaciformis,SPECIES,Caryophyllales,Aizoaceae,Carpobrotus,Bombus terrestris,Bombus terrestris,SPECIES,Hymenoptera,Apidae,Bombus,No,MED4CA,2005,3,30,MED4CA_3,4,129,2,55,4
1_Bartomeus,MED4CA,Transect,Coastal shrubland,Sclerophyllous vegetation,Mediterranean,Spain,Cap de Creus Natural Park,42.319,3.303,2005-03-30,1,Carpobrotus affinis acinaciformis,Carpobrotus acinaciformis,SPECIES,Caryophyllales,Aizoaceae,Carpobrotus,Bombus terrestris,Bombus terrestris,SPECIES,Hymenoptera,Apidae,Bombus,No,MED4CA,2005,3,30,MED4CA_3,4,129,2,55,4
1_Bartomeus,MED4CA,Transect,Coastal shrubland,Sclerophyllous vegetation,Mediterranean,Spain,Cap de Creus Natural Park,42.319,3.303,2005-03-30,1,Carpobrotus affinis acinaciformis,Carpobrotus acinaciformis,SPECIES,Caryophyllales,Aizoaceae,Carpobrotus,Psilothrix viridicoerulea,Psilothrix viridicoerulea,SPECIES,Coleoptera,Dasytidae,Psilothrix,No,MED4CA,2005,3,30,MED4CA_3,2,129,2,45,6
1_Bartomeus,MED4CA,Transect,Coastal shrubland,Sclerophyllous vegetation,Mediterranean,Spain,Cap de Creus Natural Park,42.319,3.303,2005-03-30,1,Carpobrotus affinis acinaciformis,Carpobrotus acinaciformis,SPECIES,Caryophyllales,Aizoaceae,Carpobrotus,Coleoptera,Coleoptera,ORDER,Coleoptera,,,No,MED4CA,2005,3,30,MED4CA_3,2,129,2,73,5
1_Bartomeus,MED4CA,Transect,Coastal shrubland,Sclerophyllous vegetation,Mediterranean,Spain,Cap de Creus Natural Park,42.319,3.303,2005-03-30,1,Carpobrotus affinis acinaciformis,Carpobrotus acinaciformis,SPECIES,Caryophyllales,Aizoaceae,Carpobrotus,Coleoptera,Coleoptera,ORDER,Coleoptera,,,No,MED4CA,2005,3,30,MED4CA_3,2,129,2,73,5
1_Bartomeus,MED4CA,Transect,Coastal shrubland,Sclerophyllous vegetation,Mediterranean,Spain,Cap de Creus Natural Park,42.319,3.303,2005-04-23,1,Cistus albidus,Cistus albidus,SPECIES,Malvales,Cistaceae,Cistus,Oedemera nobilis,Oedemera nobilis,SPECIES,Coleoptera,Oedemeridae,Oedemera,No,MED4CA,2005,4,23,MED4CA_4,2,51,4,33,8
1_Bartomeus,MED4CA,Transect,Coastal shrubland,Sclerophyllous vegetation,Mediterranean,Spain,Cap de Creus Natural Park,42.319,3.303,2005-04-23,1,Cistus albidus,Cistus albidus,SPECIES,Malvales,Cistaceae,Cistus,Oedemera nobilis,Oedemera nobilis,SPECIES,Coleoptera,Oedemeridae,Oedemera,No,MED4CA,2005,4,23,MED4CA_4,4,51,4,33,8
1_Bartomeus,MED4CA,Transect,Coastal shrubland,Sclerophyllous vegetation,Mediterranean,Spain,Cap de Creus Natural Park,42.319,3.303,2005-04-23,1,Cistus monspeliensis,Cistus monspeliensis,SPECIES,Malvales,Cistaceae,Cistus,Oxythyrea funesta,Oxythyrea funesta,SPECIES,Coleoptera,Scarabaeidae,Oxythyrea,No,MED4CA,2005,4,23,MED4CA_4,2,133,4,54,3
1_Bartomeus,MED4CA,Transect,Coastal shrubland,Sclerophyllous vegetation,Mediterranean,Spain,Cap de Creus Natural Park,42.319,3.303,2005-04-23,1,Cistus monspeliensis,Cistus monspeliensis,SPECIES,Malvales,Cistaceae,Cistus,Oxythyrea funesta,Oxythyrea funesta,SPECIES,Coleoptera,Scarabaeidae,Oxythyrea,No,MED4CA,2005,4,23,MED4CA_4,5,133,4,54,3
1_Bartomeus,MED4CA,Transect,Coastal shrubland,Sclerophyllous vegetation,Mediterranean,Spain,Cap de Creus Natural Park,42.319,3.303,2005-04-23,1,Cistus salvifolius,Cistus salviifolius,SPECIES,Malvales,Cistaceae,Cistus,Coleoptera,Coleoptera,ORDER,Coleoptera,,,No,MED4CA,2005,4,23,MED4CA_4,3,81,4,73,5
1_Bartomeus,MED4CA,Transect,Coastal shrubland,Sclerophyllous vegetation,Mediterranean,Spain,Cap de Creus Natural Park,42.319,3.303,2005-04-26,1,Carpobrotus affinis acinaciformis,Carpobrotus acinaciformis,SPECIES,Caryophyllales,Aizoaceae,Carpobrotus,Oxythyrea funesta,Oxythyrea funesta,SPECIES,Coleoptera,Scarabaeidae,Oxythyrea,No,MED4CA,2005,4,26,MED4CA_4,2,129,2,54,3
1_Bartomeus,MED4CA,Transect,Coastal shrubland,Sclerophyllous vegetation,Mediterranean,Spain,Cap de Creus Natural Park,42.319,3.303,2005-03-27,1,Galactites tomentosa,Galactites tomentosus,SPECIES,Asterales,Asteraceae,Galactites,Mordellistena pumila,Mordellistena pumila,SPECIES,Coleoptera,Mordellidae,Mordellistena,No,MED4CA,2005,3,27,MED4CA_3,4,63,7,78,5
1_Bartomeus,MED4CA,Transect,Coastal shrubland,Sclerophyllous vegetation,Mediterranean,Spain,Cap de Creus Natural Park,42.319,3.303,2005-03-27,1,Galactites tomentosa,Galactites tomentosus,SPECIES,Asterales,Asteraceae,Galactites,Mordellistena pumila,Mordellistena pumila,SPECIES,Coleoptera,Mordellidae,Mordellistena,No,MED4CA,2005,3,27,MED4CA_3,3,63,7,78,5
1_Bartomeus,MED4CA,Transect,Coastal shrubland,Sclerophyllous vegetation,Mediterranean,Spain,Cap de Creus Natural Park,42.319,3.303,2005-04-23,1,Galactites tomentosa,Galactites tomentosus,SPECIES,Asterales,Asteraceae,Galactites,Hoplitis adunca,Hoplitis adunca,SPECIES,Hymenoptera,Megachilidae,Hoplitis,No,MED4CA,2005,4,23,MED4CA_4,5,63,7,13,8
1_Bartomeus,MED4CA,Transect,Coastal shrubland,Sclerophyllous vegetation,Mediterranean,Spain,Cap de Creus Natural Park,42.319,3.303,2005-04-26,1,Galactites tomentosa,Galactites tomentosus,SPECIES,Asterales,Asteraceae,Galactites,Oxythyrea funesta,Oxythyrea funesta,SPECIES,Coleoptera,Scarabaeidae,Oxythyrea,No,MED4CA,2005,4,26,MED4CA_4,5,63,7,54,3
1_Bartomeus,MED4CA,Transect,Coastal shrubland,Sclerophyllous vegetation,Mediterranean,Spain,Cap de Creus Natural Park,42.319,3.303,2005-04-03,1,Helichrysum stoechas,Helichrysum stoechas,SPECIES,Asterales,Asteraceae,Helichrysum,Mordellistena pumila,Mordellistena pumila,SPECIES,Coleoptera,Mordellidae,Mordellistena,No,MED4CA,2005,4,3,MED4CA_4,5,44,5,78,5
1_Bartomeus,MED4CA,Transect,Coastal shrubland,Sclerophyllous vegetation,Mediterranean,Spain,Cap de Creus Natural Park,42.319,3.303,2005-04-03,1,Helichrysum stoechas,Helichrysum stoechas,SPECIES,Asterales,Asteraceae,Helichrysum,Mordellistena pumila,Mordellistena pumila,SPECIES,Coleoptera,Mordellidae,Mordellistena,No,MED4CA,2005,4,3,MED4CA_4,5,44,5,78,5
1_Bartomeus,MED4CA,Transect,Coastal shrubland,Sclerophyllous vegetation,Mediterranean,Spain,Cap de Creus Natural Park,42.319,3.303,2005-04-03,1,Helichrysum stoechas,Helichrysum stoechas,SPECIES,Asterales,Asteraceae,Helichrysum,Mordellistena pumila,Mordellistena pumila,SPECIES,Coleoptera,Mordellidae,Mordellistena,No,MED4CA,2005,4,3,MED4CA_4,4,44,5,78,5
1_Bartomeus,MED4CA,Transect,Coastal shrubland,Sclerophyllous vegetation,Mediterranean,Spain,Cap de Creus Natural Park,42.319,3.303,2005-03-14,1,Cistus albidus,Cistus albidus,SPECIES,Malvales,Cistaceae,Cistus,Coleoptera,Coleoptera,ORDER,Coleoptera,,,No,MED4CA,2005,3,14,MED4CA_3,5,51,4,73,5
1_Bartomeus,MED4CA,Transect,Coastal shrubland,Sclerophyllous vegetation,Mediterranean,Spain,Cap de Creus Natural Park,42.319,3.303,2005-03-27,1,Rosmarinus officinalis,Salvia rosmarinus,SPECIES,Lamiales,Lamiaceae,Salvia,Apis melifera,Apis mellifera,SPECIES,Hymenoptera,Apidae,Apis,No,MED4CA,2005,3,27,MED4CA_3,5,66,9,59,3
1_Bartomeus,MED4CA,Transect,Coastal shrubland,Sclerophyllous vegetation,Mediterranean,Spain,Cap de Creus Natural Park,42.319,3.303,2005-03-27,1,Carpobrotus affinis acinaciformis,Carpobrotus acinaciformis,SPECIES,Caryophyllales,Aizoaceae,Carpobrotus,Psilothrix viridicoerulea,Psilothrix viridicoerulea,SPECIES,Coleoptera,Dasytidae,Psilothrix,No,MED4CA,2005,3,27,MED4CA_3,1,129,2,45,6
1_Bartomeus,MED4CA,Transect,Coastal shrubland,Sclerophyllous vegetation,Mediterranean,Spain,Cap de Creus Natural Park,42.319,3.303,2005-03-30,1,Cistus albidus,Cistus albidus,SPECIES,Malvales,Cistaceae,Cistus,Apis melifera,Apis mellifera,SPECIES,Hymenoptera,Apidae,Apis,No,MED4CA,2005,3,30,MED4CA_3,4,51,4,59,3
1_Bartomeus,MED4CA,Transect,Coastal shrubland,Sclerophyllous vegetation,Mediterranean,Spain,Cap de Creus Natural Park,42.319,3.303,2005-03-30,1,Cistus albidus,Cistus albidus,SPECIES,Malvales,Cistaceae,Cistus,Apis melifera,Apis mellifera,SPECIES,Hymenoptera,Apidae,Apis,No,MED4CA,2005,3,30,MED4CA_3,3,51,4,59,3
1_Bartomeus,MED4CA,Transect,Coastal shrubland,Sclerophyllous vegetation,Mediterranean,Spain,Cap de Creus Natural Park,42.319,3.303,2005-03-30,1,Carpobrotus affinis acinaciformis,Carpobrotus acinaciformis,SPECIES,Caryophyllales,Aizoaceae,Carpobrotus,Oxythyrea funesta,Oxythyrea funesta,SPECIES,Coleoptera,Scarabaeidae,Oxythyrea,No,MED4CA,2005,3,30,MED4CA_3,5,129,2,54,3
1_Bartomeus,MED4CA,Transect,Coastal shrubland,Sclerophyllous vegetation,Mediterranean,Spain,Cap de Creus Natural Park,42.319,3.303,2005-03-30,1,Cistus salvifolius,Cistus salviifolius,SPECIES,Malvales,Cistaceae,Cistus,Psilothrix viridicoerulea,Psilothrix viridicoerulea,SPECIES,Coleoptera,Dasytidae,Psilothrix,No,MED4CA,2005,3,30,MED4CA_3,4,81,4,45,6
1_Bartomeus,MED4CA,Transect,Coastal shrubland,Sclerophyllous vegetation,Mediterranean,Spain,Cap de Creus Natural Park,42.319,3.303,2005-03-30,1,Cistus salvifolius,Cistus salviifolius,SPECIES,Malvales,Cistaceae,Cistus,Coleoptera,Coleoptera,ORDER,Coleoptera,,,No,MED4CA,2005,3,30,MED4CA_3,3,81,4,73,5
1_Bartomeus,MED4CA,Transect,Coastal shrubland,Sclerophyllous vegetation,Mediterranean,Spain,Cap de Creus Natural Park,42.319,3.303,2005-04-23,1,Cistus salvifolius,Cistus salviifolius,SPECIES,Malvales,Cistaceae,Cistus,Oedemera nobilis,Oedemera nobilis,SPECIES,Coleoptera,Oedemeridae,Oedemera,No,MED4CA,2005,4,23,MED4CA_4,4,81,4,33,8
1_Bartomeus,MED4CA,Transect,Coastal shrubland,Sclerophyllous vegetation,Mediterranean,Spain,Cap de Creus Natural Park,42.319,3.303,2005-04-23,1,Cistus salvifolius,Cistus salviifolius,SPECIES,Malvales,Cistaceae,Cistus,Oxythyrea funesta,Oxythyrea funesta,SPECIES,Coleoptera,Scarabaeidae,Oxythyrea,No,MED4CA,2005,4,23,MED4CA_4,1,81,4,54,3
1_Bartomeus,MED4CA,Transect,Coastal shrubland,Sclerophyllous vegetation,Mediterranean,Spain,Cap de Creus Natural Park,42.319,3.303,2005-04-23,1,Carpobrotus affinis acinaciformis,Carpobrotus acinaciformis,SPECIES,Caryophyllales,Aizoaceae,Carpobrotus,Xylocopa iris,Xylocopa iris,SPECIES,Hymenoptera,Apidae,Xylocopa,No,MED4CA,2005,4,23,MED4CA_4,2,129,2,33,4
1_Bartomeus,MED4CA,Focal_observation,Coastal shrubland,Sclerophyllous vegetation,Mediterranean,Spain,Cap de Creus Natural Park,42.319,3.303,2005-05-25,1,Cistus monspeliensis,Cistus monspeliensis,SPECIES,Malvales,Cistaceae,Cistus,Andrena,Andrena,GENUS,Hymenoptera,Andrenidae,Andrena,No,MED4CA,2005,5,25,MED4CA_5,4,133,4,81,1
1_Bartomeus,MED4CA,Transect,Coastal shrubland,Sclerophyllous vegetation,Mediterranean,Spain,Cap de Creus Natural Park,42.319,3.303,2005-04-26,1,Galactites tomentosa,Galactites tomentosus,SPECIES,Asterales,Asteraceae,Galactites,Bombus terrestris,Bombus terrestris,SPECIES,Hymenoptera,Apidae,Bombus,No,MED4CA,2005,4,26,MED4CA_4,3,63,7,55,4
1_Bartomeus,MED4CA,Focal_observation,Coastal shrubland,Sclerophyllous vegetation,Mediterranean,Spain,Cap de Creus Natural Park,42.319,3.303,2005-05-02,1,Galactites tomentosa,Galactites tomentosus,SPECIES,Asterales,Asteraceae,Galactites,Andrena tenuistriata,Andrena tenuistriata,SPECIES,Hymenoptera,Andrenidae,Andrena,No,MED4CA,2005,5,2,MED4CA_5,5,63,7,33,9
1_Bartomeus,MED4CA,Transect,Coastal shrubland,Sclerophyllous vegetation,Mediterranean,Spain,Cap de Creus Natural Park,42.319,3.303,2005-03-14,1,Rosmarinus officinalis,Salvia rosmarinus,SPECIES,Lamiales,Lamiaceae,Salvia,Callophrys rubi,Callophrys rubi,SPECIES,Lepidoptera,Lycaenidae,Callophrys,No,MED4CA,2005,3,14,MED4CA_3,4,66,9,13,5
1_Bartomeus,MED4CA,Transect,Coastal shrubland,Sclerophyllous vegetation,Mediterranean,Spain,Cap de Creus Natural Park,42.319,3.303,2005-03-27,1,Cistus albidus,Cistus albidus,SPECIES,Malvales,Cistaceae,Cistus,Anthidium sticticum,Rhodanthidium sticticum,SPECIES,Hymenoptera,Megachilidae,Rhodanthidium,No,MED4CA,2005,3,27,MED4CA_3,1,51,4,66,8
1_Bartomeus,MED4CA,Transect,Coastal shrubland,Sclerophyllous vegetation,Mediterranean,Spain,Cap de Creus Natural Park,42.319,3.303,2005-03-27,1,Carpobrotus affinis acinaciformis,Carpobrotus acinaciformis,SPECIES,Caryophyllales,Aizoaceae,Carpobrotus,Oxythyrea funesta,Oxythyrea funesta,SPECIES,Coleoptera,Scarabaeidae,Oxythyrea,No,MED4CA,2005,3,27,MED4CA_3,1,129,2,54,3
1_Bartomeus,MED4CA,Transect,Coastal shrubland,Sclerophyllous vegetation,Mediterranean,Spain,Cap de Creus Natural Park,42.319,3.303,2005-03-27,1,Carpobrotus affinis acinaciformis,Carpobrotus acinaciformis,SPECIES,Caryophyllales,Aizoaceae,Carpobrotus,Cryptocephalus,Cryptocephalus,GENUS,Coleoptera,Chrysomelidae,Cryptocephalus,No,MED4CA,2005,3,27,MED4CA_3,4,129,2,40,7
1_Bartomeus,MED4CA,Transect,Coastal shrubland,Sclerophyllous vegetation,Mediterranean,Spain,Cap de Creus Natural Park,42.319,3.303,2005-03-27,1,Carpobrotus affinis acinaciformis,Carpobrotus acinaciformis,SPECIES,Caryophyllales,Aizoaceae,Carpobrotus,Cryptocephalus,Cryptocephalus,GENUS,Coleoptera,Chrysomelidae,Cryptocephalus,No,MED4CA,2005,3,27,MED4CA_3,4,129,2,40,7
1_Bartomeus,MED4CA,Transect,Coastal shrubland,Sclerophyllous vegetation,Mediterranean,Spain,Cap de Creus Natural Park,42.319,3.303,2005-03-27,1,Carpobrotus affinis acinaciformis,Carpobrotus acinaciformis,SPECIES,Caryophyllales,Aizoaceae,Carpobrotus,Cryptocephalus,Cryptocephalus,GENUS,Coleoptera,Chrysomelidae,Cryptocephalus,No,MED4CA,2005,3,27,MED4CA_3,2,129,2,40,7
1_Bartomeus,MED4CA,Transect,Coastal shrubland,Sclerophyllous vegetation,Mediterranean,Spain,Cap de Creus Natural Park,42.319,3.303,2005-03-27,1,Cistus salvifolius,Cistus salviifolius,SPECIES,Malvales,Cistaceae,Cistus,Andrena ovatula,Andrena ovatula,SPECIES,Hymenoptera,Andrenidae,Andrena,No,MED4CA,2005,3,27,MED4CA_3,2,81,4,19,9
1_Bartomeus,MED4CA,Transect,Coastal shrubland,Sclerophyllous vegetation,Mediterranean,Spain,Cap de Creus Natural Park,42.319,3.303,2005-03-27,1,Cistus salvifolius,Cistus salviifolius,SPECIES,Malvales,Cistaceae,Cistus,Andrena ovatula,Andrena ovatula,SPECIES,Hymenoptera,Andrenidae,Andrena,No,MED4CA,2005,3,27,MED4CA_3,3,81,4,19,9
1_Bartomeus,MED4CA,Transect,Coastal shrubland,Sclerophyllous vegetation,Mediterranean,Spain,Cap de Creus Natural Park,42.319,3.303,2005-03-27,1,Cistus salvifolius,Cistus salviifolius,SPECIES,Malvales,Cistaceae,Cistus,Andrena ovatula,Andrena ovatula,SPECIES,Hymenoptera,Andrenidae,Andrena,No,MED4CA,2005,3,27,MED4CA_3,2,81,4,19,9
1_Bartomeus,MED4CA,Transect,Coastal shrubland,Sclerophyllous vegetation,Mediterranean,Spain,Cap de Creus Natural Park,42.319,3.303,2005-03-30,1,Dorycnium pentaphyllum,Lotus dorycnium,SPECIES,Fabales,Fabaceae,Lotus,Colletes,Colletes,GENUS,Hymenoptera,Colletidae,Colletes,No,MED4CA,2005,3,30,MED4CA_3,5,25,6,23,5
1_Bartomeus,MED4CA,Transect,Coastal shrubland,Sclerophyllous vegetation,Mediterranean,Spain,Cap de Creus Natural Park,42.319,3.303,2005-03-30,1,Cistus salvifolius,Cistus salviifolius,SPECIES,Malvales,Cistaceae,Cistus,Oxythyrea funesta,Oxythyrea funesta,SPECIES,Coleoptera,Scarabaeidae,Oxythyrea,No,MED4CA,2005,3,30,MED4CA_3,3,81,4,54,3
1_Bartomeus,MED4CA,Transect,Coastal shrubland,Sclerophyllous vegetation,Mediterranean,Spain,Cap de Creus Natural Park,42.319,3.303,2005-03-30,1,Cistus salvifolius,Cistus salviifolius,SPECIES,Malvales,Cistaceae,Cistus,Andrena ovatula,Andrena ovatula,SPECIES,Hymenoptera,Andrenidae,Andrena,No,MED4CA,2005,3,30,MED4CA_3,2,81,4,19,9
1_Bartomeus,MED4CA,Transect,Coastal shrubland,Sclerophyllous vegetation,Mediterranean,Spain,Cap de Creus Natural Park,42.319,3.303,2005-04-23,1,Carpobrotus affinis acinaciformis,Carpobrotus acinaciformis,SPECIES,Caryophyllales,Aizoaceae,Carpobrotus,Bombus terrestris,Bombus terrestris,SPECIES,Hymenoptera,Apidae,Bombus,No,MED4CA,2005,4,23,MED4CA_4,5,129,2,55,4
1_Bartomeus,MED4CA,Transect,Coastal shrubland,Sclerophyllous vegetation,Mediterranean,Spain,Cap de Creus Natural Park,42.319,3.303,2005-04-23,1,Cistus albidus,Cistus albidus,SPECIES,Malvales,Cistaceae,Cistus,Oedemera lurida,Oedemera lurida,SPECIES,Coleoptera,Oedemeridae,Oedemera,No,MED4CA,2005,4,23,MED4CA_4,4,51,4,75,8
1_Bartomeus,MED4CA,Transect,Coastal shrubland,Sclerophyllous vegetation,Mediterranean,Spain,Cap de Creus Natural Park,42.319,3.303,2005-04-23,1,Cistus monspeliensis,Cistus monspeliensis,SPECIES,Malvales,Cistaceae,Cistus,Andrena,Andrena,GENUS,Hymenoptera,Andrenidae,Andrena,No,MED4CA,2005,4,23,MED4CA_4,1,133,4,81,1
1_Bartomeus,MED4CA,Transect,Coastal shrubland,Sclerophyllous vegetation,Mediterranean,Spain,Cap de Creus Natural Park,42.319,3.303,2005-04-26,1,Carpobrotus affinis acinaciformis,Carpobrotus acinaciformis,SPECIES,Caryophyllales,Aizoaceae,Carpobrotus,Oedemera lurida,Oedemera lurida,SPECIES,Coleoptera,Oedemeridae,Oedemera,No,MED4CA,2005,4,26,MED4CA_4,3,129,2,75,8
1_Bartomeus,MED4CA,Transect,Coastal shrubland,Sclerophyllous vegetation,Mediterranean,Spain,Cap de Creus Natural Park,42.319,3.303,2005-04-26,1,Carpobrotus affinis acinaciformis,Carpobrotus acinaciformis,SPECIES,Caryophyllales,Aizoaceae,Carpobrotus,Oedemera lurida,Oedemera lurida,SPECIES,Coleoptera,Oedemeridae,Oedemera,No,MED4CA,2005,4,26,MED4CA_4,4,129,2,75,8
1_Bartomeus,MED4CA,Focal_observation,Coastal shrubland,Sclerophyllous vegetation,Mediterranean,Spain,Cap de Creus Natural Park,42.319,3.303,2005-05-03,1,Cistus monspeliensis,Cistus monspeliensis,SPECIES,Malvales,Cistaceae,Cistus,Oedemera lurida,Oedemera lurida,SPECIES,Coleoptera,Oedemeridae,Oedemera,No,MED4CA,2005,5,3,MED4CA_5,5,133,4,75,8
1_Bartomeus,MED4CA,Focal_observation,Coastal shrubland,Sclerophyllous vegetation,Mediterranean,Spain,Cap de Creus Natural Park,42.319,3.303,2005-05-03,1,Cistus monspeliensis,Cistus monspeliensis,SPECIES,Malvales,Cistaceae,Cistus,Oedemera lurida,Oedemera lurida,SPECIES,Coleoptera,Oedemeridae,Oedemera,No,MED4CA,2005,5,3,MED4CA_5,3,133,4,75,8
1_Bartomeus,MED4CA,Focal_observation,Coastal shrubland,Sclerophyllous vegetation,Mediterranean,Spain,Cap de Creus Natural Park,42.319,3.303,2005-05-03,1,Cistus monspeliensis,Cistus monspeliensis,SPECIES,Malvales,Cistaceae,Cistus,Oedemera lurida,Oedemera lurida,SPECIES,Coleoptera,Oedemeridae,Oedemera,No,MED4CA,2005,5,3,MED4CA_5,2,133,4,75,8
1_Bartomeus,MED4CA,Transect,Coastal shrubland,Sclerophyllous vegetation,Mediterranean,Spain,Cap de Creus Natural Park,42.319,3.303,2005-04-26,1,Sonchus tenerrinus,Sonchus tenerrimus,SPECIES,Asterales,Asteraceae,Sonchus,Andrena senecionis,Andrena senecionis,SPECIES,Hymenoptera,Andrenidae,Andrena,No,MED4CA,2005,4,26,MED4CA_4,2,166,5,35,9
1_Bartomeus,MED4CA,Focal_observation,Coastal shrubland,Sclerophyllous vegetation,Mediterranean,Spain,Cap de Creus Natural Park,42.319,3.303,2005-05-03,1,Galactites tomentosa,Galactites tomentosus,SPECIES,Asterales,Asteraceae,Galactites,Zygaena,Zygaena,GENUS,Lepidoptera,Zygaenidae,Zygaena,No,MED4CA,2005,5,3,MED4CA_5,1,63,7,4,1
1_Bartomeus,MED4CA,Transect,Coastal shrubland,Sclerophyllous vegetation,Mediterranean,Spain,Cap de Creus Natural Park,42.319,3.303,2005-03-27,1,Carpobrotus affinis acinaciformis,Carpobrotus acinaciformis,SPECIES,Caryophyllales,Aizoaceae,Carpobrotus,Anthidium sticticum,Rhodanthidium sticticum,SPECIES,Hymenoptera,Megachilidae,Rhodanthidium,No,MED4CA,2005,3,27,MED4CA_3,1,129,2,66,8
1_Bartomeus,MED4CA,Transect,Coastal shrubland,Sclerophyllous vegetation,Mediterranean,Spain,Cap de Creus Natural Park,42.319,3.303,2005-03-27,1,Lavandula stoechas,Lavandula stoechas,SPECIES,Lamiales,Lamiaceae,Lavandula,Conophorus virescens,Conophorus virescens,SPECIES,Diptera,Bombyliidae,Conophorus,No,MED4CA,2005,3,27,MED4CA_3,3,91,9,27,7
1_Bartomeus,MED4CA,Transect,Coastal shrubland,Sclerophyllous vegetation,Mediterranean,Spain,Cap de Creus Natural Park,42.319,3.303,2005-03-27,1,Cistus salvifolius,Cistus salviifolius,SPECIES,Malvales,Cistaceae,Cistus,Psilothrix viridicoerulea,Psilothrix viridicoerulea,SPECIES,Coleoptera,Dasytidae,Psilothrix,No,MED4CA,2005,3,27,MED4CA_3,4,81,4,45,6
1_Bartomeus,MED4CA,Transect,Coastal shrubland,Sclerophyllous vegetation,Mediterranean,Spain,Cap de Creus Natural Park,42.319,3.303,2005-03-27,1,Cistus salvifolius,Cistus salviifolius,SPECIES,Malvales,Cistaceae,Cistus,Psilothrix viridicoerulea,Psilothrix viridicoerulea,SPECIES,Coleoptera,Dasytidae,Psilothrix,No,MED4CA,2005,3,27,MED4CA_3,3,81,4,45,6
1_Bartomeus,MED4CA,Transect,Coastal shrubland,Sclerophyllous vegetation,Mediterranean,Spain,Cap de Creus Natural Park,42.319,3.303,2005-03-30,1,Lavandula stoechas,Lavandula stoechas,SPECIES,Lamiales,Lamiaceae,Lavandula,Apis melifera,Apis mellifera,SPECIES,Hymenoptera,Apidae,Apis,No,MED4CA,2005,3,30,MED4CA_3,1,91,9,59,3
1_Bartomeus,MED4CA,Transect,Coastal shrubland,Sclerophyllous vegetation,Mediterranean,Spain,Cap de Creus Natural Park,42.319,3.303,2005-03-30,1,Lavandula stoechas,Lavandula stoechas,SPECIES,Lamiales,Lamiaceae,Lavandula,Apis melifera,Apis mellifera,SPECIES,Hymenoptera,Apidae,Apis,No,MED4CA,2005,3,30,MED4CA_3,5,91,9,59,3
1_Bartomeus,MED4CA,Transect,Coastal shrubland,Sclerophyllous vegetation,Mediterranean,Spain,Cap de Creus Natural Park,42.319,3.303,2005-03-30,1,Lavandula stoechas,Lavandula stoechas,SPECIES,Lamiales,Lamiaceae,Lavandula,Apis melifera,Apis mellifera,SPECIES,Hymenoptera,Apidae,Apis,No,MED4CA,2005,3,30,MED4CA_3,5,91,9,59,3
1_Bartomeus,MED4CA,Transect,Coastal shrubland,Sclerophyllous vegetation,Mediterranean,Spain,Cap de Creus Natural Park,42.319,3.303,2005-03-30,1,Cistus monspeliensis,Cistus monspeliensis,SPECIES,Malvales,Cistaceae,Cistus,Oxythyrea funesta,Oxythyrea funesta,SPECIES,Coleoptera,Scarabaeidae,Oxythyrea,No,MED4CA,2005,3,30,MED4CA_3,2,133,4,54,3
1_Bartomeus,MED4CA,Transect,Coastal shrubland,Sclerophyllous vegetation,Mediterranean,Spain,Cap de Creus Natural Park,42.319,3.303,2005-03-30,1,Cistus monspeliensis,Cistus monspeliensis,SPECIES,Malvales,Cistaceae,Cistus,Oxythyrea funesta,Oxythyrea funesta,SPECIES,Coleoptera,Scarabaeidae,Oxythyrea,No,MED4CA,2005,3,30,MED4CA_3,2,133,4,54,3
1_Bartomeus,MED4CA,Transect,Coastal shrubland,Sclerophyllous vegetation,Mediterranean,Spain,Cap de Creus Natural Park,42.319,3.303,2005-03-30,1,Cistus monspeliensis,Cistus monspeliensis,SPECIES,Malvales,Cistaceae,Cistus,Andrena ovatula,Andrena ovatula,SPECIES,Hymenoptera,Andrenidae,Andrena,No,MED4CA,2005,3,30,MED4CA_3,2,133,4,19,9
1_Bartomeus,MED4CA,Transect,Coastal shrubland,Sclerophyllous vegetation,Mediterranean,Spain,Cap de Creus Natural Park,42.319,3.303,2005-04-23,1,Cistus monspeliensis,Cistus monspeliensis,SPECIES,Malvales,Cistaceae,Cistus,Halictus pyrenaeus,Halictus pyrenaeus,SPECIES,Hymenoptera,Halictidae,Halictus,No,MED4CA,2005,4,23,MED4CA_4,1,133,4,50,1
1_Bartomeus,MED4CA,Transect,Coastal shrubland,Sclerophyllous vegetation,Mediterranean,Spain,Cap de Creus Natural Park,42.319,3.303,2005-04-23,1,Carpobrotus affinis acinaciformis,Carpobrotus acinaciformis,SPECIES,Caryophyllales,Aizoaceae,Carpobrotus,Oedemera lurida,Oedemera lurida,SPECIES,Coleoptera,Oedemeridae,Oedemera,No,MED4CA,2005,4,23,MED4CA_4,3,129,2,75,8
1_Bartomeus,MED4CA,Transect,Coastal shrubland,Sclerophyllous vegetation,Mediterranean,Spain,Cap de Creus Natural Park,42.319,3.303,2005-04-23,1,Carpobrotus affinis acinaciformis,Carpobrotus acinaciformis,SPECIES,Caryophyllales,Aizoaceae,Carpobrotus,Oedemera lurida,Oedemera lurida,SPECIES,Coleoptera,Oedemeridae,Oedemera,No,MED4CA,2005,4,23,MED4CA_4,3,129,2,75,8
1_Bartomeus,MED4CA,Transect,Coastal shrubland,Sclerophyllous vegetation,Mediterranean,Spain,Cap de Creus Natural Park,42.319,3.303,2005-04-23,1,Carpobrotus affinis acinaciformis,Carpobrotus acinaciformis,SPECIES,Caryophyllales,Aizoaceae,Carpobrotus,Oedemera lurida,Oedemera lurida,SPECIES,Coleoptera,Oedemeridae,Oedemera,No,MED4CA,2005,4,23,MED4CA_4,4,129,2,75,8
1_Bartomeus,MED4CA,Transect,Coastal shrubland,Sclerophyllous vegetation,Mediterranean,Spain,Cap de Creus Natural Park,42.319,3.303,2005-04-23,1,Carpobrotus affinis acinaciformis,Carpobrotus acinaciformis,SPECIES,Caryophyllales,Aizoaceae,Carpobrotus,Oedemera lurida,Oedemera lurida,SPECIES,Coleoptera,Oedemeridae,Oedemera,No,MED4CA,2005,4,23,MED4CA_4,1,129,2,75,8
1_Bartomeus,MED4CA,Transect,Coastal shrubland,Sclerophyllous vegetation,Mediterranean,Spain,Cap de Creus Natural Park,42.319,3.303,2005-04-23,1,Carpobrotus affinis acinaciformis,Carpobrotus acinaciformis,SPECIES,Caryophyllales,Aizoaceae,Carpobrotus,Oedemera lurida,Oedemera lurida,SPECIES,Coleoptera,Oedemeridae,Oedemera,No,MED4CA,2005,4,23,MED4CA_4,3,129,2,75,8
1_Bartomeus,MED4CA,Transect,Coastal shrubland,Sclerophyllous vegetation,Mediterranean,Spain,Cap de Creus Natural Park,42.319,3.303,2005-04-23,1,Carpobrotus affinis acinaciformis,Carpobrotus acinaciformis,SPECIES,Caryophyllales,Aizoaceae,Carpobrotus,Oedemera lurida,Oedemera lurida,SPECIES,Coleoptera,Oedemeridae,Oedemera,No,MED4CA,2005,4,23,MED4CA_4,1,129,2,75,8
1_Bartomeus,MED4CA,Transect,Coastal shrubland,Sclerophyllous vegetation,Mediterranean,Spain,Cap de Creus Natural Park,42.319,3.303,2005-04-23,1,Carpobrotus affinis acinaciformis,Carpobrotus acinaciformis,SPECIES,Caryophyllales,Aizoaceae,Carpobrotus,Mordellistena pumila,Mordellistena pumila,SPECIES,Coleoptera,Mordellidae,Mordellistena,No,MED4CA,2005,4,23,MED4CA_4,3,129,2,78,5
1_Bartomeus,MED4CA,Transect,Coastal shrubland,Sclerophyllous vegetation,Mediterranean,Spain,Cap de Creus Natural Park,42.319,3.303,2005-04-23,1,Carpobrotus affinis acinaciformis,Carpobrotus acinaciformis,SPECIES,Caryophyllales,Aizoaceae,Carpobrotus,Mordellistena pumila,Mordellistena pumila,SPECIES,Coleoptera,Mordellidae,Mordellistena,No,MED4CA,2005,4,23,MED4CA_4,3,129,2,78,5
1_Bartomeus,MED4CA,Transect,Coastal shrubland,Sclerophyllous vegetation,Mediterranean,Spain,Cap de Creus Natural Park,42.319,3.303,2005-04-26,1,Cistus salvifolius,Cistus salviifolius,SPECIES,Malvales,Cistaceae,Cistus,Oedemera nobilis,Oedemera nobilis,SPECIES,Coleoptera,Oedemeridae,Oedemera,No,MED4CA,2005,4,26,MED4CA_4,4,81,4,33,8
1_Bartomeus,MED4CA,Transect,Coastal shrubland,Sclerophyllous vegetation,Mediterranean,Spain,Cap de Creus Natural Park,42.319,3.303,2005-04-26,1,Cistus salvifolius,Cistus salviifolius,SPECIES,Malvales,Cistaceae,Cistus,Oedemera nobilis,Oedemera nobilis,SPECIES,Coleoptera,Oedemeridae,Oedemera,No,MED4CA,2005,4,26,MED4CA_4,3,81,4,33,8
1_Bartomeus,MED4CA,Focal_observation,Coastal shrubland,Sclerophyllous vegetation,Mediterranean,Spain,Cap de Creus Natural Park,42.319,3.303,2005-05-03,1,Carpobrotus affinis acinaciformis,Carpobrotus acinaciformis,SPECIES,Caryophyllales,Aizoaceae,Carpobrotus,Oedemera lurida,Oedemera lurida,SPECIES,Coleoptera,Oedemeridae,Oedemera,No,MED4CA,2005,5,3,MED4CA_5,1,129,2,75,8
1_Bartomeus,MED4CA,Transect,Coastal shrubland,Sclerophyllous vegetation,Mediterranean,Spain,Cap de Creus Natural Park,42.319,3.303,2005-03-27,1,Lavandula stoechas,Lavandula stoechas,SPECIES,Lamiales,Lamiaceae,Lavandula,Anthidium sticticum,Rhodanthidium sticticum,SPECIES,Hymenoptera,Megachilidae,Rhodanthidium,No,MED4CA,2005,3,27,MED4CA_3,1,91,9,66,8
1_Bartomeus,MED4CA,Transect,Coastal shrubland,Sclerophyllous vegetation,Mediterranean,Spain,Cap de Creus Natural Park,42.319,3.303,2005-03-27,1,Cistus albidus,Cistus albidus,SPECIES,Malvales,Cistaceae,Cistus,Oxythyrea funesta,Oxythyrea funesta,SPECIES,Coleoptera,Scarabaeidae,Oxythyrea,No,MED4CA,2005,3,27,MED4CA_3,1,51,4,54,3
1_Bartomeus,MED4CA,Transect,Coastal shrubland,Sclerophyllous vegetation,Mediterranean,Spain,Cap de Creus Natural Park,42.319,3.303,2005-03-27,1,Carpobrotus affinis acinaciformis,Carpobrotus acinaciformis,SPECIES,Caryophyllales,Aizoaceae,Carpobrotus,Mordellistena pumila,Mordellistena pumila,SPECIES,Coleoptera,Mordellidae,Mordellistena,No,MED4CA,2005,3,27,MED4CA_3,5,129,2,78,5
1_Bartomeus,MED4CA,Transect,Coastal shrubland,Sclerophyllous vegetation,Mediterranean,Spain,Cap de Creus Natural Park,42.319,3.303,2005-03-27,1,Carpobrotus affinis acinaciformis,Carpobrotus acinaciformis,SPECIES,Caryophyllales,Aizoaceae,Carpobrotus,Mordellistena pumila,Mordellistena pumila,SPECIES,Coleoptera,Mordellidae,Mordellistena,No,MED4CA,2005,3,27,MED4CA_3,4,129,2,78,5
1_Bartomeus,MED4CA,Transect,Coastal shrubland,Sclerophyllous vegetation,Mediterranean,Spain,Cap de Creus Natural Park,42.319,3.303,2005-03-27,1,Dorycnium pentaphyllum,Lotus dorycnium,SPECIES,Fabales,Fabaceae,Lotus,Coleoptera,Coleoptera,ORDER,Coleoptera,,,No,MED4CA,2005,3,27,MED4CA_3,1,25,6,73,5
1_Bartomeus,MED4CA,Transect,Coastal shrubland,Sclerophyllous vegetation,Mediterranean,Spain,Cap de Creus Natural Park,42.319,3.303,2005-03-30,1,Cistus salvifolius,Cistus salviifolius,SPECIES,Malvales,Cistaceae,Cistus,Plagiolepis pygmaea,Plagiolepis pygmaea,SPECIES,Hymenoptera,Formicidae,Plagiolepis,No,MED4CA,2005,3,30,MED4CA_3,5,81,4,41,4
1_Bartomeus,MED4CA,Transect,Coastal shrubland,Sclerophyllous vegetation,Mediterranean,Spain,Cap de Creus Natural Park,42.319,3.303,2005-03-27,1,Cistus salvifolius,Cistus salviifolius,SPECIES,Malvales,Cistaceae,Cistus,Dasytidae,Dasytidae,FAMILY,Coleoptera,Dasytidae,,No,MED4CA,2005,3,27,MED4CA_3,3,81,4,56,2
1_Bartomeus,MED4CA,Transect,Coastal shrubland,Sclerophyllous vegetation,Mediterranean,Spain,Cap de Creus Natural Park,42.319,3.303,2005-03-30,1,Cistus albidus,Cistus albidus,SPECIES,Malvales,Cistaceae,Cistus,Andrena,Andrena,GENUS,Hymenoptera,Andrenidae,Andrena,No,MED4CA,2005,3,30,MED4CA_3,5,51,4,81,1
1_Bartomeus,MED4CA,Transect,Coastal shrubland,Sclerophyllous vegetation,Mediterranean,Spain,Cap de Creus Natural Park,42.319,3.303,2005-04-23,1,Carpobrotus affinis acinaciformis,Carpobrotus acinaciformis,SPECIES,Caryophyllales,Aizoaceae,Carpobrotus,Oedemera nobilis,Oedemera nobilis,SPECIES,Coleoptera,Oedemeridae,Oedemera,No,MED4CA,2005,4,23,MED4CA_4,2,129,2,33,8
1_Bartomeus,MED4CA,Transect,Coastal shrubland,Sclerophyllous vegetation,Mediterranean,Spain,Cap de Creus Natural Park,42.319,3.303,2005-04-23,1,Cistus salvifolius,Cistus salviifolius,SPECIES,Malvales,Cistaceae,Cistus,Oedemera lurida,Oedemera lurida,SPECIES,Coleoptera,Oedemeridae,Oedemera,No,MED4CA,2005,4,23,MED4CA_4,4,81,4,75,8
1_Bartomeus,MED4CA,Transect,Coastal shrubland,Sclerophyllous vegetation,Mediterranean,Spain,Cap de Creus Natural Park,42.319,3.303,2005-04-23,1,Cistus salvifolius,Cistus salviifolius,SPECIES,Malvales,Cistaceae,Cistus,Oedemera lurida,Oedemera lurida,SPECIES,Coleoptera,Oedemeridae,Oedemera,No,MED4CA,2005,4,23,MED4CA_4,4,81,4,75,8
1_Bartomeus,MED4CA,Transect,Coastal shrubland,Sclerophyllous vegetation,Mediterranean,Spain,Cap de Creus Natural Park,42.319,3.303,2005-04-23,1,Carpobrotus affinis acinaciformis,Carpobrotus acinaciformis,SPECIES,Caryophyllales,Aizoaceae,Carpobrotus,Coleoptera,Coleoptera,ORDER,Coleoptera,,,No,MED4CA,2005,4,23,MED4CA_4,5,129,2,73,5
1_Bartomeus,MED4CA,Transect,Coastal shrubland,Sclerophyllous vegetation,Mediterranean,Spain,Cap de Creus Natural Park,42.319,3.303,2005-04-26,1,Cistus monspeliensis,Cistus monspeliensis,SPECIES,Malvales,Cistaceae,Cistus,Oedemera lurida,Oedemera lurida,SPECIES,Coleoptera,Oedemeridae,Oedemera,No,MED4CA,2005,4,26,MED4CA_4,3,133,4,75,8
1_Bartomeus,MIQ1OP,Focal_observation,Coastal shrubland,Sclerophyllous vegetation,Mediterranean,Spain,Cap de Creus Natural Park,42.398,3.147,2005-05-10,1,Sonchus tenerrinus,Sonchus tenerrimus,SPECIES,Asterales,Asteraceae,Sonchus,Apis melifera,Apis mellifera,SPECIES,Hymenoptera,Apidae,Apis,No,MIQ1OP,2005,5,10,MIQ1OP_5,5,166,5,59,3
1_Bartomeus,MIQ1OP,Focal_observation,Coastal shrubland,Sclerophyllous vegetation,Mediterranean,Spain,Cap de Creus Natural Park,42.398,3.147,2005-05-10,1,Sonchus tenerrinus,Sonchus tenerrimus,SPECIES,Asterales,Asteraceae,Sonchus,Apis melifera,Apis mellifera,SPECIES,Hymenoptera,Apidae,Apis,No,MIQ1OP,2005,5,10,MIQ1OP_5,1,166,5,59,3
1_Bartomeus,MIQ1OP,Focal_observation,Coastal shrubland,Sclerophyllous vegetation,Mediterranean,Spain,Cap de Creus Natural Park,42.398,3.147,2005-05-10,1,Urospermum picroides,Urospermum picroides,SPECIES,Asterales,Asteraceae,Urospermum,Mordellistena pumila,Mordellistena pumila,SPECIES,Coleoptera,Mordellidae,Mordellistena,No,MIQ1OP,2005,5,10,MIQ1OP_5,4,100,5,78,5
1_Bartomeus,MIQ1OP,Focal_observation,Coastal shrubland,Sclerophyllous vegetation,Mediterranean,Spain,Cap de Creus Natural Park,42.398,3.147,2005-05-11,1,Urospermum picroides,Urospermum picroides,SPECIES,Asterales,Asteraceae,Urospermum,Panurgus calcaratus,Panurgus calcaratus,SPECIES,Hymenoptera,Andrenidae,Panurgus,No,MIQ1OP,2005,5,11,MIQ1OP_5,3,100,5,23,10
1_Bartomeus,MIQ1OP,Focal_observation,Coastal shrubland,Sclerophyllous vegetation,Mediterranean,Spain,Cap de Creus Natural Park,42.398,3.147,2005-05-11,1,Urospermum picroides,Urospermum picroides,SPECIES,Asterales,Asteraceae,Urospermum,Panurgus calcaratus,Panurgus calcaratus,SPECIES,Hymenoptera,Andrenidae,Panurgus,No,MIQ1OP,2005,5,11,MIQ1OP_5,4,100,5,23,10
1_Bartomeus,MIQ1OP,Focal_observation,Coastal shrubland,Sclerophyllous vegetation,Mediterranean,Spain,Cap de Creus Natural Park,42.398,3.147,2005-05-11,1,Urospermum picroides,Urospermum picroides,SPECIES,Asterales,Asteraceae,Urospermum,Panurgus calcaratus,Panurgus calcaratus,SPECIES,Hymenoptera,Andrenidae,Panurgus,No,MIQ1OP,2005,5,11,MIQ1OP_5,4,100,5,23,10
1_Bartomeus,MIQ1OP,Focal_observation,Coastal shrubland,Sclerophyllous vegetation,Mediterranean,Spain,Cap de Creus Natural Park,42.398,3.147,2005-05-11,1,Urospermum picroides,Urospermum picroides,SPECIES,Asterales,Asteraceae,Urospermum,Panurgus calcaratus,Panurgus calcaratus,SPECIES,Hymenoptera,Andrenidae,Panurgus,No,MIQ1OP,2005,5,11,MIQ1OP_5,5,100,5,23,10
1_Bartomeus,MIQ1OP,Focal_observation,Coastal shrubland,Sclerophyllous vegetation,Mediterranean,Spain,Cap de Creus Natural Park,42.398,3.147,2005-05-11,1,Urospermum picroides,Urospermum picroides,SPECIES,Asterales,Asteraceae,Urospermum,Panurgus calcaratus,Panurgus calcaratus,SPECIES,Hymenoptera,Andrenidae,Panurgus,No,MIQ1OP,2005,5,11,MIQ1OP_5,1,100,5,23,10
1_Bartomeus,MIQ1OP,Focal_observation,Coastal shrubland,Sclerophyllous vegetation,Mediterranean,Spain,Cap de Creus Natural Park,42.398,3.147,2005-05-11,1,Urospermum picroides,Urospermum picroides,SPECIES,Asterales,Asteraceae,Urospermum,Panurgus calcaratus,Panurgus calcaratus,SPECIES,Hymenoptera,Andrenidae,Panurgus,No,MIQ1OP,2005,5,11,MIQ1OP_5,5,100,5,23,10
1_Bartomeus,MIQ1OP,Focal_observation,Coastal shrubland,Sclerophyllous vegetation,Mediterranean,Spain,Cap de Creus Natural Park,42.398,3.147,2005-05-22,1,Sonchus tenerrinus,Sonchus tenerrimus,SPECIES,Asterales,Asteraceae,Sonchus,Mylabris quadripunctata,Mylabris quadripunctata,SPECIES,Coleoptera,Meloidae,Mylabris,No,MIQ1OP,2005,5,22,MIQ1OP_5,3,166,5,44,3
1_Bartomeus,MIQ1OP,Focal_observation,Coastal shrubland,Sclerophyllous vegetation,Mediterranean,Spain,Cap de Creus Natural Park,42.398,3.147,2005-05-10,1,Daucus carota carota,Daucus carota,SPECIES,Apiales,Apiaceae,Daucus,Mordella bipunctata,Mediimorda bipunctata,SPECIES,Coleoptera,Mordellidae,Mediimorda,No,MIQ1OP,2005,5,10,MIQ1OP_5,2,135,5,48,5
1_Bartomeus,MIQ1OP,Focal_observation,Coastal shrubland,Sclerophyllous vegetation,Mediterranean,Spain,Cap de Creus Natural Park,42.398,3.147,2005-05-10,1,Daucus carota carota,Daucus carota,SPECIES,Apiales,Apiaceae,Daucus,Mordella bipunctata,Mediimorda bipunctata,SPECIES,Coleoptera,Mordellidae,Mediimorda,No,MIQ1OP,2005,5,10,MIQ1OP_5,1,135,5,48,5
1_Bartomeus,MIQ1OP,Focal_observation,Coastal shrubland,Sclerophyllous vegetation,Mediterranean,Spain,Cap de Creus Natural Park,42.398,3.147,2005-05-10,1,Daucus carota carota,Daucus carota,SPECIES,Apiales,Apiaceae,Daucus,Mordella bipunctata,Mediimorda bipunctata,SPECIES,Coleoptera,Mordellidae,Mediimorda,No,MIQ1OP,2005,5,10,MIQ1OP_5,5,135,5,48,5
1_Bartomeus,MIQ1OP,Focal_observation,Coastal shrubland,Sclerophyllous vegetation,Mediterranean,Spain,Cap de Creus Natural Park,42.398,3.147,2005-05-10,1,Sonchus tenerrinus,Sonchus tenerrimus,SPECIES,Asterales,Asteraceae,Sonchus,Halictus pyrenaeus,Halictus pyrenaeus,SPECIES,Hymenoptera,Halictidae,Halictus,No,MIQ1OP,2005,5,10,MIQ1OP_5,4,166,5,50,1
1_Bartomeus,MIQ1OP,Focal_observation,Coastal shrubland,Sclerophyllous vegetation,Mediterranean,Spain,Cap de Creus Natural Park,42.398,3.147,2005-05-10,1,Sonchus tenerrinus,Sonchus tenerrimus,SPECIES,Asterales,Asteraceae,Sonchus,Panurgus calcaratus,Panurgus calcaratus,SPECIES,Hymenoptera,Andrenidae,Panurgus,No,MIQ1OP,2005,5,10,MIQ1OP_5,3,166,5,23,10
1_Bartomeus,MIQ1OP,Focal_observation,Coastal shrubland,Sclerophyllous vegetation,Mediterranean,Spain,Cap de Creus Natural Park,42.398,3.147,2005-05-10,1,Sonchus tenerrinus,Sonchus tenerrimus,SPECIES,Asterales,Asteraceae,Sonchus,Panurgus calcaratus,Panurgus calcaratus,SPECIES,Hymenoptera,Andrenidae,Panurgus,No,MIQ1OP,2005,5,10,MIQ1OP_5,1,166,5,23,10
1_Bartomeus,MIQ1OP,Focal_observation,Coastal shrubland,Sclerophyllous vegetation,Mediterranean,Spain,Cap de Creus Natural Park,42.398,3.147,2005-05-15,1,Sonchus tenerrinus,Sonchus tenerrimus,SPECIES,Asterales,Asteraceae,Sonchus,Apis melifera,Apis mellifera,SPECIES,Hymenoptera,Apidae,Apis,No,MIQ1OP,2005,5,15,MIQ1OP_5,1,166,5,59,3
1_Bartomeus,MIQ1OP,Focal_observation,Coastal shrubland,Sclerophyllous vegetation,Mediterranean,Spain,Cap de Creus Natural Park,42.398,3.147,2005-05-15,1,Sonchus tenerrinus,Sonchus tenerrimus,SPECIES,Asterales,Asteraceae,Sonchus,Apis melifera,Apis mellifera,SPECIES,Hymenoptera,Apidae,Apis,No,MIQ1OP,2005,5,15,MIQ1OP_5,2,166,5,59,3
1_Bartomeus,MIQ1OP,Focal_observation,Coastal shrubland,Sclerophyllous vegetation,Mediterranean,Spain,Cap de Creus Natural Park,42.398,3.147,2005-05-10,1,Scabiosa stellata,Lomelosia stellata,SPECIES,Dipsacales,Caprifoliaceae,Lomelosia,Apis melifera,Apis mellifera,SPECIES,Hymenoptera,Apidae,Apis,No,MIQ1OP,2005,5,10,MIQ1OP_5,1,79,1,59,3
1_Bartomeus,MIQ1OP,Focal_observation,Coastal shrubland,Sclerophyllous vegetation,Mediterranean,Spain,Cap de Creus Natural Park,42.398,3.147,2005-05-10,1,Scabiosa stellata,Lomelosia stellata,SPECIES,Dipsacales,Caprifoliaceae,Lomelosia,Apis melifera,Apis mellifera,SPECIES,Hymenoptera,Apidae,Apis,No,MIQ1OP,2005,5,10,MIQ1OP_5,4,79,1,59,3
1_Bartomeus,MIQ1OP,Focal_observation,Coastal shrubland,Sclerophyllous vegetation,Mediterranean,Spain,Cap de Creus Natural Park,42.398,3.147,2005-05-10,1,Scabiosa stellata,Lomelosia stellata,SPECIES,Dipsacales,Caprifoliaceae,Lomelosia,Apis melifera,Apis mellifera,SPECIES,Hymenoptera,Apidae,Apis,No,MIQ1OP,2005,5,10,MIQ1OP_5,4,79,1,59,3
1_Bartomeus,MIQ1OP,Focal_observation,Coastal shrubland,Sclerophyllous vegetation,Mediterranean,Spain,Cap de Creus Natural Park,42.398,3.147,2005-05-10,1,Daucus carota carota,Daucus carota,SPECIES,Apiales,Apiaceae,Daucus,Trichodes apiarius,Trichodes apiarius,SPECIES,Coleoptera,Cleridae,Trichodes,No,MIQ1OP,2005,5,10,MIQ1OP_5,2,135,5,40,6
1_Bartomeus,MIQ1OP,Focal_observation,Coastal shrubland,Sclerophyllous vegetation,Mediterranean,Spain,Cap de Creus Natural Park,42.398,3.147,2005-05-10,1,Scabiosa stellata,Lomelosia stellata,SPECIES,Dipsacales,Caprifoliaceae,Lomelosia,Physocephala,Physocephala,GENUS,Diptera,Conopidae,Physocephala,No,MIQ1OP,2005,5,10,MIQ1OP_5,2,79,1,4,7
1_Bartomeus,MIQ1OP,Focal_observation,Coastal shrubland,Sclerophyllous vegetation,Mediterranean,Spain,Cap de Creus Natural Park,42.398,3.147,2005-05-15,1,Daucus carota carota,Daucus carota,SPECIES,Apiales,Apiaceae,Daucus,Mylabris quadripunctata,Mylabris quadripunctata,SPECIES,Coleoptera,Meloidae,Mylabris,No,MIQ1OP,2005,5,15,MIQ1OP_5,1,135,5,44,3
1_Bartomeus,MIQ1OP,Focal_observation,Coastal shrubland,Sclerophyllous vegetation,Mediterranean,Spain,Cap de Creus Natural Park,42.398,3.147,2005-05-22,1,Daucus carota carota,Daucus carota,SPECIES,Apiales,Apiaceae,Daucus,Mylabris quadripunctata,Mylabris quadripunctata,SPECIES,Coleoptera,Meloidae,Mylabris,No,MIQ1OP,2005,5,22,MIQ1OP_5,5,135,5,44,3
1_Bartomeus,MIQ1OP,Focal_observation,Coastal shrubland,Sclerophyllous vegetation,Mediterranean,Spain,Cap de Creus Natural Park,42.398,3.147,2005-05-22,1,Eryngium campestre,Eryngium campestre,SPECIES,Apiales,Apiaceae,Eryngium,Andrena,Andrena,GENUS,Hymenoptera,Andrenidae,Andrena,No,MIQ1OP,2005,5,22,MIQ1OP_5,1,27,4,81,1
1_Bartomeus,MIQ1OP,Focal_observation,Coastal shrubland,Sclerophyllous vegetation,Mediterranean,Spain,Cap de Creus Natural Park,42.398,3.147,2005-05-22,1,Eryngium campestre,Eryngium campestre,SPECIES,Apiales,Apiaceae,Eryngium,Andrena,Andrena,GENUS,Hymenoptera,Andrenidae,Andrena,No,MIQ1OP,2005,5,22,MIQ1OP_5,4,27,4,81,1
1_Bartomeus,MIQ1OP,Focal_observation,Coastal shrubland,Sclerophyllous vegetation,Mediterranean,Spain,Cap de Creus Natural Park,42.398,3.147,2005-05-28,1,Daucus carota carota,Daucus carota,SPECIES,Apiales,Apiaceae,Daucus,Trichodes apiarius,Trichodes apiarius,SPECIES,Coleoptera,Cleridae,Trichodes,No,MIQ1OP,2005,5,28,MIQ1OP_5,4,135,5,40,6
1_Bartomeus,MIQ1OP,Focal_observation,Coastal shrubland,Sclerophyllous vegetation,Mediterranean,Spain,Cap de Creus Natural Park,42.398,3.147,2005-05-10,1,Sonchus tenerrinus,Sonchus tenerrimus,SPECIES,Asterales,Asteraceae,Sonchus,Dasytidae,Dasytidae,FAMILY,Coleoptera,Dasytidae,,No,MIQ1OP,2005,5,10,MIQ1OP_5,5,166,5,56,2
1_Bartomeus,MIQ1OP,Focal_observation,Coastal shrubland,Sclerophyllous vegetation,Mediterranean,Spain,Cap de Creus Natural Park,42.398,3.147,2005-05-11,1,Sonchus tenerrinus,Sonchus tenerrimus,SPECIES,Asterales,Asteraceae,Sonchus,Diptera,Diptera,ORDER,Diptera,,,No,MIQ1OP,2005,5,11,MIQ1OP_5,3,166,5,19,5
1_Bartomeus,MIQ1OP,Focal_observation,Coastal shrubland,Sclerophyllous vegetation,Mediterranean,Spain,Cap de Creus Natural Park,42.398,3.147,2005-05-15,1,Sonchus tenerrinus,Sonchus tenerrimus,SPECIES,Asterales,Asteraceae,Sonchus,Oedemera barbara,Oedemera barbara,SPECIES,Coleoptera,Oedemeridae,Oedemera,No,MIQ1OP,2005,5,15,MIQ1OP_5,4,166,5,20,8
1_Bartomeus,MIQ1OP,Focal_observation,Coastal shrubland,Sclerophyllous vegetation,Mediterranean,Spain,Cap de Creus Natural Park,42.398,3.147,2005-05-15,1,Sonchus tenerrinus,Sonchus tenerrimus,SPECIES,Asterales,Asteraceae,Sonchus,Oedemera barbara,Oedemera barbara,SPECIES,Coleoptera,Oedemeridae,Oedemera,No,MIQ1OP,2005,5,15,MIQ1OP_5,2,166,5,20,8
1_Bartomeus,MIQ1OP,Focal_observation,Coastal shrubland,Sclerophyllous vegetation,Mediterranean,Spain,Cap de Creus Natural Park,42.398,3.147,2005-05-15,1,Sonchus tenerrinus,Sonchus tenerrimus,SPECIES,Asterales,Asteraceae,Sonchus,Oedemera barbara,Oedemera barbara,SPECIES,Coleoptera,Oedemeridae,Oedemera,No,MIQ1OP,2005,5,15,MIQ1OP_5,1,166,5,20,8
1_Bartomeus,MIQ1OP,Focal_observation,Coastal shrubland,Sclerophyllous vegetation,Mediterranean,Spain,Cap de Creus Natural Park,42.398,3.147,2005-05-10,1,Scabiosa stellata,Lomelosia stellata,SPECIES,Dipsacales,Caprifoliaceae,Lomelosia,Mylabris quadripunctata,Mylabris quadripunctata,SPECIES,Coleoptera,Meloidae,Mylabris,No,MIQ1OP,2005,5,10,MIQ1OP_5,5,79,1,44,3
1_Bartomeus,MIQ1OP,Focal_observation,Coastal shrubland,Sclerophyllous vegetation,Mediterranean,Spain,Cap de Creus Natural Park,42.398,3.147,2005-05-10,1,Scabiosa stellata,Lomelosia stellata,SPECIES,Dipsacales,Caprifoliaceae,Lomelosia,Bombilius,Bombylius,GENUS,Diptera,Bombyliidae,Bombylius,No,MIQ1OP,2005,5,10,MIQ1OP_5,5,79,1,42,2
1_Bartomeus,MIQ1OP,Focal_observation,Coastal shrubland,Sclerophyllous vegetation,Mediterranean,Spain,Cap de Creus Natural Park,42.398,3.147,2005-05-10,1,Convolvulus althaeoides,Convolvulus althaeoides,SPECIES,Solanales,Convolvulaceae,Convolvulus,Halictus pyrenaeus,Halictus pyrenaeus,SPECIES,Hymenoptera,Halictidae,Halictus,No,MIQ1OP,2005,5,10,MIQ1OP_5,5,44,9,50,1
1_Bartomeus,MIQ1OP,Focal_observation,Coastal shrubland,Sclerophyllous vegetation,Mediterranean,Spain,Cap de Creus Natural Park,42.398,3.147,2005-05-15,1,Daucus carota carota,Daucus carota,SPECIES,Apiales,Apiaceae,Daucus,Trichodes apiarius,Trichodes apiarius,SPECIES,Coleoptera,Cleridae,Trichodes,No,MIQ1OP,2005,5,15,MIQ1OP_5,4,135,5,40,6
1_Bartomeus,MIQ1OP,Focal_observation,Coastal shrubland,Sclerophyllous vegetation,Mediterranean,Spain,Cap de Creus Natural Park,42.398,3.147,2005-05-22,1,Daucus carota carota,Daucus carota,SPECIES,Apiales,Apiaceae,Daucus,Dasytidae,Dasytidae,FAMILY,Coleoptera,Dasytidae,,No,MIQ1OP,2005,5,22,MIQ1OP_5,1,135,5,56,2
1_Bartomeus,MIQ1OP,Focal_observation,Coastal shrubland,Sclerophyllous vegetation,Mediterranean,Spain,Cap de Creus Natural Park,42.398,3.147,2005-05-22,1,Daucus carota carota,Daucus carota,SPECIES,Apiales,Apiaceae,Daucus,Mordellistena pumila,Mordellistena pumila,SPECIES,Coleoptera,Mordellidae,Mordellistena,No,MIQ1OP,2005,5,22,MIQ1OP_5,2,135,5,78,5
1_Bartomeus,MIQ1OP,Focal_observation,Coastal shrubland,Sclerophyllous vegetation,Mediterranean,Spain,Cap de Creus Natural Park,42.398,3.147,2005-05-22,1,Daucus carota carota,Daucus carota,SPECIES,Apiales,Apiaceae,Daucus,Mordellistena pumila,Mordellistena pumila,SPECIES,Coleoptera,Mordellidae,Mordellistena,No,MIQ1OP,2005,5,22,MIQ1OP_5,3,135,5,78,5
1_Bartomeus,MIQ1OP,Focal_observation,Coastal shrubland,Sclerophyllous vegetation,Mediterranean,Spain,Cap de Creus Natural Park,42.398,3.147,2005-05-22,1,Daucus carota carota,Daucus carota,SPECIES,Apiales,Apiaceae,Daucus,Mordellistena pumila,Mordellistena pumila,SPECIES,Coleoptera,Mordellidae,Mordellistena,No,MIQ1OP,2005,5,22,MIQ1OP_5,3,135,5,78,5
1_Bartomeus,MIQ1OP,Focal_observation,Coastal shrubland,Sclerophyllous vegetation,Mediterranean,Spain,Cap de Creus Natural Park,42.398,3.147,2005-05-22,1,Daucus carota carota,Daucus carota,SPECIES,Apiales,Apiaceae,Daucus,Mordellistena pumila,Mordellistena pumila,SPECIES,Coleoptera,Mordellidae,Mordellistena,No,MIQ1OP,2005,5,22,MIQ1OP_5,1,135,5,78,5
1_Bartomeus,MIQ1OP,Focal_observation,Coastal shrubland,Sclerophyllous vegetation,Mediterranean,Spain,Cap de Creus Natural Park,42.398,3.147,2005-05-22,1,Daucus carota carota,Daucus carota,SPECIES,Apiales,Apiaceae,Daucus,Mordellistena pumila,Mordellistena pumila,SPECIES,Coleoptera,Mordellidae,Mordellistena,No,MIQ1OP,2005,5,22,MIQ1OP_5,1,135,5,78,5
1_Bartomeus,MIQ1OP,Focal_observation,Coastal shrubland,Sclerophyllous vegetation,Mediterranean,Spain,Cap de Creus Natural Park,42.398,3.147,2005-05-22,1,Eryngium campestre,Eryngium campestre,SPECIES,Apiales,Apiaceae,Eryngium,Mordellistena pumila,Mordellistena pumila,SPECIES,Coleoptera,Mordellidae,Mordellistena,No,MIQ1OP,2005,5,22,MIQ1OP_5,4,27,4,78,5
1_Bartomeus,MIQ1OP,Focal_observation,Coastal shrubland,Sclerophyllous vegetation,Mediterranean,Spain,Cap de Creus Natural Park,42.398,3.147,2005-05-28,1,Eryngium campestre,Eryngium campestre,SPECIES,Apiales,Apiaceae,Eryngium,Vanessa atalanta,Vanessa atalanta,SPECIES,Lepidoptera,Nymphalidae,Vanessa,No,MIQ1OP,2005,5,28,MIQ1OP_5,2,27,4,33,5
1_Bartomeus,MIQ1OP,Focal_observation,Coastal shrubland,Sclerophyllous vegetation,Mediterranean,Spain,Cap de Creus Natural Park,42.398,3.147,2005-05-28,1,Eryngium campestre,Eryngium campestre,SPECIES,Apiales,Apiaceae,Eryngium,Andrena,Andrena,GENUS,Hymenoptera,Andrenidae,Andrena,No,MIQ1OP,2005,5,28,MIQ1OP_5,5,27,4,81,1
1_Bartomeus,MIQ1OP,Focal_observation,Coastal shrubland,Sclerophyllous vegetation,Mediterranean,Spain,Cap de Creus Natural Park,42.398,3.147,2005-05-10,1,Sonchus tenerrinus,Sonchus tenerrimus,SPECIES,Asterales,Asteraceae,Sonchus,Halictus gemmeus,Seladonia gemmea,SPECIES,Hymenoptera,Halictidae,Seladonia,No,MIQ1OP,2005,5,10,MIQ1OP_5,4,166,5,22,1
1_Bartomeus,MIQ1OP,Focal_observation,Coastal shrubland,Sclerophyllous vegetation,Mediterranean,Spain,Cap de Creus Natural Park,42.398,3.147,2005-05-10,1,Sonchus tenerrinus,Sonchus tenerrimus,SPECIES,Asterales,Asteraceae,Sonchus,Syrphidae,Syrphidae,FAMILY,Diptera,Syrphidae,,No,MIQ1OP,2005,5,10,MIQ1OP_5,3,166,5,23,3
1_Bartomeus,MIQ1OP,Focal_observation,Coastal shrubland,Sclerophyllous vegetation,Mediterranean,Spain,Cap de Creus Natural Park,42.398,3.147,2005-05-15,1,Urospermum picroides,Urospermum picroides,SPECIES,Asterales,Asteraceae,Urospermum,Mylabris quadripunctata,Mylabris quadripunctata,SPECIES,Coleoptera,Meloidae,Mylabris,No,MIQ1OP,2005,5,15,MIQ1OP_5,3,100,5,44,3
1_Bartomeus,MIQ1OP,Focal_observation,Coastal shrubland,Sclerophyllous vegetation,Mediterranean,Spain,Cap de Creus Natural Park,42.398,3.147,2005-05-11,1,Daucus carota carota,Daucus carota,SPECIES,Apiales,Apiaceae,Daucus,Halictus gemmeus,Seladonia gemmea,SPECIES,Hymenoptera,Halictidae,Seladonia,No,MIQ1OP,2005,5,11,MIQ1OP_5,1,135,5,22,1
1_Bartomeus,MIQ1OP,Focal_observation,Coastal shrubland,Sclerophyllous vegetation,Mediterranean,Spain,Cap de Creus Natural Park,42.398,3.147,2005-05-10,1,Daucus carota carota,Daucus carota,SPECIES,Apiales,Apiaceae,Daucus,Mordellistena pumila,Mordellistena pumila,SPECIES,Coleoptera,Mordellidae,Mordellistena,No,MIQ1OP,2005,5,10,MIQ1OP_5,4,135,5,78,5
1_Bartomeus,MIQ1OP,Focal_observation,Coastal shrubland,Sclerophyllous vegetation,Mediterranean,Spain,Cap de Creus Natural Park,42.398,3.147,2005-05-10,1,Daucus carota carota,Daucus carota,SPECIES,Apiales,Apiaceae,Daucus,Mordellistena pumila,Mordellistena pumila,SPECIES,Coleoptera,Mordellidae,Mordellistena,No,MIQ1OP,2005,5,10,MIQ1OP_5,5,135,5,78,5
1_Bartomeus,MIQ1OP,Focal_observation,Coastal shrubland,Sclerophyllous vegetation,Mediterranean,Spain,Cap de Creus Natural Park,42.398,3.147,2005-05-11,1,Scabiosa stellata,Lomelosia stellata,SPECIES,Dipsacales,Caprifoliaceae,Lomelosia,Diptera,Diptera,ORDER,Diptera,,,No,MIQ1OP,2005,5,11,MIQ1OP_5,5,79,1,19,5
1_Bartomeus,MIQ1OP,Focal_observation,Coastal shrubland,Sclerophyllous vegetation,Mediterranean,Spain,Cap de Creus Natural Park,42.398,3.147,2005-05-15,1,Scabiosa stellata,Lomelosia stellata,SPECIES,Dipsacales,Caprifoliaceae,Lomelosia,Mylabris quadripunctata,Mylabris quadripunctata,SPECIES,Coleoptera,Meloidae,Mylabris,No,MIQ1OP,2005,5,15,MIQ1OP_5,2,79,1,44,3
1_Bartomeus,MIQ1OP,Focal_observation,Coastal shrubland,Sclerophyllous vegetation,Mediterranean,Spain,Cap de Creus Natural Park,42.398,3.147,2005-05-22,1,Daucus carota carota,Daucus carota,SPECIES,Apiales,Apiaceae,Daucus,Oedemera lurida,Oedemera lurida,SPECIES,Coleoptera,Oedemeridae,Oedemera,No,MIQ1OP,2005,5,22,MIQ1OP_5,4,135,5,75,8
1_Bartomeus,MIQ1OP,Focal_observation,Coastal shrubland,Sclerophyllous vegetation,Mediterranean,Spain,Cap de Creus Natural Park,42.398,3.147,2005-05-28,1,Scabiosa stellata,Lomelosia stellata,SPECIES,Dipsacales,Caprifoliaceae,Lomelosia,Ceratina curcurbitina,Ceratina cucurbitina,SPECIES,Hymenoptera,Apidae,Ceratina,No,MIQ1OP,2005,5,28,MIQ1OP_5,2,79,1,24,4
1_Bartomeus,MIQ1OP,Focal_observation,Coastal shrubland,Sclerophyllous vegetation,Mediterranean,Spain,Cap de Creus Natural Park,42.398,3.147,2005-05-28,1,Daucus carota carota,Daucus carota,SPECIES,Apiales,Apiaceae,Daucus,Mordellistena pumila,Mordellistena pumila,SPECIES,Coleoptera,Mordellidae,Mordellistena,No,MIQ1OP,2005,5,28,MIQ1OP_5,1,135,5,78,5
1_Bartomeus,MIQ1OP,Focal_observation,Coastal shrubland,Sclerophyllous vegetation,Mediterranean,Spain,Cap de Creus Natural Park,42.398,3.147,2005-05-22,1,Sonchus tenerrinus,Sonchus tenerrimus,SPECIES,Asterales,Asteraceae,Sonchus,Panurgus calcaratus,Panurgus calcaratus,SPECIES,Hymenoptera,Andrenidae,Panurgus,No,MIQ1OP,2005,5,22,MIQ1OP_5,1,166,5,23,10
1_Bartomeus,MIQ1OP,Focal_observation,Coastal shrubland,Sclerophyllous vegetation,Mediterranean,Spain,Cap de Creus Natural Park,42.398,3.147,2005-05-10,1,Sonchus tenerrinus,Sonchus tenerrimus,SPECIES,Asterales,Asteraceae,Sonchus,Trichodes apiarius,Trichodes apiarius,SPECIES,Coleoptera,Cleridae,Trichodes,No,MIQ1OP,2005,5,10,MIQ1OP_5,3,166,5,40,6
1_Bartomeus,MIQ1OP,Focal_observation,Coastal shrubland,Sclerophyllous vegetation,Mediterranean,Spain,Cap de Creus Natural Park,42.398,3.147,2005-05-10,1,Urospermum picroides,Urospermum picroides,SPECIES,Asterales,Asteraceae,Urospermum,Halictus gemmeus,Seladonia gemmea,SPECIES,Hymenoptera,Halictidae,Seladonia,No,MIQ1OP,2005,5,10,MIQ1OP_5,1,100,5,22,1
1_Bartomeus,MIQ1OP,Focal_observation,Coastal shrubland,Sclerophyllous vegetation,Mediterranean,Spain,Cap de Creus Natural Park,42.398,3.147,2005-05-15,1,Sonchus tenerrinus,Sonchus tenerrimus,SPECIES,Asterales,Asteraceae,Sonchus,Panurgus calcaratus,Panurgus calcaratus,SPECIES,Hymenoptera,Andrenidae,Panurgus,No,MIQ1OP,2005,5,15,MIQ1OP_5,2,166,5,23,10
1_Bartomeus,MIQ1OP,Focal_observation,Coastal shrubland,Sclerophyllous vegetation,Mediterranean,Spain,Cap de Creus Natural Park,42.398,3.147,2005-05-10,1,Psoralea bituminosa,Bituminaria bituminosa,SPECIES,Fabales,Fabaceae,Bituminaria,Dasytidae,Dasytidae,FAMILY,Coleoptera,Dasytidae,,No,MIQ1OP,2005,5,10,MIQ1OP_5,3,38,6,56,2
1_Bartomeus,MIQ1OP,Focal_observation,Coastal shrubland,Sclerophyllous vegetation,Mediterranean,Spain,Cap de Creus Natural Park,42.398,3.147,2005-05-10,1,Psoralea bituminosa,Bituminaria bituminosa,SPECIES,Fabales,Fabaceae,Bituminaria,Dasytidae,Dasytidae,FAMILY,Coleoptera,Dasytidae,,No,MIQ1OP,2005,5,10,MIQ1OP_5,3,38,6,56,2
1_Bartomeus,MIQ1OP,Focal_observation,Coastal shrubland,Sclerophyllous vegetation,Mediterranean,Spain,Cap de Creus Natural Park,42.398,3.147,2005-05-11,1,Scabiosa stellata,Lomelosia stellata,SPECIES,Dipsacales,Caprifoliaceae,Lomelosia,Andrena,Andrena,GENUS,Hymenoptera,Andrenidae,Andrena,No,MIQ1OP,2005,5,11,MIQ1OP_5,5,79,1,81,1
1_Bartomeus,MIQ1OP,Focal_observation,Coastal shrubland,Sclerophyllous vegetation,Mediterranean,Spain,Cap de Creus Natural Park,42.398,3.147,2005-05-10,1,Daucus carota carota,Daucus carota,SPECIES,Apiales,Apiaceae,Daucus,Camponotus aetiops,Camponotus aethiops,SPECIES,Hymenoptera,Formicidae,Camponotus,No,MIQ1OP,2005,5,10,MIQ1OP_5,5,135,5,32,10
1_Bartomeus,MIQ1OP,Focal_observation,Coastal shrubland,Sclerophyllous vegetation,Mediterranean,Spain,Cap de Creus Natural Park,42.398,3.147,2005-05-22,1,Daucus carota carota,Daucus carota,SPECIES,Apiales,Apiaceae,Daucus,Halictus gemmeus,Seladonia gemmea,SPECIES,Hymenoptera,Halictidae,Seladonia,No,MIQ1OP,2005,5,22,MIQ1OP_5,2,135,5,22,1
1_Bartomeus,MIQ1OP,Focal_observation,Coastal shrubland,Sclerophyllous vegetation,Mediterranean,Spain,Cap de Creus Natural Park,42.398,3.147,2005-05-28,1,Daucus carota carota,Daucus carota,SPECIES,Apiales,Apiaceae,Daucus,Mylabris quadripunctata,Mylabris quadripunctata,SPECIES,Coleoptera,Meloidae,Mylabris,No,MIQ1OP,2005,5,28,MIQ1OP_5,2,135,5,44,3
1_Bartomeus,MIQ1OP,Focal_observation,Coastal shrubland,Sclerophyllous vegetation,Mediterranean,Spain,Cap de Creus Natural Park,42.398,3.147,2005-05-28,1,Daucus carota carota,Daucus carota,SPECIES,Apiales,Apiaceae,Daucus,Hylaeus nigritus,Hylaeus nigritus,SPECIES,Hymenoptera,Colletidae,Hylaeus,No,MIQ1OP,2005,5,28,MIQ1OP_5,5,135,5,43,5
1_Bartomeus,MIQ1OP,Focal_observation,Coastal shrubland,Sclerophyllous vegetation,Mediterranean,Spain,Cap de Creus Natural Park,42.398,3.147,2005-05-10,1,Brassica fruticulosa,Brassica fruticulosa,SPECIES,Brassicales,Brassicaceae,Brassica,Colletes,Colletes,GENUS,Hymenoptera,Colletidae,Colletes,No,MIQ1OP,2005,5,10,MIQ1OP_5,4,22,10,23,5
1_Bartomeus,MIQ1OP,Focal_observation,Coastal shrubland,Sclerophyllous vegetation,Mediterranean,Spain,Cap de Creus Natural Park,42.398,3.147,2005-05-15,1,Scabiosa stellata,Lomelosia stellata,SPECIES,Dipsacales,Caprifoliaceae,Lomelosia,Bombus terrestris,Bombus terrestris,SPECIES,Hymenoptera,Apidae,Bombus,No,MIQ1OP,2005,5,15,MIQ1OP_5,1,79,1,55,4
1_Bartomeus,MIQ1OP,Focal_observation,Coastal shrubland,Sclerophyllous vegetation,Mediterranean,Spain,Cap de Creus Natural Park,42.398,3.147,2005-05-22,1,Scabiosa stellata,Lomelosia stellata,SPECIES,Dipsacales,Caprifoliaceae,Lomelosia,Papilio machaon,Papilio machaon,SPECIES,Lepidoptera,Papilionidae,Papilio,No,MIQ1OP,2005,5,22,MIQ1OP_5,3,79,1,24,1
1_Bartomeus,MIQ1OP,Focal_observation,Coastal shrubland,Sclerophyllous vegetation,Mediterranean,Spain,Cap de Creus Natural Park,42.398,3.147,2005-05-22,1,Daucus carota carota,Daucus carota,SPECIES,Apiales,Apiaceae,Daucus,Andrena,Andrena,GENUS,Hymenoptera,Andrenidae,Andrena,No,MIQ1OP,2005,5,22,MIQ1OP_5,3,135,5,81,1
1_Bartomeus,MIQ1OP,Focal_observation,Coastal shrubland,Sclerophyllous vegetation,Mediterranean,Spain,Cap de Creus Natural Park,42.398,3.147,2005-05-22,1,Daucus carota carota,Daucus carota,SPECIES,Apiales,Apiaceae,Daucus,Andrena,Andrena,GENUS,Hymenoptera,Andrenidae,Andrena,No,MIQ1OP,2005,5,22,MIQ1OP_5,5,135,5,81,1
1_Bartomeus,MIQ1OP,Focal_observation,Coastal shrubland,Sclerophyllous vegetation,Mediterranean,Spain,Cap de Creus Natural Park,42.398,3.147,2005-05-22,1,Daucus carota carota,Daucus carota,SPECIES,Apiales,Apiaceae,Daucus,Andrena,Andrena,GENUS,Hymenoptera,Andrenidae,Andrena,No,MIQ1OP,2005,5,22,MIQ1OP_5,3,135,5,81,1
1_Bartomeus,MIQ1OP,Focal_observation,Coastal shrubland,Sclerophyllous vegetation,Mediterranean,Spain,Cap de Creus Natural Park,42.398,3.147,2005-05-22,1,Daucus carota carota,Daucus carota,SPECIES,Apiales,Apiaceae,Daucus,Andrena,Andrena,GENUS,Hymenoptera,Andrenidae,Andrena,No,MIQ1OP,2005,5,22,MIQ1OP_5,2,135,5,81,1
1_Bartomeus,MIQ1OP,Focal_observation,Coastal shrubland,Sclerophyllous vegetation,Mediterranean,Spain,Cap de Creus Natural Park,42.398,3.147,2005-05-28,1,Scabiosa stellata,Lomelosia stellata,SPECIES,Dipsacales,Caprifoliaceae,Lomelosia,Mylabris quadripunctata,Mylabris quadripunctata,SPECIES,Coleoptera,Meloidae,Mylabris,No,MIQ1OP,2005,5,28,MIQ1OP_5,5,79,1,44,3
1_Bartomeus,MIQ1OP,Random walk,Coastal shrubland,Sclerophyllous vegetation,Mediterranean,Spain,Cap de Creus Natural Park,42.398,3.147,2005-04-28,1,Daucus carota carota,Daucus carota,SPECIES,Apiales,Apiaceae,Daucus,Tachinidae,Tachinidae,FAMILY,Diptera,Tachinidae,,No,MIQ1OP,2005,4,28,MIQ1OP_4,3,135,5,10,9
1_Bartomeus,MIQ2OP,Random walk,Coastal shrubland,Sclerophyllous vegetation,Mediterranean,Spain,Cap de Creus Natural Park,42.398,3.15,2005-05-10,1,Sonchus tenerrinus,Sonchus tenerrimus,SPECIES,Asterales,Asteraceae,Sonchus,Osmia submicans,Osmia submicans,SPECIES,Hymenoptera,Megachilidae,Osmia,No,MIQ2OP,2005,5,10,MIQ2OP_5,3,166,5,20,8
1_Bartomeus,MIQ2OP,Random walk,Coastal shrubland,Sclerophyllous vegetation,Mediterranean,Spain,Cap de Creus Natural Park,42.398,3.15,2005-05-10,1,Sonchus tenerrinus,Sonchus tenerrimus,SPECIES,Asterales,Asteraceae,Sonchus,Osmia submicans,Osmia submicans,SPECIES,Hymenoptera,Megachilidae,Osmia,No,MIQ2OP,2005,5,10,MIQ2OP_5,4,166,5,20,8
1_Bartomeus,MIQ2OP,Random walk,Coastal shrubland,Sclerophyllous vegetation,Mediterranean,Spain,Cap de Creus Natural Park,42.398,3.15,2005-05-11,1,Opuntia stricta,Opuntia stricta,SPECIES,Caryophyllales,Cactaceae,Opuntia,Lasioglossum interruptum,Lasioglossum interruptum,SPECIES,Hymenoptera,Halictidae,Lasioglossum,No,MIQ2OP,2005,5,11,MIQ2OP_5,5,72,3,32,1
1_Bartomeus,MIQ2OP,Random walk,Coastal shrubland,Sclerophyllous vegetation,Mediterranean,Spain,Cap de Creus Natural Park,42.398,3.15,2005-05-15,1,Opuntia stricta,Opuntia stricta,SPECIES,Caryophyllales,Cactaceae,Opuntia,Bombus terrestris,Bombus terrestris,SPECIES,Hymenoptera,Apidae,Bombus,No,MIQ2OP,2005,5,15,MIQ2OP_5,2,72,3,55,4
1_Bartomeus,MIQ2OP,Random walk,Coastal shrubland,Sclerophyllous vegetation,Mediterranean,Spain,Cap de Creus Natural Park,42.398,3.15,2005-05-15,1,Opuntia stricta,Opuntia stricta,SPECIES,Caryophyllales,Cactaceae,Opuntia,Bombus terrestris,Bombus terrestris,SPECIES,Hymenoptera,Apidae,Bombus,No,MIQ2OP,2005,5,15,MIQ2OP_5,5,72,3,55,4
1_Bartomeus,MIQ2OP,Random walk,Coastal shrubland,Sclerophyllous vegetation,Mediterranean,Spain,Cap de Creus Natural Park,42.398,3.15,2005-05-22,1,Opuntia stricta,Opuntia stricta,SPECIES,Caryophyllales,Cactaceae,Opuntia,Halictus pyrenaeus,Halictus pyrenaeus,SPECIES,Hymenoptera,Halictidae,Halictus,No,MIQ2OP,2005,5,22,MIQ2OP_5,3,72,3,50,1
1_Bartomeus,MIQ2OP,Random walk,Coastal shrubland,Sclerophyllous vegetation,Mediterranean,Spain,Cap de Creus Natural Park,42.398,3.15,2005-05-28,1,Opuntia stricta,Opuntia stricta,SPECIES,Caryophyllales,Cactaceae,Opuntia,Bombus terrestris,Bombus terrestris,SPECIES,Hymenoptera,Apidae,Bombus,No,MIQ2OP,2005,5,28,MIQ2OP_5,5,72,3,55,4
1_Bartomeus,MIQ2OP,Random walk,Coastal shrubland,Sclerophyllous vegetation,Mediterranean,Spain,Cap de Creus Natural Park,42.398,3.15,2005-05-28,1,Opuntia stricta,Opuntia stricta,SPECIES,Caryophyllales,Cactaceae,Opuntia,Bombus terrestris,Bombus terrestris,SPECIES,Hymenoptera,Apidae,Bombus,No,MIQ2OP,2005,5,28,MIQ2OP_5,2,72,3,55,4
1_Bartomeus,MIQ2OP,Random walk,Coastal shrubland,Sclerophyllous vegetation,Mediterranean,Spain,Cap de Creus Natural Park,42.398,3.15,2005-05-28,1,Opuntia stricta,Opuntia stricta,SPECIES,Caryophyllales,Cactaceae,Opuntia,Bombus terrestris,Bombus terrestris,SPECIES,Hymenoptera,Apidae,Bombus,No,MIQ2OP,2005,5,28,MIQ2OP_5,5,72,3,55,4
1_Bartomeus,MIQ2OP,Random walk,Coastal shrubland,Sclerophyllous vegetation,Mediterranean,Spain,Cap de Creus Natural Park,42.398,3.15,2005-05-28,1,Opuntia stricta,Opuntia stricta,SPECIES,Caryophyllales,Cactaceae,Opuntia,Bombus terrestris,Bombus terrestris,SPECIES,Hymenoptera,Apidae,Bombus,No,MIQ2OP,2005,5,28,MIQ2OP_5,5,72,3,55,4
1_Bartomeus,MIQ2OP,Random walk,Coastal shrubland,Sclerophyllous vegetation,Mediterranean,Spain,Cap de Creus Natural Park,42.398,3.15,2005-05-28,1,Opuntia stricta,Opuntia stricta,SPECIES,Caryophyllales,Cactaceae,Opuntia,Bombus terrestris,Bombus terrestris,SPECIES,Hymenoptera,Apidae,Bombus,No,MIQ2OP,2005,5,28,MIQ2OP_5,3,72,3,55,4
1_Bartomeus,MIQ2OP,Random walk,Coastal shrubland,Sclerophyllous vegetation,Mediterranean,Spain,Cap de Creus Natural Park,42.398,3.15,2005-05-11,1,Daucus carota carota,Daucus carota,SPECIES,Apiales,Apiaceae,Daucus,Halictus gemmeus,Seladonia gemmea,SPECIES,Hymenoptera,Halictidae,Seladonia,No,MIQ2OP,2005,5,11,MIQ2OP_5,4,135,5,22,1
1_Bartomeus,MIQ2OP,Random walk,Coastal shrubland,Sclerophyllous vegetation,Mediterranean,Spain,Cap de Creus Natural Park,42.398,3.15,2005-05-11,1,Daucus carota carota,Daucus carota,SPECIES,Apiales,Apiaceae,Daucus,Andrena,Andrena,GENUS,Hymenoptera,Andrenidae,Andrena,No,MIQ2OP,2005,5,11,MIQ2OP_5,5,135,5,81,1
1_Bartomeus,MIQ2OP,Random walk,Coastal shrubland,Sclerophyllous vegetation,Mediterranean,Spain,Cap de Creus Natural Park,42.398,3.15,2005-05-11,1,Daucus carota carota,Daucus carota,SPECIES,Apiales,Apiaceae,Daucus,Andrena,Andrena,GENUS,Hymenoptera,Andrenidae,Andrena,No,MIQ2OP,2005,5,11,MIQ2OP_5,4,135,5,81,1
1_Bartomeus,MIQ2OP,Random walk,Coastal shrubland,Sclerophyllous vegetation,Mediterranean,Spain,Cap de Creus Natural Park,42.398,3.15,2005-05-11,1,Daucus carota carota,Daucus carota,SPECIES,Apiales,Apiaceae,Daucus,Andrena,Andrena,GENUS,Hymenoptera,Andrenidae,Andrena,No,MIQ2OP,2005,5,11,MIQ2OP_5,5,135,5,81,1
1_Bartomeus,MIQ2OP,Random walk,Coastal shrubland,Sclerophyllous vegetation,Mediterranean,Spain,Cap de Creus Natural Park,42.398,3.15,2005-05-15,1,Eryngium campestre,Eryngium campestre,SPECIES,Apiales,Apiaceae,Eryngium,Oedemera flavipes,Oedemera flavipes,SPECIES,Coleoptera,Oedemeridae,Oedemera,No,MIQ2OP,2005,5,15,MIQ2OP_5,5,27,4,49,8
1_Bartomeus,MIQ2OP,Random walk,Coastal shrubland,Sclerophyllous vegetation,Mediterranean,Spain,Cap de Creus Natural Park,42.398,3.15,2005-05-15,1,Eryngium campestre,Eryngium campestre,SPECIES,Apiales,Apiaceae,Eryngium,Oedemera flavipes,Oedemera flavipes,SPECIES,Coleoptera,Oedemeridae,Oedemera,No,MIQ2OP,2005,5,15,MIQ2OP_5,1,27,4,49,8
1_Bartomeus,MIQ2OP,Random walk,Coastal shrubland,Sclerophyllous vegetation,Mediterranean,Spain,Cap de Creus Natural Park,42.398,3.15,2005-05-22,1,Daucus carota carota,Daucus carota,SPECIES,Apiales,Apiaceae,Daucus,Andrena,Andrena,GENUS,Hymenoptera,Andrenidae,Andrena,No,MIQ2OP,2005,5,22,MIQ2OP_5,3,135,5,81,1
1_Bartomeus,MIQ2OP,Random walk,Coastal shrubland,Sclerophyllous vegetation,Mediterranean,Spain,Cap de Creus Natural Park,42.398,3.15,2005-05-28,1,Eryngium campestre,Eryngium campestre,SPECIES,Apiales,Apiaceae,Eryngium,Andrena,Andrena,GENUS,Hymenoptera,Andrenidae,Andrena,No,MIQ2OP,2005,5,28,MIQ2OP_5,5,27,4,81,1
1_Bartomeus,MIQ2OP,Random walk,Coastal shrubland,Sclerophyllous vegetation,Mediterranean,Spain,Cap de Creus Natural Park,42.398,3.15,2005-05-28,1,Eryngium campestre,Eryngium campestre,SPECIES,Apiales,Apiaceae,Eryngium,Andrena,Andrena,GENUS,Hymenoptera,Andrenidae,Andrena,No,MIQ2OP,2005,5,28,MIQ2OP_5,5,27,4,81,1
1_Bartomeus,MIQ2OP,Random walk,Coastal shrubland,Sclerophyllous vegetation,Mediterranean,Spain,Cap de Creus Natural Park,42.398,3.15,2005-05-11,1,Sonchus tenerrinus,Sonchus tenerrimus,SPECIES,Asterales,Asteraceae,Sonchus,Panurgus calcaratus,Panurgus calcaratus,SPECIES,Hymenoptera,Andrenidae,Panurgus,No,MIQ2OP,2005,5,11,MIQ2OP_5,5,166,5,23,10
1_Bartomeus,MIQ2OP,Random walk,Coastal shrubland,Sclerophyllous vegetation,Mediterranean,Spain,Cap de Creus Natural Park,42.398,3.15,2005-05-11,1,Sonchus tenerrinus,Sonchus tenerrimus,SPECIES,Asterales,Asteraceae,Sonchus,Panurgus calcaratus,Panurgus calcaratus,SPECIES,Hymenoptera,Andrenidae,Panurgus,No,MIQ2OP,2005,5,11,MIQ2OP_5,1,166,5,23,10
1_Bartomeus,MIQ2OP,Random walk,Coastal shrubland,Sclerophyllous vegetation,Mediterranean,Spain,Cap de Creus Natural Park,42.398,3.15,2005-05-10,1,Opuntia stricta,Opuntia stricta,SPECIES,Caryophyllales,Cactaceae,Opuntia,Halictus pyrenaeus,Halictus pyrenaeus,SPECIES,Hymenoptera,Halictidae,Halictus,No,MIQ2OP,2005,5,10,MIQ2OP_5,5,72,3,50,1
1_Bartomeus,MIQ2OP,Random walk,Coastal shrubland,Sclerophyllous vegetation,Mediterranean,Spain,Cap de Creus Natural Park,42.398,3.15,2005-05-15,1,Opuntia stricta,Opuntia stricta,SPECIES,Caryophyllales,Cactaceae,Opuntia,Apis melifera,Apis mellifera,SPECIES,Hymenoptera,Apidae,Apis,No,MIQ2OP,2005,5,15,MIQ2OP_5,5,72,3,59,3
1_Bartomeus,MIQ2OP,Random walk,Coastal shrubland,Sclerophyllous vegetation,Mediterranean,Spain,Cap de Creus Natural Park,42.398,3.15,2005-05-15,1,Opuntia stricta,Opuntia stricta,SPECIES,Caryophyllales,Cactaceae,Opuntia,Apis melifera,Apis mellifera,SPECIES,Hymenoptera,Apidae,Apis,No,MIQ2OP,2005,5,15,MIQ2OP_5,1,72,3,59,3
1_Bartomeus,MIQ2OP,Random walk,Coastal shrubland,Sclerophyllous vegetation,Mediterranean,Spain,Cap de Creus Natural Park,42.398,3.15,2005-05-15,1,Opuntia stricta,Opuntia stricta,SPECIES,Caryophyllales,Cactaceae,Opuntia,Apis melifera,Apis mellifera,SPECIES,Hymenoptera,Apidae,Apis,No,MIQ2OP,2005,5,15,MIQ2OP_5,4,72,3,59,3
1_Bartomeus,MIQ2OP,Random walk,Coastal shrubland,Sclerophyllous vegetation,Mediterranean,Spain,Cap de Creus Natural Park,42.398,3.15,2005-05-15,1,Opuntia stricta,Opuntia stricta,SPECIES,Caryophyllales,Cactaceae,Opuntia,Apis melifera,Apis mellifera,SPECIES,Hymenoptera,Apidae,Apis,No,MIQ2OP,2005,5,15,MIQ2OP_5,3,72,3,59,3
1_Bartomeus,MIQ2OP,Random walk,Coastal shrubland,Sclerophyllous vegetation,Mediterranean,Spain,Cap de Creus Natural Park,42.398,3.15,2005-05-22,1,Opuntia stricta,Opuntia stricta,SPECIES,Caryophyllales,Cactaceae,Opuntia,Apis melifera,Apis mellifera,SPECIES,Hymenoptera,Apidae,Apis,No,MIQ2OP,2005,5,22,MIQ2OP_5,3,72,3,59,3
1_Bartomeus,MIQ2OP,Random walk,Coastal shrubland,Sclerophyllous vegetation,Mediterranean,Spain,Cap de Creus Natural Park,42.398,3.15,2005-05-22,1,Opuntia stricta,Opuntia stricta,SPECIES,Caryophyllales,Cactaceae,Opuntia,Apis melifera,Apis mellifera,SPECIES,Hymenoptera,Apidae,Apis,No,MIQ2OP,2005,5,22,MIQ2OP_5,5,72,3,59,3
1_Bartomeus,MIQ2OP,Random walk,Coastal shrubland,Sclerophyllous vegetation,Mediterranean,Spain,Cap de Creus Natural Park,42.398,3.15,2005-05-22,1,Opuntia stricta,Opuntia stricta,SPECIES,Caryophyllales,Cactaceae,Opuntia,Apis melifera,Apis mellifera,SPECIES,Hymenoptera,Apidae,Apis,No,MIQ2OP,2005,5,22,MIQ2OP_5,2,72,3,59,3
1_Bartomeus,MIQ2OP,Random walk,Coastal shrubland,Sclerophyllous vegetation,Mediterranean,Spain,Cap de Creus Natural Park,42.398,3.15,2005-05-28,1,Opuntia stricta,Opuntia stricta,SPECIES,Caryophyllales,Cactaceae,Opuntia,Apis melifera,Apis mellifera,SPECIES,Hymenoptera,Apidae,Apis,No,MIQ2OP,2005,5,28,MIQ2OP_5,2,72,3,59,3
1_Bartomeus,MIQ2OP,Random walk,Coastal shrubland,Sclerophyllous vegetation,Mediterranean,Spain,Cap de Creus Natural Park,42.398,3.15,2005-05-10,1,Scabiosa stellata,Lomelosia stellata,SPECIES,Dipsacales,Caprifoliaceae,Lomelosia,Apis melifera,Apis mellifera,SPECIES,Hymenoptera,Apidae,Apis,No,MIQ2OP,2005,5,10,MIQ2OP_5,2,79,1,59,3
1_Bartomeus,MIQ2OP,Random walk,Coastal shrubland,Sclerophyllous vegetation,Mediterranean,Spain,Cap de Creus Natural Park,42.398,3.15,2005-05-10,1,Scabiosa stellata,Lomelosia stellata,SPECIES,Dipsacales,Caprifoliaceae,Lomelosia,Apis melifera,Apis mellifera,SPECIES,Hymenoptera,Apidae,Apis,No,MIQ2OP,2005,5,10,MIQ2OP_5,1,79,1,59,3
1_Bartomeus,MIQ2OP,Random walk,Coastal shrubland,Sclerophyllous vegetation,Mediterranean,Spain,Cap de Creus Natural Park,42.398,3.15,2005-05-10,1,Scabiosa stellata,Lomelosia stellata,SPECIES,Dipsacales,Caprifoliaceae,Lomelosia,Apis melifera,Apis mellifera,SPECIES,Hymenoptera,Apidae,Apis,No,MIQ2OP,2005,5,10,MIQ2OP_5,5,79,1,59,3
1_Bartomeus,MIQ2OP,Random walk,Coastal shrubland,Sclerophyllous vegetation,Mediterranean,Spain,Cap de Creus Natural Park,42.398,3.15,2005-05-10,1,Scabiosa stellata,Lomelosia stellata,SPECIES,Dipsacales,Caprifoliaceae,Lomelosia,Apis melifera,Apis mellifera,SPECIES,Hymenoptera,Apidae,Apis,No,MIQ2OP,2005,5,10,MIQ2OP_5,2,79,1,59,3
1_Bartomeus,MIQ2OP,Random walk,Coastal shrubland,Sclerophyllous vegetation,Mediterranean,Spain,Cap de Creus Natural Park,42.398,3.15,2005-05-10,1,Convolvulus althaeoides,Convolvulus althaeoides,SPECIES,Solanales,Convolvulaceae,Convolvulus,Andrena,Andrena,GENUS,Hymenoptera,Andrenidae,Andrena,No,MIQ2OP,2005,5,10,MIQ2OP_5,2,44,9,81,1
1_Bartomeus,MIQ2OP,Random walk,Coastal shrubland,Sclerophyllous vegetation,Mediterranean,Spain,Cap de Creus Natural Park,42.398,3.15,2005-05-15,1,Daucus carota carota,Daucus carota,SPECIES,Apiales,Apiaceae,Daucus,Mordella bipunctata,Mediimorda bipunctata,SPECIES,Coleoptera,Mordellidae,Mediimorda,No,MIQ2OP,2005,5,15,MIQ2OP_5,3,135,5,48,5
1_Bartomeus,MIQ2OP,Random walk,Coastal shrubland,Sclerophyllous vegetation,Mediterranean,Spain,Cap de Creus Natural Park,42.398,3.15,2005-05-15,1,Daucus carota carota,Daucus carota,SPECIES,Apiales,Apiaceae,Daucus,Mordella bipunctata,Mediimorda bipunctata,SPECIES,Coleoptera,Mordellidae,Mediimorda,No,MIQ2OP,2005,5,15,MIQ2OP_5,5,135,5,48,5
1_Bartomeus,MIQ2OP,Random walk,Coastal shrubland,Sclerophyllous vegetation,Mediterranean,Spain,Cap de Creus Natural Park,42.398,3.15,2005-05-15,1,Daucus carota carota,Daucus carota,SPECIES,Apiales,Apiaceae,Daucus,Mordella bipunctata,Mediimorda bipunctata,SPECIES,Coleoptera,Mordellidae,Mediimorda,No,MIQ2OP,2005,5,15,MIQ2OP_5,5,135,5,48,5
1_Bartomeus,MIQ2OP,Random walk,Coastal shrubland,Sclerophyllous vegetation,Mediterranean,Spain,Cap de Creus Natural Park,42.398,3.15,2005-05-15,1,Daucus carota carota,Daucus carota,SPECIES,Apiales,Apiaceae,Daucus,Mordella bipunctata,Mediimorda bipunctata,SPECIES,Coleoptera,Mordellidae,Mediimorda,No,MIQ2OP,2005,5,15,MIQ2OP_5,1,135,5,48,5
1_Bartomeus,MIQ2OP,Random walk,Coastal shrubland,Sclerophyllous vegetation,Mediterranean,Spain,Cap de Creus Natural Park,42.398,3.15,2005-05-22,1,Scabiosa stellata,Lomelosia stellata,SPECIES,Dipsacales,Caprifoliaceae,Lomelosia,Trichodes apiarius,Trichodes apiarius,SPECIES,Coleoptera,Cleridae,Trichodes,No,MIQ2OP,2005,5,22,MIQ2OP_5,1,79,1,40,6
1_Bartomeus,MIQ2OP,Random walk,Coastal shrubland,Sclerophyllous vegetation,Mediterranean,Spain,Cap de Creus Natural Park,42.398,3.15,2005-05-10,1,Scabiosa stellata,Lomelosia stellata,SPECIES,Dipsacales,Caprifoliaceae,Lomelosia,Conophorus virescens,Conophorus virescens,SPECIES,Diptera,Bombyliidae,Conophorus,No,MIQ2OP,2005,5,10,MIQ2OP_5,5,79,1,27,7
1_Bartomeus,MIQ2OP,Random walk,Coastal shrubland,Sclerophyllous vegetation,Mediterranean,Spain,Cap de Creus Natural Park,42.398,3.15,2005-05-10,1,Urospermum picroides,Urospermum picroides,SPECIES,Asterales,Asteraceae,Urospermum,Panurgus calcaratus,Panurgus calcaratus,SPECIES,Hymenoptera,Andrenidae,Panurgus,No,MIQ2OP,2005,5,10,MIQ2OP_5,4,100,5,23,10
1_Bartomeus,MIQ2OP,Random walk,Coastal shrubland,Sclerophyllous vegetation,Mediterranean,Spain,Cap de Creus Natural Park,42.398,3.15,2005-05-10,1,Opuntia stricta,Opuntia stricta,SPECIES,Caryophyllales,Cactaceae,Opuntia,Mordellistena pumila,Mordellistena pumila,SPECIES,Coleoptera,Mordellidae,Mordellistena,No,MIQ2OP,2005,5,10,MIQ2OP_5,5,72,3,78,5
1_Bartomeus,MIQ2OP,Random walk,Coastal shrubland,Sclerophyllous vegetation,Mediterranean,Spain,Cap de Creus Natural Park,42.398,3.15,2005-05-10,1,Opuntia stricta,Opuntia stricta,SPECIES,Caryophyllales,Cactaceae,Opuntia,Mordellistena pumila,Mordellistena pumila,SPECIES,Coleoptera,Mordellidae,Mordellistena,No,MIQ2OP,2005,5,10,MIQ2OP_5,1,72,3,78,5
1_Bartomeus,MIQ2OP,Random walk,Coastal shrubland,Sclerophyllous vegetation,Mediterranean,Spain,Cap de Creus Natural Park,42.398,3.15,2005-05-10,1,Opuntia stricta,Opuntia stricta,SPECIES,Caryophyllales,Cactaceae,Opuntia,Mordellistena pumila,Mordellistena pumila,SPECIES,Coleoptera,Mordellidae,Mordellistena,No,MIQ2OP,2005,5,10,MIQ2OP_5,2,72,3,78,5
1_Bartomeus,MIQ2OP,Random walk,Coastal shrubland,Sclerophyllous vegetation,Mediterranean,Spain,Cap de Creus Natural Park,42.398,3.15,2005-05-15,1,Opuntia stricta,Opuntia stricta,SPECIES,Caryophyllales,Cactaceae,Opuntia,Oxythyrea funesta,Oxythyrea funesta,SPECIES,Coleoptera,Scarabaeidae,Oxythyrea,No,MIQ2OP,2005,5,15,MIQ2OP_5,5,72,3,54,3
1_Bartomeus,MIQ2OP,Random walk,Coastal shrubland,Sclerophyllous vegetation,Mediterranean,Spain,Cap de Creus Natural Park,42.398,3.15,2005-05-15,1,Opuntia stricta,Opuntia stricta,SPECIES,Caryophyllales,Cactaceae,Opuntia,Oedemera flavipes,Oedemera flavipes,SPECIES,Coleoptera,Oedemeridae,Oedemera,No,MIQ2OP,2005,5,15,MIQ2OP_5,5,72,3,49,8
1_Bartomeus,MIQ2OP,Random walk,Coastal shrubland,Sclerophyllous vegetation,Mediterranean,Spain,Cap de Creus Natural Park,42.398,3.15,2005-05-15,1,Opuntia stricta,Opuntia stricta,SPECIES,Caryophyllales,Cactaceae,Opuntia,Xylocopa violacea,Xylocopa violacea,SPECIES,Hymenoptera,Apidae,Xylocopa,No,MIQ2OP,2005,5,15,MIQ2OP_5,4,72,3,23,4
1_Bartomeus,MIQ2OP,Random walk,Coastal shrubland,Sclerophyllous vegetation,Mediterranean,Spain,Cap de Creus Natural Park,42.398,3.15,2005-05-15,1,Opuntia stricta,Opuntia stricta,SPECIES,Caryophyllales,Cactaceae,Opuntia,Xylocopa violacea,Xylocopa violacea,SPECIES,Hymenoptera,Apidae,Xylocopa,No,MIQ2OP,2005,5,15,MIQ2OP_5,2,72,3,23,4
1_Bartomeus,MIQ2OP,Random walk,Coastal shrubland,Sclerophyllous vegetation,Mediterranean,Spain,Cap de Creus Natural Park,42.398,3.15,2005-05-15,1,Opuntia stricta,Opuntia stricta,SPECIES,Caryophyllales,Cactaceae,Opuntia,Xylocopa violacea,Xylocopa violacea,SPECIES,Hymenoptera,Apidae,Xylocopa,No,MIQ2OP,2005,5,15,MIQ2OP_5,4,72,3,23,4
1_Bartomeus,MIQ2OP,Random walk,Coastal shrubland,Sclerophyllous vegetation,Mediterranean,Spain,Cap de Creus Natural Park,42.398,3.15,2005-05-22,1,Opuntia stricta,Opuntia stricta,SPECIES,Caryophyllales,Cactaceae,Opuntia,Oxythyrea funesta,Oxythyrea funesta,SPECIES,Coleoptera,Scarabaeidae,Oxythyrea,No,MIQ2OP,2005,5,22,MIQ2OP_5,1,72,3,54,3
1_Bartomeus,MIQ2OP,Random walk,Coastal shrubland,Sclerophyllous vegetation,Mediterranean,Spain,Cap de Creus Natural Park,42.398,3.15,2005-05-28,1,Opuntia stricta,Opuntia stricta,SPECIES,Caryophyllales,Cactaceae,Opuntia,Oxythyrea funesta,Oxythyrea funesta,SPECIES,Coleoptera,Scarabaeidae,Oxythyrea,No,MIQ2OP,2005,5,28,MIQ2OP_5,4,72,3,54,3
1_Bartomeus,MIQ2OP,Random walk,Coastal shrubland,Sclerophyllous vegetation,Mediterranean,Spain,Cap de Creus Natural Park,42.398,3.15,2005-05-10,1,Daucus carota carota,Daucus carota,SPECIES,Apiales,Apiaceae,Daucus,Mordella bipunctata,Mediimorda bipunctata,SPECIES,Coleoptera,Mordellidae,Mediimorda,No,MIQ2OP,2005,5,10,MIQ2OP_5,3,135,5,48,5
1_Bartomeus,MIQ2OP,Random walk,Coastal shrubland,Sclerophyllous vegetation,Mediterranean,Spain,Cap de Creus Natural Park,42.398,3.15,2005-05-10,1,Daucus carota carota,Daucus carota,SPECIES,Apiales,Apiaceae,Daucus,Mordella bipunctata,Mediimorda bipunctata,SPECIES,Coleoptera,Mordellidae,Mediimorda,No,MIQ2OP,2005,5,10,MIQ2OP_5,5,135,5,48,5
1_Bartomeus,MIQ2OP,Random walk,Coastal shrubland,Sclerophyllous vegetation,Mediterranean,Spain,Cap de Creus Natural Park,42.398,3.15,2005-05-10,1,Scabiosa stellata,Lomelosia stellata,SPECIES,Dipsacales,Caprifoliaceae,Lomelosia,Lasioglossum,Lasioglossum,GENUS,Hymenoptera,Halictidae,Lasioglossum,No,MIQ2OP,2005,5,10,MIQ2OP_5,5,79,1,44,10
1_Bartomeus,MIQ2OP,Random walk,Coastal shrubland,Sclerophyllous vegetation,Mediterranean,Spain,Cap de Creus Natural Park,42.398,3.15,2005-05-20,1,Scabiosa stellata,Lomelosia stellata,SPECIES,Dipsacales,Caprifoliaceae,Lomelosia,Pieris rapae,Pieris rapae,SPECIES,Lepidoptera,Pieridae,Pieris,No,MIQ2OP,2005,5,20,MIQ2OP_5,3,79,1,10,8
1_Bartomeus,MIQ2OP,Random walk,Coastal shrubland,Sclerophyllous vegetation,Mediterranean,Spain,Cap de Creus Natural Park,42.398,3.15,2005-05-22,1,Daucus carota carota,Daucus carota,SPECIES,Apiales,Apiaceae,Daucus,Gymnosoma rotundatum,Gymnosoma rotundatum,SPECIES,Diptera,Tachinidae,Gymnosoma,No,MIQ2OP,2005,5,22,MIQ2OP_5,1,135,5,16,2
1_Bartomeus,MIQ2OP,Random walk,Coastal shrubland,Sclerophyllous vegetation,Mediterranean,Spain,Cap de Creus Natural Park,42.398,3.15,2005-05-28,1,Daucus carota carota,Daucus carota,SPECIES,Apiales,Apiaceae,Daucus,Halictus gemmeus,Seladonia gemmea,SPECIES,Hymenoptera,Halictidae,Seladonia,No,MIQ2OP,2005,5,28,MIQ2OP_5,5,135,5,22,1
1_Bartomeus,MIQ2OP,Random walk,Coastal shrubland,Sclerophyllous vegetation,Mediterranean,Spain,Cap de Creus Natural Park,42.398,3.15,2005-05-28,1,Daucus carota carota,Daucus carota,SPECIES,Apiales,Apiaceae,Daucus,Halictus gemmeus,Seladonia gemmea,SPECIES,Hymenoptera,Halictidae,Seladonia,No,MIQ2OP,2005,5,28,MIQ2OP_5,4,135,5,22,1
1_Bartomeus,MIQ2OP,Random walk,Coastal shrubland,Sclerophyllous vegetation,Mediterranean,Spain,Cap de Creus Natural Park,42.398,3.15,2005-05-28,1,Eryngium campestre,Eryngium campestre,SPECIES,Apiales,Apiaceae,Eryngium,Halictus gemmeus,Seladonia gemmea,SPECIES,Hymenoptera,Halictidae,Seladonia,No,MIQ2OP,2005,5,28,MIQ2OP_5,2,27,4,22,1
1_Bartomeus,MIQ2OP,Random walk,Coastal shrubland,Sclerophyllous vegetation,Mediterranean,Spain,Cap de Creus Natural Park,42.398,3.15,2005-05-28,1,Eryngium campestre,Eryngium campestre,SPECIES,Apiales,Apiaceae,Eryngium,Halictus gemmeus,Seladonia gemmea,SPECIES,Hymenoptera,Halictidae,Seladonia,No,MIQ2OP,2005,5,28,MIQ2OP_5,1,27,4,22,1
1_Bartomeus,MIQ2OP,Random walk,Coastal shrubland,Sclerophyllous vegetation,Mediterranean,Spain,Cap de Creus Natural Park,42.398,3.15,2005-05-28,1,Eryngium campestre,Eryngium campestre,SPECIES,Apiales,Apiaceae,Eryngium,Halictus gemmeus,Seladonia gemmea,SPECIES,Hymenoptera,Halictidae,Seladonia,No,MIQ2OP,2005,5,28,MIQ2OP_5,2,27,4,22,1
1_Bartomeus,MIQ2OP,Random walk,Coastal shrubland,Sclerophyllous vegetation,Mediterranean,Spain,Cap de Creus Natural Park,42.398,3.15,2005-05-28,1,Daucus carota carota,Daucus carota,SPECIES,Apiales,Apiaceae,Daucus,Mordellistena pumila,Mordellistena pumila,SPECIES,Coleoptera,Mordellidae,Mordellistena,No,MIQ2OP,2005,5,28,MIQ2OP_5,4,135,5,78,5
1_Bartomeus,MIQ2OP,Random walk,Coastal shrubland,Sclerophyllous vegetation,Mediterranean,Spain,Cap de Creus Natural Park,42.398,3.15,2005-05-28,1,Daucus carota carota,Daucus carota,SPECIES,Apiales,Apiaceae,Daucus,Mordellistena pumila,Mordellistena pumila,SPECIES,Coleoptera,Mordellidae,Mordellistena,No,MIQ2OP,2005,5,28,MIQ2OP_5,2,135,5,78,5
1_Bartomeus,MIQ2OP,Random walk,Coastal shrubland,Sclerophyllous vegetation,Mediterranean,Spain,Cap de Creus Natural Park,42.398,3.15,2005-05-15,1,Sonchus tenerrinus,Sonchus tenerrimus,SPECIES,Asterales,Asteraceae,Sonchus,Oxythyrea funesta,Oxythyrea funesta,SPECIES,Coleoptera,Scarabaeidae,Oxythyrea,No,MIQ2OP,2005,5,15,MIQ2OP_5,1,166,5,54,3
1_Bartomeus,MIQ2OP,Random walk,Coastal shrubland,Sclerophyllous vegetation,Mediterranean,Spain,Cap de Creus Natural Park,42.398,3.15,2005-05-10,1,Opuntia stricta,Opuntia stricta,SPECIES,Caryophyllales,Cactaceae,Opuntia,Andrena,Andrena,GENUS,Hymenoptera,Andrenidae,Andrena,No,MIQ2OP,2005,5,10,MIQ2OP_5,2,72,3,81,1
1_Bartomeus,MIQ2OP,Random walk,Coastal shrubland,Sclerophyllous vegetation,Mediterranean,Spain,Cap de Creus Natural Park,42.398,3.15,2005-05-22,1,Opuntia stricta,Opuntia stricta,SPECIES,Caryophyllales,Cactaceae,Opuntia,Bombus terrestris,Bombus terrestris,SPECIES,Hymenoptera,Apidae,Bombus,No,MIQ2OP,2005,5,22,MIQ2OP_5,5,72,3,55,4
1_Bartomeus,MIQ2OP,Random walk,Coastal shrubland,Sclerophyllous vegetation,Mediterranean,Spain,Cap de Creus Natural Park,42.398,3.15,2005-05-28,1,Opuntia stricta,Opuntia stricta,SPECIES,Caryophyllales,Cactaceae,Opuntia,Mylabris quadripunctata,Mylabris quadripunctata,SPECIES,Coleoptera,Meloidae,Mylabris,No,MIQ2OP,2005,5,28,MIQ2OP_5,2,72,3,44,3
1_Bartomeus,MIQ2OP,Random walk,Coastal shrubland,Sclerophyllous vegetation,Mediterranean,Spain,Cap de Creus Natural Park,42.398,3.15,2005-05-28,1,Opuntia stricta,Opuntia stricta,SPECIES,Caryophyllales,Cactaceae,Opuntia,Mylabris quadripunctata,Mylabris quadripunctata,SPECIES,Coleoptera,Meloidae,Mylabris,No,MIQ2OP,2005,5,28,MIQ2OP_5,5,72,3,44,3
1_Bartomeus,MIQ2OP,Random walk,Coastal shrubland,Sclerophyllous vegetation,Mediterranean,Spain,Cap de Creus Natural Park,42.398,3.15,2005-05-28,1,Opuntia stricta,Opuntia stricta,SPECIES,Caryophyllales,Cactaceae,Opuntia,Mylabris quadripunctata,Mylabris quadripunctata,SPECIES,Coleoptera,Meloidae,Mylabris,No,MIQ2OP,2005,5,28,MIQ2OP_5,3,72,3,44,3
1_Bartomeus,MIQ2OP,Random walk,Coastal shrubland,Sclerophyllous vegetation,Mediterranean,Spain,Cap de Creus Natural Park,42.398,3.15,2005-05-28,1,Opuntia stricta,Opuntia stricta,SPECIES,Caryophyllales,Cactaceae,Opuntia,Mylabris quadripunctata,Mylabris quadripunctata,SPECIES,Coleoptera,Meloidae,Mylabris,No,MIQ2OP,2005,5,28,MIQ2OP_5,5,72,3,44,3
1_Bartomeus,MIQ2OP,Random walk,Coastal shrubland,Sclerophyllous vegetation,Mediterranean,Spain,Cap de Creus Natural Park,42.398,3.15,2005-05-28,1,Opuntia stricta,Opuntia stricta,SPECIES,Caryophyllales,Cactaceae,Opuntia,Mylabris quadripunctata,Mylabris quadripunctata,SPECIES,Coleoptera,Meloidae,Mylabris,No,MIQ2OP,2005,5,28,MIQ2OP_5,5,72,3,44,3
1_Bartomeus,MIQ2OP,Random walk,Coastal shrubland,Sclerophyllous vegetation,Mediterranean,Spain,Cap de Creus Natural Park,42.398,3.15,2005-05-28,1,Opuntia stricta,Opuntia stricta,SPECIES,Caryophyllales,Cactaceae,Opuntia,Mylabris quadripunctata,Mylabris quadripunctata,SPECIES,Coleoptera,Meloidae,Mylabris,No,MIQ2OP,2005,5,28,MIQ2OP_5,5,72,3,44,3
1_Bartomeus,MIQ2OP,Random walk,Coastal shrubland,Sclerophyllous vegetation,Mediterranean,Spain,Cap de Creus Natural Park,42.398,3.15,2005-05-28,1,Opuntia stricta,Opuntia stricta,SPECIES,Caryophyllales,Cactaceae,Opuntia,Mylabris quadripunctata,Mylabris quadripunctata,SPECIES,Coleoptera,Meloidae,Mylabris,No,MIQ2OP,2005,5,28,MIQ2OP_5,1,72,3,44,3
1_Bartomeus,MIQ2OP,Random walk,Coastal shrubland,Sclerophyllous vegetation,Mediterranean,Spain,Cap de Creus Natural Park,42.398,3.15,2005-05-28,1,Opuntia stricta,Opuntia stricta,SPECIES,Caryophyllales,Cactaceae,Opuntia,Mylabris quadripunctata,Mylabris quadripunctata,SPECIES,Coleoptera,Meloidae,Mylabris,No,MIQ2OP,2005,5,28,MIQ2OP_5,2,72,3,44,3
1_Bartomeus,MIQ2OP,Random walk,Coastal shrubland,Sclerophyllous vegetation,Mediterranean,Spain,Cap de Creus Natural Park,42.398,3.15,2005-05-28,1,Opuntia stricta,Opuntia stricta,SPECIES,Caryophyllales,Cactaceae,Opuntia,Mylabris quadripunctata,Mylabris quadripunctata,SPECIES,Coleoptera,Meloidae,Mylabris,No,MIQ2OP,2005,5,28,MIQ2OP_5,5,72,3,44,3
1_Bartomeus,MIQ2OP,Random walk,Coastal shrubland,Sclerophyllous vegetation,Mediterranean,Spain,Cap de Creus Natural Park,42.398,3.15,2005-05-28,1,Opuntia stricta,Opuntia stricta,SPECIES,Caryophyllales,Cactaceae,Opuntia,Mylabris quadripunctata,Mylabris quadripunctata,SPECIES,Coleoptera,Meloidae,Mylabris,No,MIQ2OP,2005,5,28,MIQ2OP_5,3,72,3,44,3
1_Bartomeus,MIQ2OP,Random walk,Coastal shrubland,Sclerophyllous vegetation,Mediterranean,Spain,Cap de Creus Natural Park,42.398,3.15,2005-05-28,1,Opuntia stricta,Opuntia stricta,SPECIES,Caryophyllales,Cactaceae,Opuntia,Mylabris quadripunctata,Mylabris quadripunctata,SPECIES,Coleoptera,Meloidae,Mylabris,No,MIQ2OP,2005,5,28,MIQ2OP_5,4,72,3,44,3
1_Bartomeus,MIQ2OP,Random walk,Coastal shrubland,Sclerophyllous vegetation,Mediterranean,Spain,Cap de Creus Natural Park,42.398,3.15,2005-05-28,1,Opuntia stricta,Opuntia stricta,SPECIES,Caryophyllales,Cactaceae,Opuntia,Mylabris quadripunctata,Mylabris quadripunctata,SPECIES,Coleoptera,Meloidae,Mylabris,No,MIQ2OP,2005,5,28,MIQ2OP_5,2,72,3,44,3
1_Bartomeus,MIQ2OP,Random walk,Coastal shrubland,Sclerophyllous vegetation,Mediterranean,Spain,Cap de Creus Natural Park,42.398,3.15,2005-05-28,1,Opuntia stricta,Opuntia stricta,SPECIES,Caryophyllales,Cactaceae,Opuntia,Mylabris quadripunctata,Mylabris quadripunctata,SPECIES,Coleoptera,Meloidae,Mylabris,No,MIQ2OP,2005,5,28,MIQ2OP_5,4,72,3,44,3
1_Bartomeus,MIQ2OP,Random walk,Coastal shrubland,Sclerophyllous vegetation,Mediterranean,Spain,Cap de Creus Natural Park,42.398,3.15,2005-05-28,1,Opuntia stricta,Opuntia stricta,SPECIES,Caryophyllales,Cactaceae,Opuntia,Mylabris quadripunctata,Mylabris quadripunctata,SPECIES,Coleoptera,Meloidae,Mylabris,No,MIQ2OP,2005,5,28,MIQ2OP_5,3,72,3,44,3
1_Bartomeus,MIQ2OP,Random walk,Coastal shrubland,Sclerophyllous vegetation,Mediterranean,Spain,Cap de Creus Natural Park,42.398,3.15,2005-05-28,1,Opuntia stricta,Opuntia stricta,SPECIES,Caryophyllales,Cactaceae,Opuntia,Mylabris quadripunctata,Mylabris quadripunctata,SPECIES,Coleoptera,Meloidae,Mylabris,No,MIQ2OP,2005,5,28,MIQ2OP_5,5,72,3,44,3
1_Bartomeus,MIQ2OP,Random walk,Coastal shrubland,Sclerophyllous vegetation,Mediterranean,Spain,Cap de Creus Natural Park,42.398,3.15,2005-05-28,1,Opuntia stricta,Opuntia stricta,SPECIES,Caryophyllales,Cactaceae,Opuntia,Mylabris quadripunctata,Mylabris quadripunctata,SPECIES,Coleoptera,Meloidae,Mylabris,No,MIQ2OP,2005,5,28,MIQ2OP_5,2,72,3,44,3
1_Bartomeus,MIQ2OP,Random walk,Coastal shrubland,Sclerophyllous vegetation,Mediterranean,Spain,Cap de Creus Natural Park,42.398,3.15,2005-05-28,1,Opuntia stricta,Opuntia stricta,SPECIES,Caryophyllales,Cactaceae,Opuntia,Mylabris quadripunctata,Mylabris quadripunctata,SPECIES,Coleoptera,Meloidae,Mylabris,No,MIQ2OP,2005,5,28,MIQ2OP_5,1,72,3,44,3
1_Bartomeus,MIQ2OP,Random walk,Coastal shrubland,Sclerophyllous vegetation,Mediterranean,Spain,Cap de Creus Natural Park,42.398,3.15,2005-05-10,1,Daucus carota carota,Daucus carota,SPECIES,Apiales,Apiaceae,Daucus,Dasytidae,Dasytidae,FAMILY,Coleoptera,Dasytidae,,No,MIQ2OP,2005,5,10,MIQ2OP_5,5,135,5,56,2
1_Bartomeus,MIQ2OP,Random walk,Coastal shrubland,Sclerophyllous vegetation,Mediterranean,Spain,Cap de Creus Natural Park,42.398,3.15,2005-05-10,1,Daucus carota carota,Daucus carota,SPECIES,Apiales,Apiaceae,Daucus,Dasytidae,Dasytidae,FAMILY,Coleoptera,Dasytidae,,No,MIQ2OP,2005,5,10,MIQ2OP_5,3,135,5,56,2
1_Bartomeus,MIQ2OP,Random walk,Coastal shrubland,Sclerophyllous vegetation,Mediterranean,Spain,Cap de Creus Natural Park,42.398,3.15,2005-05-10,1,Daucus carota carota,Daucus carota,SPECIES,Apiales,Apiaceae,Daucus,Dasytidae,Dasytidae,FAMILY,Coleoptera,Dasytidae,,No,MIQ2OP,2005,5,10,MIQ2OP_5,3,135,5,56,2
1_Bartomeus,MIQ2OP,Random walk,Coastal shrubland,Sclerophyllous vegetation,Mediterranean,Spain,Cap de Creus Natural Park,42.398,3.15,2005-05-11,1,Daucus carota carota,Daucus carota,SPECIES,Apiales,Apiaceae,Daucus,Gymnosoma rotundatum,Gymnosoma rotundatum,SPECIES,Diptera,Tachinidae,Gymnosoma,No,MIQ2OP,2005,5,11,MIQ2OP_5,1,135,5,16,2
1_Bartomeus,MIQ2OP,Random walk,Coastal shrubland,Sclerophyllous vegetation,Mediterranean,Spain,Cap de Creus Natural Park,42.398,3.15,2005-05-22,1,Sedum sediforme,Petrosedum sediforme,SPECIES,Saxifragales,Crassulaceae,Petrosedum,Halictus gemmeus,Seladonia gemmea,SPECIES,Hymenoptera,Halictidae,Seladonia,No,MIQ2OP,2005,5,22,MIQ2OP_5,2,68,3,22,1
1_Bartomeus,MIQ2OP,Random walk,Coastal shrubland,Sclerophyllous vegetation,Mediterranean,Spain,Cap de Creus Natural Park,42.398,3.15,2005-05-22,1,Daucus carota carota,Daucus carota,SPECIES,Apiales,Apiaceae,Daucus,Hylaeus,Hylaeus,GENUS,Hymenoptera,Colletidae,Hylaeus,No,MIQ2OP,2005,5,22,MIQ2OP_5,4,135,5,5,5
1_Bartomeus,MIQ2OP,Random walk,Coastal shrubland,Sclerophyllous vegetation,Mediterranean,Spain,Cap de Creus Natural Park,42.398,3.15,2005-05-28,1,Eryngium campestre,Eryngium campestre,SPECIES,Apiales,Apiaceae,Eryngium,Hylaeus nigritus,Hylaeus nigritus,SPECIES,Hymenoptera,Colletidae,Hylaeus,No,MIQ2OP,2005,5,28,MIQ2OP_5,5,27,4,43,5
1_Bartomeus,MIQ2OP,Random walk,Coastal shrubland,Sclerophyllous vegetation,Mediterranean,Spain,Cap de Creus Natural Park,42.398,3.15,2005-05-10,1,Sonchus tenerrinus,Sonchus tenerrimus,SPECIES,Asterales,Asteraceae,Sonchus,Apis melifera,Apis mellifera,SPECIES,Hymenoptera,Apidae,Apis,No,MIQ2OP,2005,5,10,MIQ2OP_5,1,166,5,59,3
1_Bartomeus,MIQ2OP,Random walk,Coastal shrubland,Sclerophyllous vegetation,Mediterranean,Spain,Cap de Creus Natural Park,42.398,3.15,2005-05-10,1,Sonchus tenerrinus,Sonchus tenerrimus,SPECIES,Asterales,Asteraceae,Sonchus,Apis melifera,Apis mellifera,SPECIES,Hymenoptera,Apidae,Apis,No,MIQ2OP,2005,5,10,MIQ2OP_5,2,166,5,59,3
1_Bartomeus,MIQ2OP,Random walk,Coastal shrubland,Sclerophyllous vegetation,Mediterranean,Spain,Cap de Creus Natural Park,42.398,3.15,2005-05-10,1,Opuntia stricta,Opuntia stricta,SPECIES,Caryophyllales,Cactaceae,Opuntia,Apis melifera,Apis mellifera,SPECIES,Hymenoptera,Apidae,Apis,No,MIQ2OP,2005,5,10,MIQ2OP_5,1,72,3,59,3
1_Bartomeus,MIQ2OP,Random walk,Coastal shrubland,Sclerophyllous vegetation,Mediterranean,Spain,Cap de Creus Natural Park,42.398,3.15,2005-05-10,1,Opuntia stricta,Opuntia stricta,SPECIES,Caryophyllales,Cactaceae,Opuntia,Apis melifera,Apis mellifera,SPECIES,Hymenoptera,Apidae,Apis,No,MIQ2OP,2005,5,10,MIQ2OP_5,3,72,3,59,3
1_Bartomeus,MIQ2OP,Random walk,Coastal shrubland,Sclerophyllous vegetation,Mediterranean,Spain,Cap de Creus Natural Park,42.398,3.15,2005-05-10,1,Opuntia stricta,Opuntia stricta,SPECIES,Caryophyllales,Cactaceae,Opuntia,Apis melifera,Apis mellifera,SPECIES,Hymenoptera,Apidae,Apis,No,MIQ2OP,2005,5,10,MIQ2OP_5,1,72,3,59,3
1_Bartomeus,MIQ2OP,Random walk,Coastal shrubland,Sclerophyllous vegetation,Mediterranean,Spain,Cap de Creus Natural Park,42.398,3.15,2005-05-10,1,Opuntia stricta,Opuntia stricta,SPECIES,Caryophyllales,Cactaceae,Opuntia,Xylocopa violacea,Xylocopa violacea,SPECIES,Hymenoptera,Apidae,Xylocopa,No,MIQ2OP,2005,5,10,MIQ2OP_5,4,72,3,23,4
1_Bartomeus,MIQ2OP,Random walk,Coastal shrubland,Sclerophyllous vegetation,Mediterranean,Spain,Cap de Creus Natural Park,42.398,3.15,2005-05-10,1,Opuntia stricta,Opuntia stricta,SPECIES,Caryophyllales,Cactaceae,Opuntia,Xylocopa violacea,Xylocopa violacea,SPECIES,Hymenoptera,Apidae,Xylocopa,No,MIQ2OP,2005,5,10,MIQ2OP_5,3,72,3,23,4
1_Bartomeus,MIQ2OP,Random walk,Coastal shrubland,Sclerophyllous vegetation,Mediterranean,Spain,Cap de Creus Natural Park,42.398,3.15,2005-05-10,1,Opuntia stricta,Opuntia stricta,SPECIES,Caryophyllales,Cactaceae,Opuntia,Xylocopa violacea,Xylocopa violacea,SPECIES,Hymenoptera,Apidae,Xylocopa,No,MIQ2OP,2005,5,10,MIQ2OP_5,4,72,3,23,4
1_Bartomeus,MIQ2OP,Random walk,Coastal shrubland,Sclerophyllous vegetation,Mediterranean,Spain,Cap de Creus Natural Park,42.398,3.15,2005-05-22,1,Opuntia stricta,Opuntia stricta,SPECIES,Caryophyllales,Cactaceae,Opuntia,Xylocopa violacea,Xylocopa violacea,SPECIES,Hymenoptera,Apidae,Xylocopa,No,MIQ2OP,2005,5,22,MIQ2OP_5,1,72,3,23,4
1_Bartomeus,MIQ2OP,Random walk,Coastal shrubland,Sclerophyllous vegetation,Mediterranean,Spain,Cap de Creus Natural Park,42.398,3.15,2005-05-22,1,Opuntia stricta,Opuntia stricta,SPECIES,Caryophyllales,Cactaceae,Opuntia,Xylocopa violacea,Xylocopa violacea,SPECIES,Hymenoptera,Apidae,Xylocopa,No,MIQ2OP,2005,5,22,MIQ2OP_5,3,72,3,23,4
1_Bartomeus,MIQ2OP,Random walk,Coastal shrubland,Sclerophyllous vegetation,Mediterranean,Spain,Cap de Creus Natural Park,42.398,3.15,2005-05-28,1,Opuntia stricta,Opuntia stricta,SPECIES,Caryophyllales,Cactaceae,Opuntia,Xylocopa violacea,Xylocopa violacea,SPECIES,Hymenoptera,Apidae,Xylocopa,No,MIQ2OP,2005,5,28,MIQ2OP_5,4,72,3,23,4
1_Bartomeus,MIQ2OP,Random walk,Coastal shrubland,Sclerophyllous vegetation,Mediterranean,Spain,Cap de Creus Natural Park,42.398,3.15,2005-05-28,1,Opuntia stricta,Opuntia stricta,SPECIES,Caryophyllales,Cactaceae,Opuntia,Xylocopa violacea,Xylocopa violacea,SPECIES,Hymenoptera,Apidae,Xylocopa,No,MIQ2OP,2005,5,28,MIQ2OP_5,2,72,3,23,4
1_Bartomeus,MIQ2OP,Random walk,Coastal shrubland,Sclerophyllous vegetation,Mediterranean,Spain,Cap de Creus Natural Park,42.398,3.15,2005-05-10,1,Daucus carota carota,Daucus carota,SPECIES,Apiales,Apiaceae,Daucus,Mordellistena pumila,Mordellistena pumila,SPECIES,Coleoptera,Mordellidae,Mordellistena,No,MIQ2OP,2005,5,10,MIQ2OP_5,2,135,5,78,5
1_Bartomeus,MIQ2OP,Random walk,Coastal shrubland,Sclerophyllous vegetation,Mediterranean,Spain,Cap de Creus Natural Park,42.398,3.15,2005-05-10,1,Daucus carota carota,Daucus carota,SPECIES,Apiales,Apiaceae,Daucus,Mordellistena pumila,Mordellistena pumila,SPECIES,Coleoptera,Mordellidae,Mordellistena,No,MIQ2OP,2005,5,10,MIQ2OP_5,4,135,5,78,5
1_Bartomeus,MIQ2OP,Random walk,Coastal shrubland,Sclerophyllous vegetation,Mediterranean,Spain,Cap de Creus Natural Park,42.398,3.15,2005-05-10,1,Daucus carota carota,Daucus carota,SPECIES,Apiales,Apiaceae,Daucus,Mordellistena pumila,Mordellistena pumila,SPECIES,Coleoptera,Mordellidae,Mordellistena,No,MIQ2OP,2005,5,10,MIQ2OP_5,4,135,5,78,5
1_Bartomeus,MIQ2OP,Random walk,Coastal shrubland,Sclerophyllous vegetation,Mediterranean,Spain,Cap de Creus Natural Park,42.398,3.15,2005-05-16,1,Scabiosa stellata,Lomelosia stellata,SPECIES,Dipsacales,Caprifoliaceae,Lomelosia,Apis melifera,Apis mellifera,SPECIES,Hymenoptera,Apidae,Apis,No,MIQ2OP,2005,5,16,MIQ2OP_5,1,79,1,59,3
1_Bartomeus,MIQ2OP,Random walk,Coastal shrubland,Sclerophyllous vegetation,Mediterranean,Spain,Cap de Creus Natural Park,42.398,3.15,2005-05-16,1,Scabiosa stellata,Lomelosia stellata,SPECIES,Dipsacales,Caprifoliaceae,Lomelosia,Apis melifera,Apis mellifera,SPECIES,Hymenoptera,Apidae,Apis,No,MIQ2OP,2005,5,16,MIQ2OP_5,2,79,1,59,3
1_Bartomeus,MIQ2OP,Random walk,Coastal shrubland,Sclerophyllous vegetation,Mediterranean,Spain,Cap de Creus Natural Park,42.398,3.15,2005-05-16,1,Scabiosa stellata,Lomelosia stellata,SPECIES,Dipsacales,Caprifoliaceae,Lomelosia,Apis melifera,Apis mellifera,SPECIES,Hymenoptera,Apidae,Apis,No,MIQ2OP,2005,5,16,MIQ2OP_5,4,79,1,59,3
1_Bartomeus,MIQ2OP,Random walk,Coastal shrubland,Sclerophyllous vegetation,Mediterranean,Spain,Cap de Creus Natural Park,42.398,3.15,2005-05-22,1,Sedum sediforme,Petrosedum sediforme,SPECIES,Saxifragales,Crassulaceae,Petrosedum,Scolia hirta,Scolia hirta,SPECIES,Hymenoptera,Scoliidae,Scolia,No,MIQ2OP,2005,5,22,MIQ2OP_5,5,68,3,31,5
1_Bartomeus,MIQ2OP,Random walk,Coastal shrubland,Sclerophyllous vegetation,Mediterranean,Spain,Cap de Creus Natural Park,42.398,3.15,2005-05-28,1,Eryngium campestre,Eryngium campestre,SPECIES,Apiales,Apiaceae,Eryngium,Buprestidae,Buprestidae,FAMILY,Coleoptera,Buprestidae,,No,MIQ2OP,2005,5,28,MIQ2OP_5,4,27,4,11,10
1_Bartomeus,SEL1OP,Random walk,Coastal shrubland,Sclerophyllous vegetation,Mediterranean,Spain,Cap de Creus Natural Park,42.301,3.229,2005-05-16,1,Sonchus tenerrinus,Sonchus tenerrimus,SPECIES,Asterales,Asteraceae,Sonchus,Panurgus calcaratus,Panurgus calcaratus,SPECIES,Hymenoptera,Andrenidae,Panurgus,No,SEL1OP,2005,5,16,SEL1OP_5,3,166,5,23,10
1_Bartomeus,SEL1OP,Random walk,Coastal shrubland,Sclerophyllous vegetation,Mediterranean,Spain,Cap de Creus Natural Park,42.301,3.229,2005-05-20,1,Sedum sediforme,Petrosedum sediforme,SPECIES,Saxifragales,Crassulaceae,Petrosedum,Megachile atratula,Megachile argentata,SPECIES,Hymenoptera,Megachilidae,Megachile,No,SEL1OP,2005,5,20,SEL1OP_5,4,68,3,24,8
1_Bartomeus,SEL1OP,Random walk,Coastal shrubland,Sclerophyllous vegetation,Mediterranean,Spain,Cap de Creus Natural Park,42.301,3.229,2005-05-20,1,Sedum sediforme,Petrosedum sediforme,SPECIES,Saxifragales,Crassulaceae,Petrosedum,Megachile atratula,Megachile argentata,SPECIES,Hymenoptera,Megachilidae,Megachile,No,SEL1OP,2005,5,20,SEL1OP_5,1,68,3,24,8
1_Bartomeus,SEL1OP,Random walk,Coastal shrubland,Sclerophyllous vegetation,Mediterranean,Spain,Cap de Creus Natural Park,42.301,3.229,2005-05-29,1,Sedum sediforme,Petrosedum sediforme,SPECIES,Saxifragales,Crassulaceae,Petrosedum,Andrena,Andrena,GENUS,Hymenoptera,Andrenidae,Andrena,No,SEL1OP,2005,5,29,SEL1OP_5,2,68,3,81,1
1_Bartomeus,SEL1OP,Random walk,Coastal shrubland,Sclerophyllous vegetation,Mediterranean,Spain,Cap de Creus Natural Park,42.301,3.229,2005-05-08,1,Daucus carota carota,Daucus carota,SPECIES,Apiales,Apiaceae,Daucus,Oedemera barbara,Oedemera barbara,SPECIES,Coleoptera,Oedemeridae,Oedemera,No,SEL1OP,2005,5,8,SEL1OP_5,3,135,5,20,8
1_Bartomeus,SEL1OP,Random walk,Coastal shrubland,Sclerophyllous vegetation,Mediterranean,Spain,Cap de Creus Natural Park,42.301,3.229,2005-05-16,1,Sedum sediforme,Petrosedum sediforme,SPECIES,Saxifragales,Crassulaceae,Petrosedum,Oedemera flavipes,Oedemera flavipes,SPECIES,Coleoptera,Oedemeridae,Oedemera,No,SEL1OP,2005,5,16,SEL1OP_5,2,68,3,49,8
1_Bartomeus,SEL1OP,Random walk,Coastal shrubland,Sclerophyllous vegetation,Mediterranean,Spain,Cap de Creus Natural Park,42.301,3.229,2005-05-29,1,Sedum sediforme,Petrosedum sediforme,SPECIES,Saxifragales,Crassulaceae,Petrosedum,Halictus subauratus,Seladonia subaurata,SPECIES,Hymenoptera,Halictidae,Seladonia,No,SEL1OP,2005,5,29,SEL1OP_5,1,68,3,36,1
1_Bartomeus,SEL1OP,Random walk,Coastal shrubland,Sclerophyllous vegetation,Mediterranean,Spain,Cap de Creus Natural Park,42.301,3.229,2005-05-08,1,Ruta chalepensis,Ruta chalepensis,SPECIES,Sapindales,Rutaceae,Ruta,Trichodes apiarius,Trichodes apiarius,SPECIES,Coleoptera,Cleridae,Trichodes,No,SEL1OP,2005,5,8,SEL1OP_5,2,49,3,40,6
1_Bartomeus,SEL1OP,Random walk,Coastal shrubland,Sclerophyllous vegetation,Mediterranean,Spain,Cap de Creus Natural Park,42.301,3.229,2005-05-08,1,Ruta chalepensis,Ruta chalepensis,SPECIES,Sapindales,Rutaceae,Ruta,Andrena,Andrena,GENUS,Hymenoptera,Andrenidae,Andrena,No,SEL1OP,2005,5,8,SEL1OP_5,1,49,3,81,1
1_Bartomeus,SEL1OP,Random walk,Coastal shrubland,Sclerophyllous vegetation,Mediterranean,Spain,Cap de Creus Natural Park,42.301,3.229,2005-05-08,1,Ruta chalepensis,Ruta chalepensis,SPECIES,Sapindales,Rutaceae,Ruta,Andrena,Andrena,GENUS,Hymenoptera,Andrenidae,Andrena,No,SEL1OP,2005,5,8,SEL1OP_5,4,49,3,81,1
1_Bartomeus,SEL1OP,Random walk,Coastal shrubland,Sclerophyllous vegetation,Mediterranean,Spain,Cap de Creus Natural Park,42.301,3.229,2005-05-08,1,Ruta chalepensis,Ruta chalepensis,SPECIES,Sapindales,Rutaceae,Ruta,Andrena,Andrena,GENUS,Hymenoptera,Andrenidae,Andrena,No,SEL1OP,2005,5,8,SEL1OP_5,3,49,3,81,1
1_Bartomeus,SEL1OP,Random walk,Coastal shrubland,Sclerophyllous vegetation,Mediterranean,Spain,Cap de Creus Natural Park,42.301,3.229,2005-05-16,1,Ruta chalepensis,Ruta chalepensis,SPECIES,Sapindales,Rutaceae,Ruta,Hylaeus nigritus,Hylaeus nigritus,SPECIES,Hymenoptera,Colletidae,Hylaeus,No,SEL1OP,2005,5,16,SEL1OP_5,4,49,3,43,5
1_Bartomeus,SEL1OP,Random walk,Coastal shrubland,Sclerophyllous vegetation,Mediterranean,Spain,Cap de Creus Natural Park,42.301,3.229,2005-05-16,1,Ruta chalepensis,Ruta chalepensis,SPECIES,Sapindales,Rutaceae,Ruta,Hylaeus nigritus,Hylaeus nigritus,SPECIES,Hymenoptera,Colletidae,Hylaeus,No,SEL1OP,2005,5,16,SEL1OP_5,3,49,3,43,5
1_Bartomeus,SEL1OP,Random walk,Coastal shrubland,Sclerophyllous vegetation,Mediterranean,Spain,Cap de Creus Natural Park,42.301,3.229,2005-05-16,1,Eryngium campestre,Eryngium campestre,SPECIES,Apiales,Apiaceae,Eryngium,Mordellistena pumila,Mordellistena pumila,SPECIES,Coleoptera,Mordellidae,Mordellistena,No,SEL1OP,2005,5,16,SEL1OP_5,4,27,4,78,5
1_Bartomeus,SEL1OP,Random walk,Coastal shrubland,Sclerophyllous vegetation,Mediterranean,Spain,Cap de Creus Natural Park,42.301,3.229,2005-05-16,1,Eryngium campestre,Eryngium campestre,SPECIES,Apiales,Apiaceae,Eryngium,Mordellistena pumila,Mordellistena pumila,SPECIES,Coleoptera,Mordellidae,Mordellistena,No,SEL1OP,2005,5,16,SEL1OP_5,3,27,4,78,5
1_Bartomeus,SEL1OP,Random walk,Coastal shrubland,Sclerophyllous vegetation,Mediterranean,Spain,Cap de Creus Natural Park,42.301,3.229,2005-05-16,1,Eryngium campestre,Eryngium campestre,SPECIES,Apiales,Apiaceae,Eryngium,Mordellistena pumila,Mordellistena pumila,SPECIES,Coleoptera,Mordellidae,Mordellistena,No,SEL1OP,2005,5,16,SEL1OP_5,5,27,4,78,5
1_Bartomeus,SEL1OP,Random walk,Coastal shrubland,Sclerophyllous vegetation,Mediterranean,Spain,Cap de Creus Natural Park,42.301,3.229,2005-05-20,1,Daucus carota carota,Daucus carota,SPECIES,Apiales,Apiaceae,Daucus,Mordellistena pumila,Mordellistena pumila,SPECIES,Coleoptera,Mordellidae,Mordellistena,No,SEL1OP,2005,5,20,SEL1OP_5,2,135,5,78,5
1_Bartomeus,SEL1OP,Random walk,Coastal shrubland,Sclerophyllous vegetation,Mediterranean,Spain,Cap de Creus Natural Park,42.301,3.229,2005-05-20,1,Daucus carota carota,Daucus carota,SPECIES,Apiales,Apiaceae,Daucus,Mordellistena pumila,Mordellistena pumila,SPECIES,Coleoptera,Mordellidae,Mordellistena,No,SEL1OP,2005,5,20,SEL1OP_5,5,135,5,78,5
1_Bartomeus,SEL1OP,Random walk,Coastal shrubland,Sclerophyllous vegetation,Mediterranean,Spain,Cap de Creus Natural Park,42.301,3.229,2005-05-08,1,Helichrysum stoechas,Helichrysum stoechas,SPECIES,Asterales,Asteraceae,Helichrysum,Dasytidae,Dasytidae,FAMILY,Coleoptera,Dasytidae,,No,SEL1OP,2005,5,8,SEL1OP_5,1,44,5,56,2
1_Bartomeus,SEL1OP,Random walk,Coastal shrubland,Sclerophyllous vegetation,Mediterranean,Spain,Cap de Creus Natural Park,42.301,3.229,2005-05-08,1,Helichrysum stoechas,Helichrysum stoechas,SPECIES,Asterales,Asteraceae,Helichrysum,Dasytidae,Dasytidae,FAMILY,Coleoptera,Dasytidae,,No,SEL1OP,2005,5,8,SEL1OP_5,3,44,5,56,2
1_Bartomeus,SEL1OP,Random walk,Coastal shrubland,Sclerophyllous vegetation,Mediterranean,Spain,Cap de Creus Natural Park,42.301,3.229,2005-05-20,1,Sedum sediforme,Petrosedum sediforme,SPECIES,Saxifragales,Crassulaceae,Petrosedum,Scolia hirta,Scolia hirta,SPECIES,Hymenoptera,Scoliidae,Scolia,No,SEL1OP,2005,5,20,SEL1OP_5,5,68,3,31,5
1_Bartomeus,SEL1OP,Random walk,Coastal shrubland,Sclerophyllous vegetation,Mediterranean,Spain,Cap de Creus Natural Park,42.301,3.229,2005-05-08,1,Ruta chalepensis,Ruta chalepensis,SPECIES,Sapindales,Rutaceae,Ruta,Polistes gallicus,Polistes gallicus,SPECIES,Hymenoptera,Eumenidae,Polistes,No,SEL1OP,2005,5,8,SEL1OP_5,4,49,3,36,5
1_Bartomeus,SEL1OP,Random walk,Coastal shrubland,Sclerophyllous vegetation,Mediterranean,Spain,Cap de Creus Natural Park,42.301,3.229,2005-05-08,1,Daucus carota carota,Daucus carota,SPECIES,Apiales,Apiaceae,Daucus,Mordellistena pumila,Mordellistena pumila,SPECIES,Coleoptera,Mordellidae,Mordellistena,No,SEL1OP,2005,5,8,SEL1OP_5,3,135,5,78,5
1_Bartomeus,SEL1OP,Random walk,Coastal shrubland,Sclerophyllous vegetation,Mediterranean,Spain,Cap de Creus Natural Park,42.301,3.229,2005-05-08,1,Daucus carota carota,Daucus carota,SPECIES,Apiales,Apiaceae,Daucus,Mordellistena pumila,Mordellistena pumila,SPECIES,Coleoptera,Mordellidae,Mordellistena,No,SEL1OP,2005,5,8,SEL1OP_5,4,135,5,78,5
1_Bartomeus,SEL1OP,Random walk,Coastal shrubland,Sclerophyllous vegetation,Mediterranean,Spain,Cap de Creus Natural Park,42.301,3.229,2005-05-08,1,Daucus carota carota,Daucus carota,SPECIES,Apiales,Apiaceae,Daucus,Mordellistena pumila,Mordellistena pumila,SPECIES,Coleoptera,Mordellidae,Mordellistena,No,SEL1OP,2005,5,8,SEL1OP_5,4,135,5,78,5
1_Bartomeus,SEL1OP,Random walk,Coastal shrubland,Sclerophyllous vegetation,Mediterranean,Spain,Cap de Creus Natural Park,42.301,3.229,2005-05-08,1,Helianthemum guttatum,Tuberaria guttata,SPECIES,Malvales,Cistaceae,Tuberaria,Megachile atratula,Megachile argentata,SPECIES,Hymenoptera,Megachilidae,Megachile,No,SEL1OP,2005,5,8,SEL1OP_5,3,29,4,24,8
1_Bartomeus,SEL1OP,Random walk,Coastal shrubland,Sclerophyllous vegetation,Mediterranean,Spain,Cap de Creus Natural Park,42.301,3.229,2005-05-29,1,Sedum sediforme,Petrosedum sediforme,SPECIES,Saxifragales,Crassulaceae,Petrosedum,Colletes,Colletes,GENUS,Hymenoptera,Colletidae,Colletes,No,SEL1OP,2005,5,29,SEL1OP_5,5,68,3,23,5
1_Bartomeus,SEL1OP,Random walk,Coastal shrubland,Sclerophyllous vegetation,Mediterranean,Spain,Cap de Creus Natural Park,42.301,3.229,2005-05-29,1,Sedum sediforme,Petrosedum sediforme,SPECIES,Saxifragales,Crassulaceae,Petrosedum,Colletes,Colletes,GENUS,Hymenoptera,Colletidae,Colletes,No,SEL1OP,2005,5,29,SEL1OP_5,1,68,3,23,5
1_Bartomeus,SEL1OP,Random walk,Coastal shrubland,Sclerophyllous vegetation,Mediterranean,Spain,Cap de Creus Natural Park,42.301,3.229,2005-05-16,1,Ruta chalepensis,Ruta chalepensis,SPECIES,Sapindales,Rutaceae,Ruta,Cerceris,Cerceris,GENUS,Hymenoptera,Crabronidae,Cerceris,No,SEL1OP,2005,5,16,SEL1OP_5,4,49,3,23,2
1_Bartomeus,SEL1OP,Random walk,Coastal shrubland,Sclerophyllous vegetation,Mediterranean,Spain,Cap de Creus Natural Park,42.301,3.229,2005-05-29,1,Sedum sediforme,Petrosedum sediforme,SPECIES,Saxifragales,Crassulaceae,Petrosedum,Apis melifera,Apis mellifera,SPECIES,Hymenoptera,Apidae,Apis,No,SEL1OP,2005,5,29,SEL1OP_5,3,68,3,59,3
1_Bartomeus,SEL1OP,Random walk,Coastal shrubland,Sclerophyllous vegetation,Mediterranean,Spain,Cap de Creus Natural Park,42.301,3.229,2005-05-16,1,Helichrysum stoechas,Helichrysum stoechas,SPECIES,Asterales,Asteraceae,Helichrysum,Dasytidae,Dasytidae,FAMILY,Coleoptera,Dasytidae,,No,SEL1OP,2005,5,16,SEL1OP_5,4,44,5,56,2
1_Bartomeus,SEL1OP,Random walk,Coastal shrubland,Sclerophyllous vegetation,Mediterranean,Spain,Cap de Creus Natural Park,42.301,3.229,2005-05-20,1,Sedum sediforme,Petrosedum sediforme,SPECIES,Saxifragales,Crassulaceae,Petrosedum,Nomada,Nomada,GENUS,Hymenoptera,Apidae,Nomada,No,SEL1OP,2005,5,20,SEL1OP_5,2,68,3,21,6
1_Bartomeus,SEL1OP,Random walk,Coastal shrubland,Sclerophyllous vegetation,Mediterranean,Spain,Cap de Creus Natural Park,42.301,3.229,2005-05-08,1,Daucus carota carota,Daucus carota,SPECIES,Apiales,Apiaceae,Daucus,Dasytidae,Dasytidae,FAMILY,Coleoptera,Dasytidae,,No,SEL1OP,2005,5,8,SEL1OP_5,1,135,5,56,2
1_Bartomeus,SEL1OP,Random walk,Coastal shrubland,Sclerophyllous vegetation,Mediterranean,Spain,Cap de Creus Natural Park,42.301,3.229,2005-05-08,1,Daucus carota carota,Daucus carota,SPECIES,Apiales,Apiaceae,Daucus,Dasytidae,Dasytidae,FAMILY,Coleoptera,Dasytidae,,No,SEL1OP,2005,5,8,SEL1OP_5,5,135,5,56,2
1_Bartomeus,SEL1OP,Random walk,Coastal shrubland,Sclerophyllous vegetation,Mediterranean,Spain,Cap de Creus Natural Park,42.301,3.229,2005-05-08,1,Daucus carota carota,Daucus carota,SPECIES,Apiales,Apiaceae,Daucus,Dasytidae,Dasytidae,FAMILY,Coleoptera,Dasytidae,,No,SEL1OP,2005,5,8,SEL1OP_5,1,135,5,56,2
1_Bartomeus,SEL1OP,Random walk,Coastal shrubland,Sclerophyllous vegetation,Mediterranean,Spain,Cap de Creus Natural Park,42.301,3.229,2005-05-08,1,Daucus carota carota,Daucus carota,SPECIES,Apiales,Apiaceae,Daucus,Dasytidae,Dasytidae,FAMILY,Coleoptera,Dasytidae,,No,SEL1OP,2005,5,8,SEL1OP_5,4,135,5,56,2
1_Bartomeus,SEL1OP,Random walk,Coastal shrubland,Sclerophyllous vegetation,Mediterranean,Spain,Cap de Creus Natural Park,42.301,3.229,2005-05-08,1,Daucus carota carota,Daucus carota,SPECIES,Apiales,Apiaceae,Daucus,Dasytidae,Dasytidae,FAMILY,Coleoptera,Dasytidae,,No,SEL1OP,2005,5,8,SEL1OP_5,2,135,5,56,2
1_Bartomeus,SEL1OP,Random walk,Coastal shrubland,Sclerophyllous vegetation,Mediterranean,Spain,Cap de Creus Natural Park,42.301,3.229,2005-05-08,1,Daucus carota carota,Daucus carota,SPECIES,Apiales,Apiaceae,Daucus,Dasytidae,Dasytidae,FAMILY,Coleoptera,Dasytidae,,No,SEL1OP,2005,5,8,SEL1OP_5,1,135,5,56,2
1_Bartomeus,SEL1OP,Random walk,Coastal shrubland,Sclerophyllous vegetation,Mediterranean,Spain,Cap de Creus Natural Park,42.301,3.229,2005-05-08,1,Daucus carota carota,Daucus carota,SPECIES,Apiales,Apiaceae,Daucus,Dasytidae,Dasytidae,FAMILY,Coleoptera,Dasytidae,,No,SEL1OP,2005,5,8,SEL1OP_5,3,135,5,56,2
1_Bartomeus,SEL1OP,Random walk,Coastal shrubland,Sclerophyllous vegetation,Mediterranean,Spain,Cap de Creus Natural Park,42.301,3.229,2005-05-08,1,Daucus carota carota,Daucus carota,SPECIES,Apiales,Apiaceae,Daucus,Dasytidae,Dasytidae,FAMILY,Coleoptera,Dasytidae,,No,SEL1OP,2005,5,8,SEL1OP_5,1,135,5,56,2
1_Bartomeus,SEL1OP,Random walk,Coastal shrubland,Sclerophyllous vegetation,Mediterranean,Spain,Cap de Creus Natural Park,42.301,3.229,2005-05-08,1,Daucus carota carota,Daucus carota,SPECIES,Apiales,Apiaceae,Daucus,Dasytidae,Dasytidae,FAMILY,Coleoptera,Dasytidae,,No,SEL1OP,2005,5,8,SEL1OP_5,4,135,5,56,2
1_Bartomeus,SEL1OP,Random walk,Coastal shrubland,Sclerophyllous vegetation,Mediterranean,Spain,Cap de Creus Natural Park,42.301,3.229,2005-05-08,1,Daucus carota carota,Daucus carota,SPECIES,Apiales,Apiaceae,Daucus,Dasytidae,Dasytidae,FAMILY,Coleoptera,Dasytidae,,No,SEL1OP,2005,5,8,SEL1OP_5,1,135,5,56,2
1_Bartomeus,SEL1OP,Random walk,Coastal shrubland,Sclerophyllous vegetation,Mediterranean,Spain,Cap de Creus Natural Park,42.301,3.229,2005-05-08,1,Daucus carota carota,Daucus carota,SPECIES,Apiales,Apiaceae,Daucus,Dasytidae,Dasytidae,FAMILY,Coleoptera,Dasytidae,,No,SEL1OP,2005,5,8,SEL1OP_5,4,135,5,56,2
1_Bartomeus,SEL1OP,Random walk,Coastal shrubland,Sclerophyllous vegetation,Mediterranean,Spain,Cap de Creus Natural Park,42.301,3.229,2005-05-08,1,Daucus carota carota,Daucus carota,SPECIES,Apiales,Apiaceae,Daucus,Dasytidae,Dasytidae,FAMILY,Coleoptera,Dasytidae,,No,SEL1OP,2005,5,8,SEL1OP_5,4,135,5,56,2
1_Bartomeus,SEL1OP,Random walk,Coastal shrubland,Sclerophyllous vegetation,Mediterranean,Spain,Cap de Creus Natural Park,42.301,3.229,2005-05-08,1,Ruta chalepensis,Ruta chalepensis,SPECIES,Sapindales,Rutaceae,Ruta,Mordellistena pumila,Mordellistena pumila,SPECIES,Coleoptera,Mordellidae,Mordellistena,No,SEL1OP,2005,5,8,SEL1OP_5,3,49,3,78,5
1_Bartomeus,SEL1OP,Random walk,Coastal shrubland,Sclerophyllous vegetation,Mediterranean,Spain,Cap de Creus Natural Park,42.301,3.229,2005-05-08,1,Ruta chalepensis,Ruta chalepensis,SPECIES,Sapindales,Rutaceae,Ruta,Mordellistena pumila,Mordellistena pumila,SPECIES,Coleoptera,Mordellidae,Mordellistena,No,SEL1OP,2005,5,8,SEL1OP_5,5,49,3,78,5
1_Bartomeus,SEL1OP,Random walk,Coastal shrubland,Sclerophyllous vegetation,Mediterranean,Spain,Cap de Creus Natural Park,42.301,3.229,2005-05-08,1,Ruta chalepensis,Ruta chalepensis,SPECIES,Sapindales,Rutaceae,Ruta,Mordellistena pumila,Mordellistena pumila,SPECIES,Coleoptera,Mordellidae,Mordellistena,No,SEL1OP,2005,5,8,SEL1OP_5,5,49,3,78,5
1_Bartomeus,SEL1OP,Random walk,Coastal shrubland,Sclerophyllous vegetation,Mediterranean,Spain,Cap de Creus Natural Park,42.301,3.229,2005-05-08,1,Ruta chalepensis,Ruta chalepensis,SPECIES,Sapindales,Rutaceae,Ruta,Mordellistena pumila,Mordellistena pumila,SPECIES,Coleoptera,Mordellidae,Mordellistena,No,SEL1OP,2005,5,8,SEL1OP_5,2,49,3,78,5
1_Bartomeus,SEL1OP,Random walk,Coastal shrubland,Sclerophyllous vegetation,Mediterranean,Spain,Cap de Creus Natural Park,42.301,3.229,2005-05-16,1,Scabiosa stellata,Lomelosia stellata,SPECIES,Dipsacales,Caprifoliaceae,Lomelosia,Apis melifera,Apis mellifera,SPECIES,Hymenoptera,Apidae,Apis,No,SEL1OP,2005,5,16,SEL1OP_5,5,79,1,59,3
1_Bartomeus,SEL1OP,Random walk,Coastal shrubland,Sclerophyllous vegetation,Mediterranean,Spain,Cap de Creus Natural Park,42.301,3.229,2005-05-16,1,Daucus carota carota,Daucus carota,SPECIES,Apiales,Apiaceae,Daucus,Mordella bipunctata,Mediimorda bipunctata,SPECIES,Coleoptera,Mordellidae,Mediimorda,No,SEL1OP,2005,5,16,SEL1OP_5,1,135,5,48,5
1_Bartomeus,SEL1OP,Random walk,Coastal shrubland,Sclerophyllous vegetation,Mediterranean,Spain,Cap de Creus Natural Park,42.301,3.229,2005-05-16,1,Daucus carota carota,Daucus carota,SPECIES,Apiales,Apiaceae,Daucus,Mordella bipunctata,Mediimorda bipunctata,SPECIES,Coleoptera,Mordellidae,Mediimorda,No,SEL1OP,2005,5,16,SEL1OP_5,5,135,5,48,5
1_Bartomeus,SEL1OP,Random walk,Coastal shrubland,Sclerophyllous vegetation,Mediterranean,Spain,Cap de Creus Natural Park,42.301,3.229,2005-05-20,1,Sedum sediforme,Petrosedum sediforme,SPECIES,Saxifragales,Crassulaceae,Petrosedum,Mordellistena pumila,Mordellistena pumila,SPECIES,Coleoptera,Mordellidae,Mordellistena,No,SEL1OP,2005,5,20,SEL1OP_5,4,68,3,78,5
1_Bartomeus,SEL1OP,Random walk,Coastal shrubland,Sclerophyllous vegetation,Mediterranean,Spain,Cap de Creus Natural Park,42.301,3.229,2005-05-29,1,Sedum sediforme,Petrosedum sediforme,SPECIES,Saxifragales,Crassulaceae,Petrosedum,Bombus terrestris,Bombus terrestris,SPECIES,Hymenoptera,Apidae,Bombus,No,SEL1OP,2005,5,29,SEL1OP_5,2,68,3,55,4
1_Bartomeus,SEL1OP,Random walk,Coastal shrubland,Sclerophyllous vegetation,Mediterranean,Spain,Cap de Creus Natural Park,42.301,3.229,2005-05-08,1,Ruta chalepensis,Ruta chalepensis,SPECIES,Sapindales,Rutaceae,Ruta,Oedemera flavipes,Oedemera flavipes,SPECIES,Coleoptera,Oedemeridae,Oedemera,No,SEL1OP,2005,5,8,SEL1OP_5,3,49,3,49,8
1_Bartomeus,SEL1OP,Random walk,Coastal shrubland,Sclerophyllous vegetation,Mediterranean,Spain,Cap de Creus Natural Park,42.301,3.229,2005-05-08,1,Psoralea bituminosa,Bituminaria bituminosa,SPECIES,Fabales,Fabaceae,Bituminaria,Anthidium sticticum,Rhodanthidium sticticum,SPECIES,Hymenoptera,Megachilidae,Rhodanthidium,No,SEL1OP,2005,5,8,SEL1OP_5,2,38,6,66,8
1_Bartomeus,SEL1OP,Random walk,Coastal shrubland,Sclerophyllous vegetation,Mediterranean,Spain,Cap de Creus Natural Park,42.301,3.229,2005-05-16,1,Daucus carota carota,Daucus carota,SPECIES,Apiales,Apiaceae,Daucus,Dasytidae,Dasytidae,FAMILY,Coleoptera,Dasytidae,,No,SEL1OP,2005,5,16,SEL1OP_5,4,135,5,56,2
1_Bartomeus,SEL1OP,Random walk,Coastal shrubland,Sclerophyllous vegetation,Mediterranean,Spain,Cap de Creus Natural Park,42.301,3.229,2005-05-16,1,Daucus carota carota,Daucus carota,SPECIES,Apiales,Apiaceae,Daucus,Dasytidae,Dasytidae,FAMILY,Coleoptera,Dasytidae,,No,SEL1OP,2005,5,16,SEL1OP_5,1,135,5,56,2
1_Bartomeus,SEL1OP,Random walk,Coastal shrubland,Sclerophyllous vegetation,Mediterranean,Spain,Cap de Creus Natural Park,42.301,3.229,2005-05-16,1,Daucus carota carota,Daucus carota,SPECIES,Apiales,Apiaceae,Daucus,Dasytidae,Dasytidae,FAMILY,Coleoptera,Dasytidae,,No,SEL1OP,2005,5,16,SEL1OP_5,3,135,5,56,2
1_Bartomeus,SEL1OP,Random walk,Coastal shrubland,Sclerophyllous vegetation,Mediterranean,Spain,Cap de Creus Natural Park,42.301,3.229,2005-05-16,1,Eryngium campestre,Eryngium campestre,SPECIES,Apiales,Apiaceae,Eryngium,Oedemera barbara,Oedemera barbara,SPECIES,Coleoptera,Oedemeridae,Oedemera,No,SEL1OP,2005,5,16,SEL1OP_5,4,27,4,20,8
1_Bartomeus,SEL1OP,Random walk,Coastal shrubland,Sclerophyllous vegetation,Mediterranean,Spain,Cap de Creus Natural Park,42.301,3.229,2005-05-16,1,Ruta chalepensis,Ruta chalepensis,SPECIES,Sapindales,Rutaceae,Ruta,Andrena,Andrena,GENUS,Hymenoptera,Andrenidae,Andrena,No,SEL1OP,2005,5,16,SEL1OP_5,5,49,3,81,1
1_Bartomeus,SEL1OP,Random walk,Coastal shrubland,Sclerophyllous vegetation,Mediterranean,Spain,Cap de Creus Natural Park,42.301,3.229,2005-05-16,1,Ruta chalepensis,Ruta chalepensis,SPECIES,Sapindales,Rutaceae,Ruta,Andrena,Andrena,GENUS,Hymenoptera,Andrenidae,Andrena,No,SEL1OP,2005,5,16,SEL1OP_5,1,49,3,81,1
1_Bartomeus,SEL1OP,Random walk,Coastal shrubland,Sclerophyllous vegetation,Mediterranean,Spain,Cap de Creus Natural Park,42.301,3.229,2005-05-16,1,Psoralea bituminosa,Bituminaria bituminosa,SPECIES,Fabales,Fabaceae,Bituminaria,Lasioglossum pauxillum,Lasioglossum pauxillum,SPECIES,Hymenoptera,Halictidae,Lasioglossum,No,SEL1OP,2005,5,16,SEL1OP_5,3,38,6,38,1
1_Bartomeus,SEL1OP,Random walk,Coastal shrubland,Sclerophyllous vegetation,Mediterranean,Spain,Cap de Creus Natural Park,42.301,3.229,2005-05-16,1,Daucus carota carota,Daucus carota,SPECIES,Apiales,Apiaceae,Daucus,Mordellistena pumila,Mordellistena pumila,SPECIES,Coleoptera,Mordellidae,Mordellistena,No,SEL1OP,2005,5,16,SEL1OP_5,5,135,5,78,5
1_Bartomeus,SEL1OP,Random walk,Coastal shrubland,Sclerophyllous vegetation,Mediterranean,Spain,Cap de Creus Natural Park,42.301,3.229,2005-05-16,1,Daucus carota carota,Daucus carota,SPECIES,Apiales,Apiaceae,Daucus,Mordellistena pumila,Mordellistena pumila,SPECIES,Coleoptera,Mordellidae,Mordellistena,No,SEL1OP,2005,5,16,SEL1OP_5,5,135,5,78,5
1_Bartomeus,SEL1OP,Random walk,Coastal shrubland,Sclerophyllous vegetation,Mediterranean,Spain,Cap de Creus Natural Park,42.301,3.229,2005-05-16,1,Daucus carota carota,Daucus carota,SPECIES,Apiales,Apiaceae,Daucus,Mordellistena pumila,Mordellistena pumila,SPECIES,Coleoptera,Mordellidae,Mordellistena,No,SEL1OP,2005,5,16,SEL1OP_5,5,135,5,78,5
1_Bartomeus,SEL1OP,Random walk,Coastal shrubland,Sclerophyllous vegetation,Mediterranean,Spain,Cap de Creus Natural Park,42.301,3.229,2005-05-20,1,Eryngium campestre,Eryngium campestre,SPECIES,Apiales,Apiaceae,Eryngium,Oedemera flavipes,Oedemera flavipes,SPECIES,Coleoptera,Oedemeridae,Oedemera,No,SEL1OP,2005,5,20,SEL1OP_5,4,27,4,49,8
1_Bartomeus,SEL1OP,Random walk,Coastal shrubland,Sclerophyllous vegetation,Mediterranean,Spain,Cap de Creus Natural Park,42.301,3.229,2005-05-20,1,Eryngium campestre,Eryngium campestre,SPECIES,Apiales,Apiaceae,Eryngium,Oedemera flavipes,Oedemera flavipes,SPECIES,Coleoptera,Oedemeridae,Oedemera,No,SEL1OP,2005,5,20,SEL1OP_5,2,27,4,49,8
1_Bartomeus,SEL1OP,Random walk,Coastal shrubland,Sclerophyllous vegetation,Mediterranean,Spain,Cap de Creus Natural Park,42.301,3.229,2005-05-20,1,Eryngium campestre,Eryngium campestre,SPECIES,Apiales,Apiaceae,Eryngium,Oedemera flavipes,Oedemera flavipes,SPECIES,Coleoptera,Oedemeridae,Oedemera,No,SEL1OP,2005,5,20,SEL1OP_5,4,27,4,49,8
1_Bartomeus,SEL1OP,Random walk,Coastal shrubland,Sclerophyllous vegetation,Mediterranean,Spain,Cap de Creus Natural Park,42.301,3.229,2005-05-16,1,Scabiosa stellata,Lomelosia stellata,SPECIES,Dipsacales,Caprifoliaceae,Lomelosia,Halictus subauratus,Seladonia subaurata,SPECIES,Hymenoptera,Halictidae,Seladonia,No,SEL1OP,2005,5,16,SEL1OP_5,2,79,1,36,1
1_Bartomeus,SEL1OP,Random walk,Coastal shrubland,Sclerophyllous vegetation,Mediterranean,Spain,Cap de Creus Natural Park,42.301,3.229,2005-05-20,1,Sedum sediforme,Petrosedum sediforme,SPECIES,Saxifragales,Crassulaceae,Petrosedum,Mordella bipunctata,Mediimorda bipunctata,SPECIES,Coleoptera,Mordellidae,Mediimorda,No,SEL1OP,2005,5,20,SEL1OP_5,4,68,3,48,5
1_Bartomeus,SEL1OP,Random walk,Coastal shrubland,Sclerophyllous vegetation,Mediterranean,Spain,Cap de Creus Natural Park,42.301,3.229,2005-05-29,1,Daucus carota carota,Daucus carota,SPECIES,Apiales,Apiaceae,Daucus,Mordellistena pumila,Mordellistena pumila,SPECIES,Coleoptera,Mordellidae,Mordellistena,No,SEL1OP,2005,5,29,SEL1OP_5,2,135,5,78,5
1_Bartomeus,SEL1OP,Random walk,Coastal shrubland,Sclerophyllous vegetation,Mediterranean,Spain,Cap de Creus Natural Park,42.301,3.229,2005-05-29,1,Daucus carota carota,Daucus carota,SPECIES,Apiales,Apiaceae,Daucus,Mordellistena pumila,Mordellistena pumila,SPECIES,Coleoptera,Mordellidae,Mordellistena,No,SEL1OP,2005,5,29,SEL1OP_5,3,135,5,78,5
1_Bartomeus,SEL1OP,Random walk,Coastal shrubland,Sclerophyllous vegetation,Mediterranean,Spain,Cap de Creus Natural Park,42.301,3.229,2005-05-29,1,Daucus carota carota,Daucus carota,SPECIES,Apiales,Apiaceae,Daucus,Mordellistena pumila,Mordellistena pumila,SPECIES,Coleoptera,Mordellidae,Mordellistena,No,SEL1OP,2005,5,29,SEL1OP_5,3,135,5,78,5
1_Bartomeus,SEL1OP,Random walk,Coastal shrubland,Sclerophyllous vegetation,Mediterranean,Spain,Cap de Creus Natural Park,42.301,3.229,2005-05-29,1,Daucus carota carota,Daucus carota,SPECIES,Apiales,Apiaceae,Daucus,Mordellistena pumila,Mordellistena pumila,SPECIES,Coleoptera,Mordellidae,Mordellistena,No,SEL1OP,2005,5,29,SEL1OP_5,2,135,5,78,5
1_Bartomeus,SEL2OP,Transect,Coastal shrubland,Sclerophyllous vegetation,Mediterranean,Spain,Cap de Creus Natural Park,42.3,3.231,2005-05-08,1,Opuntia stricta,Opuntia stricta,SPECIES,Caryophyllales,Cactaceae,Opuntia,Mylabris quadripunctata,Mylabris quadripunctata,SPECIES,Coleoptera,Meloidae,Mylabris,No,SEL2OP,2005,5,8,SEL2OP_5,5,72,3,44,3
1_Bartomeus,SEL2OP,Transect,Coastal shrubland,Sclerophyllous vegetation,Mediterranean,Spain,Cap de Creus Natural Park,42.3,3.231,2005-05-08,1,Opuntia stricta,Opuntia stricta,SPECIES,Caryophyllales,Cactaceae,Opuntia,Mylabris quadripunctata,Mylabris quadripunctata,SPECIES,Coleoptera,Meloidae,Mylabris,No,SEL2OP,2005,5,8,SEL2OP_5,2,72,3,44,3
1_Bartomeus,SEL2OP,Transect,Coastal shrubland,Sclerophyllous vegetation,Mediterranean,Spain,Cap de Creus Natural Park,42.3,3.231,2005-05-08,1,Opuntia stricta,Opuntia stricta,SPECIES,Caryophyllales,Cactaceae,Opuntia,Mylabris quadripunctata,Mylabris quadripunctata,SPECIES,Coleoptera,Meloidae,Mylabris,No,SEL2OP,2005,5,8,SEL2OP_5,4,72,3,44,3
1_Bartomeus,SEL2OP,Transect,Coastal shrubland,Sclerophyllous vegetation,Mediterranean,Spain,Cap de Creus Natural Park,42.3,3.231,2005-05-08,1,Opuntia stricta,Opuntia stricta,SPECIES,Caryophyllales,Cactaceae,Opuntia,Anthidium septemspinosum,Anthidium septemspinosum,SPECIES,Hymenoptera,Megachilidae,Anthidium,No,SEL2OP,2005,5,8,SEL2OP_5,1,72,3,46,1
1_Bartomeus,SEL2OP,Transect,Coastal shrubland,Sclerophyllous vegetation,Mediterranean,Spain,Cap de Creus Natural Park,42.3,3.231,2005-05-16,1,Opuntia stricta,Opuntia stricta,SPECIES,Caryophyllales,Cactaceae,Opuntia,Oxythyrea funesta,Oxythyrea funesta,SPECIES,Coleoptera,Scarabaeidae,Oxythyrea,No,SEL2OP,2005,5,16,SEL2OP_5,4,72,3,54,3
1_Bartomeus,SEL2OP,Transect,Coastal shrubland,Sclerophyllous vegetation,Mediterranean,Spain,Cap de Creus Natural Park,42.3,3.231,2005-05-20,1,Dianthus caryophyllus,Dianthus caryophyllus,SPECIES,Caryophyllales,Caryophyllaceae,Dianthus,Oedemera flavipes,Oedemera flavipes,SPECIES,Coleoptera,Oedemeridae,Oedemera,No,SEL2OP,2005,5,20,SEL2OP_5,1,13,2,49,8
1_Bartomeus,SEL2OP,Transect,Coastal shrubland,Sclerophyllous vegetation,Mediterranean,Spain,Cap de Creus Natural Park,42.3,3.231,2005-05-08,1,Ruta chalepensis,Ruta chalepensis,SPECIES,Sapindales,Rutaceae,Ruta,Halictus gemmeus,Seladonia gemmea,SPECIES,Hymenoptera,Halictidae,Seladonia,No,SEL2OP,2005,5,8,SEL2OP_5,3,49,3,22,1
1_Bartomeus,SEL2OP,Transect,Coastal shrubland,Sclerophyllous vegetation,Mediterranean,Spain,Cap de Creus Natural Park,42.3,3.231,2005-05-08,1,Opuntia stricta,Opuntia stricta,SPECIES,Caryophyllales,Cactaceae,Opuntia,Dasytidae,Dasytidae,FAMILY,Coleoptera,Dasytidae,,No,SEL2OP,2005,5,8,SEL2OP_5,3,72,3,56,2
1_Bartomeus,SEL2OP,Transect,Coastal shrubland,Sclerophyllous vegetation,Mediterranean,Spain,Cap de Creus Natural Park,42.3,3.231,2005-05-08,1,Opuntia stricta,Opuntia stricta,SPECIES,Caryophyllales,Cactaceae,Opuntia,Dasytidae,Dasytidae,FAMILY,Coleoptera,Dasytidae,,No,SEL2OP,2005,5,8,SEL2OP_5,5,72,3,56,2
1_Bartomeus,SEL2OP,Transect,Coastal shrubland,Sclerophyllous vegetation,Mediterranean,Spain,Cap de Creus Natural Park,42.3,3.231,2005-05-16,1,Opuntia stricta,Opuntia stricta,SPECIES,Caryophyllales,Cactaceae,Opuntia,Anthidium sticticum,Rhodanthidium sticticum,SPECIES,Hymenoptera,Megachilidae,Rhodanthidium,No,SEL2OP,2005,5,16,SEL2OP_5,5,72,3,66,8
1_Bartomeus,SEL2OP,Transect,Coastal shrubland,Sclerophyllous vegetation,Mediterranean,Spain,Cap de Creus Natural Park,42.3,3.231,2005-05-16,1,Opuntia stricta,Opuntia stricta,SPECIES,Caryophyllales,Cactaceae,Opuntia,Anthidium septemspinosum,Anthidium septemspinosum,SPECIES,Hymenoptera,Megachilidae,Anthidium,No,SEL2OP,2005,5,16,SEL2OP_5,3,72,3,46,1
1_Bartomeus,SEL2OP,Transect,Coastal shrubland,Sclerophyllous vegetation,Mediterranean,Spain,Cap de Creus Natural Park,42.3,3.231,2005-05-16,1,Opuntia stricta,Opuntia stricta,SPECIES,Caryophyllales,Cactaceae,Opuntia,Anthidium septemspinosum,Anthidium septemspinosum,SPECIES,Hymenoptera,Megachilidae,Anthidium,No,SEL2OP,2005,5,16,SEL2OP_5,4,72,3,46,1
1_Bartomeus,SEL2OP,Transect,Coastal shrubland,Sclerophyllous vegetation,Mediterranean,Spain,Cap de Creus Natural Park,42.3,3.231,2005-05-20,1,Sedum sediforme,Petrosedum sediforme,SPECIES,Saxifragales,Crassulaceae,Petrosedum,Trichodes apiarius,Trichodes apiarius,SPECIES,Coleoptera,Cleridae,Trichodes,No,SEL2OP,2005,5,20,SEL2OP_5,1,68,3,40,6
1_Bartomeus,SEL2OP,Transect,Coastal shrubland,Sclerophyllous vegetation,Mediterranean,Spain,Cap de Creus Natural Park,42.3,3.231,2005-05-08,1,Ruta chalepensis,Ruta chalepensis,SPECIES,Sapindales,Rutaceae,Ruta,Polistes gallicus,Polistes gallicus,SPECIES,Hymenoptera,Eumenidae,Polistes,No,SEL2OP,2005,5,8,SEL2OP_5,2,49,3,36,5
1_Bartomeus,SEL2OP,Transect,Coastal shrubland,Sclerophyllous vegetation,Mediterranean,Spain,Cap de Creus Natural Park,42.3,3.231,2005-05-08,1,Daucus carota carota,Daucus carota,SPECIES,Apiales,Apiaceae,Daucus,Oedemera flavipes,Oedemera flavipes,SPECIES,Coleoptera,Oedemeridae,Oedemera,No,SEL2OP,2005,5,8,SEL2OP_5,3,135,5,49,8
1_Bartomeus,SEL2OP,Transect,Coastal shrubland,Sclerophyllous vegetation,Mediterranean,Spain,Cap de Creus Natural Park,42.3,3.231,2005-05-08,1,Daucus carota carota,Daucus carota,SPECIES,Apiales,Apiaceae,Daucus,Oedemera flavipes,Oedemera flavipes,SPECIES,Coleoptera,Oedemeridae,Oedemera,No,SEL2OP,2005,5,8,SEL2OP_5,3,135,5,49,8
1_Bartomeus,SEL2OP,Transect,Coastal shrubland,Sclerophyllous vegetation,Mediterranean,Spain,Cap de Creus Natural Park,42.3,3.231,2005-05-08,1,Daucus carota carota,Daucus carota,SPECIES,Apiales,Apiaceae,Daucus,Scolia hirta,Scolia hirta,SPECIES,Hymenoptera,Scoliidae,Scolia,No,SEL2OP,2005,5,8,SEL2OP_5,2,135,5,31,5
1_Bartomeus,SEL2OP,Transect,Coastal shrubland,Sclerophyllous vegetation,Mediterranean,Spain,Cap de Creus Natural Park,42.3,3.231,2005-05-16,1,Daucus carota carota,Daucus carota,SPECIES,Apiales,Apiaceae,Daucus,Lasioglossum pauxillum,Lasioglossum pauxillum,SPECIES,Hymenoptera,Halictidae,Lasioglossum,No,SEL2OP,2005,5,16,SEL2OP_5,5,135,5,38,1
1_Bartomeus,SEL2OP,Transect,Coastal shrubland,Sclerophyllous vegetation,Mediterranean,Spain,Cap de Creus Natural Park,42.3,3.231,2005-05-16,1,Daucus carota carota,Daucus carota,SPECIES,Apiales,Apiaceae,Daucus,Oedemera barbara,Oedemera barbara,SPECIES,Coleoptera,Oedemeridae,Oedemera,No,SEL2OP,2005,5,16,SEL2OP_5,1,135,5,20,8
1_Bartomeus,SEL2OP,Transect,Coastal shrubland,Sclerophyllous vegetation,Mediterranean,Spain,Cap de Creus Natural Park,42.3,3.231,2005-05-16,1,Daucus carota carota,Daucus carota,SPECIES,Apiales,Apiaceae,Daucus,Oedemera barbara,Oedemera barbara,SPECIES,Coleoptera,Oedemeridae,Oedemera,No,SEL2OP,2005,5,16,SEL2OP_5,4,135,5,20,8
1_Bartomeus,SEL2OP,Transect,Coastal shrubland,Sclerophyllous vegetation,Mediterranean,Spain,Cap de Creus Natural Park,42.3,3.231,2005-05-20,1,Psoralea bituminosa,Bituminaria bituminosa,SPECIES,Fabales,Fabaceae,Bituminaria,Anthidium septemspinosum,Anthidium septemspinosum,SPECIES,Hymenoptera,Megachilidae,Anthidium,No,SEL2OP,2005,5,20,SEL2OP_5,2,38,6,46,1
1_Bartomeus,SEL2OP,Transect,Coastal shrubland,Sclerophyllous vegetation,Mediterranean,Spain,Cap de Creus Natural Park,42.3,3.231,2005-05-16,1,Sonchus tenerrinus,Sonchus tenerrimus,SPECIES,Asterales,Asteraceae,Sonchus,Mylabris quadripunctata,Mylabris quadripunctata,SPECIES,Coleoptera,Meloidae,Mylabris,No,SEL2OP,2005,5,16,SEL2OP_5,4,166,5,44,3
1_Bartomeus,SEL2OP,Transect,Coastal shrubland,Sclerophyllous vegetation,Mediterranean,Spain,Cap de Creus Natural Park,42.3,3.231,2005-05-08,1,Opuntia stricta,Opuntia stricta,SPECIES,Caryophyllales,Cactaceae,Opuntia,Scolia hirta,Scolia hirta,SPECIES,Hymenoptera,Scoliidae,Scolia,No,SEL2OP,2005,5,8,SEL2OP_5,3,72,3,31,5
1_Bartomeus,SEL2OP,Transect,Coastal shrubland,Sclerophyllous vegetation,Mediterranean,Spain,Cap de Creus Natural Park,42.3,3.231,2005-05-16,1,Opuntia stricta,Opuntia stricta,SPECIES,Caryophyllales,Cactaceae,Opuntia,Bombus terrestris,Bombus terrestris,SPECIES,Hymenoptera,Apidae,Bombus,No,SEL2OP,2005,5,16,SEL2OP_5,5,72,3,55,4
1_Bartomeus,SEL2OP,Transect,Coastal shrubland,Sclerophyllous vegetation,Mediterranean,Spain,Cap de Creus Natural Park,42.3,3.231,2005-05-16,1,Opuntia stricta,Opuntia stricta,SPECIES,Caryophyllales,Cactaceae,Opuntia,Bombus terrestris,Bombus terrestris,SPECIES,Hymenoptera,Apidae,Bombus,No,SEL2OP,2005,5,16,SEL2OP_5,3,72,3,55,4
1_Bartomeus,SEL2OP,Transect,Coastal shrubland,Sclerophyllous vegetation,Mediterranean,Spain,Cap de Creus Natural Park,42.3,3.231,2005-05-29,1,Opuntia stricta,Opuntia stricta,SPECIES,Caryophyllales,Cactaceae,Opuntia,Bombus terrestris,Bombus terrestris,SPECIES,Hymenoptera,Apidae,Bombus,No,SEL2OP,2005,5,29,SEL2OP_5,5,72,3,55,4
1_Bartomeus,SEL2OP,Transect,Coastal shrubland,Sclerophyllous vegetation,Mediterranean,Spain,Cap de Creus Natural Park,42.3,3.231,2005-05-08,1,Daucus carota carota,Daucus carota,SPECIES,Apiales,Apiaceae,Daucus,Hymenoptera,Hymenoptera,ORDER,Hymenoptera,,,No,SEL2OP,2005,5,8,SEL2OP_5,1,135,5,15,10
1_Bartomeus,SEL2OP,Transect,Coastal shrubland,Sclerophyllous vegetation,Mediterranean,Spain,Cap de Creus Natural Park,42.3,3.231,2005-05-08,1,Daucus carota carota,Daucus carota,SPECIES,Apiales,Apiaceae,Daucus,Coleoptera,Coleoptera,ORDER,Coleoptera,,,No,SEL2OP,2005,5,8,SEL2OP_5,4,135,5,73,5
1_Bartomeus,SEL2OP,Transect,Coastal shrubland,Sclerophyllous vegetation,Mediterranean,Spain,Cap de Creus Natural Park,42.3,3.231,2005-05-08,1,Ruta chalepensis,Ruta chalepensis,SPECIES,Sapindales,Rutaceae,Ruta,Andrena,Andrena,GENUS,Hymenoptera,Andrenidae,Andrena,No,SEL2OP,2005,5,8,SEL2OP_5,1,49,3,81,1
1_Bartomeus,SEL2OP,Transect,Coastal shrubland,Sclerophyllous vegetation,Mediterranean,Spain,Cap de Creus Natural Park,42.3,3.231,2005-05-08,1,Psoralea bituminosa,Bituminaria bituminosa,SPECIES,Fabales,Fabaceae,Bituminaria,Andrena,Andrena,GENUS,Hymenoptera,Andrenidae,Andrena,No,SEL2OP,2005,5,8,SEL2OP_5,5,38,6,81,1
1_Bartomeus,SEL2OP,Transect,Coastal shrubland,Sclerophyllous vegetation,Mediterranean,Spain,Cap de Creus Natural Park,42.3,3.231,2005-05-16,1,Daucus carota carota,Daucus carota,SPECIES,Apiales,Apiaceae,Daucus,Trichodes apiarius,Trichodes apiarius,SPECIES,Coleoptera,Cleridae,Trichodes,No,SEL2OP,2005,5,16,SEL2OP_5,4,135,5,40,6
1_Bartomeus,SEL2OP,Transect,Coastal shrubland,Sclerophyllous vegetation,Mediterranean,Spain,Cap de Creus Natural Park,42.3,3.231,2005-05-20,1,Daucus carota carota,Daucus carota,SPECIES,Apiales,Apiaceae,Daucus,Mordella bipunctata,Mediimorda bipunctata,SPECIES,Coleoptera,Mordellidae,Mediimorda,No,SEL2OP,2005,5,20,SEL2OP_5,1,135,5,48,5
1_Bartomeus,SEL2OP,Transect,Coastal shrubland,Sclerophyllous vegetation,Mediterranean,Spain,Cap de Creus Natural Park,42.3,3.231,2005-05-20,1,Daucus carota carota,Daucus carota,SPECIES,Apiales,Apiaceae,Daucus,Mordella bipunctata,Mediimorda bipunctata,SPECIES,Coleoptera,Mordellidae,Mediimorda,No,SEL2OP,2005,5,20,SEL2OP_5,5,135,5,48,5
1_Bartomeus,SEL2OP,Transect,Coastal shrubland,Sclerophyllous vegetation,Mediterranean,Spain,Cap de Creus Natural Park,42.3,3.231,2005-05-08,1,Opuntia stricta,Opuntia stricta,SPECIES,Caryophyllales,Cactaceae,Opuntia,Oedemera flavipes,Oedemera flavipes,SPECIES,Coleoptera,Oedemeridae,Oedemera,No,SEL2OP,2005,5,8,SEL2OP_5,4,72,3,49,8
1_Bartomeus,SEL2OP,Transect,Coastal shrubland,Sclerophyllous vegetation,Mediterranean,Spain,Cap de Creus Natural Park,42.3,3.231,2005-05-16,1,Opuntia stricta,Opuntia stricta,SPECIES,Caryophyllales,Cactaceae,Opuntia,Lasioglossum pauxillum,Lasioglossum pauxillum,SPECIES,Hymenoptera,Halictidae,Lasioglossum,No,SEL2OP,2005,5,16,SEL2OP_5,2,72,3,38,1
1_Bartomeus,SEL2OP,Transect,Coastal shrubland,Sclerophyllous vegetation,Mediterranean,Spain,Cap de Creus Natural Park,42.3,3.231,2005-05-20,1,Opuntia stricta,Opuntia stricta,SPECIES,Caryophyllales,Cactaceae,Opuntia,Xylocopa violacea,Xylocopa violacea,SPECIES,Hymenoptera,Apidae,Xylocopa,No,SEL2OP,2005,5,20,SEL2OP_5,1,72,3,23,4
1_Bartomeus,SEL2OP,Transect,Coastal shrubland,Sclerophyllous vegetation,Mediterranean,Spain,Cap de Creus Natural Park,42.3,3.231,2005-05-20,1,Opuntia stricta,Opuntia stricta,SPECIES,Caryophyllales,Cactaceae,Opuntia,Xylocopa violacea,Xylocopa violacea,SPECIES,Hymenoptera,Apidae,Xylocopa,No,SEL2OP,2005,5,20,SEL2OP_5,1,72,3,23,4
1_Bartomeus,SEL2OP,Transect,Coastal shrubland,Sclerophyllous vegetation,Mediterranean,Spain,Cap de Creus Natural Park,42.3,3.231,2005-05-29,1,Sedum sediforme,Petrosedum sediforme,SPECIES,Saxifragales,Crassulaceae,Petrosedum,Anthidium septemspinosum,Anthidium septemspinosum,SPECIES,Hymenoptera,Megachilidae,Anthidium,No,SEL2OP,2005,5,29,SEL2OP_5,2,68,3,46,1
1_Bartomeus,SEL2OP,Transect,Coastal shrubland,Sclerophyllous vegetation,Mediterranean,Spain,Cap de Creus Natural Park,42.3,3.231,2005-05-08,1,Daucus carota carota,Daucus carota,SPECIES,Apiales,Apiaceae,Daucus,Dasytidae,Dasytidae,FAMILY,Coleoptera,Dasytidae,,No,SEL2OP,2005,5,8,SEL2OP_5,1,135,5,56,2
1_Bartomeus,SEL2OP,Transect,Coastal shrubland,Sclerophyllous vegetation,Mediterranean,Spain,Cap de Creus Natural Park,42.3,3.231,2005-05-08,1,Daucus carota carota,Daucus carota,SPECIES,Apiales,Apiaceae,Daucus,Dasytidae,Dasytidae,FAMILY,Coleoptera,Dasytidae,,No,SEL2OP,2005,5,8,SEL2OP_5,2,135,5,56,2
1_Bartomeus,SEL2OP,Transect,Coastal shrubland,Sclerophyllous vegetation,Mediterranean,Spain,Cap de Creus Natural Park,42.3,3.231,2005-05-08,1,Daucus carota carota,Daucus carota,SPECIES,Apiales,Apiaceae,Daucus,Dasytidae,Dasytidae,FAMILY,Coleoptera,Dasytidae,,No,SEL2OP,2005,5,8,SEL2OP_5,4,135,5,56,2
1_Bartomeus,SEL2OP,Transect,Coastal shrubland,Sclerophyllous vegetation,Mediterranean,Spain,Cap de Creus Natural Park,42.3,3.231,2005-05-08,1,Daucus carota carota,Daucus carota,SPECIES,Apiales,Apiaceae,Daucus,Dasytidae,Dasytidae,FAMILY,Coleoptera,Dasytidae,,No,SEL2OP,2005,5,8,SEL2OP_5,1,135,5,56,2
1_Bartomeus,SEL2OP,Transect,Coastal shrubland,Sclerophyllous vegetation,Mediterranean,Spain,Cap de Creus Natural Park,42.3,3.231,2005-05-08,1,Daucus carota carota,Daucus carota,SPECIES,Apiales,Apiaceae,Daucus,Dasytidae,Dasytidae,FAMILY,Coleoptera,Dasytidae,,No,SEL2OP,2005,5,8,SEL2OP_5,3,135,5,56,2
1_Bartomeus,SEL2OP,Transect,Coastal shrubland,Sclerophyllous vegetation,Mediterranean,Spain,Cap de Creus Natural Park,42.3,3.231,2005-05-08,1,Daucus carota carota,Daucus carota,SPECIES,Apiales,Apiaceae,Daucus,Dasytidae,Dasytidae,FAMILY,Coleoptera,Dasytidae,,No,SEL2OP,2005,5,8,SEL2OP_5,4,135,5,56,2
1_Bartomeus,SEL2OP,Transect,Coastal shrubland,Sclerophyllous vegetation,Mediterranean,Spain,Cap de Creus Natural Park,42.3,3.231,2005-05-08,1,Daucus carota carota,Daucus carota,SPECIES,Apiales,Apiaceae,Daucus,Dasytidae,Dasytidae,FAMILY,Coleoptera,Dasytidae,,No,SEL2OP,2005,5,8,SEL2OP_5,1,135,5,56,2
1_Bartomeus,SEL2OP,Transect,Coastal shrubland,Sclerophyllous vegetation,Mediterranean,Spain,Cap de Creus Natural Park,42.3,3.231,2005-05-08,1,Daucus carota carota,Daucus carota,SPECIES,Apiales,Apiaceae,Daucus,Dasytidae,Dasytidae,FAMILY,Coleoptera,Dasytidae,,No,SEL2OP,2005,5,8,SEL2OP_5,2,135,5,56,2
1_Bartomeus,SEL2OP,Transect,Coastal shrubland,Sclerophyllous vegetation,Mediterranean,Spain,Cap de Creus Natural Park,42.3,3.231,2005-05-08,1,Daucus carota carota,Daucus carota,SPECIES,Apiales,Apiaceae,Daucus,Dasytidae,Dasytidae,FAMILY,Coleoptera,Dasytidae,,No,SEL2OP,2005,5,8,SEL2OP_5,5,135,5,56,2
1_Bartomeus,SEL2OP,Transect,Coastal shrubland,Sclerophyllous vegetation,Mediterranean,Spain,Cap de Creus Natural Park,42.3,3.231,2005-05-08,1,Daucus carota carota,Daucus carota,SPECIES,Apiales,Apiaceae,Daucus,Dasytidae,Dasytidae,FAMILY,Coleoptera,Dasytidae,,No,SEL2OP,2005,5,8,SEL2OP_5,1,135,5,56,2
1_Bartomeus,SEL2OP,Transect,Coastal shrubland,Sclerophyllous vegetation,Mediterranean,Spain,Cap de Creus Natural Park,42.3,3.231,2005-05-08,1,Daucus carota carota,Daucus carota,SPECIES,Apiales,Apiaceae,Daucus,Stenopterus rufus,Stenopterus rufus,SPECIES,Coleoptera,Cerambycidae,Stenopterus,No,SEL2OP,2005,5,8,SEL2OP_5,1,135,5,22,4
1_Bartomeus,SEL2OP,Transect,Coastal shrubland,Sclerophyllous vegetation,Mediterranean,Spain,Cap de Creus Natural Park,42.3,3.231,2005-05-08,1,Psoralea bituminosa,Bituminaria bituminosa,SPECIES,Fabales,Fabaceae,Bituminaria,Lasiopogon,Lasiopogon,GENUS,Diptera,Asilidae,Lasiopogon,No,SEL2OP,2005,5,8,SEL2OP_5,2,38,6,7,3
1_Bartomeus,SEL2OP,Transect,Coastal shrubland,Sclerophyllous vegetation,Mediterranean,Spain,Cap de Creus Natural Park,42.3,3.231,2005-05-16,1,Daucus carota carota,Daucus carota,SPECIES,Apiales,Apiaceae,Daucus,Mordella bipunctata,Mediimorda bipunctata,SPECIES,Coleoptera,Mordellidae,Mediimorda,No,SEL2OP,2005,5,16,SEL2OP_5,3,135,5,48,5
1_Bartomeus,SEL2OP,Transect,Coastal shrubland,Sclerophyllous vegetation,Mediterranean,Spain,Cap de Creus Natural Park,42.3,3.231,2005-05-16,1,Daucus carota carota,Daucus carota,SPECIES,Apiales,Apiaceae,Daucus,Mordella bipunctata,Mediimorda bipunctata,SPECIES,Coleoptera,Mordellidae,Mediimorda,No,SEL2OP,2005,5,16,SEL2OP_5,1,135,5,48,5
1_Bartomeus,SEL2OP,Transect,Coastal shrubland,Sclerophyllous vegetation,Mediterranean,Spain,Cap de Creus Natural Park,42.3,3.231,2005-05-16,1,Daucus carota carota,Daucus carota,SPECIES,Apiales,Apiaceae,Daucus,Mordella bipunctata,Mediimorda bipunctata,SPECIES,Coleoptera,Mordellidae,Mediimorda,No,SEL2OP,2005,5,16,SEL2OP_5,4,135,5,48,5
1_Bartomeus,SEL2OP,Transect,Coastal shrubland,Sclerophyllous vegetation,Mediterranean,Spain,Cap de Creus Natural Park,42.3,3.231,2005-05-20,1,Psoralea bituminosa,Bituminaria bituminosa,SPECIES,Fabales,Fabaceae,Bituminaria,Mylabris quadripunctata,Mylabris quadripunctata,SPECIES,Coleoptera,Meloidae,Mylabris,No,SEL2OP,2005,5,20,SEL2OP_5,5,38,6,44,3
1_Bartomeus,SEL2OP,Transect,Coastal shrubland,Sclerophyllous vegetation,Mediterranean,Spain,Cap de Creus Natural Park,42.3,3.231,2005-05-29,1,Daucus carota carota,Daucus carota,SPECIES,Apiales,Apiaceae,Daucus,Mordellistena pumila,Mordellistena pumila,SPECIES,Coleoptera,Mordellidae,Mordellistena,No,SEL2OP,2005,5,29,SEL2OP_5,3,135,5,78,5
1_Bartomeus,SEL2OP,Transect,Coastal shrubland,Sclerophyllous vegetation,Mediterranean,Spain,Cap de Creus Natural Park,42.3,3.231,2005-05-29,1,Daucus carota carota,Daucus carota,SPECIES,Apiales,Apiaceae,Daucus,Mordellistena pumila,Mordellistena pumila,SPECIES,Coleoptera,Mordellidae,Mordellistena,No,SEL2OP,2005,5,29,SEL2OP_5,5,135,5,78,5
1_Bartomeus,SEL2OP,Transect,Coastal shrubland,Sclerophyllous vegetation,Mediterranean,Spain,Cap de Creus Natural Park,42.3,3.231,2005-05-08,1,Opuntia stricta,Opuntia stricta,SPECIES,Caryophyllales,Cactaceae,Opuntia,Mordella bipunctata,Mediimorda bipunctata,SPECIES,Coleoptera,Mordellidae,Mediimorda,No,SEL2OP,2005,5,8,SEL2OP_5,2,72,3,48,5
1_Bartomeus,SEL2OP,Transect,Coastal shrubland,Sclerophyllous vegetation,Mediterranean,Spain,Cap de Creus Natural Park,42.3,3.231,2005-05-08,1,Opuntia stricta,Opuntia stricta,SPECIES,Caryophyllales,Cactaceae,Opuntia,Mordella bipunctata,Mediimorda bipunctata,SPECIES,Coleoptera,Mordellidae,Mediimorda,No,SEL2OP,2005,5,8,SEL2OP_5,2,72,3,48,5
1_Bartomeus,SEL2OP,Transect,Coastal shrubland,Sclerophyllous vegetation,Mediterranean,Spain,Cap de Creus Natural Park,42.3,3.231,2005-05-16,1,Opuntia stricta,Opuntia stricta,SPECIES,Caryophyllales,Cactaceae,Opuntia,Apis melifera,Apis mellifera,SPECIES,Hymenoptera,Apidae,Apis,No,SEL2OP,2005,5,16,SEL2OP_5,4,72,3,59,3
1_Bartomeus,SEL2OP,Transect,Coastal shrubland,Sclerophyllous vegetation,Mediterranean,Spain,Cap de Creus Natural Park,42.3,3.231,2005-05-16,1,Opuntia stricta,Opuntia stricta,SPECIES,Caryophyllales,Cactaceae,Opuntia,Apis melifera,Apis mellifera,SPECIES,Hymenoptera,Apidae,Apis,No,SEL2OP,2005,5,16,SEL2OP_5,4,72,3,59,3
1_Bartomeus,SEL2OP,Transect,Coastal shrubland,Sclerophyllous vegetation,Mediterranean,Spain,Cap de Creus Natural Park,42.3,3.231,2005-05-16,1,Opuntia stricta,Opuntia stricta,SPECIES,Caryophyllales,Cactaceae,Opuntia,Apis melifera,Apis mellifera,SPECIES,Hymenoptera,Apidae,Apis,No,SEL2OP,2005,5,16,SEL2OP_5,1,72,3,59,3
1_Bartomeus,SEL2OP,Transect,Coastal shrubland,Sclerophyllous vegetation,Mediterranean,Spain,Cap de Creus Natural Park,42.3,3.231,2005-05-20,1,Opuntia stricta,Opuntia stricta,SPECIES,Caryophyllales,Cactaceae,Opuntia,Bombus terrestris,Bombus terrestris,SPECIES,Hymenoptera,Apidae,Bombus,No,SEL2OP,2005,5,20,SEL2OP_5,1,72,3,55,4
1_Bartomeus,SEL2OP,Transect,Coastal shrubland,Sclerophyllous vegetation,Mediterranean,Spain,Cap de Creus Natural Park,42.3,3.231,2005-05-29,1,Sedum sediforme,Petrosedum sediforme,SPECIES,Saxifragales,Crassulaceae,Petrosedum,Andrena,Andrena,GENUS,Hymenoptera,Andrenidae,Andrena,No,SEL2OP,2005,5,29,SEL2OP_5,1,68,3,81,1
1_Bartomeus,SEL2OP,Transect,Coastal shrubland,Sclerophyllous vegetation,Mediterranean,Spain,Cap de Creus Natural Park,42.3,3.231,2005-05-08,1,Psoralea bituminosa,Bituminaria bituminosa,SPECIES,Fabales,Fabaceae,Bituminaria,Mylabris quadripunctata,Mylabris quadripunctata,SPECIES,Coleoptera,Meloidae,Mylabris,No,SEL2OP,2005,5,8,SEL2OP_5,2,38,6,44,3
1_Bartomeus,SEL2OP,Transect,Coastal shrubland,Sclerophyllous vegetation,Mediterranean,Spain,Cap de Creus Natural Park,42.3,3.231,2005-05-08,1,Psoralea bituminosa,Bituminaria bituminosa,SPECIES,Fabales,Fabaceae,Bituminaria,Mylabris quadripunctata,Mylabris quadripunctata,SPECIES,Coleoptera,Meloidae,Mylabris,No,SEL2OP,2005,5,8,SEL2OP_5,3,38,6,44,3
1_Bartomeus,SEL2OP,Transect,Coastal shrubland,Sclerophyllous vegetation,Mediterranean,Spain,Cap de Creus Natural Park,42.3,3.231,2005-05-08,1,Psoralea bituminosa,Bituminaria bituminosa,SPECIES,Fabales,Fabaceae,Bituminaria,Mylabris quadripunctata,Mylabris quadripunctata,SPECIES,Coleoptera,Meloidae,Mylabris,No,SEL2OP,2005,5,8,SEL2OP_5,4,38,6,44,3
1_Bartomeus,SEL2OP,Transect,Coastal shrubland,Sclerophyllous vegetation,Mediterranean,Spain,Cap de Creus Natural Park,42.3,3.231,2005-05-08,1,Ruta chalepensis,Ruta chalepensis,SPECIES,Sapindales,Rutaceae,Ruta,Mordellistena pumila,Mordellistena pumila,SPECIES,Coleoptera,Mordellidae,Mordellistena,No,SEL2OP,2005,5,8,SEL2OP_5,1,49,3,78,5
1_Bartomeus,SEL2OP,Transect,Coastal shrubland,Sclerophyllous vegetation,Mediterranean,Spain,Cap de Creus Natural Park,42.3,3.231,2005-05-08,1,Hypericum perfoliatum,Hypericum perfoliatum,SPECIES,Malpighiales,Hypericaceae,Hypericum,Anthidium septemspinosum,Anthidium septemspinosum,SPECIES,Hymenoptera,Megachilidae,Anthidium,No,SEL2OP,2005,5,8,SEL2OP_5,2,29,5,46,1
1_Bartomeus,SEL2OP,Transect,Coastal shrubland,Sclerophyllous vegetation,Mediterranean,Spain,Cap de Creus Natural Park,42.3,3.231,2005-05-16,1,Psoralea bituminosa,Bituminaria bituminosa,SPECIES,Fabales,Fabaceae,Bituminaria,Mylabris quadripunctata,Mylabris quadripunctata,SPECIES,Coleoptera,Meloidae,Mylabris,No,SEL2OP,2005,5,16,SEL2OP_5,5,38,6,44,3
1_Bartomeus,SEL2OP,Transect,Coastal shrubland,Sclerophyllous vegetation,Mediterranean,Spain,Cap de Creus Natural Park,42.3,3.231,2005-05-16,1,Psoralea bituminosa,Bituminaria bituminosa,SPECIES,Fabales,Fabaceae,Bituminaria,Megachile,Megachile,GENUS,Hymenoptera,Megachilidae,Megachile,No,SEL2OP,2005,5,16,SEL2OP_5,2,38,6,36,8
1_Bartomeus,SEL2OP,Transect,Coastal shrubland,Sclerophyllous vegetation,Mediterranean,Spain,Cap de Creus Natural Park,42.3,3.231,2005-05-29,1,Eryngium campestre,Eryngium campestre,SPECIES,Apiales,Apiaceae,Eryngium,Vanessa atalanta,Vanessa atalanta,SPECIES,Lepidoptera,Nymphalidae,Vanessa,No,SEL2OP,2005,5,29,SEL2OP_5,1,27,4,33,5
1_Bartomeus,SEL2OP,Transect,Coastal shrubland,Sclerophyllous vegetation,Mediterranean,Spain,Cap de Creus Natural Park,42.3,3.231,2005-05-08,1,Daucus carota carota,Daucus carota,SPECIES,Apiales,Apiaceae,Daucus,Psilothrix viridicoerulea,Psilothrix viridicoerulea,SPECIES,Coleoptera,Dasytidae,Psilothrix,No,SEL2OP,2005,5,8,SEL2OP_5,1,135,5,45,6
1_Bartomeus,SEL2OP,Transect,Coastal shrubland,Sclerophyllous vegetation,Mediterranean,Spain,Cap de Creus Natural Park,42.3,3.231,2005-05-08,1,Ruta chalepensis,Ruta chalepensis,SPECIES,Sapindales,Rutaceae,Ruta,Braconidae,Braconidae,FAMILY,Hymenoptera,Braconidae,,No,SEL2OP,2005,5,8,SEL2OP_5,5,49,3,16,6
1_Bartomeus,SEL2OP,Transect,Coastal shrubland,Sclerophyllous vegetation,Mediterranean,Spain,Cap de Creus Natural Park,42.3,3.231,2005-05-16,1,Ruta chalepensis,Ruta chalepensis,SPECIES,Sapindales,Rutaceae,Ruta,Halictus gemmeus,Seladonia gemmea,SPECIES,Hymenoptera,Halictidae,Seladonia,No,SEL2OP,2005,5,16,SEL2OP_5,1,49,3,22,1
1_Bartomeus,SEL2OP,Transect,Coastal shrubland,Sclerophyllous vegetation,Mediterranean,Spain,Cap de Creus Natural Park,42.3,3.231,2005-05-16,1,Ruta chalepensis,Ruta chalepensis,SPECIES,Sapindales,Rutaceae,Ruta,Mordellistena pumila,Mordellistena pumila,SPECIES,Coleoptera,Mordellidae,Mordellistena,No,SEL2OP,2005,5,16,SEL2OP_5,4,49,3,78,5
1_Bartomeus,SEL2OP,Transect,Coastal shrubland,Sclerophyllous vegetation,Mediterranean,Spain,Cap de Creus Natural Park,42.3,3.231,2005-05-20,1,Eryngium campestre,Eryngium campestre,SPECIES,Apiales,Apiaceae,Eryngium,Oedemera flavipes,Oedemera flavipes,SPECIES,Coleoptera,Oedemeridae,Oedemera,No,SEL2OP,2005,5,20,SEL2OP_5,1,27,4,49,8
1_Bartomeus,SEL2OP,Transect,Coastal shrubland,Sclerophyllous vegetation,Mediterranean,Spain,Cap de Creus Natural Park,42.3,3.231,2005-05-20,1,Eryngium campestre,Eryngium campestre,SPECIES,Apiales,Apiaceae,Eryngium,Oedemera flavipes,Oedemera flavipes,SPECIES,Coleoptera,Oedemeridae,Oedemera,No,SEL2OP,2005,5,20,SEL2OP_5,4,27,4,49,8
